id,ticker,title,link,source,published,is_recent,sentiment,category,confidence,word_score,signal,sentiment_source
a21e2d452557,GOOGL,Is This Under-the-Radar AI Stock a Buy Before Its Next Earnings Report?,https://www.fool.com/investing/2026/05/30/is-this-under-the-radar-ai-stock-a-buy-before-its/?.tsrc=rss,Yahoo,2026-05-31 00:20:00,True,neutral,,0,0,0.0,lexicon
fe7f52571332,NVDA,Is This Under-the-Radar AI Stock a Buy Before Its Next Earnings Report?,https://www.fool.com/investing/2026/05/30/is-this-under-the-radar-ai-stock-a-buy-before-its/?.tsrc=rss,Yahoo,2026-05-31 00:20:00,True,neutral,,0,0,0.0,lexicon
3a0e487299e0,MA,Mastercard Tightens Fraud Rules And AI Tools As Share Price Slips,https://finance.yahoo.com/markets/stocks/articles/mastercard-tightens-fraud-rules-ai-001319866.html?.tsrc=rss,Yahoo,2026-05-31 00:13:19,True,bearish,,0,-1,-1.0,lexicon
74e9485e4b11,MA,Mastercard Tightens Fraud Rules And AI Tools As Share Price Slips - Yahoo Finance,https://news.google.com/rss/articles/CBMioAFBVV95cUxQUE5ralgzdlotbUs1ak5qQW1iXzNkd0xlVDVwLWF4YlJWY3dabk93aVg4MXV4V3pnOWxnWGwzOEhScXV5SlZEakQyNjNPWlkzdUpvRzBzREZRTTV1MXZxOEZhUHhHY0dpSmE5X19SdVR1RWVPaXdlalgxam5PelYtMVliZnpCRGhQTzlUMngtcnhZWUNCdEFsbFdGd204emdx?oc=5,Yahoo Finance,2026-05-31 00:13:00,True,bearish,,0,-1,-1.0,lexicon
634f4aa94599,QCOM,QUALCOMM Stock: Is QCOM Outperforming the Technology Sector? - Barchart.com,https://news.google.com/rss/articles/CBMipAFBVV95cUxOd3lGX0pnWVV2c1dlSnpZMzNhX3lWSzNFS3hVMmpsWnUxdnhPZTFpR00zeHh4SEJVV3N5c3RhX0s3Q3o4RlVIZWdJd3UwcDNBRVFJXzhEVXgycEpiaHhQWk9kMVVQY0JiSGRiMDN3bjltTUtRemp3X2d5NDZpTzI5X1hJaWtRT3VLME91bFVBSEFkVGJQVUxTYm1yaXVRSlUwd0pyZQ?oc=5,Barchart.com,2026-05-31 00:07:08,True,neutral,,0,0,0.0,lexicon
c1d63b8541d2,NVDA,Can Starlink Make American Airlines a Winner?,https://www.fool.com/investing/2026/05/30/can-starlink-make-american-airlines-a-winner/?.tsrc=rss,Yahoo,2026-05-30 23:57:00,True,neutral,,0,0,0.0,lexicon
449de85dffce,TSLA,"Deal Or No Deal, Stocks Still Run. Five Titans Near Buy Points. - Investor's Business Daily",https://news.google.com/rss/articles/CBMiwAFBVV95cUxORUVCc2tlM0JGTGlqV0dmY3ZPU0x3R0w1bGVqd3JCbEFpNHNiX1NmUHE2TTZuakxKQ2c2ZG02ZEJXSWVVbFZlWDB3NzRBODRWMXlrTUxsOXBsdDIxYkRFUlFKR3JsbEp4akxTQ2wyVWNPN1V4dUI3aWpxWjJ6REdsRjgtS1Rfd2hIeEkwTFNNYmRNRF8tZC00dFY5aEtsQjl0V0t6QTh0MjNQYjlKQnZya0Zhd3F4VmlLeDVXUXRVRG8?oc=5,Investor's Business Daily,2026-05-30 23:42:00,True,bullish,,0,2,2.0,lexicon
02ee8bdc00e6,NVDA,"Deal Or No Deal, Stocks Still Run. Five Titans Near Buy Points. - Investor's Business Daily",https://news.google.com/rss/articles/CBMiwAFBVV95cUxORUVCc2tlM0JGTGlqV0dmY3ZPU0x3R0w1bGVqd3JCbEFpNHNiX1NmUHE2TTZuakxKQ2c2ZG02ZEJXSWVVbFZlWDB3NzRBODRWMXlrTUxsOXBsdDIxYkRFUlFKR3JsbEp4akxTQ2wyVWNPN1V4dUI3aWpxWjJ6REdsRjgtS1Rfd2hIeEkwTFNNYmRNRF8tZC00dFY5aEtsQjl0V0t6QTh0MjNQYjlKQnZya0Zhd3F4VmlLeDVXUXRVRG8?oc=5,Investor's Business Daily,2026-05-30 23:42:00,True,bullish,,0,2,2.0,lexicon
7bd40e811fb5,ADBE,Building Inclusive Supply Chains: Philadelphia’s Approach to Equitable Trade - Supply & Demand Chain Executive,https://news.google.com/rss/articles/CBMikAJBVV95cUxOV3VBeVVyR25vSGlyaDZQX3VfT1V1cW5UQkUyVW5CUWxBMVpCVHNndDB0R0tJREk4SzFSYUVnMzltN2dhVjdrUmlwOExnbWc0S2JDNmlhNDl0bWIzSGdUWGRqUFQ0eXgtY2RhY1psN290STdUOFBYYVluQzZDZkxSUWVVRmM1U3Z6MEdESFVZb1c2eEtVSjRkYW12MGFQY2JtQjJXNUd6aDlfM1RLOGFCc0otLVd4QUllNHVuZ3cyX2Zob19nZG5TWmJqVlJ4UEZoMEExbmZ4Z09jb1htTWtGLWhGdWloNTE4amZ1S09MNWI0a2lGWXdhQ2tibktaTFZ5aXVubjFVRDVvbW0tdGh3Ng?oc=5,Supply & Demand Chain Executive,2026-05-30 23:37:48,True,neutral,,0,0,0.0,lexicon
a6e2a3d54bfb,PEP,Is PepsiCo Stock Underperforming the Dow? - Barchart.com,https://news.google.com/rss/articles/CBMijAFBVV95cUxQZTJtZndxdHpMZUZFLVNmck5PNHZrY0g3RXhIRGVxbUZFOHdtYklsMTJRTzNjT01zcmJjcG5ZbUc4TXlHbmVWTW0tN09aN0s5RDAyUVR1MEZtOS14LXRRcGl0bGJBVHlpbTBiaFp0WFNlMVR0UFFYSW05YVE5cFRGMXFLNFBnblhSSDJuYw?oc=5,Barchart.com,2026-05-30 23:30:01,True,neutral,,0,0,0.0,lexicon
b6c8440dbc96,NVDA,Every Big Tech Company Is Solving AI the Same Way. This Stock Is Solving It Differently.,https://www.fool.com/investing/2026/05/30/every-big-tech-company-is-solving-ai-the-same-way/?.tsrc=rss,Yahoo,2026-05-30 23:20:00,True,neutral,,0,0,0.0,lexicon
362de59e1d4c,META,Every Big Tech Company Is Solving AI the Same Way. This Stock Is Solving It Differently.,https://www.fool.com/investing/2026/05/30/every-big-tech-company-is-solving-ai-the-same-way/?.tsrc=rss,Yahoo,2026-05-30 23:20:00,True,neutral,,0,0,0.0,lexicon
6a81fa59ce55,MSFT,Every Big Tech Company Is Solving AI the Same Way. This Stock Is Solving It Differently.,https://www.fool.com/investing/2026/05/30/every-big-tech-company-is-solving-ai-the-same-way/?.tsrc=rss,Yahoo,2026-05-30 23:20:00,True,neutral,,0,0,0.0,lexicon
fcfe1851216e,GOOGL,Every Big Tech Company Is Solving AI the Same Way. This Stock Is Solving It Differently.,https://www.fool.com/investing/2026/05/30/every-big-tech-company-is-solving-ai-the-same-way/?.tsrc=rss,Yahoo,2026-05-30 23:20:00,True,neutral,,0,0,0.0,lexicon
c2707c3be6f1,AMZN,Every Big Tech Company Is Solving AI the Same Way. This Stock Is Solving It Differently.,https://www.fool.com/investing/2026/05/30/every-big-tech-company-is-solving-ai-the-same-way/?.tsrc=rss,Yahoo,2026-05-30 23:20:00,True,neutral,,0,0,0.0,lexicon
3a6c719b7628,INTC,Every Big Tech Company Is Solving AI the Same Way. This Stock Is Solving It Differently.,https://www.fool.com/investing/2026/05/30/every-big-tech-company-is-solving-ai-the-same-way/?.tsrc=rss,Yahoo,2026-05-30 23:20:00,True,neutral,,0,0,0.0,lexicon
b40832ec3726,NVDA,XLU Investors: Watch PJM’s March 2027 Data Center Framework Decision,https://247wallst.com/investing/2026/05/30/xlu-investors-watch-pjms-march-2027-data-center-framework-decision/?.tsrc=rss,Yahoo,2026-05-30 23:18:28,True,neutral,,0,0,0.0,lexicon
3c87d6daab46,NVDA,Will XRP (Ripple) Make You a Millionaire?,https://247wallst.com/investing/2026/05/30/will-xrp-ripple-make-you-a-millionaire/?.tsrc=rss,Yahoo,2026-05-30 23:12:58,True,neutral,,0,0,0.0,lexicon
3033711cd1bf,V,Visa’s Replit Investment Links AI Agents To Future Commerce Growth,https://finance.yahoo.com/markets/stocks/articles/visa-replit-investment-links-ai-230332170.html?.tsrc=rss,Yahoo,2026-05-30 23:03:32,True,bullish,,0,1,1.0,lexicon
022b3755a267,WMT,Walmart stock dips as delivery expansion reaches 33 markets - MSN,https://news.google.com/rss/articles/CBMi1gFBVV95cUxNRG4zc090MHRqV2lobnJYZXFrenV6a1ZSZUJPVzNjYk9DUHVsbDVVdkJzM1gwWk5PX3MtTVJUTGQtV0dLMVlfOEZiT2Y4VnFGUlpmbEsteTJWcDIxWVZpUFhZYkNTLWNucVlZVzNyYnJ5ZldXcF9vNXV4OVlGT3hZQ29wdjRwOGpLSk41dUo3UG42cjA3V083N2xVdGo0alJvMkNSVmc5TF8xaHdMQ0ZwM1J5NkpYQjJwNVB4WDZpZVNhQmJNbVNxeFdtZFg4cDFvYVh4UGN3?oc=5,MSN,2026-05-30 23:01:42,True,bullish,,0,1,1.0,lexicon
1e6224dffac5,NVDA,The Dividend ETF Built for Whatever the Market Does Next,https://www.fool.com/investing/2026/05/30/the-dividend-etf-built-for-what-the-market-schd/?.tsrc=rss,Yahoo,2026-05-30 23:01:00,True,bullish,,0,1,1.0,lexicon
24c005ab150a,NVDA,Skip XRP and Buy This Top Cryptocurrency Instead,https://www.fool.com/investing/2026/05/30/skip-xrp-and-buy-this-top-cryptocurrency-instead/?.tsrc=rss,Yahoo,2026-05-30 22:39:00,True,neutral,,0,0,0.0,lexicon
3079772208f8,INTC,Skip XRP and Buy This Top Cryptocurrency Instead,https://www.fool.com/investing/2026/05/30/skip-xrp-and-buy-this-top-cryptocurrency-instead/?.tsrc=rss,Yahoo,2026-05-30 22:39:00,True,neutral,,0,0,0.0,lexicon
6146396a32d0,NVDA,Jensen Huang Used 1 Word to Describe AI Demand. It Could Be the Most Important of 2026. - The Motley Fool,https://news.google.com/rss/articles/CBMilwFBVV95cUxPcHJ3TTd4NEl6RHZRU25yVFRXbExiOW9QdVRtajRwSjZOblhfbkREbG82NWNlQ3ZyOEM1NUZHMmtBSlk1SGNDTTdudFZXejBfS0hMMXlUTmRXQUY1OFFId241MS1iZUlSVk1YbkNQZ29rbTcwVnRNd2tqXzNaVHNUOGJzT1U5Ylp3UEM1SG1lUThsY183cHRJ?oc=5,The Motley Fool,2026-05-30 22:30:27,True,neutral,,0,0,0.0,lexicon
f85a817767e6,BRK-B,"Warren Buffett Successor Greg Abel Made 3 Big Purchases Last Quarter, and They're All Exceptional Performers - The Motley Fool",https://news.google.com/rss/articles/CBMimAFBVV95cUxNajhhd1ZNOWRUNnhmYkdHYWU0a09WQlRTT01DSkYyYUFzMXRnbjB0eXljeUlMa1lHVnJSNlFjVk5QSDNpUzV2aThQSzlHR2piNFhwN205cUpMeE1sS0dyMGJzY0RBa3F4N0o0X0gwdl9WZGNhMnh4YVowT19kU1JWbjlnRDB1UEk1QzdQU2pvbkxzdTBIeVRFWQ?oc=5,The Motley Fool,2026-05-30 22:30:00,True,neutral,,0,0,0.0,lexicon
1168dbbed514,NVDA,Jensen Huang Used 1 Word to Describe AI Demand. It Could Be the Most Important of 2026.,https://www.fool.com/investing/2026/05/30/jensen-huang-used-1-word-to-describe-ai-demand-it/?.tsrc=rss,Yahoo,2026-05-30 22:26:00,True,neutral,,0,0,0.0,lexicon
110b26e8b33b,PG,"Analysts split on GOOG, NFLX, CRSR, PG amid valuation shifts - MSN",https://news.google.com/rss/articles/CBMizwFBVV95cUxPSDRRYjBRZV9DNXAwdDJvYm5zN01OenhBOTFUOEx2WGFvY2FZQlB1M0VwMEEyY01sZE9MbkFqSjluQUo5OC1vLXdaYlBIbjRjTk5xbjFVamNEamlxclFEeDYwMl90WDhnYTBEdFRvNTdoSkNoUlM1MjNXUVVZelY0aU5zOHVjWkEyc1hrcWNWM0RTemJlZTRvLWRHeWtrZTExUTdtOHROdjYyRkRESDBPcGYweTN5VWNmSVBNR0VLWHZSTjl2b1hZRDdqbHpTUmc?oc=5,MSN,2026-05-30 22:22:49,True,neutral,,0,0,0.0,lexicon
8b425602a118,NVDA,Can You Live Without Social Security for 1 Month? Here's How That Could Pay Off Big Time.,https://www.fool.com/retirement/2026/05/30/can-live-without-social-security-1-month-pay-off/?.tsrc=rss,Yahoo,2026-05-30 22:20:00,True,neutral,,0,0,0.0,lexicon
c66dd387347a,INTC,Can You Live Without Social Security for 1 Month? Here's How That Could Pay Off Big Time.,https://www.fool.com/retirement/2026/05/30/can-live-without-social-security-1-month-pay-off/?.tsrc=rss,Yahoo,2026-05-30 22:20:00,True,neutral,,0,0,0.0,lexicon
b61ef6af6ba5,AMZN,Jeff Bezos' Blue Origin rocket explodes as space tech stocks tank,https://www.thestreet.com/technology/jeff-bezos-blue-origin-rocket-explodes-as-space-tech-stocks-tank?.tsrc=rss,Yahoo,2026-05-30 22:07:00,True,neutral,,0,0,0.0,lexicon
ed386fc74614,MU,SK Hynix Just Hit a $1 Trillion Market Cap. Here's How You Can Buy the Stock for Around $60.,https://www.fool.com/investing/2026/05/30/sk-hynix-1-trillion-market-cap-buy-stock/?.tsrc=rss,Yahoo,2026-05-30 22:05:00,True,neutral,,0,0,0.0,lexicon
3a5670c6d8d5,NVDA,Time to Diversify Internationally?,https://www.fool.com/investing/2026/05/30/time-to-diversify-internationally/?.tsrc=rss,Yahoo,2026-05-30 22:04:43,True,neutral,,0,0,0.0,lexicon
569121cd5db9,JNJ,Nanobiotix Equity Raise Backs JNJ-1900 Progress And Volatile Share Rally - Yahoo Finance,https://news.google.com/rss/articles/CBMinwFBVV95cUxOTmNsSHdMeExLYzFhQ19fcjVjbVpiZXhJWTZrbzB6LXNtNEt2WWIwSFY1LURyYVZZcDhpMVROdk1teHY5YVRGNUlQRVktd2dEOUI5WnVDZTl4ekZrUWpMZXVLWEVGRFRreHY2Z2YydWNRMjF4ZjBkTTZmbnF6aldSU21oNzROdnpweU1mMWxseHJvZHMzTFVzVHk4ZGpxU00?oc=5,Yahoo Finance,2026-05-30 22:04:06,True,bullish,,0,2,2.0,lexicon
6b55824108aa,JNJ,Nanobiotix Equity Raise Backs JNJ-1900 Progress And Volatile Share Rally,https://finance.yahoo.com/markets/stocks/articles/nanobiotix-equity-raise-backs-jnj-220406736.html?.tsrc=rss,Yahoo,2026-05-30 22:04:06,True,bullish,,0,2,2.0,lexicon
8f14fa757594,PFE,Pfizer Strikes Up To $10.5 Billion Deal With China's Innovent Biologics To Develop Next-Gen Cancer Therapies,https://finance.yahoo.com/sectors/healthcare/articles/pfizer-strikes-10-5-billion-220148095.html?.tsrc=rss,Yahoo,2026-05-30 22:01:48,True,bullish,,0,1,1.0,lexicon
e57baae803c0,ABBV,ABBV stock gains on winning FDA approval for rare blood cancer drug - MSN,https://news.google.com/rss/articles/CBMiugFBVV95cUxNUk1FUkdpa01oR29CMHF2QmIyMWRHeGpFS2JMaWFpZC1tWkJEdUpTWFRINy1xQlpHSmc3QWVvNVY4NE1wMlZfRHY3X29jZXBSUktIb1RvVmtwRVh6Wlc0Ty1temFJT2NSaWloR3R6c0dWQXNsZjR2LWduYW5INXQ3QWNfMFR1UEk2SjFkNEUtNHBxdDRKMU9CbnBJU3hYVlVDSlY0d0Ywa1lrMjBoeUFrUHN0ZE9oWGZoSmc?oc=5,MSN,2026-05-30 21:58:25,True,bullish,,0,2,2.0,lexicon
75ff224f57e7,NVDA,"Warren Buffett Successor Greg Abel Made 3 Big Purchases Last Quarter, and They're All Exceptional Performers",https://www.fool.com/investing/2026/05/30/warren-buffett-successor-greg-abel-made-3-big-purc/?.tsrc=rss,Yahoo,2026-05-30 21:50:00,True,neutral,,0,0,0.0,lexicon
afeb353665d6,BRK-B,"Warren Buffett Successor Greg Abel Made 3 Big Purchases Last Quarter, and They're All Exceptional Performers",https://www.fool.com/investing/2026/05/30/warren-buffett-successor-greg-abel-made-3-big-purc/?.tsrc=rss,Yahoo,2026-05-30 21:50:00,True,neutral,,0,0,0.0,lexicon
27c950c088b1,NVDA,Datadog Share Value Has More Than Doubled As Investors Recognize a Growing Market Opportunity,https://www.fool.com/investing/2026/05/30/datadog-share-price-doubled-invest-growth/?.tsrc=rss,Yahoo,2026-05-30 21:48:00,True,neutral,,0,0,0.0,lexicon
d1ad4c78c7dc,MSFT,Datadog Share Value Has More Than Doubled As Investors Recognize a Growing Market Opportunity,https://www.fool.com/investing/2026/05/30/datadog-share-price-doubled-invest-growth/?.tsrc=rss,Yahoo,2026-05-30 21:48:00,True,neutral,,0,0,0.0,lexicon
b4ca3dc9da85,INTC,The 1 Metric That Tells Me This Tech Stock Is About to Rip Higher -- and It Just Flashed,https://www.fool.com/investing/2026/05/30/the-1-metric-that-tells-me-this-tech-stock-is-abou/?.tsrc=rss,Yahoo,2026-05-30 21:43:00,True,neutral,,0,0,0.0,lexicon
a6b31c4c8e27,NVDA,The 1 Metric That Tells Me This Tech Stock Is About to Rip Higher -- and It Just Flashed,https://www.fool.com/investing/2026/05/30/the-1-metric-that-tells-me-this-tech-stock-is-abou/?.tsrc=rss,Yahoo,2026-05-30 21:43:00,True,neutral,,0,0,0.0,lexicon
0b08b664aef9,MU,The 1 Metric That Tells Me This Tech Stock Is About to Rip Higher -- and It Just Flashed,https://www.fool.com/investing/2026/05/30/the-1-metric-that-tells-me-this-tech-stock-is-abou/?.tsrc=rss,Yahoo,2026-05-30 21:43:00,True,neutral,,0,0,0.0,lexicon
52c6c0b5938a,NVDA,3 Stocks to Buy With Less Than $20,https://www.fool.com/investing/2026/05/30/3-stocks-to-buy-with-less-than-20/?.tsrc=rss,Yahoo,2026-05-30 21:35:00,True,neutral,,0,0,0.0,lexicon
e21eb4930272,NVDA,Thriving in the Age of Overwhelm,https://www.fool.com/investing/2026/05/30/thriving-in-the-age-of-overwhelm/?.tsrc=rss,Yahoo,2026-05-30 21:33:08,True,neutral,,0,0,0.0,lexicon
77b14618fa85,NVDA,Jensen Huang Says Nvidia Will Pour $150 Billion A Year Into 'Booming' AI Hub Taiwan,https://finance.yahoo.com/sectors/technology/articles/jensen-huang-says-nvidia-pour-213044654.html?.tsrc=rss,Yahoo,2026-05-30 21:30:44,True,neutral,,0,0,0.0,lexicon
bf7773a3ab82,META,Why This Fund Dumped $35 Million of UiPath Even as Revenue Grew 17%,https://www.fool.com/coverage/filings/2026/05/30/why-this-fund-dumped-usd35-million-of-uipath-even-as-revenue-grew-17/?.tsrc=rss,Yahoo,2026-05-30 21:30:00,True,neutral,,0,0,0.0,lexicon
1d2f20341069,NVDA,Why This Fund Dumped $35 Million of UiPath Even as Revenue Grew 17%,https://www.fool.com/coverage/filings/2026/05/30/why-this-fund-dumped-usd35-million-of-uipath-even-as-revenue-grew-17/?.tsrc=rss,Yahoo,2026-05-30 21:30:00,True,neutral,,0,0,0.0,lexicon
38c1ff383594,BAC,Bank of America Discloses 3.15% Voting Stake in Qiagen - The Globe and Mail,https://news.google.com/rss/articles/CBMizwFBVV95cUxOSm9nbUlrTWEyMFZpaGxVUS1RQjludUJCbUc0TWNHS29ISzJwQjIySV9PMUhDTkZZcFg5cjU1SV82WExjNVR0SjN6R1VHdWNIOS1MakVEa2NodW1yMXdHVzlsSlZuUXY2aTBObE1wTGN2V3hYSVdEUnVPTzBrT0UzWkpjWktmMkFGY3EydnRiUVczYVkyWFljMHQxTUZWTWpKSUJMRll1NXVKa0tQWHZ4Wk5EZWhicS1ILTd3UjhWQjJWdFY1THExcmd3NVBPaXM?oc=5,The Globe and Mail,2026-05-30 21:28:36,True,neutral,,0,0,0.0,lexicon
88b761667543,MU,The 1 Metric That Tells Me This Tech Stock Is About to Rip Higher -- and It Just Flashed - The Motley Fool,https://news.google.com/rss/articles/CBMimAFBVV95cUxQaWNmUGh2SDAyaG9jNHhDdXZ0TE1jLXFMWnpvYUZ2UVZHbThZRFZvSnhJY2lTTDJZWFNMUkYzVmhBaVRMMEJfS3l0dXoyS1ZOS01EUFFVRE1iWVFTNXhtTE8xV2E1ZDRnVVZfWi1pSUFsN1BLRVFSVF85NnplcUFmbnVQNGF2WWZSS3IwM1ZBTVVBY1U4TW8xaQ?oc=5,The Motley Fool,2026-05-30 21:25:39,True,neutral,,0,0,0.0,lexicon
44982a700968,ADBE,"Slips, Trips and Falls Leading Causes of Costliest Claims: Travelers Injury Impact Report - Supply & Demand Chain Executive",https://news.google.com/rss/articles/CBMikAJBVV95cUxNWlFrNnBYSUxmdW5QY21XRmRRZy1rbkMzVjMtQkJsNEdYMVUwQUFLZWNyMTdYaXZSS0JLd2YwRnhsSHg2WGY0R1ZyQU4tWG1kR3R5TVFMNzRkRmZkd2tQSnJpdG1JQUtaWWF5eFRxSzFzZkVHeW1Pd3ZYc19oYWo2R3lyZlVha1Nvc2I5QUlQVzFBTEl0dzlNUkFKYWZGRXlodUJfN21NT1N3Nng3UW5qTEhHQ3JhNHlOQkNQV3ZnNWtBSlRjaUFuYjI4WVlhVm9vWWRTaXlncmJpYXV2S0FJaWFzaU54dGlzMmthTUZaUDV5ZjRyUmJQS2p0ZU0yRXRSUTAtOGFnRFVMVmpTY2NVWg?oc=5,Supply & Demand Chain Executive,2026-05-30 21:22:30,True,bearish,,0,-1,-1.0,lexicon
1249e856e403,GOOGL,QQQ’s Hidden Risk: Why the Fund’s Top 5 Holdings Move Together,https://247wallst.com/investing/2026/05/30/qqqs-hidden-risk-why-the-funds-top-5-holdings-move-together/?.tsrc=rss,Yahoo,2026-05-30 21:18:26,True,neutral,,0,0,0.0,lexicon
ac952b739fcd,META,QQQ’s Hidden Risk: Why the Fund’s Top 5 Holdings Move Together,https://247wallst.com/investing/2026/05/30/qqqs-hidden-risk-why-the-funds-top-5-holdings-move-together/?.tsrc=rss,Yahoo,2026-05-30 21:18:26,True,neutral,,0,0,0.0,lexicon
78d9fafc3a58,NVDA,QQQ’s Hidden Risk: Why the Fund’s Top 5 Holdings Move Together,https://247wallst.com/investing/2026/05/30/qqqs-hidden-risk-why-the-funds-top-5-holdings-move-together/?.tsrc=rss,Yahoo,2026-05-30 21:18:26,True,neutral,,0,0,0.0,lexicon
72dcd1682e91,AMZN,QQQ’s Hidden Risk: Why the Fund’s Top 5 Holdings Move Together,https://247wallst.com/investing/2026/05/30/qqqs-hidden-risk-why-the-funds-top-5-holdings-move-together/?.tsrc=rss,Yahoo,2026-05-30 21:18:26,True,neutral,,0,0,0.0,lexicon
4c360c4c4739,AAPL,QQQ’s Hidden Risk: Why the Fund’s Top 5 Holdings Move Together,https://247wallst.com/investing/2026/05/30/qqqs-hidden-risk-why-the-funds-top-5-holdings-move-together/?.tsrc=rss,Yahoo,2026-05-30 21:18:26,True,neutral,,0,0,0.0,lexicon
f96ddc0792d3,MSFT,QQQ’s Hidden Risk: Why the Fund’s Top 5 Holdings Move Together,https://247wallst.com/investing/2026/05/30/qqqs-hidden-risk-why-the-funds-top-5-holdings-move-together/?.tsrc=rss,Yahoo,2026-05-30 21:18:26,True,neutral,,0,0,0.0,lexicon
a1dd5458fd14,AMZN,FBI flags ‘anti-tech extremism’ as AI opposition grows,https://www.thestreet.com/technology/fbi-flags-anti-tech-extremism-as-ai-opposition-grows?.tsrc=rss,Yahoo,2026-05-30 21:17:00,True,neutral,,0,0,0.0,lexicon
7734175dc51c,NVDA,FBI flags ‘anti-tech extremism’ as AI opposition grows,https://www.thestreet.com/technology/fbi-flags-anti-tech-extremism-as-ai-opposition-grows?.tsrc=rss,Yahoo,2026-05-30 21:17:00,True,neutral,,0,0,0.0,lexicon
c765c7717966,META,FBI flags ‘anti-tech extremism’ as AI opposition grows,https://www.thestreet.com/technology/fbi-flags-anti-tech-extremism-as-ai-opposition-grows?.tsrc=rss,Yahoo,2026-05-30 21:17:00,True,neutral,,0,0,0.0,lexicon
34dd2cfb8338,GOOGL,FBI flags ‘anti-tech extremism’ as AI opposition grows,https://www.thestreet.com/technology/fbi-flags-anti-tech-extremism-as-ai-opposition-grows?.tsrc=rss,Yahoo,2026-05-30 21:17:00,True,neutral,,0,0,0.0,lexicon
777520d97b92,MSFT,FBI flags ‘anti-tech extremism’ as AI opposition grows,https://www.thestreet.com/technology/fbi-flags-anti-tech-extremism-as-ai-opposition-grows?.tsrc=rss,Yahoo,2026-05-30 21:17:00,True,neutral,,0,0,0.0,lexicon
fe7617296163,MS,How The Fiserv (FISV) Story Is Shifting As Analysts Reset Growth And Valuation Targets,https://finance.yahoo.com/markets/stocks/articles/fiserv-fisv-story-shifting-analysts-210814476.html?.tsrc=rss,Yahoo,2026-05-30 21:08:14,True,bullish,,0,1,1.0,lexicon
8642444fbef8,XOM,Exxon Mobil Warns On Oil Supply Tightness And Investor Valuation Risks,https://finance.yahoo.com/sectors/energy/articles/exxon-mobil-warns-oil-supply-210807071.html?.tsrc=rss,Yahoo,2026-05-30 21:08:07,True,bearish,,0,-1,-1.0,lexicon
f20ddab3e3bc,XOM,Exxon Mobil Warns On Oil Supply Tightness And Investor Valuation Risks - Yahoo Finance,https://news.google.com/rss/articles/CBMimAFBVV95cUxNaEs0WW8tSFlZMmw0TkdTWW42T3dBRDZPclEybDBCSlR5WDhyMVFhd1c5MkZlc2k1RmxTS2tnMkxCX25fZnB6aGZoQXJfLXNEZ1BMbXh2cWdiYS1zQllDN3N4dTVCWVRWRklIRkthWWpwUktiYmRuU3djdW8zUWNJT2tGVmNVZkdYZnpLLVFqcFlOaWQ5bXdzTA?oc=5,Yahoo Finance,2026-05-30 21:08:07,True,bearish,,0,-1,-1.0,lexicon
e777017b81ce,NVDA,Nio's Battery Swap Network Just Delivered 16% of All EV Energy in China in 5 Days. Is the Market Sleeping on This?,https://www.fool.com/investing/2026/05/30/nios-battery-swap-network-ev-energy-china/?.tsrc=rss,Yahoo,2026-05-30 21:05:00,True,neutral,,0,0,0.0,lexicon
8a3e88b28bd6,INTC,Nio's Battery Swap Network Just Delivered 16% of All EV Energy in China in 5 Days. Is the Market Sleeping on This?,https://www.fool.com/investing/2026/05/30/nios-battery-swap-network-ev-energy-china/?.tsrc=rss,Yahoo,2026-05-30 21:05:00,True,neutral,,0,0,0.0,lexicon
0dd76c5292a4,ADBE,IPAF Reminds Everyone To 'Check It!' For MEWP Safety - For Construction Pros,https://news.google.com/rss/articles/CBMinAJBVV95cUxOcHVIVWRhT0hxSHB4b3pXTEF2ZjNRN2QyRk1zTVcwR25BblFzbWZkdUxNZ1pQVEpxTzVya3ZIMlA4VVZiOEZTZ2ltX0dtdEZpNGNFVFg0Ny1hR2xOU0pNS2t0Sm1KYVZCQ25qUmwyendDb2drVGtNZjJPQ3dyS29hN2h1R005RU02V0tjSGhuR1pSSDJEX09aeTMwd0h5XzBTa3lRUHI3UDVXdG4weGVRcGx3Q1Jka1FhYnRNVjhYSENUWTV6Y1lDUXlncnQ1QnNRenotN0F5NzhXT1ZXcE9DWjZfYnAxUkUtdS1vaVdmcUdtdzhxNFgtV0M1RFoxR0U2SFp4UnJGMmZ2cnFWNHhHTkJ2WDdPOHJlSlRjcw?oc=5,For Construction Pros,2026-05-30 21:01:18,True,neutral,,0,0,0.0,lexicon
6b2b6e443fc6,INTC,Give Your Family the Gift of an Estate Plan,https://www.fool.com/investing/2026/05/30/give-your-family-the-gift-of-an-estate-plan/?.tsrc=rss,Yahoo,2026-05-30 20:59:45,True,neutral,,0,0,0.0,lexicon
3ee906d42fe0,INTC,Brookfield Is Combining Its Insurance Arm With the Parent Company. Here's What It Means for Investors.,https://www.fool.com/investing/2026/05/30/brookfield-is-combining-its-insurance-arm-with-the/?.tsrc=rss,Yahoo,2026-05-30 20:50:00,True,neutral,,0,0,0.0,lexicon
68e199beb118,INTC,SpaceX IPO Nears and Retail Makes a Comeback,https://www.fool.com/investing/2026/05/30/spacex-ipo-nears-and-retail-makes-a-comeback/?.tsrc=rss,Yahoo,2026-05-30 20:42:31,True,neutral,,0,0,0.0,lexicon
cc5becc1468b,WMT,SpaceX IPO Nears and Retail Makes a Comeback,https://www.fool.com/investing/2026/05/30/spacex-ipo-nears-and-retail-makes-a-comeback/?.tsrc=rss,Yahoo,2026-05-30 20:42:31,True,neutral,,0,0,0.0,lexicon
1a73c91f565e,BRK-B,Warren Buffett's Berkshire dumps entire stake in dividend stock,https://www.thestreet.com/investing/stocks/warren-buffetts-berkshire-dumps-entire-stake-in-dividend-stock?.tsrc=rss,Yahoo,2026-05-30 20:33:00,True,bullish,,0,1,1.0,lexicon
579ed7b30ab9,META,AdvisorVault Adds Social Media Archiving to its Consolidated D3P Service,https://finance.yahoo.com/sectors/technology/articles/advisorvault-adds-social-media-archiving-201500139.html?.tsrc=rss,Yahoo,2026-05-30 20:15:00,True,neutral,,0,0,0.0,lexicon
842d05f50cab,NVDA,These Artificial Intelligence (AI) Stocks Have Crushed Nvidia in 2026 With Gains of 67% and 121%. They Can Still Soar Higher - The Motley Fool,https://news.google.com/rss/articles/CBMimAFBVV95cUxOdjdZRFB0VXc2bWVQcTNiYU5xaTdNcDdPVkd4dlRMZFd4ZlZPSW5xcGsyLTNkTWFKZF9EZ3NEaEk3dXhfNHNmWWNfRG8zYUJkRWNrQ0F0YU8yYjZBdUdMX0RBc2xSdWtaSExoZ1pZLWd5UHJyd0lmSDA1OXM0MEplT3BjT1ROaF9JdHdsa0ZaTng4T194Y3hUYg?oc=5,The Motley Fool,2026-05-30 20:13:00,True,bullish,,0,2,2.0,lexicon
a6b66e6c443e,AMZN,1 Overlooked Reason to Buy Amazon Stock Right Now - The Motley Fool,https://news.google.com/rss/articles/CBMilwFBVV95cUxOeklLd0w3cjZoWXlLRVFSM2pqeXk4b3l0SEJXWjZDSm44dl9ZQ21sLW82XzVSR1M3bWtQU0ZfUm9FakstUUVkU3ZFZ2R4RDczZ2JLdUtjMWxjWC1lWXl5dnhnV2d3VWxTZVdvenk3dGVBVC1ZMlRUVHFpZXhWNUxMTWtqT0xkSUtFMFlHT3lSQTY0TDFqUktJ?oc=5,The Motley Fool,2026-05-30 20:07:21,True,neutral,,0,0,0.0,lexicon
c68576040b0e,AMZN,1 Overlooked Reason to Buy Amazon Stock Right Now - Yahoo Finance,https://news.google.com/rss/articles/CBMimwFBVV95cUxPNXR1ejlxY1JreF9DeWdCREV1WlF2ZURFdlNrYTZBVThOZnJwa0h5M0Z5UDFZWU9Dck1PeGE1eWl2RG9vUlc2M0xwWmZiTGdtYVZCQnIzVTgxR0RacThMNVBnSEJXbnBmQmZBbWo4WGsyNUNPaFZrM0w5eEtueFBXWUs2RWJwVFBLNUN6dTYwZHZLM3dkYVVQVmt4aw?oc=5,Yahoo Finance,2026-05-30 20:05:00,True,neutral,,0,0,0.0,lexicon
561228af9ef8,AMZN,1 Overlooked Reason to Buy Amazon Stock Right Now,https://www.fool.com/investing/2026/05/30/1-overlooked-reason-to-buy-amazon-stock-right-now/?.tsrc=rss,Yahoo,2026-05-30 20:05:00,True,neutral,,0,0,0.0,lexicon
95c8936f6f8a,AAPL,SCHX’s 750 stocks hide a 48% concentration risk most dividend investors overlook,https://247wallst.com/investing/2026/05/30/schxs-750-stocks-hide-a-48-concentration-risk-most-dividend-investors-overlook/?.tsrc=rss,Yahoo,2026-05-30 19:55:12,True,bullish,,0,1,1.0,lexicon
39cc82e6ecd2,MSFT,SCHX’s 750 stocks hide a 48% concentration risk most dividend investors overlook,https://247wallst.com/investing/2026/05/30/schxs-750-stocks-hide-a-48-concentration-risk-most-dividend-investors-overlook/?.tsrc=rss,Yahoo,2026-05-30 19:55:12,True,bullish,,0,1,1.0,lexicon
f707e653f9d7,PFE,Why Wall Street Is Dead Wrong About This Popular Stock - The Motley Fool,https://news.google.com/rss/articles/CBMimAFBVV95cUxQNTNVVmRaWmhhT0FVN19KVUZndDJrUGlyRHduM1pfRFNYY2lORGNhN29yTFNoVlliSGFSaFZ3RTZ0N1dDVXFDTk5VY0RfZU5VTmZjRTZZN05wWVJuX2VIUVNVcndETVE0aEV6RWVqbDhyVk9IX240eXZzdjJjU1kyUnRnMUthXzh4MzlqamUyTjBiUFVrQmMybA?oc=5,The Motley Fool,2026-05-30 19:44:19,True,neutral,,0,0,0.0,lexicon
de230d95c366,QCOM,Arm vs. Qualcomm: Consistent Growth vs. Revenue Volatility - The Motley Fool,https://news.google.com/rss/articles/CBMipwFBVV95cUxOWnRPLTdyczlSVWt2S0Zxb1BOdXVOSUVERUhjUmZBcGFvSy1lLVFlUVZkV29zR2thRTFNSkxyQWxNUXFXZ1hBWTlnV2x2SkpVLUN6SWh6a0FBYllCRkFVNUw2YjJJbkpoSUd0VTZBelM1bFl6R0FOX3NHTERqZVJURzlMX3lBWVlDUWlHRVEyYlVCWmlUdU9WVE9EQkd1by1FekpKRno0aw?oc=5,The Motley Fool,2026-05-30 19:38:00,True,bullish,,0,1,1.0,lexicon
27521062d268,PFE,Why Wall Street Is Dead Wrong About This Popular Stock - Yahoo Finance,https://news.google.com/rss/articles/CBMilgFBVV95cUxPZk5JVGl6VGVIZUZRS25peU1LZ09MVEgwaE83TXMtNHI1ZmdfaEZoWnBpZjM2dWRtNGZ0d0NWYVlQaUJ6VVFiSGtTZjJrTmUyZ2NSQ0xpSWFaTnQ4bFlyVnpFbHQxT005XzByRUZpVk9xZWhmUHB5bTJWTWxlWk9tbGFTcmNWMnkteHVTN2szU3E2R1BvVHc?oc=5,Yahoo Finance,2026-05-30 19:35:00,True,neutral,,0,0,0.0,lexicon
b8b6c03cc7f8,PFE,Why Wall Street Is Dead Wrong About This Popular Stock,https://www.fool.com/investing/2026/05/30/why-wall-street-is-dead-wrong-about-this-popular-s/?.tsrc=rss,Yahoo,2026-05-30 19:35:00,True,neutral,,0,0,0.0,lexicon
8b1f3a643b9d,INTC,Should You Buy SpaceX Stock After the Starship V3 Megarocket Launch?,https://www.fool.com/investing/2026/05/30/should-you-buy-spacex-stock-after-starship-v3/?.tsrc=rss,Yahoo,2026-05-30 19:25:02,True,neutral,,0,0,0.0,lexicon
67de0e49ef60,MU,Prediction: Here's How Much Micron Stock Will Be Worth in 2 Years - The Motley Fool,https://news.google.com/rss/articles/CBMimAFBVV95cUxOREhuVDlJQ2Y0OVlIdE5KNU5kbnF1QjVyeTR1anVhcHgtaWg0UmNvb2I5S2RWV0syV3JMWFRyZ0xMWlA1dHRUUzdIOFRmZWFJQzFLQ2x3aXFhR0plR1oxRTl6QXpoX2VPb19QLUpSM1ZDeDFDU3B6T2U4N1VvYkREdmYyekpQQVA5cHZBSHFvVUJzVzJOVGtZWA?oc=5,The Motley Fool,2026-05-30 19:24:00,True,neutral,,0,0,0.0,lexicon
e10ac159ec2d,META,Is This AI Stock a Buy After Dropping 20% From Its All-Time High?,https://www.fool.com/investing/2026/05/30/is-this-ai-stock-a-buy-after-dropping-20-from-its/?.tsrc=rss,Yahoo,2026-05-30 19:20:00,True,neutral,,0,0,0.0,lexicon
66b47ee56bde,META,Is This AI Stock a Buy After Dropping 20% From Its All-Time High? - Yahoo Finance,https://news.google.com/rss/articles/CBMikwFBVV95cUxQUnRmbzIyblpUcVhUNjdPQjVFa0RJalE3YjEwM1pGWjhSZ3oySC0wbXVkT2wtaHpNcFZIUnJvWXdMNWxkR1dQOVlUUlJ3bU9tUjMySzlyN01nTmhSNHB3ZWtMMklYVWVxak1KeDhvRVM1RmpxQnhxVDQ3ZEk0MTRWXzBBRDBKTm9zbXp0WUt4OGxkbzg?oc=5,Yahoo Finance,2026-05-30 19:20:00,True,neutral,,0,0,0.0,lexicon
f1ed793a2686,META,Bank of America has a stark message for Meta stock investors,https://www.thestreet.com/investing/stocks/bank-of-america-has-a-stark-message-for-meta-stock-investors?.tsrc=rss,Yahoo,2026-05-30 19:13:00,True,neutral,,0,0,0.0,lexicon
3a7412df6e52,BAC,Bank of America has a stark message for Meta stock investors,https://www.thestreet.com/investing/stocks/bank-of-america-has-a-stark-message-for-meta-stock-investors?.tsrc=rss,Yahoo,2026-05-30 19:13:00,True,neutral,,0,0,0.0,lexicon
8fc80a552103,MU,Micron Technology (MU): Renaissance Technologies Is Selling This Stock - Yahoo Finance UK,https://news.google.com/rss/articles/CBMimgFBVV95cUxObGlPRnY3MnE0bFhMRzYybHA1NlNTRVY2dkx0bEZnbGszMlg5YnBKNHkwSjVpMkVSQ3lHcGdIcGZSb3M1SzlkUWNTb1gzSVZoZEp1OFR5TmFCOTZ5ZWhzWHFjVV9TMUpyV2QtSWFuSXRnd1RXcTZfdHZ3eEtwbThZOGVLVUFHZkkyTVVlN1BVdjh5RUNTa1JzNEJB?oc=5,Yahoo Finance UK,2026-05-30 19:10:25,True,neutral,,0,0,0.0,lexicon
3b4ceb2c78a5,MU,Micron Technology (MU): Renaissance Technologies Is Selling This Stock - Yahoo Finance,https://news.google.com/rss/articles/CBMirwFBVV95cUxQY29tXzNKTVFhZ2ZEa1JQZXhKeWNUXzM1My0tWm5JLUpTcTY3THdUUUNXWHlSZGNTemEwejFDM0ptTzdONTVFQkZQY2JrVk50cmZnb3R3b3ZtV2ttakpPY0RYTW8ycU5LUzVCdWNrTFVTMzIzeGFEeTZHNHNpdmtyQzk4SHRDeEpQYlB4OGVjdjkyNnFNYkhWQkJGejdGZkRMTkdVUXZ3c29weXpZel9R?oc=5,Yahoo Finance,2026-05-30 19:10:25,True,neutral,,0,0,0.0,lexicon
7463ad2b63aa,MU,Micron Technology (MU): Renaissance Technologies Is Selling This Stock,https://finance.yahoo.com/markets/stocks/articles/micron-technology-mu-renaissance-technologies-191025719.html?.tsrc=rss,Yahoo,2026-05-30 19:10:25,True,neutral,,0,0,0.0,lexicon
acee776cfa6b,TSLA,Tesla FSD Scrutiny Puts Robotaxi Promise And Valuation In Focus - simplywall.st,https://news.google.com/rss/articles/CBMixgFBVV95cUxNNXdJSlVJNmtEZ3pkOFVFZU5yTDFET0o3Y0pTc1paS2Z1X3pUU0dnMzN5b1cxNHB5ZUJERUsxSXp2SlI0aXdvaEdXS3F0QWtwZllvNVVJcDFabVNhSFMwY1p4Rk1haUNvLXRzY2JBRXRlc3hqMkVaR1E5Yl9jZTNxaTc0YWlFbjg5a1h6RmllWTlzT3pQbEhaRnBTTDU0NjNfVHJYVk91U2Q1Z1gweVllZ0puUFVOZGhIWXFJczlJeXRqZkFsZXfSAcsBQVVfeXFMTjRFaHVDRkpQTVE3dV9iME52RzcxZDV3V1c5amVGOC04Q21VcjAxNmV6LUpqRlY2eUIyVUFTU3B6aUNzVVk4aGJYbVd3UVRoY2dZRnl4RVl3bENmYVZhU0x1T1hjci0ySFdYNDZSRFBMZjVvemRVam4yOHFXNEFSemlxWnNJbktGWTRYWG5tXzVGNFJUdUNHYkpoekFEN215MEJOdVJ4YmN2VFhaOWY0MUw5SWJuNS1wLWR0RDhJTmlfX25XbmV3VHk1MzQ?oc=5,simplywall.st,2026-05-30 19:09:57,True,neutral,,0,0,0.0,lexicon
99daf777c821,META,Is This AI Stock a Buy After Dropping 20% From Its All-Time High? - The Motley Fool,https://news.google.com/rss/articles/CBMilwFBVV95cUxPMkowNzFGc05XYU5CVVB4U3RoQkpzZFRmUEdKNHQxdjhCWVRvUUtrRmdjMUpIaHotS18yWmFhZmtQWE1JLVNGZ2VOeXFmaDI4RkhjYTc5TDVRdThTOExtdmFxaUZaTEFHX3pTc3VqUjBfTV9BWHlFSjctblc3czQ4eE9yNWNUejZUVVA2cXBSQ0tuTUVwcTQ0?oc=5,The Motley Fool,2026-05-30 19:08:10,True,neutral,,0,0,0.0,lexicon
f846b1462a36,INTC,Intel’s US$3.3b India Substrate Plant Redraws AI Supply Chain,https://finance.yahoo.com/sectors/technology/articles/intel-us-3-3b-india-190447727.html?.tsrc=rss,Yahoo,2026-05-30 19:04:47,True,neutral,,0,0,0.0,lexicon
fdd3dfde7c9f,BAC,Paramount Is Pulling Every Lever to Sell LBO Debt,https://finance.yahoo.com/markets/stocks/articles/paramount-pulling-every-lever-sell-190000973.html?.tsrc=rss,Yahoo,2026-05-30 19:00:00,True,neutral,,0,0,0.0,lexicon
7a571cc71577,MS,Paramount Is Pulling Every Lever to Sell LBO Debt,https://finance.yahoo.com/markets/stocks/articles/paramount-pulling-every-lever-sell-190000973.html?.tsrc=rss,Yahoo,2026-05-30 19:00:00,True,neutral,,0,0,0.0,lexicon
a4499ca90286,NFLX,Paramount Is Pulling Every Lever to Sell LBO Debt,https://finance.yahoo.com/markets/stocks/articles/paramount-pulling-every-lever-sell-190000973.html?.tsrc=rss,Yahoo,2026-05-30 19:00:00,True,neutral,,0,0,0.0,lexicon
027a58a55d6f,MSFT,Paramount Is Pulling Every Lever to Sell LBO Debt,https://finance.yahoo.com/markets/stocks/articles/paramount-pulling-every-lever-sell-190000973.html?.tsrc=rss,Yahoo,2026-05-30 19:00:00,True,neutral,,0,0,0.0,lexicon
e18c9af79f53,GS,Paramount Is Pulling Every Lever to Sell LBO Debt,https://finance.yahoo.com/markets/stocks/articles/paramount-pulling-every-lever-sell-190000973.html?.tsrc=rss,Yahoo,2026-05-30 19:00:00,True,neutral,,0,0,0.0,lexicon
a2ce1d655a2c,JPM,Paramount Is Pulling Every Lever to Sell LBO Debt,https://finance.yahoo.com/markets/stocks/articles/paramount-pulling-every-lever-sell-190000973.html?.tsrc=rss,Yahoo,2026-05-30 19:00:00,True,neutral,,0,0,0.0,lexicon
7e6fb2afa21b,QCOM,Arm vs. Qualcomm: Consistent Growth vs. Revenue Volatility,https://www.fool.com/coverage/charts/2026/05/30/arm-vs-qualcomm-consistent-growth-vs-revenue-volatility/?.tsrc=rss,Yahoo,2026-05-30 18:58:35,True,bullish,,0,1,1.0,lexicon
8d9a3e4a4081,INTC,SpaceX Holds $1.5 Billion in Bitcoin. Does That Make the Coin a Buy?,https://www.fool.com/investing/2026/05/30/spacex-holds-15-billion-in-bitcoin-does-that-make/?.tsrc=rss,Yahoo,2026-05-30 18:54:00,True,neutral,,0,0,0.0,lexicon
9b485e8304c5,V,Is the Options Market Predicting a Spike in Visa Stock?,https://finance.yahoo.com/markets/options/articles/options-market-predicting-spike-visa-185300878.html?.tsrc=rss,Yahoo,2026-05-30 18:53:00,True,neutral,,0,0,0.0,lexicon
d24c25739d20,V,Is the Options Market Predicting a Spike in Visa Stock? - Yahoo Finance UK,https://news.google.com/rss/articles/CBMijgFBVV95cUxObnF6WXNPOXdac1ZqOE4zTHRNQkJhMGFRcGp4QjQzN1Q5RU0wN3FGYUNFUldqZ1lleWw0MmxWbHZKWDgyTU5mNTVGRjZDZzdBeXJiQUlKVkdRbFdyT0dkOExFNzFBSFpKYV9IMXB5TU9QWmhGR1FKaHFXdmF2SkdCNk9VTDlRdUZnN3U2RUx3?oc=5,Yahoo Finance UK,2026-05-30 18:53:00,True,neutral,,0,0,0.0,lexicon
cd35842edf98,GOOGL,"Dow Jones Futures: Iran Deal Or No, Market Hits Highs; Nvidia, Tesla Lead 5 Titans Near Buy Points",https://finance.yahoo.com/m/fd63b97c-c320-3202-b483-76d551ec4785/dow-jones-futures%3A-iran-deal.html?.tsrc=rss,Yahoo,2026-05-30 18:46:54,True,bullish,,0,1,1.0,lexicon
9055eaabe4a7,AMZN,"Dow Jones Futures: Iran Deal Or No, Market Hits Highs; Nvidia, Tesla Lead 5 Titans Near Buy Points",https://finance.yahoo.com/m/fd63b97c-c320-3202-b483-76d551ec4785/dow-jones-futures%3A-iran-deal.html?.tsrc=rss,Yahoo,2026-05-30 18:46:54,True,bullish,,0,1,1.0,lexicon
3222394772c6,LLY,"Dow Jones Futures: Iran Deal Or No, Market Hits Highs; Nvidia, Tesla Lead 5 Titans Near Buy Points",https://finance.yahoo.com/m/fd63b97c-c320-3202-b483-76d551ec4785/dow-jones-futures%3A-iran-deal.html?.tsrc=rss,Yahoo,2026-05-30 18:46:54,True,bullish,,0,1,1.0,lexicon
785c3feff56b,TSLA,"Dow Jones Futures: Iran Deal Or No, Market Hits Highs; Nvidia, Tesla Lead 5 Titans Near Buy Points",https://finance.yahoo.com/m/fd63b97c-c320-3202-b483-76d551ec4785/dow-jones-futures%3A-iran-deal.html?.tsrc=rss,Yahoo,2026-05-30 18:46:54,True,bullish,,0,1,1.0,lexicon
dd93aef53efc,AVGO,"Dow Jones Futures: Iran Deal Or No, Market Hits Highs; Nvidia, Tesla Lead 5 Titans Near Buy Points",https://finance.yahoo.com/m/fd63b97c-c320-3202-b483-76d551ec4785/dow-jones-futures%3A-iran-deal.html?.tsrc=rss,Yahoo,2026-05-30 18:46:54,True,bullish,,0,1,1.0,lexicon
c85192e7d85c,MU,Prediction: Here's How Much Micron Stock Will Be Worth in 2 Years,https://www.fool.com/investing/2026/05/30/prediction-heres-how-much-micron-stock-will-be-wor/?.tsrc=rss,Yahoo,2026-05-30 18:44:00,True,neutral,,0,0,0.0,lexicon
f839e709d2ea,GE,"18 Stocks on Jim Cramer’s Radar: Strategy, GE Aerospace, and Best Buy - Insider Monkey",https://news.google.com/rss/articles/CBMirgFBVV95cUxOeG1kZGZvUVVfblpaUnRONk5TUko3QWpaWHBwV0E3Tm1TaF9xSk1OU0l6R05fVVVuOEVYQlVmSHZMSkp1ejYxajlXWjVNOHJweW5HVkE2Z2s5bXBLT3ZiV3RfREphRlRGZmtlbzlDY1RGRXJOSE41SXRyanEySlhaUGxVeXpZWnZ0UGJhQ2NWRkM0RmRZdXZuX1daLWdaV0ZxdkZ3R3VqY3MwMWtkYlHSAbYBQVVfeXFMUDhMSV81WENYSEhvdHhYekpMUnNUelhzNTBjZ3ZZakVyWkpsbjNrLXRRSDNlSzlLcmw4U0tpN0VyaFpXTFJycFhXUjlVdWZlTjZ0MmRjMGNDdlRTX2lyTllZMG1RZmg5cGtCRU9RTWlDazVxNlpQbzBFSF9aTWRoLVhtMy1mZ0NfWGxsSUtIOG1JdE5CbDJybUwza0o0UFNVRXkwZmhXNUp1Vkg0ZkRGY2lUa2ZCM3c?oc=5,Insider Monkey,2026-05-30 18:35:46,True,neutral,,0,0,0.0,lexicon
827b52175a10,INTC,1 AI Stock That Could Turn $500 per Month Into $1 Million,https://www.fool.com/investing/2026/05/30/ai-stock-could-turn-500-per-month-into-million/?.tsrc=rss,Yahoo,2026-05-30 18:33:00,True,neutral,,0,0,0.0,lexicon
9a3aadeb29c2,CVX,Chevron CEO drops stark warning on oil prices,https://www.thestreet.com/investing/stocks/chevron-ceo-drops-a-stark-warning-on-rising-oil-price-pressure-in-june-and-july?.tsrc=rss,Yahoo,2026-05-30 18:33:00,True,bearish,,0,-2,-2.0,lexicon
9547ee9a57fa,AMZN,"Wix Stock Has Crashed This Past Year, and One Investor Exited a $4.35 Million Position",https://www.fool.com/coverage/filings/2026/05/30/wix-stock-has-crashed-this-past-year-and-one-investor-exited-a-usd4-35-million-position/?.tsrc=rss,Yahoo,2026-05-30 18:31:55,True,neutral,,0,0,0.0,lexicon
f3977830eba9,INTC,This Unstoppable Vanguard ETF Has More Than Doubled the S&P 500 in the Last 10 Years. Could It Make You a Millionaire?,https://www.fool.com/investing/2026/05/30/this-unstoppable-vanguard-etf-has-more-than-double/?.tsrc=rss,Yahoo,2026-05-30 18:20:00,True,neutral,,0,0,0.0,lexicon
459d805d3ea3,WMT,Walmart’s Virtual Care Push And Women’s Health Shift Versus Current Valuation - simplywall.st,https://news.google.com/rss/articles/CBMi0AFBVV95cUxPVVZBTllrSWRwTWhlMW5zeEV3X0YtME9qamhHTVdENjlhRlA1bk1Pdm9xbmVHY21uaWpPeHRLd3pKdmZ5NWs4OEh5ZHJXY1g2WnpnSDl0V3U5V2lBZ0VZSWFtczBPRC1XUEJXV0pHTWp2U1FSNU1YTWpYdXVKZDh6N3NuMTR4UHFLSmZsbWpfbHAyY2NwRjVHSUlqRXFrX2RsVG1zQzNmMzNycUVoQUY4NXpEbzlRa1dkRkFEUmFVNEIyc2ZGWG1JSTR4SHJIa3Z40gHWAUFVX3lxTE1mUjh2T0pyLURQaHc2ZWlsZzFJMExFYWhRRVJsWURaRGxOS180S3dweG92X2RHU0NBUXdZLVF3M3NJNDNfYlFsRXlQS1VuT0dDTExad3E0Q05DLVJrRUtfUThwNUpmTkRiZWtRZnpUa1VRNUE2MGt5SUdBMmhhYVpxQmlVLV9KSnY2c3V1dU5hdmg4UW5oV2NOU1VRbWNKLVZYMDEzcEdqdGNuWmtGeFZFQkJSWGhDeklCYnNxN1l2Mm94SDdVZUtMenVpS21MOU1ZZlcycHc?oc=5,simplywall.st,2026-05-30 18:19:43,True,neutral,,0,0,0.0,lexicon
8b7317bc680a,GOOGL,What to Know About This Fund's $32.6 Million Porch Group Purchase,https://www.fool.com/coverage/filings/2026/05/30/what-to-know-about-this-fund-s-usd32-6-million-porch-group-purchase/?.tsrc=rss,Yahoo,2026-05-30 18:12:16,True,neutral,,0,0,0.0,lexicon
503a46f8829e,META,What to Know About This Fund's $32.6 Million Porch Group Purchase,https://www.fool.com/coverage/filings/2026/05/30/what-to-know-about-this-fund-s-usd32-6-million-porch-group-purchase/?.tsrc=rss,Yahoo,2026-05-30 18:12:16,True,neutral,,0,0,0.0,lexicon
cd8215f0dda4,AAPL,What to Know About This Fund's $32.6 Million Porch Group Purchase,https://www.fool.com/coverage/filings/2026/05/30/what-to-know-about-this-fund-s-usd32-6-million-porch-group-purchase/?.tsrc=rss,Yahoo,2026-05-30 18:12:16,True,neutral,,0,0,0.0,lexicon
c8983d484b68,AMZN,Cathie Wood buys $6.5 million of megacap tech stock - thestreet.com,https://news.google.com/rss/articles/CBMiqAFBVV95cUxNd1ozMFNUbWZac0xCYnJwUEtaUmRWS05Ia1NPaU5oX1JBQ3dYeGxwVUtWRElFQzNTNEZUaS04eGFhSS1jMldqYjhyRWlubTBlRXJadW5ka2FvdW9hSFp2bHkzMzJYNFF4Z3JFMXdzSzRnbGRNdURZaUtPTk0xOWZiaGR3T1E3YkJONzhzOGlGaVVBX3FaX2lpcF9oRlo5bUxqU3NzMGxzYTY?oc=5,thestreet.com,2026-05-30 18:10:03,True,neutral,,0,0,0.0,lexicon
d4bad8e94a99,MU,Can Sandisk Become a $1 Trillion Company in 5 Years?,https://www.fool.com/investing/2026/05/30/can-sandisk-become-a-1-trillion-company-in-5-years/?.tsrc=rss,Yahoo,2026-05-30 18:05:00,True,neutral,,0,0,0.0,lexicon
28168c7613ac,INTC,Can Sandisk Become a $1 Trillion Company in 5 Years?,https://www.fool.com/investing/2026/05/30/can-sandisk-become-a-1-trillion-company-in-5-years/?.tsrc=rss,Yahoo,2026-05-30 18:05:00,True,neutral,,0,0,0.0,lexicon
fb3efa74d83b,GOOGL,Google forced to make costly AI fix after companies crashout,https://www.thestreet.com/technology/google-forced-to-make-costly-ai-fix-after-companies-crashout-alphabet-gemini?.tsrc=rss,Yahoo,2026-05-30 18:03:00,True,neutral,,0,0,0.0,lexicon
3ab7f90308e9,AMZN,2 Genius Stocks That Billionaire Bill Ackman Just Loaded Up On,https://www.fool.com/investing/2026/05/30/2-genius-stocks-that-billionaire-bill-ackman-just/?.tsrc=rss,Yahoo,2026-05-30 17:46:00,True,neutral,,0,0,0.0,lexicon
0667ca45106c,MSFT,2 Genius Stocks That Billionaire Bill Ackman Just Loaded Up On,https://www.fool.com/investing/2026/05/30/2-genius-stocks-that-billionaire-bill-ackman-just/?.tsrc=rss,Yahoo,2026-05-30 17:46:00,True,neutral,,0,0,0.0,lexicon
e60d43e945d9,AMZN,2 Genius Stocks That Billionaire Bill Ackman Just Loaded Up On - Yahoo Finance,https://news.google.com/rss/articles/CBMingFBVV95cUxOUDJZX1VGd0tHbGxnalFYWFUxOEJnVHFCcVFmclBaallLTDRWYTdVTktWX3A4TndweUpUS3F2NnhaMDdQRk1fWF9jUVlLWlB4NFo0X0ozZl83YTNzS21xVkZvTUFDN1ZZNm1HdVFjbFJUampqdEp1dk13TkxsbXRrQmlkTU15Y1dhY084c2Q0eE8tb1VKekctMHhFVVlDQQ?oc=5,Yahoo Finance,2026-05-30 17:46:00,True,neutral,,0,0,0.0,lexicon
d09d39831898,IBM,I Think This Is the Most Misunderstood Tech Stock on the Market Right Now -- and That's Exactly Why I'm Buying,https://www.fool.com/investing/2026/05/30/i-think-this-is-the-most-misunderstood-tech-stock/?.tsrc=rss,Yahoo,2026-05-30 17:35:00,True,neutral,,0,0,0.0,lexicon
e3bf0b831e94,TXN,I Think This Is the Most Misunderstood Tech Stock on the Market Right Now -- and That's Exactly Why I'm Buying,https://www.fool.com/investing/2026/05/30/i-think-this-is-the-most-misunderstood-tech-stock/?.tsrc=rss,Yahoo,2026-05-30 17:35:00,True,neutral,,0,0,0.0,lexicon
a5e54cd550f1,AMZN,Snowflake CEO says monster quarter shows why software firms need new pricing models to thrive in AI age,https://finance.yahoo.com/sectors/technology/articles/snowflake-ceo-says-monster-quarter-173355563.html?.tsrc=rss,Yahoo,2026-05-30 17:33:55,True,neutral,,0,0,0.0,lexicon
51ee42b1a6ae,GS,Goldman Sachs massively resets Snowflake stock price target for 2026,https://www.thestreet.com/investing/stocks/goldman-sachs-massively-resets-snowflake-stock-price-target-for-2026?.tsrc=rss,Yahoo,2026-05-30 17:33:00,True,neutral,,0,0,0.0,lexicon
2583ec8997f8,ORCL,Oracle Stock (ORCL) Opinions on AI Data Strategies and Analyst Price Targets - Quiver Quantitative,https://news.google.com/rss/articles/CBMiswFBVV95cUxQX1NDc3NOME54WVcxcEhyaW1xdXZpckt6WnZyaWExM3ZtYW5BeDZVeXRxaWhqdkdPY24wVF9pYzduUF9IRThwcjFnbWMzUVVjV1hHWGh1OXJvTWJ2enhvSWRTNXQtdFEtT2ZGR3FadkZWOHdSU0VxdnFnYWVRWEctTFVmSHl4bHhvS29UV2NiWU1XT2MwQ3ZNLWZKalBCRHYzWEVZdVlmTm1DRWFSdi01X2NxVQ?oc=5,Quiver Quantitative,2026-05-30 17:33:00,True,neutral,,0,0,0.0,lexicon
3b4198bbb7bc,GS,Goldman Sachs massively resets Snowflake stock price target for 2026 - Yahoo Finance Singapore,https://news.google.com/rss/articles/CBMikwFBVV95cUxORWtIcjZVdWtwem9nN09kUC1hbXZKbHlMMi1yR0JpdlY0VnhZOWtlMjNtckNCcm92bGpIQ0k3eXVOS2dRVWtNc1FuX3pJdVY4Y0NWZHc0ckJhcTJRQUZic1B5RjZ6WjdIMkRLcF92NGtPQ1BldUhXU2NxaE9PMEVnX2VJdUN0QkMzUkR6UHJmTHZCcXc?oc=5,Yahoo Finance Singapore,2026-05-30 17:33:00,True,neutral,,0,0,0.0,lexicon
23d1b1749545,V,CBIZ Stock Is Down 60%. Here's What a $21.7 Million Exit Could Mean,https://www.fool.com/coverage/filings/2026/05/30/cbiz-stock-is-down-60-here-s-what-a-usd21-7-million-exit-could-mean/?.tsrc=rss,Yahoo,2026-05-30 17:30:47,True,neutral,,0,0,0.0,lexicon
7e8c93b43c8c,MU,Jim Cramer Discusses Micron’s Trillion Dollar Journey,https://finance.yahoo.com/markets/stocks/articles/jim-cramer-discusses-micron-trillion-172532243.html?.tsrc=rss,Yahoo,2026-05-30 17:25:32,True,neutral,,0,0,0.0,lexicon
334d538549b5,GOOGL,Apple’s next AI test may not be Siri,https://www.thestreet.com/investing/apples-next-ai-test-may-not-be-siri?.tsrc=rss,Yahoo,2026-05-30 17:17:00,True,neutral,,0,0,0.0,lexicon
9a0ca5050a84,AAPL,Apple’s next AI test may not be Siri,https://www.thestreet.com/investing/apples-next-ai-test-may-not-be-siri?.tsrc=rss,Yahoo,2026-05-30 17:17:00,True,neutral,,0,0,0.0,lexicon
eb92d4e80943,F,2 Reasons It's Time for Savvy Investors to Buy Ford Now - The Motley Fool,https://news.google.com/rss/articles/CBMimAFBVV95cUxPeVlpeTVZU0llVWwyc29SNEU2RzNZbl9TVzlSc3ROSjJQeUhIUWNmaEktekFwRnhYZWdmU21aOFUxVVNlbHVvRkR6ZkxkVmVLTFgtRUp1bk5yWDNFazNaU2xCSTdwVWJtLUxqbklfUXJOc0F3cmFXY056TGVIVG9KZUJWQU83Sm5MR3dsY29mTEdKdms5SjFWTQ?oc=5,The Motley Fool,2026-05-30 17:15:00,True,neutral,,0,0,0.0,lexicon
6d77ece8d30c,INTC,This Is the Artificial Intelligence (AI) Stock I'd Buy if the Market Crashed Tomorrow,https://www.fool.com/investing/2026/05/30/artificial-intelligence-ai-stock-buy-market-crash/?.tsrc=rss,Yahoo,2026-05-30 17:05:00,True,neutral,,0,0,0.0,lexicon
d584b9f0e9ab,UBER,Uber’s Bigger Delivery Hero Stake Raises Questions On Growth And Valuation,https://finance.yahoo.com/markets/stocks/articles/uber-bigger-delivery-hero-stake-170331903.html?.tsrc=rss,Yahoo,2026-05-30 17:03:31,True,bullish,,0,2,2.0,lexicon
6cf6b8b2c483,UBER,Uber’s Bigger Delivery Hero Stake Raises Questions On Growth And Valuation - Yahoo Finance,https://news.google.com/rss/articles/CBMinAFBVV95cUxQZW1raTJXVGtJQ0xRYkZ6RGlVd05WYW9qMUQtX05fS0NBNFVUdmh2VDZSYnh2UU5oTEVWTndkX1N5eWxkVzl5UmdNZEk2QmNkVDc2MU1aUjliUWc4Z2l2VzFrbmtuRmNLWmdtV2ZPZmVSRDVkOUJqWHFyR242VEZxY2t5XzRIWTQ3VDA0dXNpbkkxak1mdndiYlg3clk?oc=5,Yahoo Finance,2026-05-30 17:03:31,True,bullish,,0,2,2.0,lexicon
439654fbe341,IBM,The Quantum Computing Boom Is Back. IBM Proves It Is the Smartest Stock to Buy,https://www.barchart.com/story/news/2218073/the-quantum-computing-boom-is-back-ibm-proves-it-is-the-smartest-stock-to-buy?.tsrc=rss,Yahoo,2026-05-30 17:00:02,True,neutral,,0,0,0.0,lexicon
648a8c68f378,AMD,The Quantum Computing Boom Is Back. IBM Proves It Is the Smartest Stock to Buy,https://www.barchart.com/story/news/2218073/the-quantum-computing-boom-is-back-ibm-proves-it-is-the-smartest-stock-to-buy?.tsrc=rss,Yahoo,2026-05-30 17:00:02,True,neutral,,0,0,0.0,lexicon
d904c9ac02bb,IBM,The Quantum Computing Boom Is Back. IBM Proves It Is the Smartest Stock to Buy - Barchart.com,https://news.google.com/rss/articles/CBMivgFBVV95cUxOQW9lRmM2ZjROZENBV3I3Vm4xR1BiUFM0YjJJcjZ0dU9JZDRiUTFEemNKTnp0WnRiSEkxckRUeEMzYWhHa1RBby1hRVdmN3VrZWdHX215aklYY1B4em9uSkVFZ3U5TmtCcVNZalJ0LW5nUWRBUjR2UnU0Rl9mbThLaElWNTNIWGZGQ3dQQTYyWnh4X25Hcl8wUHdiSjRDWlJoWVhpaDFqNi1kdkFxWUNnV0EwaTlRRU55c2RfWUJB?oc=5,Barchart.com,2026-05-30 17:00:02,True,neutral,,0,0,0.0,lexicon
3e67e50a4904,MSFT,Snap alums unveil Ghost Angels fund,https://finance.yahoo.com/sectors/technology/articles/snap-alums-unveil-ghost-angels-170000577.html?.tsrc=rss,Yahoo,2026-05-30 17:00:00,True,neutral,,0,0,0.0,lexicon
e63d8740c735,INTC,Opposition to AI Data Centers Is Exploding Across the Country. This Nuclear Start-up Might Have the Perfect Solution.,https://www.fool.com/investing/2026/05/30/opposition-ai-data-centers-nuclear-startup-oklo/?.tsrc=rss,Yahoo,2026-05-30 16:56:00,True,neutral,,0,0,0.0,lexicon
df8b4fe0757c,LLY,Novo is slowly catching up with Lilly: Is Wegovy pill fueling the rally - Seeking Alpha,https://news.google.com/rss/articles/CBMirAFBVV95cUxQTTZBZVdXOWoyV216Y2U3MTl4Z2NPZV9yel9OOVI2NHN2M3c1QVoxRHZDV0hZNE8xakhJTEVuR1ZxMllWQXdSc2lKREpFUmVpQ3p1dk1lX1FVbnA1S3c2ejJBeHd3dzlBU1NWWVVoZ1VYYV9NdGUzNUpMYU1ZTnhYVGFDZjVNZUJsZXNYcGFpRDktVEVpUmFoSDREdTVtdEE0VkRXYmd5MTUza25I?oc=5,Seeking Alpha,2026-05-30 16:49:49,True,bullish,,0,1,1.0,lexicon
6436d3c5be6b,INTC,Is It Too Late to Buy Polkadot?,https://www.fool.com/investing/2026/05/30/is-it-too-late-to-buy-crypto/?.tsrc=rss,Yahoo,2026-05-30 16:47:53,True,neutral,,0,0,0.0,lexicon
8e8bfe506b2a,JPM,JPMorgan resets Dell stock price target after earnings,https://www.thestreet.com/investing/stocks/jpmorgan-raises-dell-stock-price-target-after-earnings?.tsrc=rss,Yahoo,2026-05-30 16:47:00,True,neutral,,0,0,0.0,lexicon
9233ad39f94c,NFLX,"Netflix, Inc. (NFLX) Expands Consumer Products With New Partnerships and Strong Growth Outlook",https://finance.yahoo.com/markets/stocks/articles/netflix-inc-nflx-expands-consumer-164145122.html?.tsrc=rss,Yahoo,2026-05-30 16:41:45,True,bullish,,0,3,3.0,lexicon
fc4bc994b076,NFLX,"Netflix, Inc. (NFLX) Expands Consumer Products With New Partnerships and Strong Growth Outlook - Yahoo Finance",https://news.google.com/rss/articles/CBMinwFBVV95cUxQTk05RnNKMTlaZDcyOXVkcFd1YkZvcVRwR01Vem9tY2o2bHMxWjdGLUc3LXVmejlkTUF3VFB2S3JvcEdCZXF4MHM3TS1oYmNWVUx1UXhCRzd4SFlRdFBLZ05PTGxOQ3NGSzM3R21jTVlfZ3ZHczM1cE5WUm85bzlIdjdwTkZLaDZ5eGhIaE5kcHMxdVV6SDNTQTNuWnVLYXM?oc=5,Yahoo Finance,2026-05-30 16:41:45,True,bullish,,0,3,3.0,lexicon
c280f26f3e95,MSFT,Is Microsoft Corporation (MSFT) A Stock to Buy for the Long Term? - Yahoo Finance,https://news.google.com/rss/articles/CBMiowFBVV95cUxNT0liRDlVbzRqTFFQX3FSM0FpUW92ZDN5ZERRQUMydlFUR3o4aHBBTDZ4U3pZUi1kNF9YUm9DaGRmMlhOTmFLUVREMjl4MkdGb1NBZEhKSks4Umw4MW54bVBQblZId2E4UTBUUlRiaXVyV1BMU1JZTmNTdTVFa3dXYWozN2pqRUd0OE15b1JMUTUtRnlsVUlqeXlLLTFSZXp5dVdV?oc=5,Yahoo Finance,2026-05-30 16:41:20,True,neutral,,0,0,0.0,lexicon
48b6ccb200ca,MSFT,Is Microsoft Corporation (MSFT) A Stock to Buy for the Long Term?,https://finance.yahoo.com/markets/stocks/articles/microsoft-corporation-msft-stock-buy-164120631.html?.tsrc=rss,Yahoo,2026-05-30 16:41:20,True,neutral,,0,0,0.0,lexicon
1ff9d5bf1f99,INTC,Is Microsoft Corporation (MSFT) A Stock to Buy for the Long Term?,https://finance.yahoo.com/markets/stocks/articles/microsoft-corporation-msft-stock-buy-164120631.html?.tsrc=rss,Yahoo,2026-05-30 16:41:20,True,neutral,,0,0,0.0,lexicon
4cf8d8dcf66c,GOOGL,"Is Meta Platforms, Inc. (META) In Trouble Over Financial Scams On Platforms?",https://finance.yahoo.com/markets/stocks/articles/meta-platforms-inc-meta-trouble-164109838.html?.tsrc=rss,Yahoo,2026-05-30 16:41:09,True,neutral,,0,0,0.0,lexicon
168a0f5e7df7,META,"Is Meta Platforms, Inc. (META) In Trouble Over Financial Scams On Platforms? - Yahoo Finance",https://news.google.com/rss/articles/CBMinAFBVV95cUxOR2k2SEQ4SE9DRVRDTVJfbnktbk1URTBzWWo2SzVrUjVhTVNQNklFSm5ycm85ZWJvSENXbEdCUk1vZTdIS1NNWndPd0hRUUthQjV2UVJneUZYR0tvc1NWdS1YNWdEbjlPNG50MkFHb1RlZFpyYjM5c19DS2FxajRZQ1FPUXdGMDdwcG5rNDF1RjZFcXlOWFVBVEhTS0E?oc=5,Yahoo Finance,2026-05-30 16:41:09,True,neutral,,0,0,0.0,lexicon
4dc7c5acaea1,META,"Is Meta Platforms, Inc. (META) In Trouble Over Financial Scams On Platforms?",https://finance.yahoo.com/markets/stocks/articles/meta-platforms-inc-meta-trouble-164109838.html?.tsrc=rss,Yahoo,2026-05-30 16:41:09,True,neutral,,0,0,0.0,lexicon
447d309a7337,LLY,Eli Lilly and Company (LLY): A Long Term Stock to Buy,https://finance.yahoo.com/markets/stocks/articles/eli-lilly-company-lly-long-164030753.html?.tsrc=rss,Yahoo,2026-05-30 16:40:30,True,neutral,,0,0,0.0,lexicon
477203a67618,LLY,Eli Lilly and Company (LLY): A Long Term Stock to Buy - Yahoo Finance,https://news.google.com/rss/articles/CBMilgFBVV95cUxNcl9TM094T0ZubzRrNmNidHZ2cU1iZDJTMWphUWFQaHI2NC1hR1JsUDhNckFZbEZBS2ZWSE5rZVhGc2RBNUphbXhYT1FsRXViaWVtVWw3Zlhkc1FmYlRYS3IwcEt0enAzRlVQRm02OGZ6R0RaSjU0U0U4Y2ZFcE9rR1hJdXNCdEpFdl96bE1xZEYzUTRBaUE?oc=5,Yahoo Finance,2026-05-30 16:40:30,True,neutral,,0,0,0.0,lexicon
c1cc15e77b9c,CRM,Salesforce Inc. (CRM) Adds TTEC Holdings as Agentforce Partner; TD Cowen Remains Bullish,https://finance.yahoo.com/markets/stocks/articles/salesforce-inc-crm-adds-ttec-163955610.html?.tsrc=rss,Yahoo,2026-05-30 16:39:55,True,bullish,,0,1,1.0,lexicon
9529ca300b90,NVDA,This is why NVIDIA Corporation (NVDA) is a Top Stock to Buy for The Long Term - Yahoo Finance,https://news.google.com/rss/articles/CBMinAFBVV95cUxQLWFpb3ZvRzdNM3FybGN6WG8yYVM3eGNXakJNZXdMazVqdjl4TGp3SHhpczRhRnM4V1IyQlZ1dTZTWVZUXzlSX21oN1FDd3VmTmtsdURqSThHVC1DZ3lHdFZxbWpoNHBtN1VlTFdaZUlkUVBKcks0SlgyRVJHakJ1UzRaNTJicXVYdThDYkRndGxZM3NROTY1dEFIam0?oc=5,Yahoo Finance,2026-05-30 16:39:38,True,neutral,,0,0,0.0,lexicon
d10b917b3bf9,AVGO,$AVGO stock rose 7% this week. Here's what we see in our data. - Quiver Quantitative,https://news.google.com/rss/articles/CBMiogFBVV95cUxPNjZlVFRVNUhkZkFTS1Y3dWVDcFAzMTZWVmpkSHloOTZFSzNsOXo1ajJHWU50Wnd4Vkp3SjJ6UktrcGtld05RVjNlYzJjQVJKR0tORldobWtVQXBnS0Yyc3ZmQm82S2hHVG5xTHZvV29oa1pHajZESGkxMFFtOWFpY3JLT0ZscHJvQ2VJM1FEV0N5dmJya0NoUTdzaEoyRzN3Snc?oc=5,Quiver Quantitative,2026-05-30 16:37:00,True,neutral,,0,0,0.0,lexicon
2289a552d061,QCOM,$QCOM stock rose 5% this week. Here's what we see in our data. - Quiver Quantitative,https://news.google.com/rss/articles/CBMiogFBVV95cUxPZ1BwNFdxMWY1SGEtMlBjTEdBZ0huSWZtMVl2STdZdjlyNGNmR2taSmpPbkVjcDJDZXlJUUl6WVF5YVpIZWVXRVJsbk9pU2NzRTJhaXQ0X0E0UXNRWHZRR0wtLUZqZWIzVTlnTUdzVzE4elhiYXFQV1A1QVIxQUJRbVdyS0NFVE5lUVlacFQ4UkJhLWNGeUFKVEZ6Ylk1Nmo5akE?oc=5,Quiver Quantitative,2026-05-30 16:37:00,True,neutral,,0,0,0.0,lexicon
cefca991575f,IBM,$IBM stock rose 17% this week. Here's what we see in our data. - Quiver Quantitative,https://news.google.com/rss/articles/CBMiogFBVV95cUxNMEFyWXBHQ1p2WlI0dDJrVWZsaXd6aEpNMjMzYjZJWkNYelRoQzl4SVlETE9UVmtLZUs4bVhreTFqdElQSHY5ZXpESVBCX2pSWGt2TmNwSE1yOFpwTXhxaFNtVWxIdFdRZVFjNXU5bzBsVDRmYl90bUJHOHZqZXVsaVdnN0NKRmczUld5aVpVMUdNdzBlSW05NkZPempCVmRGa1E?oc=5,Quiver Quantitative,2026-05-30 16:37:00,True,neutral,,0,0,0.0,lexicon
fc27bb7e57d4,MSFT,$MSFT stock rose 7% this week. Here's what we see in our data. - Quiver Quantitative,https://news.google.com/rss/articles/CBMiowFBVV95cUxOamhhME9IMVd2dWRYZlhvbnN5Rmc4YWFJODNjWnJCMm5JZnItbDlqenpqakp5dFpSM3ZEX0hueXJPUVRLTkd1bVZweF9IMTdfUGh2eFBfV0JBaS1ScFlabS1ZQTNjYTJxd0QxZWxiam9XcExvS1RERkY4aVhBaHVjRkZMWlNNSklaUkQyNlNjbld2V0ZQQzZxd096Ql9GeGpxei1B?oc=5,Quiver Quantitative,2026-05-30 16:37:00,True,neutral,,0,0,0.0,lexicon
a70113261864,INTC,2 Reasons It's Time for Savvy Investors to Buy Ford Now,https://www.fool.com/investing/2026/05/30/2-reasons-its-time-for-savvy-investors-to-buy-ford/?.tsrc=rss,Yahoo,2026-05-30 16:35:00,True,neutral,,0,0,0.0,lexicon
80b66bdb92ec,F,2 Reasons It's Time for Savvy Investors to Buy Ford Now,https://www.fool.com/investing/2026/05/30/2-reasons-its-time-for-savvy-investors-to-buy-ford/?.tsrc=rss,Yahoo,2026-05-30 16:35:00,True,neutral,,0,0,0.0,lexicon
80ccfe47a72f,SBUX,Jim Cramer has bold new message for Starbucks investors,https://www.thestreet.com/investing/jim-cramer-has-bold-new-message-for-starbucks-investors?.tsrc=rss,Yahoo,2026-05-30 16:17:00,True,neutral,,0,0,0.0,lexicon
c52d70eb1cb8,BAC,Bank of America has a stark message for Meta stock investors - thestreet.com,https://news.google.com/rss/articles/CBMipgFBVV95cUxNcUhtZGg2NTBRQmNxYnBNbGlyWlV2VEtsdmNxSmRsZGpuT3RTZmNCcDkxbloyTWwtUjVjM29lbzhrQXlJeE5odEhLMG1hcFpkUEhfcExFR3Njd2tKdXdvYmFGZlpjN1dzN0JDbVNadS1tMVZDQUhXb2V2ejF0TW9yTXNLakc4QXhZZ2JIdnFCZXY0RWl6T3QzMWRncU5RNldqYjJ3RzVn?oc=5,thestreet.com,2026-05-30 16:13:00,True,neutral,,0,0,0.0,lexicon
6773f483a72e,META,Bank of America has a stark message for Meta stock investors - thestreet.com,https://news.google.com/rss/articles/CBMipgFBVV95cUxNcUhtZGg2NTBRQmNxYnBNbGlyWlV2VEtsdmNxSmRsZGpuT3RTZmNCcDkxbloyTWwtUjVjM29lbzhrQXlJeE5odEhLMG1hcFpkUEhfcExFR3Njd2tKdXdvYmFGZlpjN1dzN0JDbVNadS1tMVZDQUhXb2V2ejF0TW9yTXNLakc4QXhZZ2JIdnFCZXY0RWl6T3QzMWRncU5RNldqYjJ3RzVn?oc=5,thestreet.com,2026-05-30 16:13:00,True,neutral,,0,0,0.0,lexicon
35ca8f67719f,INTC,A Once-in-a-Decade Buying Opportunity for This Dominant Growth Stock,https://www.fool.com/investing/2026/05/30/a-once-in-a-decade-buying-opportunity-for-this-dom/?.tsrc=rss,Yahoo,2026-05-30 16:05:00,True,bullish,,0,1,1.0,lexicon
59c766e618ff,CSCO,Cisco Rides AI Boom as Stock Surges Higher - StartupHub.ai,https://news.google.com/rss/articles/CBMinwFBVV95cUxNdU5RMG0wRURLNDJfMkpHRVdJYkVCbVlSQUNTUGo0My1id2FzNnNQWWxucmdldURZSFJpeXVPS0doXzN0dUVvMGp1X2ptRWVpVVlrdmd5X2tMRjN0M0M5TEdNTWx2dFN3ZjN4QkdLS2hkQnJPdGh2MlJ2cVo0S0hfOFZEYl96MjdHUm1wbW5KMU9DbEhZWGtOUUJ4b2tnUDA?oc=5,StartupHub.ai,2026-05-30 16:03:57,True,bullish,,0,1,1.0,lexicon
9377c0c4dd40,COST,Costco just made a major move to fix a member pain point,https://www.thestreet.com/retail/costco-makes-move-to-increase-checkout-speed?.tsrc=rss,Yahoo,2026-05-30 16:03:00,True,neutral,,0,0,0.0,lexicon
30a3ca4c8cbc,GM,General Motors: The Most Attractive Risk-Reward In Large-Cap Autos (NYSE:GM) - Seeking Alpha,https://news.google.com/rss/articles/CBMiqgFBVV95cUxNeDFIOEY0bzZ3eGlIMU9jREVyc25qaHpfaHZJVkE5S2dERGYtLUIzMWliYlpsVVRrajlkaEUtWlVwWEZ6M2laZEdzZzVnMFozSWtRNjBhNXVFbkRWSzdBSkdzV3duXy1wRXZJc1lPZDB4czh0azY1QlRvajRfWlU0RjdFbWZJUzlOUFBLbTFqckVURXNoeHpjVEx0WTkxMnZyc0s5LVJZcU42UQ?oc=5,Seeking Alpha,2026-05-30 16:02:29,True,neutral,,0,0,0.0,lexicon
f298bdfd4121,ORCL,"AI Hyperscalers Are Taking on Debt, But the Broader Market Looks More Leveraged",https://www.barchart.com/story/news/2217677/ai-hyperscalers-are-taking-on-debt-but-the-broader-market-looks-more-leveraged?.tsrc=rss,Yahoo,2026-05-30 16:00:02,True,neutral,,0,0,0.0,lexicon
3a4d9363d6a9,META,"AI Hyperscalers Are Taking on Debt, But the Broader Market Looks More Leveraged",https://www.barchart.com/story/news/2217677/ai-hyperscalers-are-taking-on-debt-but-the-broader-market-looks-more-leveraged?.tsrc=rss,Yahoo,2026-05-30 16:00:02,True,neutral,,0,0,0.0,lexicon
a4720ff13e6a,GOOGL,"AI Hyperscalers Are Taking on Debt, But the Broader Market Looks More Leveraged",https://www.barchart.com/story/news/2217677/ai-hyperscalers-are-taking-on-debt-but-the-broader-market-looks-more-leveraged?.tsrc=rss,Yahoo,2026-05-30 16:00:02,True,neutral,,0,0,0.0,lexicon
f1d91dbcdb6a,MSFT,"AI Hyperscalers Are Taking on Debt, But the Broader Market Looks More Leveraged",https://www.barchart.com/story/news/2217677/ai-hyperscalers-are-taking-on-debt-but-the-broader-market-looks-more-leveraged?.tsrc=rss,Yahoo,2026-05-30 16:00:02,True,neutral,,0,0,0.0,lexicon
97d250808013,AMZN,"AI Hyperscalers Are Taking on Debt, But the Broader Market Looks More Leveraged",https://www.barchart.com/story/news/2217677/ai-hyperscalers-are-taking-on-debt-but-the-broader-market-looks-more-leveraged?.tsrc=rss,Yahoo,2026-05-30 16:00:02,True,neutral,,0,0,0.0,lexicon
05d0a115b44d,AMZN,The Monthly Income Trap in AMZY That Costs Long-Term Investors Thousands,https://247wallst.com/investing/2026/05/30/the-monthly-income-trap-in-amzy-that-costs-long-term-investors-thousands/?.tsrc=rss,Yahoo,2026-05-30 16:00:00,True,neutral,,0,0,0.0,lexicon
26c61b257158,AMZN,The Monthly Income Trap in AMZY That Costs Long-Term Investors Thousands - 24/7 Wall St.,https://news.google.com/rss/articles/CBMitwFBVV95cUxPTW5ZS0JaN0tudlZPVXBpUXVQMzc1MVVCNjd6Vm5HMnZwaFlJV2NEZFptd2ladTFORlRWS1BRQktOVE9xRzA1bTBuTU5rSTlibFRVYU9NbWhyUzEwOTZqYjFiWE9mUGJCR1hWc3ZEQ255SU5VdGQtNDA2VmMwUnpmT3ZBQ1RvN0NkVWVDdWpoRElNc01Yd2h1cHVVQlpmVnFXdWtoZzZISHhRY2lIcy1QVkVCNWkwVjg?oc=5,24/7 Wall St.,2026-05-30 16:00:00,True,neutral,,0,0,0.0,lexicon
70aeafb12375,AAPL,"Nvidia, Apple, Isaac Newton And How To Trade Power Trends",https://finance.yahoo.com/m/4f5262a3-0110-3755-9a72-b5c1b821e8e7/nvidia%2C-apple%2C-isaac-newton.html?.tsrc=rss,Yahoo,2026-05-30 15:58:55,True,neutral,,0,0,0.0,lexicon
138467335b7a,GOOGL,"Nvidia, Apple, Isaac Newton And How To Trade Power Trends",https://finance.yahoo.com/m/4f5262a3-0110-3755-9a72-b5c1b821e8e7/nvidia%2C-apple%2C-isaac-newton.html?.tsrc=rss,Yahoo,2026-05-30 15:58:55,True,neutral,,0,0,0.0,lexicon
af16825a2e7c,AMZN,"Nvidia, Apple, Isaac Newton And How To Trade Power Trends",https://finance.yahoo.com/m/4f5262a3-0110-3755-9a72-b5c1b821e8e7/nvidia%2C-apple%2C-isaac-newton.html?.tsrc=rss,Yahoo,2026-05-30 15:58:55,True,neutral,,0,0,0.0,lexicon
16773ed4017b,AAPL,"Nvidia, Apple, Isaac Newton And How To Trade Power Trends - Investor's Business Daily",https://news.google.com/rss/articles/CBMinwFBVV95cUxQTVZRQjczT3RUUE1mbF9rYk4tRHEydWhPSGNRTXZPUmdVMmJpRHRoM3FjaE1JYTUxajl2QXBDMk1vaWpBQ3VVb2tIRHp5VURQcVJYTzVBdEVNUDlfSU81d2NhMkZNQmUxeUxGaUhsTng0OVYyanduTHdpQjhVcXgwcXVZQzQybEdwNk1iSkZfWTlLVzdNbzZmcGdWTkx2Nm8?oc=5,Investor's Business Daily,2026-05-30 15:58:00,True,neutral,,0,0,0.0,lexicon
42ca970462ba,CVX,Chevron Corporation (CVX): Renaissance Technologies Trims Position,https://finance.yahoo.com/markets/stocks/articles/chevron-corporation-cvx-renaissance-technologies-155754998.html?.tsrc=rss,Yahoo,2026-05-30 15:57:54,True,neutral,,0,0,0.0,lexicon
3bab7cfae91b,CVX,Chevron Corporation (CVX): Renaissance Technologies Trims Position - Yahoo Finance,https://news.google.com/rss/articles/CBMiswFBVV95cUxOUEV6Vm5rcjVzOWpUZEZab1JGWUhyTGs3Tzh2NHhWdXpMMGdheXB1VkRvelJEcDlpMVN6WFdLaXNUMnVWeXFUaGxEaUp2OWhYNzdTQWlsdGgwb2xrOERWTVF4cjdTUEoxcUFpNHNlV3RreWJwZElKdktnTlhPcjFuWlkyM291bzREVVk3MFF2NHlERzQ3RHZGZmZ3enZJN0Y1SDA5LW1XakNCWDY1Vm1kcjNSNA?oc=5,Yahoo Finance,2026-05-30 15:57:54,True,neutral,,0,0,0.0,lexicon
7ae7e5211568,COP,ConocoPhillips: Buy The Pullback As LNG And Willow Drive Long-Term Growth (NYSE:COP) - Seeking Alpha,https://news.google.com/rss/articles/CBMiswFBVV95cUxOZVU0NEhNQ21qWGNYcVFKZTZNX0dUUmtwUk1naXhCYTg2ZzBYbHBiWFAzZGpRN2NJQmswNEdVdjlyLWd3V1pqaEJmVVBVc2JhLTdibXJLV1o2TF9qRm9qYWxDR3RjWXB1VUs5NGJaTjFfTUIzMXo5Q0hLQzJSajd3dXNVV0Y1Ni1zc2JZV1d5cV96QmhEUTN1aDJTRFFTWVhUODdUMXlQTGN3X1RWTDA3Zi1Zbw?oc=5,Seeking Alpha,2026-05-30 15:57:16,True,bullish,,0,1,1.0,lexicon
077d67ebfccc,NVDA,NVIDIA Corporation (NVDA): Renaissance Technologies Is Bullish on This Stock - Yahoo Finance,https://news.google.com/rss/articles/CBMiswFBVV95cUxPSEZhdGVKMlVocDJid0hxNU1jdDBKWmM2RHB6OVpqWnFYdmZoelQtcXdwclUwU2FZd1dLa2plWmZ4WFp2Wi1qRFp1Q1hqX0FUNEV4SFJUb3MwdDhTSkRWdmV4dkFEY1VNQUJHTzY3UWdqY1QzVUg3T01hZDBwcFFXNWhHX1ZLb1lsdTc4dHg1NzBCWlRZVkh2blItWlV2MWo1OGcxZXdCaWdaZHZzTThVX0dIMA?oc=5,Yahoo Finance,2026-05-30 15:56:59,True,bullish,,0,1,1.0,lexicon
74b4bcdd63d3,AAPL,Apple Inc. (AAPL): Renaissance Technologies Opens New Position,https://finance.yahoo.com/markets/stocks/articles/apple-inc-aapl-renaissance-technologies-155158161.html?.tsrc=rss,Yahoo,2026-05-30 15:51:58,True,neutral,,0,0,0.0,lexicon
1b0e82f9daf0,AAPL,Apple Inc. (AAPL): Renaissance Technologies Opens New Position - Yahoo Finance,https://news.google.com/rss/articles/CBMipwFBVV95cUxPSFhaNjZVUWpJNW5VSS1WXzlBWThmNzc5UFF3RzNYb0hOUWN4MkpGOFdpWnNBTVdpQ3pZRHZSeFlVbkF6d3ByWVRPQTJHMjJpNFA2WFhXeTNodmpteldyUVZaTTRXUnBuNDBtLVYzeVo4QTItazN3VHNpSGdHSG5rclJyQ2pKRzBFVnluUzhKWmotMmtTMjc2U1VpNVN4bkR2YjBCYklNYw?oc=5,Yahoo Finance,2026-05-30 15:51:58,True,neutral,,0,0,0.0,lexicon
862d5afc179d,MSFT,The 10-Year Treasury Yield Approaching 5% Could Reshape SCHG’s Next 12 Months,https://247wallst.com/investing/2026/05/30/the-10-year-treasury-yield-approaching-5-could-reshape-schgs-next-12-months/?.tsrc=rss,Yahoo,2026-05-30 15:47:57,True,neutral,,0,0,0.0,lexicon
43b79ef39ce3,META,The 10-Year Treasury Yield Approaching 5% Could Reshape SCHG’s Next 12 Months,https://247wallst.com/investing/2026/05/30/the-10-year-treasury-yield-approaching-5-could-reshape-schgs-next-12-months/?.tsrc=rss,Yahoo,2026-05-30 15:47:57,True,neutral,,0,0,0.0,lexicon
71434ccb353c,AMZN,The 10-Year Treasury Yield Approaching 5% Could Reshape SCHG’s Next 12 Months,https://247wallst.com/investing/2026/05/30/the-10-year-treasury-yield-approaching-5-could-reshape-schgs-next-12-months/?.tsrc=rss,Yahoo,2026-05-30 15:47:57,True,neutral,,0,0,0.0,lexicon
7ba03c9ef676,AAPL,The 10-Year Treasury Yield Approaching 5% Could Reshape SCHG’s Next 12 Months,https://247wallst.com/investing/2026/05/30/the-10-year-treasury-yield-approaching-5-could-reshape-schgs-next-12-months/?.tsrc=rss,Yahoo,2026-05-30 15:47:57,True,neutral,,0,0,0.0,lexicon
2b3972eadf73,GOOGL,The 10-Year Treasury Yield Approaching 5% Could Reshape SCHG’s Next 12 Months,https://247wallst.com/investing/2026/05/30/the-10-year-treasury-yield-approaching-5-could-reshape-schgs-next-12-months/?.tsrc=rss,Yahoo,2026-05-30 15:47:57,True,neutral,,0,0,0.0,lexicon
e2aca06de671,CVX,Chevron CEO drops stark warning on oil prices - thestreet.com,https://news.google.com/rss/articles/CBMivwFBVV95cUxNVjNiTFMzNkVxVlhPcFRacExUa2M1dGdDSWkxb18zbVNhcmFnbFJhcGdwaUg4YzRaT0pHQTBSc3liT0k0dXY4cGhCUms3YWpjNzNGN0NERElZazBYOUFTYlBTQXBGUk9JbzVGN1VSNWNzMmR1UTBBWm1BVmJGX3lmN21qS01kUDRaejJtTUVMRHJJNlNmbnlOcFdyTUFGa1NnVHQ0S3BBRngzRW93aGloME9GUW9HNXJ6NFhINDVZOA?oc=5,thestreet.com,2026-05-30 15:33:00,True,bearish,,0,-2,-2.0,lexicon
fb0a7d32d01f,BAC,Bank of America resets Marvell stock price target after earnings - Yahoo Finance Singapore,https://news.google.com/rss/articles/CBMiigFBVV95cUxQZlhpYWV0RVNmenVCS090TlBMd1RjYmNocE1VQXZFUjFwakI1OE9wZUx6QV9INXJzRkZBd25qeWExLVhDLWNMWkR1d3cwbjA4NjFwTzVtbWU4a3JQaHloU20zVENGUVpQc0c0MDc2Y2FGLUlGbmpKc3FHSlhRY3d2aFlxdWdfNm9SYlE?oc=5,Yahoo Finance Singapore,2026-05-30 15:33:00,True,neutral,,0,0,0.0,lexicon
47e988d77c37,AMZN,Bank of America resets Marvell stock price target after earnings,https://www.thestreet.com/investing/stocks/bank-of-america-raises-marvell-stock-price-target-after-earnings?.tsrc=rss,Yahoo,2026-05-30 15:33:00,True,neutral,,0,0,0.0,lexicon
e609506f7b4f,AMD,Bank of America resets Marvell stock price target after earnings,https://www.thestreet.com/investing/stocks/bank-of-america-raises-marvell-stock-price-target-after-earnings?.tsrc=rss,Yahoo,2026-05-30 15:33:00,True,neutral,,0,0,0.0,lexicon
215d6f633632,TSLA,Could the Next Great Space Stock Come From Japan?,https://www.fool.com/investing/2026/05/30/could-the-next-great-space-stock-come-from-japan/?.tsrc=rss,Yahoo,2026-05-30 15:31:00,True,neutral,,0,0,0.0,lexicon
37f364057d8e,GOOGL,Claude AI Makes Bullish Case for Reddit (RDDT),https://finance.yahoo.com/markets/stocks/articles/claude-ai-makes-bullish-case-152954977.html?.tsrc=rss,Yahoo,2026-05-30 15:29:54,True,bullish,,0,1,1.0,lexicon
9ed288318718,DIS,3 Dates for Disney Stock Investors to Circle in June - The Motley Fool,https://news.google.com/rss/articles/CBMimAFBVV95cUxNUnRwNkU4bEdDd3N1bDRlUkNxTUdmaDJ1QjdXZXV1cXl3YjRmOGpBMVpEYmlGMkNVLUM4TmdIQ1QtYzRYMm9EZGZRVTlUWUlaSGhpb1dVLUkwM1ZVSzRrVVpMRUUtWnpGU2U0dl9OdHQ0OV9qcnpETWljNWlWc0x6SGdmc1RQNDA2U1VRczBHcXJxbDY2X2pYbA?oc=5,The Motley Fool,2026-05-30 15:19:00,True,neutral,,0,0,0.0,lexicon
199f2494635d,COST,Costco’s Strong Quarter Still Leaves Investors With a Valuation Problem - MarketBeat,https://news.google.com/rss/articles/CBMirAFBVV95cUxQNVV1dDlKVXRObFdDY3FfUlczQVRDaHJJQW10cUdsZWJjeXRnTEN1OXQ4aWNjN29KX0RKcW1XaFpoVE1oVW5VZ0VfZ0gwOWZVZGZSalh5M0N3TmFSc011NnZNQXl3bWxJc1N6UU1nQnNSMUtiY3YwMllYZzRaMmxMMENpMHlJb2FnOEFpMHFwZGRVdXB0anZaZGRiTy1zTGw0UHhQQ0JCTXhOX08w?oc=5,MarketBeat,2026-05-30 15:17:06,True,bullish,,0,1,1.0,lexicon
834e67c44868,BRK-B,Is Berkshire Hathaway (BRK.B) Offering Value After Recent Share Price Pullback? - simplywall.st,https://news.google.com/rss/articles/CBMi5wFBVV95cUxQbGk3TTNRYTBlcVBWUDBrYl95VkRvbGVESHc4OU9SeWVQZnI1QVhfeWExWFFPWnNqeUFQLVpYRl84NVhNbmNja2hSQXRPSzN0aVhVUmMzR29XZGM5QVczb2hpVjYtZmhQUnBpa1ZJRE94ZDRwNi1uZ2JaR04tWk9DUnRhNFhJUTZIS3hFaHhyMU44dnlPYjFjNEZjWGd4NUM0ZmhLYWFPQ19vVkE4OUFnWW1GYlg0MWt3Q0VraFEwZ0dpWUZCRlhYS0Mtek1GMm1qMjYwT3Fxb0ZPdVhRaXc5ZWJOemwyYWvSAewBQVVfeXFMTlFqQVRhRVJ6Nks5ZU12MEliUEhKdVE1QnhFd3FwVmJBUEJyYTMzeDUxVkxlSms4ZXhKNVFYdTlxUjgxbU9vMGtna0pyVERKTUw0RElIQno4SDJPd21fUUVvVXlSQlQ2VjhtNVd3enk3XzJQbGNTd2FBNGFJNW9jVGdVVVladVRlNWRmTjFaQmZENnI2R01ZVjlhSWlzbm8zVG1DaHJndHh6UWt4VXc4UzBucUx5aU9XSVRzMVJEMUxnQldEMEhxX3ZmeTVnXzN1dUVha0NSUUFheFZRd2tNLUxUQmtLX00yVkhNS3A?oc=5,simplywall.st,2026-05-30 15:15:30,True,neutral,,0,0,0.0,lexicon
f2de44c507d2,AMZN,Amazon Weighs Anthropic AI Upside Against Blue Origin Launch Risks - simplywall.st,https://news.google.com/rss/articles/CBMixAFBVV95cUxOLU14ZnY5cDZ1WlQ5bEE2N1E4M3NEb215azNmb25Ld29LcVV6SWFvQzFJV2t0N3hhekpSUnhOYjltWEVZb1EzekFxLUN5aU9VX0o5TVVtY0NmYXRweXM2b3JYUGZZaHNpQ2NfdFhxWnJLM0tTUG94MHpfTldGVXFKRnVWV2FCWWpKVlc3Z0ZkQkcwbFFKbjV5SG9BM3hEUlhtaDgwdVFBSkwycVlVX3piMG1KNnlZcmFCQUs1SHUzOGpyOFow0gHKAUFVX3lxTE1NaE9FZkdNel9vMktUMnhVelYzbV9qZHFCTWhXOUhid3dOcjBZQTRMaURySkpab1ZaUE5ZNVUyYWxaWUZKSnNYMktOVVMtaTMyT2tyLUozMDhjLVNBZWRLT3pzUlNEZ3FQV0ltMTVZUnZSRk81cVlXZUZsSENiZHA0NnAycW95Y3ZRLTBjc1FBVmZPOExXSzE4eG80LXVtcDdvXzY1NmZIcEY0MEwwdGtfUUl2WVFSUjVMYVZQSnBlT01JV29tX1dFZGc?oc=5,simplywall.st,2026-05-30 15:15:30,True,neutral,,0,0,0.0,lexicon
c3d0be614fe7,HD,Jim Cramer on Lowe’s: “The Company’s Doing So Much Better Than Anybody Expected”,https://finance.yahoo.com/markets/stocks/articles/jim-cramer-lowe-company-doing-150839031.html?.tsrc=rss,Yahoo,2026-05-30 15:08:39,True,neutral,,0,0,0.0,lexicon
b0c06d7bc34f,HD,Jim Cramer on Home Depot: “I Was Honestly Bracing for the Worst Here”,https://finance.yahoo.com/markets/stocks/articles/jim-cramer-home-depot-honestly-150837316.html?.tsrc=rss,Yahoo,2026-05-30 15:08:37,True,neutral,,0,0,0.0,lexicon
95cc87febdf7,HD,Jim Cramer on Home Depot: “I Was Honestly Bracing for the Worst Here” - Yahoo Finance,https://news.google.com/rss/articles/CBMimwFBVV95cUxPRkwzS2NPRmNaaFNWRkpTeER2UGZERTBUcHpIR0dmb1UwNXRNRGIxYlNOaTBIQTJnU1FGVXlWWnQwNVdsdWV6TFMzTS1EMk5Pb0NPQ19MM1M0OUVjSEdtMkhmZUIweERjdnZPaXJJRENaWEZvUm55aTBmNnJCY3J3ZUpwSFR4VTRPRWtwNlNPUlZYYjNiTUJRbEJUNA?oc=5,Yahoo Finance,2026-05-30 15:08:37,True,neutral,,0,0,0.0,lexicon
d44998a57a7f,WMT,Jim Cramer on Target: “I Don’t Think It’s So Bad”,https://finance.yahoo.com/markets/stocks/articles/jim-cramer-target-don-t-150836132.html?.tsrc=rss,Yahoo,2026-05-30 15:08:36,True,neutral,,0,0,0.0,lexicon
217e047b9905,WMT,Jim Cramer Sees Pullback in Walmart As a “Rare Buying Opportunity”,https://finance.yahoo.com/markets/stocks/articles/jim-cramer-sees-pullback-walmart-150834778.html?.tsrc=rss,Yahoo,2026-05-30 15:08:34,True,neutral,,0,0,0.0,lexicon
275104ffec61,CRM,Jim Cramer on Salesforce: “There’s a Lot to Consider Here”,https://finance.yahoo.com/markets/stocks/articles/jim-cramer-salesforce-lot-consider-150828400.html?.tsrc=rss,Yahoo,2026-05-30 15:08:28,True,neutral,,0,0,0.0,lexicon
55d53281e218,CRM,Jim Cramer on Salesforce: “There’s a Lot to Consider Here” - Yahoo Finance,https://news.google.com/rss/articles/CBMioAFBVV95cUxOc1hmVGkzRlFMNHl5WTh5YnI5Y21kNWRreWFXbmtVRk5hOFc2WWM0VHIxYnBmOW1ETlZsT2otSVBvdWJhRkZBaFEwQlNETGo3LVk0VW9ETDJPMjhkRTBzaEtaeDJMUmNFQ09qaE9rTEdKbFZqRWpaazJJcjAxcFJhY2xIQmNKWng2RnVwVWtseDQxTWhUeU8zeFk1Vkp3czVO?oc=5,Yahoo Finance,2026-05-30 15:08:28,True,neutral,,0,0,0.0,lexicon
4d18339af24e,MU,Jim Cramer Discusses Missing the Massive Sandisk and Peers Rally,https://finance.yahoo.com/markets/stocks/articles/jim-cramer-discusses-missing-massive-150824939.html?.tsrc=rss,Yahoo,2026-05-30 15:08:24,True,bullish,,0,1,1.0,lexicon
f824a132fd53,GOOGL,Jim Cramer on Microsoft: “I Think My Nose Got This One Totally Wrong”,https://finance.yahoo.com/markets/stocks/articles/jim-cramer-microsoft-think-nose-150823538.html?.tsrc=rss,Yahoo,2026-05-30 15:08:23,True,neutral,,0,0,0.0,lexicon
f828e87d7ac3,MSFT,Jim Cramer on Microsoft: “I Think My Nose Got This One Totally Wrong”,https://finance.yahoo.com/markets/stocks/articles/jim-cramer-microsoft-think-nose-150823538.html?.tsrc=rss,Yahoo,2026-05-30 15:08:23,True,neutral,,0,0,0.0,lexicon
084372308e48,MSFT,Jim Cramer on Microsoft: “I Think My Nose Got This One Totally Wrong” - Yahoo Finance,https://news.google.com/rss/articles/CBMinAFBVV95cUxPZnFBUVRfQUxaSWR3YW5OWG1ZSXUxUURmMjRGNXhMSnJDeS14dzRWcm8zazdOYlVKeElnZ3c2RXlnTThzbUEtRUVnSDJOTUt4X1dYZkJraDRERDhkNUh3bjJab3NLeDFCX2FHa0xxX0tTMFEyRnN1V3ROMEZLZi1iWmdZd3hWQlFWbE56VEkwYUt3VWJnakxVT0FKTzk?oc=5,Yahoo Finance,2026-05-30 15:08:23,True,neutral,,0,0,0.0,lexicon
c44b0e1218f7,AMD,Jim Cramer Explains How He Ignored the Past Price to Score a Huge Win in Arm Holdings,https://finance.yahoo.com/markets/stocks/articles/jim-cramer-explains-ignored-past-150818616.html?.tsrc=rss,Yahoo,2026-05-30 15:08:18,True,bullish,,0,1,1.0,lexicon
325b218a1e52,IBM,IBM Stock Surges As Quantum And AI Bets Draw Billions - timothysykes.com,https://news.google.com/rss/articles/CBMingFBVV95cUxPS0hnNE1FQ0poV1BLOWZOWC1jZWZUQ0pxQXZLb1ExbnhpcDV5ZWhBQ3FTdDdpbDh0Skt4S2pzRUJtcHJ1TEg3c0tXcmRXaEtSY1BncFV3by1RT2dmYzBaMnFxbVZrRnZ3dGkyQTg1Q1Y1M0p0QTNSZ2tIVFFvaHpmSERBWDNsZjVmMXJUTE5UcmVERmphV2I4dFNHNU5zQQ?oc=5,timothysykes.com,2026-05-30 15:07:00,True,bullish,,0,1,1.0,lexicon
9e646591c09d,TMO,Thermo Fisher Unveils AI Orbitraps And Swedish Labs As Valuation Lags,https://finance.yahoo.com/sectors/healthcare/articles/thermo-fisher-unveils-ai-orbitraps-150528682.html?.tsrc=rss,Yahoo,2026-05-30 15:05:28,True,neutral,,0,0,0.0,lexicon
fa275f789fe8,TMO,Thermo Fisher Unveils AI Orbitraps And Swedish Labs As Valuation Lags - Yahoo Finance,https://news.google.com/rss/articles/CBMipgFBVV95cUxQYVlxbVBUUFdqamdMT3NMbFNRWlUzTldUVEdITV9fb1I1cGJDVU5PUnJpVFlCM2xXdlZKQjhnQjM4elZsd1RHU2s3cUNTRVFtbDI1ZW1SdVY2Q25qM2ZNZnNKLUl2WjFYRWttNkFqc05adml1NmdKSlEyTHhwYnYwV0dVNXB1N2lNbFQyZkhZcnI4Q0ZOZnZGX1F4ZGViaE9SSGNyRG93?oc=5,Yahoo Finance,2026-05-30 15:05:28,True,neutral,,0,0,0.0,lexicon
3ff6613d3a36,CSCO,Prediction: Cisco Stock Will Trade at This Price in 2028 - Yahoo Finance,https://news.google.com/rss/articles/CBMioAFBVV95cUxPbHVMUHVva0RVQkg5NFlqdlhIT1VjNjdJbElvOUkxajl5R3czMVZmR0N3Zmt0ZEJoZEVjQURCWjBaR0pEWGFWNzZGMEdZLXpQSGRYX01LTVdHejVPUU85Y01CeTNFbU9qS0cyQ0Q5QVBlMlg0NnFVQjgzNzlKUklNVHZjSDI1dlppM0F0dWY5X1hpQkNORmdSRzBfQ0luRk9V?oc=5,Yahoo Finance,2026-05-30 15:03:23,True,neutral,,0,0,0.0,lexicon
3db6a4302989,CSCO,Prediction: Cisco Stock Will Trade at This Price in 2028 - 24/7 Wall St.,https://news.google.com/rss/articles/CBMioAFBVV95cUxQYVRCLXlaZFcwRDkyTTRYOUFxMlBYZHdPdlJZOTVnbmJWU3RYemtUWW1QQ0IzVnFROTNiOGxlVlBqVEZ3S1E1QVhBX0ZDdzJyeUFuNzBOZUczWU5xbDd1T2E4a3Q3bjNDU3NnLXNaRV9FeXZJMmxfZHp4eU1GdEpyejREZHNMcVh2ZVF2N3cwVmVrUGV3aHFBc3RmU3cwdFVI?oc=5,24/7 Wall St.,2026-05-30 15:03:23,True,neutral,,0,0,0.0,lexicon
027279377f12,CSCO,Prediction: Cisco Stock Will Trade at This Price in 2028,https://247wallst.com/investing/2026/05/30/prediction-cisco-stock-will-trade-at-this-price-in-2028/?.tsrc=rss,Yahoo,2026-05-30 15:03:23,True,neutral,,0,0,0.0,lexicon
0325b4d49101,LLY,"Trump declares perfect health after Walter Reed physical; Eli Lilly spends $4B on three vaccine developers; obesity leveling off in wealthy nations, still rising elsewhere – Morning Medical Update - Medical Economics",https://news.google.com/rss/articles/CBMizAJBVV95cUxQeWtzMm1jZ2dMN0V2UkhLaEVmdFZhSlVrcHN6VXhON0pGcGZtTjU0TGZTc054ME1JamhGRWhORUlROU15WWxuaFBKSWRPdjlBUlBtdmYwN21mVmJGZ0FIbHhOSURRSm5mSWxNV2xFZENtWTVyNE82aEVPSHpuYV92WW5oNnlZNEhDak82c0V2dmFTd3FwNXRZQ2lWS3FRNjN0R3pNbzBFdVFiWUZvNGxfR1Z2bUg3UGtQbmpxeTlrVU1CanRFNGI3WEoyWTd6VXJGdDNfdFlGZ2lpQmsyTi1SMmViM0VQTVVSOVJ1Q0wyYnJBUGh1alBkbU1Yb21MQzk1blY4ODVhb0RZRV9GOWJFTmw5blNBcUowRG4tSU9lOFV4ejRkM2tLRVo1dDN4RzIzUmVOdnlEWVV2T19od0dDdFY4Q2x5V004WnBhcw?oc=5,Medical Economics,2026-05-30 15:00:03,True,neutral,,0,0,0.0,lexicon
d43ddf38b491,MSFT,Dropbox Gets A New CEO. The Payoff for DBX Stock Could Take a Long Time.,https://www.barchart.com/story/news/2217193/dropbox-gets-a-new-ceo-the-payoff-for-dbx-stock-could-take-a-long-time?.tsrc=rss,Yahoo,2026-05-30 15:00:02,True,neutral,,0,0,0.0,lexicon
d92acfcc5e6e,GOOGL,Dropbox Gets A New CEO. The Payoff for DBX Stock Could Take a Long Time.,https://www.barchart.com/story/news/2217193/dropbox-gets-a-new-ceo-the-payoff-for-dbx-stock-could-take-a-long-time?.tsrc=rss,Yahoo,2026-05-30 15:00:02,True,neutral,,0,0,0.0,lexicon
942a333146f0,AMZN,Dropbox Gets A New CEO. The Payoff for DBX Stock Could Take a Long Time.,https://www.barchart.com/story/news/2217193/dropbox-gets-a-new-ceo-the-payoff-for-dbx-stock-could-take-a-long-time?.tsrc=rss,Yahoo,2026-05-30 15:00:02,True,neutral,,0,0,0.0,lexicon
51f546b353ee,CRM,Dropbox Gets A New CEO. The Payoff for DBX Stock Could Take a Long Time.,https://www.barchart.com/story/news/2217193/dropbox-gets-a-new-ceo-the-payoff-for-dbx-stock-could-take-a-long-time?.tsrc=rss,Yahoo,2026-05-30 15:00:02,True,neutral,,0,0,0.0,lexicon
73cb6c04a39e,META,Dropbox Gets A New CEO. The Payoff for DBX Stock Could Take a Long Time.,https://www.barchart.com/story/news/2217193/dropbox-gets-a-new-ceo-the-payoff-for-dbx-stock-could-take-a-long-time?.tsrc=rss,Yahoo,2026-05-30 15:00:02,True,neutral,,0,0,0.0,lexicon
197c9a7e9a83,DIS,3 Dates for Disney Stock Investors to Circle in June - AOL.com,https://news.google.com/rss/articles/CBMif0FVX3lxTFBTdzVKVE1xOGhnbTVOblZPN0dtV1BQa3RwYkRjaXlxcUJrUndLMVNESWF3TnJIRzVLckRVXzBHQnh1T0JtTjNudnBBSC11anh0Mk5FUWlOaDhpcFljdUtxUW5zWk9aSWo3RzRKMERSbUxheUNfbXYzWUFCZ043VTA?oc=5,AOL.com,2026-05-30 15:00:00,True,neutral,,0,0,0.0,lexicon
da6823ccb84d,AMD,"Prediction: After Micron and AMD, This Will Be the Next Tech Stock to Join the $1 Trillion Club - The Motley Fool",https://news.google.com/rss/articles/CBMihwFBVV95cUxPMWhINkwzTlUxcFRQQ0NWNHJUYUVPd1dCTVhyTUU1UWY1cHQyS3ZXSVNpa3RUbDRWbi1XZzY4UWxvTU9tSm9ocFVVM0k3dVhac21SWm5Vay1VR0tBeDJjVkpBeUM2Z2hVQ3VHYXZjVXlOOGxKWmFrWGIwN1Z0TXBlQmtjeDJpMDA?oc=5,The Motley Fool,2026-05-30 15:00:00,True,neutral,,0,0,0.0,lexicon
dbf1a846d7a5,ADBE,Adobe Stock: The Next Kodak? (NASDAQ:ADBE) - Seeking Alpha,https://news.google.com/rss/articles/CBMibkFVX3lxTFBPRDdMZWMxMlZxcG9wcTJ6QVhGUUF1TzB4Qm9ocnBXWEM4ajlFeWtvbzMxb1gtbTkwMFFvSFpUX1Q5RldYMjh6Y2pNSU1wN296djhCdnItbjhSR0dBLV9aODdIalluT0xQSHloZGNR?oc=5,Seeking Alpha,2026-05-30 14:58:43,True,neutral,,0,0,0.0,lexicon
5d38514616df,TSLA,Tesla’s Next Act? Wall Street Begins Weighing a SpaceX Combination - Yahoo Finance,https://news.google.com/rss/articles/CBMilgFBVV95cUxNX0NDVDdFZnIxNDVGblJLQzdYMzdIaDB5a2hzZnVGRFhuR2pmWmhGdGZVa0dCS0ZwUUtUNVFremFuWDdkN0NPVXgtaEtNNl8yX2FqaktIWG43U0dJSEJTV2MzSC1EMWV0N1Q2anRkdGxXS04xRTZ1em9MOG56VTNBS0pidE5aZ2RWUk9LM0ZlMGVfbkdtLVE?oc=5,Yahoo Finance,2026-05-30 14:57:45,True,neutral,,0,0,0.0,lexicon
4c5d2ebf0364,TSLA,Tesla’s Next Act? Wall Street Begins Weighing a SpaceX Combination,https://investorshub.advfn.com/market-news/article/29323/teslas-next-act-wall-street-begins-weighing-a-spacex-combination?.tsrc=rss,Yahoo,2026-05-30 14:57:45,True,neutral,,0,0,0.0,lexicon
953e98639577,CAT,Is Caterpillar Stock Outperforming the Nasdaq?,https://www.barchart.com/story/news/2217185/is-caterpillar-stock-outperforming-the-nasdaq?.tsrc=rss,Yahoo,2026-05-30 14:57:38,True,neutral,,0,0,0.0,lexicon
c2415cead72b,CAT,Is Caterpillar Stock Outperforming the Nasdaq? - Barchart.com,https://news.google.com/rss/articles/CBMikwFBVV95cUxOZUprSHRmUXNFR3RsY3ZvOEhjcGNXZnRTS0d6NFpTdmRCRFNSeG8zM28wcnBkNDd0TWxCV1NIeU9FVUdBYll5Y0pVdjNjS3pmaXZ3eUNnRDdiUUVCWV9Vc1VUcmY0eG5tWU15dTE2MWhveFp4SmY5aEFaZndmVzdLbld0WTduRURZeVRzNXZwZGM5LTA?oc=5,Barchart.com,2026-05-30 14:57:38,True,neutral,,0,0,0.0,lexicon
b903ec76af20,GOOGL,The groupthink boom: what three top VCs really think about the AI frenzy,https://finance.yahoo.com/sectors/technology/articles/groupthink-boom-three-top-vcs-144927244.html?.tsrc=rss,Yahoo,2026-05-30 14:49:27,True,neutral,,0,0,0.0,lexicon
985e38dd02b1,AMD,History Says the S&P 500’s 9-Week Rally Is Rare. It May Be Even Rarer Than You Think,https://247wallst.com/investing/2026/05/30/history-says-the-sp-500s-9-week-rally-is-rare-it-may-be-even-rarer-than-you-think/?.tsrc=rss,Yahoo,2026-05-30 14:48:54,True,bullish,,0,1,1.0,lexicon
bffc3feaf37f,MU,History Says the S&P 500’s 9-Week Rally Is Rare. It May Be Even Rarer Than You Think,https://247wallst.com/investing/2026/05/30/history-says-the-sp-500s-9-week-rally-is-rare-it-may-be-even-rarer-than-you-think/?.tsrc=rss,Yahoo,2026-05-30 14:48:54,True,bullish,,0,1,1.0,lexicon
cc10f36aed84,DIS,3 Dates for Disney Stock Investors to Circle in June - Yahoo Finance,https://news.google.com/rss/articles/CBMimwFBVV95cUxPNnl3WDE0anljR214ek9KaU5NdWR0WkpHRHlGNGwwRlU4ZGNfREhGQXBIbG1WRTQyYVgyalV6akZ0T3JUVVJGa091ejZKbGZTYzk1eU5HTlZWTWVRZmxKOG9sVjE5aEJ2b1hRZDdVNTBONkdNZklsSjI2UWxFSElaaFBsQ0pGT3JOWE5ZOEd0d1habnZibF9HSU1LZw?oc=5,Yahoo Finance,2026-05-30 14:39:34,True,neutral,,0,0,0.0,lexicon
2fcfddac25ce,DIS,3 Dates for Disney Stock Investors to Circle in June,https://www.fool.com/investing/2026/05/30/3-dates-for-disney-stock-investors-to-circle-in-ju/?.tsrc=rss,Yahoo,2026-05-30 14:39:34,True,neutral,,0,0,0.0,lexicon
95affb947ecc,COST,Costco's Gas Stations Set All-Time Records As Drivers Hunt For Lower Prices,https://finance.yahoo.com/markets/stocks/articles/costcos-gas-stations-set-time-143150015.html?.tsrc=rss,Yahoo,2026-05-30 14:31:50,True,neutral,,0,0,0.0,lexicon
43c63dada121,MU,Micron Stock Is Trading at 42x Trailing Earnings. Analysts Say That’s Still Cheap. - Barchart.com,https://news.google.com/rss/articles/CBMiwAFBVV95cUxPNWZOaktCNGhpNUd3amFWaU5ZeEV6NTlJVjRlZG8zMU5IdEhHV24ybFJ6dVJpeE9Kc0pJVm9BeEpVdURPQVVnS3l5dHR3SHhNaktiZjFBODc1Z19JLWRPWm5rbmVhU3Z5QzN2cXJvb3lwU0w0d3hzMzlpVW9icUNMSFZvM3ptRzlPUVgxWmZqd1ZJOXdwMW44QVBhWGlJY3lfVVVocW1kc19UNlBiNldlWnBHblprdFZTOThXMFdaa24?oc=5,Barchart.com,2026-05-30 14:30:02,True,neutral,,0,0,0.0,lexicon
7aea5caa3dda,MU,Micron Stock Is Trading at 42x Trailing Earnings. Analysts Say That’s Still Cheap.,https://www.barchart.com/story/news/2216932/micron-stock-is-trading-at-42x-trailing-earnings-analysts-say-thats-still-cheap?.tsrc=rss,Yahoo,2026-05-30 14:30:02,True,neutral,,0,0,0.0,lexicon
344a76915cf1,PYPL,Billionaire Peter Thiel moves out of U.S. citing harsh concerns,https://www.thestreet.com/crypto/markets/billionaire-peter-thiel-moves-out-of-u-s-citing-harsh-concerns?.tsrc=rss,Yahoo,2026-05-30 14:30:00,True,neutral,,0,0,0.0,lexicon
94b3c7581799,CVX,3 No-Brainer Energy Stocks to Buy Right Now - The Globe and Mail,https://news.google.com/rss/articles/CBMiyAFBVV95cUxPOV9ham9wNDdzejFkSUlrMlRHbUJLV3o2ZjhRUG1hcGVOUl9BcnRnU3VOakNDdmdUeVFKcHpVckU3Vzd0WlVyaWZDVFBqLTdicWg4em9YU1NubHZhbWdacmRSaWVWNms5T0JoMXVVTnFfQzFOd1pjUmFveGt0LW03ZHMyd3ZCMDIyOW9laE5WQnBDUVZfTG9ETFZEcWU0THBKclBISnAyZXhhZDctaHBNbWdRV2Q0UDJjZmdZbk1vX011eldEUFgxag?oc=5,The Globe and Mail,2026-05-30 14:26:34,True,neutral,,0,0,0.0,lexicon
cee68e943683,CSCO,Bonsai Sushi Review And Menu | Carnival Cruise Line Cisco Stock (r3IwyTV39z) - Mshale,https://news.google.com/rss/articles/CBMiW0FVX3lxTE9PMEZHLUxsY1hpUERWcExuYVFBUGZBN2xsZExtNnVBdHhQaEdnTTAtUUp4c29Ka3JQQTBTTURHN0s4YkM3Tk5fTmhSWVJMUF9qRFBOLUp1TUMwNGM?oc=5,Mshale,2026-05-30 14:21:50,True,neutral,,0,0,0.0,lexicon
0392194c9557,WMT,"Prediction: After Micron and AMD, This Will Be the Next Tech Stock to Join the $1 Trillion Club",https://www.fool.com/investing/2026/05/30/micron-amd-asml-stock-1-trillion-club/?.tsrc=rss,Yahoo,2026-05-30 14:20:00,True,neutral,,0,0,0.0,lexicon
aa1dda08a2fa,MU,"Prediction: After Micron and AMD, This Will Be the Next Tech Stock to Join the $1 Trillion Club",https://www.fool.com/investing/2026/05/30/micron-amd-asml-stock-1-trillion-club/?.tsrc=rss,Yahoo,2026-05-30 14:20:00,True,neutral,,0,0,0.0,lexicon
802866fcd5b2,AMD,"Prediction: After Micron and AMD, This Will Be the Next Tech Stock to Join the $1 Trillion Club",https://www.fool.com/investing/2026/05/30/micron-amd-asml-stock-1-trillion-club/?.tsrc=rss,Yahoo,2026-05-30 14:20:00,True,neutral,,0,0,0.0,lexicon
480ad808588d,LLY,"Prediction: After Micron and AMD, This Will Be the Next Tech Stock to Join the $1 Trillion Club",https://www.fool.com/investing/2026/05/30/micron-amd-asml-stock-1-trillion-club/?.tsrc=rss,Yahoo,2026-05-30 14:20:00,True,neutral,,0,0,0.0,lexicon
0830006d515c,AXP,Is American Express Stock Underperforming the S&P 500? - Barchart.com,https://news.google.com/rss/articles/CBMingFBVV95cUxNTWtKdHFYYTFmUEhzS3E3bVV5azZZLTc4TzMzd1lLV2ExMkFqMkVSRll3MUhPODV6bHYyNTFtczQ5bTdiaDAxVWN1ZUxrd1FCUnhZc204RXJaUDVDZ1JKSGhQZVBKc1hNWG10bVVtdmFLbWJOT1ZaY3AtbEVfWkRIYmlxQkx3Y1VhaE9QUk9KYTJ1R0QwRmp2VzhzSWFmQQ?oc=5,Barchart.com,2026-05-30 14:18:47,True,neutral,,0,0,0.0,lexicon
6328b7256368,V,Is American Express Stock Underperforming the S&P 500?,https://www.barchart.com/story/news/2216881/is-american-express-stock-underperforming-the-s-p-500?.tsrc=rss,Yahoo,2026-05-30 14:18:47,True,neutral,,0,0,0.0,lexicon
706c141afd32,AXP,Is American Express Stock Underperforming the S&P 500?,https://www.barchart.com/story/news/2216881/is-american-express-stock-underperforming-the-s-p-500?.tsrc=rss,Yahoo,2026-05-30 14:18:47,True,neutral,,0,0,0.0,lexicon
7217fa7f5e5a,AVGO,Prediction: This Artificial Intelligence (AI) Inference Specialist Is Going to Soar After June 3,https://www.fool.com/investing/2026/05/30/prediction-this-artificial-intelligence-ai-inferen/?.tsrc=rss,Yahoo,2026-05-30 14:18:00,True,bullish,,0,1,1.0,lexicon
012a943e8eeb,BLK,Assessing BlackRock (BLK) Valuation After Recent Share Price Pause And Growth Platform Expectations - simplywall.st,https://news.google.com/rss/articles/CBMi1gFBVV95cUxPME9vclZtQk9VN1IwY1ZYRWFXTnRFdmt3WGM2WmNOQzVmcTdRWmdlNDVfUVFGUGk3SXV1ZEoyWFhGMmd0dnpOLU1fTjZqa1E4ZHFCdXhmVUJkdlpxYndSMm9sYVpHLVdJWG1PYThHc2JNR3pOaFlRb1JoQVhjcU5uakpXT2Qtc3g1cWhlR05BX0puOVZyUjB3S3JQQnR3bzZ1Q29fWklNM0VxVTFISldJRGwzdUdQQkI4NzIyVExySzYzeHAtcUF5WkpkaENjWXEzWEZpSEpn0gHbAUFVX3lxTE00eUJ3SzdRLVJkTzF3eFMwVGtsaUJ2aUJCejNfZW8xZEMxanZyQ2NOVXpSRGM0NmdCOGg2M3hYLWVQMEdvZUJocHhNRXZjSDVUVmV4Y29lVEFEZWctX293dkNJNDFtblRTQzdkNFdmakZoV0I4SnJBN1Q2Q2szNHFZazlPdzJYSVJ3d1hBYVZ5YVRTZmdwY21abElXR1N4SmtIVHNlZFRRcTVINkV0YkpxbldYcHQxNVpkTG1CZURsZERnLUI5WUJGN3ZxeHE2bjc4WkpEOVQ1cDVROA?oc=5,simplywall.st,2026-05-30 14:17:05,True,bullish,,0,1,1.0,lexicon
5b7a3bddcadd,AAPL,Apple’s next AI test may not be Siri - thestreet.com,https://news.google.com/rss/articles/CBMie0FVX3lxTE92YWtHR2g5LVo1OHQwTjA0OE82QlJ2eWNIVG4zVWI3WE5WMHBXd2hIYTBWSnZaT2E3dms3N0RKYVM2ZDAxSmkybUJWRWcyb25ySElqZzlNR1hyRkxDSkp5RG5KQWRsa1YwbGtQeVZ2bXBoQ1poY04wM1BZbw?oc=5,thestreet.com,2026-05-30 14:17:00,True,neutral,,0,0,0.0,lexicon
0335c7b1fa5a,GOOGL,Blackmagic AI Announced the Next OpenRouter Alternative,https://finance.yahoo.com/sectors/technology/articles/blackmagic-ai-announced-next-openrouter-141000486.html?.tsrc=rss,Yahoo,2026-05-30 14:10:00,True,neutral,,0,0,0.0,lexicon
40c84e1bc718,IBM,IBM Stock Surges As Quantum And AI Bets Draw Massive U.S. Backing - timothysykes.com,https://news.google.com/rss/articles/CBMimwFBVV95cUxPWWM2Yy1RTi1uQkk0RS1xMUZnd3JPQy1zUmozekozUGdjSDlGeGhyQ1hqS0VvSldQUG9kNjZWVjFSdUs4dElOdXhST1lEeTlvdkZuVUNfOTRpcTdQanFmam1PMTZZdVk2NFczRkZhalE3YllHVTNTbS1TVUszWDdqc2NGWVVNWV9RZHBFZVJNRlU5QktaUnRxeVUzYw?oc=5,timothysykes.com,2026-05-30 14:06:00,True,bullish,,0,1,1.0,lexicon
e61c64208c04,AVGO,Broadcom Deepens AI Infrastructure Role With US$36b Deal And FuriosaAI Pact,https://finance.yahoo.com/markets/stocks/articles/broadcom-deepens-ai-infrastructure-role-140246797.html?.tsrc=rss,Yahoo,2026-05-30 14:02:46,True,bullish,,0,1,1.0,lexicon
2418da9b5547,GOOGL,Broadcom Deepens AI Infrastructure Role With US$36b Deal And FuriosaAI Pact,https://finance.yahoo.com/markets/stocks/articles/broadcom-deepens-ai-infrastructure-role-140246797.html?.tsrc=rss,Yahoo,2026-05-30 14:02:46,True,bullish,,0,1,1.0,lexicon
f575b0116762,NFLX,"Down 28%, Netflix Stock Is Suddenly a Bargain",https://www.barchart.com/story/news/2216624/down-28-netflix-stock-is-suddenly-a-bargain?.tsrc=rss,Yahoo,2026-05-30 14:00:03,True,neutral,,0,0,0.0,lexicon
25e18e62954b,NFLX,"Down 28%, Netflix Stock Is Suddenly a Bargain - Barchart.com",https://news.google.com/rss/articles/CBMikAFBVV95cUxPV2paQ2ZCeU9uaVVETVktV2VEZUh4Ty10aVUxbEVTeGpiMjJTYmtBSE9EWVZmS0I3SV8xMEFtbGJKMkZyRm5sbEo1X2dLU1BPb2RmUVVQUVRRZnExNTl3amNCd1V5SV8wLUhueUJUWjQwT3NwYTVhaVM3MWJrYUZTcWIxaTNtbWRGQlQ0QnRDTk8?oc=5,Barchart.com,2026-05-30 14:00:03,True,neutral,,0,0,0.0,lexicon
1389f7ae18c8,IBM,IBM Missed the Bus on AI. New Federal Funding Means IBM Stock Could Be a Winner in Quantum Computing. - Barchart.com,https://news.google.com/rss/articles/CBMi2wFBVV95cUxPSExVZExPUjVUOE9qMWlQZWREZmNSU2tvSWwyRUlPb0Y0cnlmSldKZFVHU2VFN3NMd25lYWtmUTJFMzJzOGdReVNlWHg2enpsSlZuOVRBT04tdmQweGlPd3Rjdmk4Z1ZBdk1XVDA1TTlyU1pIWmFtRWtxaHNiVklVQVJaVTN3anYzeEptMGlBNGFVejJadkZKTHpsUG9kUW1xMmVkeG9QRDlOdFNzM2Q1MDBQYThUQnZWNDhxSU1YcDRWMDF0Ym1HNF8ydzVXZDJxT3k5SGNHaXJJd0U?oc=5,Barchart.com,2026-05-30 14:00:02,True,neutral,,0,0,0.0,lexicon
e65b4efa80d4,AVGO,IBM Missed the Bus on AI. New Federal Funding Means IBM Stock Could Be a Winner in Quantum Computing.,https://www.barchart.com/story/news/2216620/ibm-missed-the-bus-on-ai-new-federal-funding-means-ibm-stock-could-be-a-winner-in-quantum-computing?.tsrc=rss,Yahoo,2026-05-30 14:00:02,True,neutral,,0,0,0.0,lexicon
ca4057077fd6,AMD,IBM Missed the Bus on AI. New Federal Funding Means IBM Stock Could Be a Winner in Quantum Computing.,https://www.barchart.com/story/news/2216620/ibm-missed-the-bus-on-ai-new-federal-funding-means-ibm-stock-could-be-a-winner-in-quantum-computing?.tsrc=rss,Yahoo,2026-05-30 14:00:02,True,neutral,,0,0,0.0,lexicon
0c4b9dd2e27b,IBM,IBM Missed the Bus on AI. New Federal Funding Means IBM Stock Could Be a Winner in Quantum Computing.,https://www.barchart.com/story/news/2216620/ibm-missed-the-bus-on-ai-new-federal-funding-means-ibm-stock-could-be-a-winner-in-quantum-computing?.tsrc=rss,Yahoo,2026-05-30 14:00:02,True,neutral,,0,0,0.0,lexicon
d7b633e3bbd5,AVGO,"Meet This Pick-and-Shovel AI Stock That Just Joined Meta, Tesla, and Broadcom as the Newest Member of the $1 Trillion Club - The Motley Fool",https://news.google.com/rss/articles/CBMikAFBVV95cUxQRE53VERzcnBmZkl3MlJKQ3JOUS01djk0QmJrNFNfMzVaMm4zaVR2QlhONE5wZEd5TUd2bXFZODRDa1lDWU9kZzNjNUFWd0ZhV2xNdlh4NEVWZlR4blo1T1A2WF9wS0wxUkxybXdFWEV4WHVjVlYtTFd0dVBqbGt6WmFZb0VENmRtSE1QR1UxS1A?oc=5,The Motley Fool,2026-05-30 13:48:00,True,neutral,,0,0,0.0,lexicon
280e75395699,TSLA,"Meet This Pick-and-Shovel AI Stock That Just Joined Meta, Tesla, and Broadcom as the Newest Member of the $1 Trillion Club - The Motley Fool",https://news.google.com/rss/articles/CBMikAFBVV95cUxQRE53VERzcnBmZkl3MlJKQ3JOUS01djk0QmJrNFNfMzVaMm4zaVR2QlhONE5wZEd5TUd2bXFZODRDa1lDWU9kZzNjNUFWd0ZhV2xNdlh4NEVWZlR4blo1T1A2WF9wS0wxUkxybXdFWEV4WHVjVlYtTFd0dVBqbGt6WmFZb0VENmRtSE1QR1UxS1A?oc=5,The Motley Fool,2026-05-30 13:48:00,True,neutral,,0,0,0.0,lexicon
65667ebbe0d5,NVDA,5-star analyst sets jaw-dropping Nvidia stock price target - thestreet.com,https://news.google.com/rss/articles/CBMiowFBVV95cUxNbl9RdUhqTXVjTkFrN0lPTktJYUhWcHlfbFd1c2NYWFlXd1lNbjFzckdrY19kSXZmTjJMYU1NUVlVcTREZXJFTmpzT2tUTTd6azFsQzMwSkpxaUgyeFhTNndDT0pPSDIwbXoyQ0lRT0MxSWxrOVI0aTFXLUZjTklZNTFUR0drT0JEaWdaU0FhdUJtNUxycHVmZ0F5YThYX21GRFRz?oc=5,thestreet.com,2026-05-30 13:41:12,True,neutral,,0,0,0.0,lexicon
a95c03fa405c,IBM,How Is International Business Machines’ Stock Performance Compared to Other Cloud Computing Stocks? - Yahoo Finance,https://news.google.com/rss/articles/CBMitAFBVV95cUxPTmRRUzN3dXZKdllCOTNOcTdfMkw0U2l4RURYRjBfTFVHMEJyMGpKVlZOTlV4WDlTWmpuYUdvU2dvOHpxWUVoVWFpSVRKazdyemcyaVBpdElKQl9hNWNGZTFGcHlyV2diSi0tc1YyZDZ0ZjRrd3U0ajh0bjdDT0dtQ2tfaFM0aG42amxobVpxTEdhSVNXaXFDejFDQ2N2aU5fUDl5cWxFTVgzcWluY2dNTW1pZl8?oc=5,Yahoo Finance,2026-05-30 13:38:12,True,neutral,,0,0,0.0,lexicon
7c7e15fc95c7,IBM,How Is International Business Machines’ Stock Performance Compared to Other Cloud Computing Stocks?,https://www.barchart.com/story/news/2216463/how-is-international-business-machines-stock-performance-compared-to-other-cloud-computing-stocks?.tsrc=rss,Yahoo,2026-05-30 13:38:12,True,neutral,,0,0,0.0,lexicon
ecc4d6d9c239,MSFT,"NWI Management Dumps 42,700 MercadoLibre Shares Worth $82.4 Million",https://www.fool.com/coverage/filings/2026/05/30/nwi-management-dumps-42-700-mercadolibre-shares-worth-usd82-4-million/?.tsrc=rss,Yahoo,2026-05-30 13:36:17,True,neutral,,0,0,0.0,lexicon
5caee4b6ed29,PG,How to Recession-Proof Your Retirement Income Before Summer 2026,https://www.fool.com/retirement/2026/05/30/how-to-recession-proof-your-retirement-income-befo/?.tsrc=rss,Yahoo,2026-05-30 13:35:00,True,neutral,,0,0,0.0,lexicon
3a542fb6e6a4,JNJ,How to Recession-Proof Your Retirement Income Before Summer 2026,https://www.fool.com/retirement/2026/05/30/how-to-recession-proof-your-retirement-income-befo/?.tsrc=rss,Yahoo,2026-05-30 13:35:00,True,neutral,,0,0,0.0,lexicon
3cc7b32ba1cf,KO,How to Recession-Proof Your Retirement Income Before Summer 2026,https://www.fool.com/retirement/2026/05/30/how-to-recession-proof-your-retirement-income-befo/?.tsrc=rss,Yahoo,2026-05-30 13:35:00,True,neutral,,0,0,0.0,lexicon
f6c826532321,BRK-B,Berkshire Hathaway stock has underperformed the S&P 500 Index by 16.3% year-to-date. - 富途牛牛,https://news.google.com/rss/articles/CBMipAFBVV95cUxQTXpYU0FtbjlwR0NZYU9sRllocGlQaFFrZmdlMXA0cTJ4bjQ3OVRlRElVZmhWYjJjVkRvSklORGJlZFdwNEJTQ0dOcGw5aUhxRkNiYjAyYTNsTURLeHhjdS15TlNtUmZfWmhFZWlaWnpYRm4xc0tBVmNjMjRfV1o1aVJDaFpYcW9PamM5cFo0aXltc1ZROUtiQVE3V3V2TFRETWE2NQ?oc=5,富途牛牛,2026-05-30 13:33:27,True,neutral,,0,0,0.0,lexicon
f9fc8ec8d560,MS,Is Morgan Stanley Stock Outperforming the Nasdaq?,https://www.barchart.com/story/news/2216292/is-morgan-stanley-stock-outperforming-the-nasdaq?.tsrc=rss,Yahoo,2026-05-30 13:25:09,True,neutral,,0,0,0.0,lexicon
a024586e2f21,MS,Is Morgan Stanley Stock Outperforming the Nasdaq? - Barchart.com,https://news.google.com/rss/articles/CBMilwFBVV95cUxQX2JKTVpHd21SRGpzVms1cVQtYTAwVk5VOTkzQXhRTmNwQ0Z4TkIxY01zYm54WXEwQTkxR19Pb1hWUG02NGh1V3VWM3d2UjF0Y3E5anpnd3ZDZDE0NG9pOGlud0Q1bURJUzBGbWRJOHI3ekZQd2VrU2YtWkNhekI3cklJalNvVVJpQU05cU1zSFhDcXdKUU1n?oc=5,Barchart.com,2026-05-30 13:25:09,True,neutral,,0,0,0.0,lexicon
02a7aefed280,PG,"The Two Bucket Income Portfolio That Pays $5,000 a Month Plus a Cash Reserve to Survive 2008 Style Drawdowns",https://247wallst.com/personal-finance/2026/05/30/the-two-bucket-income-portfolio-that-pays-5000-a-month-plus-a-cash-reserve-to-survive-2008-style-drawdowns/?.tsrc=rss,Yahoo,2026-05-30 13:18:25,True,neutral,,0,0,0.0,lexicon
5058bab1cb08,JNJ,"The Two Bucket Income Portfolio That Pays $5,000 a Month Plus a Cash Reserve to Survive 2008 Style Drawdowns",https://247wallst.com/personal-finance/2026/05/30/the-two-bucket-income-portfolio-that-pays-5000-a-month-plus-a-cash-reserve-to-survive-2008-style-drawdowns/?.tsrc=rss,Yahoo,2026-05-30 13:18:25,True,neutral,,0,0,0.0,lexicon
2aa75df09efd,SBUX,Jim Cramer has bold new message for Starbucks investors - thestreet.com,https://news.google.com/rss/articles/CBMilgFBVV95cUxNemJCYWE4QkFXelZycldSamZ6RVhqNG85MDlCUDRRQ2pKMDRyQUh1V1hkOXJxV19kZkJ1YUFsWS1YYnVVLWxza0hQSnJKem5SeTY0RlBMNm1BeXRoQ3B1eUJiYkJ2R19jbHV1YVpDNUVORXozeDJCOEo1ejlQM09kcXFHSE03czlicU00OGR6ZGlwU0tJa3c?oc=5,thestreet.com,2026-05-30 13:17:00,True,neutral,,0,0,0.0,lexicon
38088d0db3d5,AVGO,Broadcom (AVGO) Is Up 7.9% After Expanding AI Network Chips And Financing For Google TPUs - simplywall.st,https://news.google.com/rss/articles/CBMizAFBVV95cUxNUE9wbDdCaVhGZ2dmYmsxVjhOck9xSnhGNmFmOU5kdUxTMWFxTHhTZVQyRVFYZTd5blFGcDBRTWJJeThJWWViYmJ2aTlLWlhsejZ4QVlZcmZ0bGtnRzFKT19sZy1lWndGMVN5SEp0Qkp0a1dlQkRZOWJYaDlvZWRfNU9Tb29oRmVzMlNkdDBDNjBEY0FpYm84WDFIb0ZoeDhBWjAxMlNaekZjVWhJcFlwLXZocjk2a3IyTHBQc0t1eGs4VzZ6Z0hPM2lwdTPSAdIBQVVfeXFMTWFhZHFIR1Q1clk1Y0FYclN0Q0RhVHVDcDRvV1ZEUS1pMmlTTEJ4SmNkZkZQOERlWE5NSDF6bU1KdjF6VWtGSkZLdWNVU01Id0VFWXBDYUxwaDVmTEE4NEJ3YTVfa09tZklDU2tmMERNQ2tteDYyV1JVWmJQUVJDQW1zMWloV0FBR3dSSzVVbXBodU9qUDBjQUdVSDNIbGQ4MTZxbWhYTHhsWVE4NFB3SmdKaTRURy1HTHhhd1pzLXJla1NFbkM3NHJKNGlJRXhBMjBB?oc=5,simplywall.st,2026-05-30 13:16:53,True,neutral,,0,0,0.0,lexicon
cb429e2fbed8,MCD,Assessing McDonald's (MCD) Valuation After Its New Quarterly Dividend Announcement - simplywall.st,https://news.google.com/rss/articles/CBMizwFBVV95cUxOR1pJWkNVZlpGMjFqb3BwSWN5YXpoS1FkRW5nWVVVZEE5X3YyX0Y2NHBwUzhfaDU0cHJuREh0aEFRak01V2l3MlR3OUlrd0tyRXhMRjA2WUFiTXVQWEVRbUxCa2tMcVdReGRaSU9odld5dG5aSktCU3pNVlNXdlpDVkJFdDBpMFBzdzRuUU5BTElWQjlVbVNNWnZFaHh5ZkdhTlNlZzcyTjdjbnp4MUhzQmRSeVQya1kwbDJVeW9HS01zMUVQVUFHakMxN3dPZDDSAdQBQVVfeXFMTjgybExsVGpHTmVrNGRvcXlCVG5tUU9mZnhlU29iSm5KRGxLSDdlX0lqUm5ydThkbTU3NnlRSmFmUGM0VDNBbEFRUzVqc0pENDN5d0VsVW50S2tIc0Q3SWFYR2hibzBzejczU3A0M01BWFZpQkxpOUJvaHJQbDR6RTR2ckdXNnBwQlliQkZNR2ltOGdHU054TU9UTl9sVDlxalg3TXZURUJCdUVCdkJiczhLZXNxQU5ZS1hXU1BZWFNCaU5yeExqV3htdElGODRKWVd6aVE?oc=5,simplywall.st,2026-05-30 13:16:53,True,bullish,,0,1,1.0,lexicon
e47147e73bf6,AMZN,Stock Market Week Ahead: Chipmaker Aims For 9th Straight Triple-Digit Gain,https://finance.yahoo.com/m/b1486be6-3751-3070-a83c-d5b46c72269d/stock-market-week-ahead%3A.html?.tsrc=rss,Yahoo,2026-05-30 13:15:56,True,bullish,,0,1,1.0,lexicon
312be744a570,NVDA,Prediction: Nvidia Stock Is Going to $400 Within 1 Year - Yahoo Finance,https://news.google.com/rss/articles/CBMinwFBVV95cUxPSDNCQ3pPZzNhMW5lU2hZeWlDc19NRFoySk5zOXI5ejRXdlBEMjdmeXFWb2pmaURLYnBEWmFheG1oTEdYQ1prMkR3UGdOeklPSjExems1ZloyaTNwQTAyUFE4QXdkU1JLQ0JTWlB1RTVuNUkxRG1OSmliODhiQ3lzdWtYWWVNTDEzVFRkZXVHVEpWa2ZFWFFwb1lPSDJwZjg?oc=5,Yahoo Finance,2026-05-30 13:14:00,True,neutral,,0,0,0.0,lexicon
548106f7e425,CSCO,CSCO Stock: Two Signals Pointing The Same Way - Trefis,https://news.google.com/rss/articles/CBMiqAFBVV95cUxQZEc0d3c3TlIwS0Z2VndQQmRtYWpuNFBLdWRfR2lVWmpZajJTdmRzTWptZTROWGhxcTI4ekUwck9GSDZjUTFBQkctaUoxNFNSNDdzNjhjcThJUjEybzlSSUc3S0t2cUR6Y2ZxOFNpNkxlSHNUNGFRV0tkMmJNcWw4WGJMUkEzV2k2UzBiVlhQdVg5b1h4ZzhDT0otOVVvUHBQU3N1Q1lDaGM?oc=5,Trefis,2026-05-30 13:11:24,True,neutral,,0,0,0.0,lexicon
ac131549d555,AAPL,"Stocks including Nvidia and Apple are top picks as market run-up continues, Bank of America says - CNBC",https://news.google.com/rss/articles/CBMijwFBVV95cUxNVHNpa2NiMG1lakVXaUZQcjRsTWRpZDNOcVQ0MmdtNFNRZEh5WVh5YzlDdnp0aFpvZGk1c3EtZ05tWTQwd29aNXUyQWN2aVdmX3dTNTlxMzBDV1pLVXd5RnJ3U0pvMS1zSU5LUVBVakc5UVh6WDJpcmozeG9kcldVOEVHTElEbHAyZ2FfckV1Zw?oc=5,CNBC,2026-05-30 13:08:17,True,neutral,,0,0,0.0,lexicon
03101d7b5500,NVDA,"Stocks including Nvidia and Apple are top picks as market run-up continues, Bank of America says - CNBC",https://news.google.com/rss/articles/CBMijwFBVV95cUxNVHNpa2NiMG1lakVXaUZQcjRsTWRpZDNOcVQ0MmdtNFNRZEh5WVh5YzlDdnp0aFpvZGk1c3EtZ05tWTQwd29aNXUyQWN2aVdmX3dTNTlxMzBDV1pLVXd5RnJ3U0pvMS1zSU5LUVBVakc5UVh6WDJpcmozeG9kcldVOEVHTElEbHAyZ2FfckV1Zw?oc=5,CNBC,2026-05-30 13:08:17,True,neutral,,0,0,0.0,lexicon
d9aa1159fd22,AVGO,Decoding AVGO Stock’s Premium Valuation - Trefis,https://news.google.com/rss/articles/CBMioAFBVV95cUxOaUgwMnUtTjdwMGstNkczM3phTUEwYmQ0TV9fb0gyX1pYMWdnaURNN0l1VVoxQlZVYVd6WHdUeWFUY2pLVE4yYjRzc1FZYkN1ejVQZTREc0JXRGlyRnVNdzdVQjR3dnZsZW9MWElGdkZnMkdrZE0wRmEyYWZQN3liM08taWhTS0g4VlFvQVhpSVRub29GaUh6ejItNU5NR0dO?oc=5,Trefis,2026-05-30 13:08:08,True,neutral,,0,0,0.0,lexicon
88628796b384,META,"Meet This Pick-and-Shovel AI Stock That Just Joined Meta, Tesla, and Broadcom as the Newest Member of the $1 Trillion Club",https://www.fool.com/investing/2026/05/30/pick-shovel-ai-stock-meta-tsla-avgo-trillion/?.tsrc=rss,Yahoo,2026-05-30 13:08:00,True,neutral,,0,0,0.0,lexicon
a192a78354a9,META,"Meet This Pick-and-Shovel AI Stock That Just Joined Meta, Tesla, and Broadcom as the Newest Member of the $1 Trillion Club - Yahoo Finance",https://news.google.com/rss/articles/CBMilAFBVV95cUxPN2puVWMxRnVXNDc1ZnB5bEZsSGtGcURST2hZSjVsX0dSX1VnYjhFZDlWemhQb2dYWXM2X21RNC1OZWltajNoSlg3cEJOLVlobHotMHdjMlVTblFVV0h2TDNsSk9ObmIyOGEtYXpXcWZ5NHpwUFREbmlnRGh3SXI1VS1iS0FBVThsX1BzSnhYOEZBM01u?oc=5,Yahoo Finance,2026-05-30 13:08:00,True,neutral,,0,0,0.0,lexicon
30aad1f06a72,AVGO,"Meet This Pick-and-Shovel AI Stock That Just Joined Meta, Tesla, and Broadcom as the Newest Member of the $1 Trillion Club",https://www.fool.com/investing/2026/05/30/pick-shovel-ai-stock-meta-tsla-avgo-trillion/?.tsrc=rss,Yahoo,2026-05-30 13:08:00,True,neutral,,0,0,0.0,lexicon
f3063939318f,TSLA,"Meet This Pick-and-Shovel AI Stock That Just Joined Meta, Tesla, and Broadcom as the Newest Member of the $1 Trillion Club",https://www.fool.com/investing/2026/05/30/pick-shovel-ai-stock-meta-tsla-avgo-trillion/?.tsrc=rss,Yahoo,2026-05-30 13:08:00,True,neutral,,0,0,0.0,lexicon
9d82ff32d52c,TSLA,Tesla (TSLA) Faces Class-Action Lawsuit Over Full Self-Driving F - GuruFocus,https://news.google.com/rss/articles/CBMiqAFBVV95cUxPb2N4UDg5NFd3Yk9PNmNFR2xsblgtcmZ1Q0oza09rNkJ4YW92TWVxeUszeGt6RDM4LXlZMHA0RElUWnVZTVBBQ2I4c2tXakxZUXJvX2pSbVAtRU5zcHBvZ3QyM1FDN3czMzlpTkRMMFlObU4xYlV2UkFkNHpEY3VldEhTdjR4NUgtSFVrQ2o1aHEwQ3RtTkVBYTRqbURqRXloLTg4blhOa3E?oc=5,GuruFocus,2026-05-30 13:06:57,True,bearish,,0,-1,-1.0,lexicon
3804f8b84de8,BA,Boeing Ramps 737 MAX Output As China Order And Defense Wins Build,https://finance.yahoo.com/markets/stocks/articles/boeing-ramps-737-max-output-130551110.html?.tsrc=rss,Yahoo,2026-05-30 13:05:51,True,bullish,,0,1,1.0,lexicon
062a210ddf91,META,Is Vistra (VST) The Best AI Energy Stock to Buy Now?,https://finance.yahoo.com/sectors/energy/articles/vistra-vst-best-ai-energy-130452362.html?.tsrc=rss,Yahoo,2026-05-30 13:04:52,True,neutral,,0,0,0.0,lexicon
ae58fe2ac7a1,MU,Micron is one of the most overbought stocks after this week’s rally to new highs - CNBC,https://news.google.com/rss/articles/CBMitwFBVV95cUxQRnBlTFVvWFpWekF2TG1YVlk1WmJYU3lnUGhhMlROTkpaMWViVm5lREVmVTZFT0dpZjUydFhVc2FWeXFHS2dGOGVDZWlpbjVtcGNNdGdzMFh5d0xBeHY0QWloaGZ5aTliNlA1ZWlsM0JlVHFuZjRXOTRLVWQ4eGFFLS12MUFvVGk0SzNiaXR6eE1vU3J2bmtGT09Bc0ZadEsxUTdqczc2NTVZM1RQckF1RHdMcDRmRWs?oc=5,CNBC,2026-05-30 13:04:29,True,bullish,,0,1,1.0,lexicon
758067ef79db,GM,"How Ford, GM and Stellantis stocks performed for week ending May 29 - USA Today",https://news.google.com/rss/articles/CBMiuAFBVV95cUxNUFNhQURaMTg0SHp2R3hfalJkbmtsMmVuaUJRcS0xZndPVUpvX0RENk1zX1hpQ1lxcHNNNDlGN3ZsLVdqZWtjVXRWaTlWZU9pRVItTGg2QXB6M21sLTJRRDhTZkJEN2pCY090TUR2TzY4QmxOVTJXdDc1WENOWTN1LWRkOUN3SjZfdWh5eTVKNzFhSXlBaUhibWQ3dWw1YUdPRTlBSWNFRlU0UHpvUlM0bUE0RmpUUGU4?oc=5,USA Today,2026-05-30 13:04:15,True,neutral,,0,0,0.0,lexicon
ef761c75511f,F,"How Ford, GM and Stellantis stocks performed for week ending May 29 - USA Today",https://news.google.com/rss/articles/CBMiuAFBVV95cUxNUFNhQURaMTg0SHp2R3hfalJkbmtsMmVuaUJRcS0xZndPVUpvX0RENk1zX1hpQ1lxcHNNNDlGN3ZsLVdqZWtjVXRWaTlWZU9pRVItTGg2QXB6M21sLTJRRDhTZkJEN2pCY090TUR2TzY4QmxOVTJXdDc1WENOWTN1LWRkOUN3SjZfdWh5eTVKNzFhSXlBaUhibWQ3dWw1YUdPRTlBSWNFRlU0UHpvUlM0bUE0RmpUUGU4?oc=5,USA Today,2026-05-30 13:04:15,True,neutral,,0,0,0.0,lexicon
693bd3ef02c0,IBM,Starbucks’ AI Disaster and Sam Altman’s U-Turn Prove That AI Still Needs Humans,https://www.barchart.com/story/news/2216034/starbucks-ai-disaster-and-sam-altmans-u-turn-prove-that-ai-still-needs-humans?.tsrc=rss,Yahoo,2026-05-30 13:00:02,True,neutral,,0,0,0.0,lexicon
28f47ae43dbb,SBUX,Starbucks’ AI Disaster and Sam Altman’s U-Turn Prove That AI Still Needs Humans,https://www.barchart.com/story/news/2216034/starbucks-ai-disaster-and-sam-altmans-u-turn-prove-that-ai-still-needs-humans?.tsrc=rss,Yahoo,2026-05-30 13:00:02,True,neutral,,0,0,0.0,lexicon
f508701c3acd,SBUX,Starbucks’ AI Disaster and Sam Altman’s U-Turn Prove That AI Still Needs Humans - Yahoo Finance,https://news.google.com/rss/articles/CBMiowFBVV95cUxQSm44WmVzcHFvNGN3WmwzY1ZVaHRxeDF2Sk5hYnZhdi1VSUhERU1RWktHTVF0NlJKZTdlTjE2Tk8wLVMxcU9FVTV4WWNCVGJZN24xSHg0R00wRTJxWmxpNTlSMTRGbnFuaFlHUGZjUTkxMmZYeXowRFUwUDVNV1FlY2dMSmpadFNsQVZQUzRvMFZJVnNvdi1XbXlHYUhhdjRudFhZ?oc=5,Yahoo Finance,2026-05-30 13:00:02,True,neutral,,0,0,0.0,lexicon
60adadcb4e62,TXN,"Tech Stars From the 90s Reborn: Nokia, Dell, Cisco Surge on AI",https://finance.yahoo.com/markets/stocks/articles/dinosaur-tech-stocks-reborn-ai-130000894.html?.tsrc=rss,Yahoo,2026-05-30 13:00:00,True,bullish,,0,1,1.0,lexicon
742b13a056ef,CSCO,"Tech Stars From the 90s Reborn: Nokia, Dell, Cisco Surge on AI - Bloomberg.com",https://news.google.com/rss/articles/CBMirwFBVV95cUxPUFNZaVpadnVaaFFiQ2ZSbnk5N1RVejQ2NGZrZ21mVlRLWDVMLTRpV1YwOWFLWWhmcEJqdEd4dEIxN0xpNUNaby1PVDJQekJvRk5uLTBGZEl1c3dfdDdLM3JiN2hXakV5Q1REV3dmdEEtN1B0ckZWczVDMWtuYW9UWmJvTU1oVVdsVWRUVkh4MWJzOTFHaUZ5TVR4ckpzRVowUG9OajhnMHJyNDdERUtR?oc=5,Bloomberg.com,2026-05-30 13:00:00,True,bullish,,0,1,1.0,lexicon
10a3a386a105,CSCO,"Tech Stars From the 90s Reborn: Nokia, Dell, Cisco Surge on AI",https://finance.yahoo.com/markets/stocks/articles/dinosaur-tech-stocks-reborn-ai-130000894.html?.tsrc=rss,Yahoo,2026-05-30 13:00:00,True,bullish,,0,1,1.0,lexicon
3315545cf847,AAPL,"Tech Stars From the 90s Reborn: Nokia, Dell, Cisco Surge on AI",https://finance.yahoo.com/markets/stocks/articles/dinosaur-tech-stocks-reborn-ai-130000894.html?.tsrc=rss,Yahoo,2026-05-30 13:00:00,True,bullish,,0,1,1.0,lexicon
ea9aabe4d8c0,IBM,"Tech Stars From the 90s Reborn: Nokia, Dell, Cisco Surge on AI",https://finance.yahoo.com/markets/stocks/articles/dinosaur-tech-stocks-reborn-ai-130000894.html?.tsrc=rss,Yahoo,2026-05-30 13:00:00,True,bullish,,0,1,1.0,lexicon
0326b2727429,MSFT,"Tech Stars From the 90s Reborn: Nokia, Dell, Cisco Surge on AI",https://finance.yahoo.com/markets/stocks/articles/dinosaur-tech-stocks-reborn-ai-130000894.html?.tsrc=rss,Yahoo,2026-05-30 13:00:00,True,bullish,,0,1,1.0,lexicon
5b1982efe97e,META,TikTok’s road to becoming a super app,https://finance.yahoo.com/sectors/technology/articles/tiktok-road-becoming-super-app-130000920.html?.tsrc=rss,Yahoo,2026-05-30 13:00:00,True,neutral,,0,0,0.0,lexicon
912bb5b64829,MU,"Tech Stars From the 90s Reborn: Nokia, Dell, Cisco Surge on AI",https://finance.yahoo.com/markets/stocks/articles/dinosaur-tech-stocks-reborn-ai-130000894.html?.tsrc=rss,Yahoo,2026-05-30 13:00:00,True,bullish,,0,1,1.0,lexicon
7c40ea7f80cd,GE,Wall Street Bullishness On GE Vernova (NYSE: GEV) Clashes With Cautious Quantitative Signal - foreignpolicyjournal.com,https://news.google.com/rss/articles/CBMi0wFBVV95cUxPdjJTV1ZXWVItb3ZhVU14dHhHTkszbk5OQjJqMXAxd3N6UXBGc3Z3eUdIanJQemhkdE9DU3BUdVgzaWo1Ykh4MFlYcWZLRXBpRjRIalBOVmx6Wkx4TUdYMUUyWHJMZFRmZTBMQnFyZnVsbEtodkg1cVNJaVkxTjZzbXBzc3dUMlJhNVlqVUVRZ19SUFJmSnY3ek1LdTJWR0tTQnZLaHlQN2xDRHdZd05LcVNCSkZLM3E4eTU1aXZqNUk2M1hjak1YUWNiZ2pSYWN2aHk0?oc=5,foreignpolicyjournal.com,2026-05-30 12:55:00,True,neutral,,0,0,0.0,lexicon
8fc478c0c700,AMZN,Here's Why Amazon Stock Can Top $300 This Year - The Globe and Mail,https://news.google.com/rss/articles/CBMiyAFBVV95cUxPNzZYa1J1dlp5Nk9mQnVGNUJSTEplVTkwczNnZmp3NVZVWXB5amFoOU8xbklJdDdyemIyVlVITkd2NzJNUVVTNGhEMDJIUV82T3ItZGNUcnBoLWRSTWQyUWhfbWlGcmJqamZEYnBKUFRkVHVad3lqeE1tZ2dsUTdGRnFtclF0aVo1N3BzenJpVHFpMl9CWTNkSVBRTlpROTNaSGNhNGJfeGl2X1pia2pJS25WMUh1UEdiTGpJWWZHdUR0X0VodmJEZg?oc=5,The Globe and Mail,2026-05-30 12:49:31,True,neutral,,0,0,0.0,lexicon
a21164679d5f,CVX,Strait of Hormuz Ship Transits Are Rising Thanks to US Help,https://finance.yahoo.com/sectors/energy/articles/strait-hormuz-ship-transits-rising-202427392.html?.tsrc=rss,Yahoo,2026-05-30 12:46:56,True,neutral,,0,0,0.0,lexicon
184512819b18,AVGO,These 7 Stocks Are Analyst Favorites For Magnificent Earnings Growth; Broadcom Nears Earnings Report,https://finance.yahoo.com/m/2b47c372-177e-3051-aa01-406a8d82b220/these-7-stocks-are-analyst.html?.tsrc=rss,Yahoo,2026-05-30 12:45:21,True,bullish,,0,1,1.0,lexicon
d38c3b84d583,ADBE,"Wall Street Wants You to Chase the SpaceX, Anthropic, and OpenAI IPO Hype. History Tells Us That’s a Dangerous Game.",https://www.barchart.com/story/news/2215885/wall-street-wants-you-to-chase-the-spacex-anthropic-and-openai-ipo-hype-history-tells-us-thats-a-dangerous-game?.tsrc=rss,Yahoo,2026-05-30 12:45:01,True,neutral,,0,0,0.0,lexicon
d13dc3414560,NVDA,What Could Push NVDA Stock Higher From Here? - Trefis,https://news.google.com/rss/articles/CBMipwFBVV95cUxQSUk4VUFjYWJELWRDejdabVk1V281ZXFPTHRvLXRualQ2cnFQZTBNQzh6LXRZOXlNVVJTVmJENDdaVXJmMEFrcjUxa2l6Uk9LT0QtY1B1OU82NGVXZWcxUk16TmVBeTRhTzV5X0dnNlRuYVBGMG1BSTVSeUg1bkRja3ZWQzJGSUlGUnFrOFB0TjNnLUxXTVYzLUFDTndlRnJSZ1F0a3AzSQ?oc=5,Trefis,2026-05-30 12:43:33,True,neutral,,0,0,0.0,lexicon
6212f93eae35,TSLA,Jensen Huang’s $40 Trillion Robot Call Echoes the 1913 Moving Assembly Line. The Pattern Says Buy the Picks and Shovels,https://247wallst.com/investing/2026/05/30/jensen-huangs-40-trillion-robot-call-echoes-the-1913-moving-assembly-line-the-pattern-says-buy-the-picks-and-shovels/?.tsrc=rss,Yahoo,2026-05-30 12:43:28,True,neutral,,0,0,0.0,lexicon
b6d4045e77f6,AMZN,Here's Why Amazon Stock Can Top $300 This Year,https://www.fool.com/investing/2026/05/30/heres-why-amazon-stock-can-top-300-this-year/?.tsrc=rss,Yahoo,2026-05-30 12:41:00,True,neutral,,0,0,0.0,lexicon
c6f53d0e592c,TXN,Cantor Fitzgerald Remains a Hold on Texas Instruments (TXN) - The Globe and Mail,https://news.google.com/rss/articles/CBMi2AFBVV95cUxOQjMzc1F6U2ZQMWlIR3BONmlRTGNpd05ZLTloR2lDR3Bfa0R0QnBQSVJnV00ybWhIVHRDZVNxZVUza3RULWNBN3RjcVNtYlNnNU04blRMNW9WV3Y1aEgzUkhfTXFFUGRGNW5kQXltZUhkT0tkeWMzaUYwbl9wSE42UUprdW9xSEphWmVmeWpwcE1KY1N6SWZacXVEWkRpZ283WUNxWEcwRDdZYS1fS3AwQmVOTVNHT2JIVHFvbU95ano5SXJoYnY3RXB5ZENRNk9JMUpDaWcxakc?oc=5,The Globe and Mail,2026-05-30 12:40:14,True,neutral,,0,0,0.0,lexicon
c7f2d28e3688,UBER,Uber’s CFO Just Said the Quiet Part Out Loud: AI’s Impact on Jobs Will Be Worse Than You Thought - Yahoo Finance,https://news.google.com/rss/articles/CBMikwFBVV95cUxQR3gxeGhrRTRlWGNxZ3dYX0FIMm9RNFFqSlFmMDBtZHpQX0tIc1hsVkZabldFZE1QRE5lYktBQlJlRkNRaFBPd1dfWTREejVOSlY1Zm9tMnhLWi1xbUlyREpHWmZvSEswNk9HQUg5VG1zbmRSZ0dLd1lHLTBiYlJiSEFldlRzTXRlUC1mcWZudHVkOFk?oc=5,Yahoo Finance,2026-05-30 12:38:43,True,neutral,,0,0,0.0,lexicon
02da87fdee1a,UBER,Uber’s CFO Just Said the Quiet Part Out Loud: AI’s Impact on Jobs Will Be Worse Than You Thought,https://247wallst.com/investing/2026/05/30/ubers-cfo-just-said-the-quiet-part-out-loud-ais-impact-on-jobs-will-be-worse-than-you-thought/?.tsrc=rss,Yahoo,2026-05-30 12:38:43,True,neutral,,0,0,0.0,lexicon
d2914f80589a,MSFT,Uber’s CFO Just Said the Quiet Part Out Loud: AI’s Impact on Jobs Will Be Worse Than You Thought,https://247wallst.com/investing/2026/05/30/ubers-cfo-just-said-the-quiet-part-out-loud-ais-impact-on-jobs-will-be-worse-than-you-thought/?.tsrc=rss,Yahoo,2026-05-30 12:38:43,True,neutral,,0,0,0.0,lexicon
0e519baf5432,UNH,Mopanga Unh Stock (VWe0wZjxi6) - Mshale,https://news.google.com/rss/articles/CBMiYEFVX3lxTE9TVFRzS210UUpPaFRWMjNUak1fUDRHbk9COEpVVmgwdVBScmJZWXlxQVpnRWFxRmFITEViX1o4dnFxOFZEa0dHcjE2M1drWmNaVVBDMG41UlVpWkU4M2s4OQ?oc=5,Mshale,2026-05-30 12:37:47,True,neutral,,0,0,0.0,lexicon
5b49ff388bab,AMZN,Jeff Bezos Says Bottom 50% of Americans Should Pay No Tax. The Real Culprit Is Federal Spending,https://247wallst.com/investing/2026/05/30/jeff-bezos-says-bottom-50-of-americans-should-pay-no-tax-the-real-culprit-is-federal-spending/?.tsrc=rss,Yahoo,2026-05-30 12:35:16,True,neutral,,0,0,0.0,lexicon
a10c6e083165,JPM,Jeff Bezos Says Bottom 50% of Americans Should Pay No Tax. The Real Culprit Is Federal Spending,https://247wallst.com/investing/2026/05/30/jeff-bezos-says-bottom-50-of-americans-should-pay-no-tax-the-real-culprit-is-federal-spending/?.tsrc=rss,Yahoo,2026-05-30 12:35:16,True,neutral,,0,0,0.0,lexicon
f974c265a7da,LLY,Lilly's New Drug Just Delivered the Largest Weight Loss Ever Seen in a Clinical Trial -- Here's What It Means for Investors,https://www.fool.com/investing/2026/05/30/lillys-new-drug-just-delivered-the-largest-weight/?.tsrc=rss,Yahoo,2026-05-30 12:35:00,True,bearish,,0,-1,-1.0,lexicon
70cc173832cc,AAPL,"I worked with Steve Jobs at Apple, where every OS update killed startups. AI founders are about to face the same thing",https://finance.yahoo.com/sectors/technology/articles/worked-steve-jobs-apple-where-123000690.html?.tsrc=rss,Yahoo,2026-05-30 12:30:00,True,neutral,,0,0,0.0,lexicon
5ed3d81b315d,BA,"Dow Closes At Record Highs On Iran Truce Optimism, While Nasdaq Snaps Four-Day Win Streak On Weak Chip Stocks — META, BA, AAL, DY, VRRM In Focus - Stocktwits",https://news.google.com/rss/articles/CBMiqAJBVV95cUxQU3VJRmlxSEdwelpva2hvSGZVQlVMZmN2bW9wSFBRMGtvTXJqbk9fWF82dE42dGlMVWIyTnFNMGRyX3FPZFFJeURPYXdXQWhvMW1WM0lGdjczREF4emlVVXdMTEhqZGFGQTAwd2xWRXc3MVJSdmFqVWh3amIycGx3S0FEU2hodW9zal9VUTVvQkx5R1VIUXVaZkFTbGs2S1JESW1taFZrcU9HQktVYWhRcE4yUVN4aExsd1ZEb0pXUzBPTjdRQW9MVTVGbnFITk1GZzE2XzBRWlhfZmxRTkZTOHZzSFZGV1BRQXVWWVVCOFA3WGlKRlZZLUFqMl9WdG9IX00zc1BaczdmMDNEdmhCV2tTRFVfUHVnbi10bWlMQmdTNDlNSzRndA?oc=5,Stocktwits,2026-05-30 12:26:35,True,bullish,,0,1,1.0,lexicon
7a3c1f2f8999,ORCL,"Oracle, Intel, and 8 stocks that explain the market today - MSN",https://news.google.com/rss/articles/CBMi0AFBVV95cUxNc2t3TFRTUGM2QmpDdE9LUWlkSmtPSVJ2YzMwTkJTUFZoME5VeFdqLXlTajlZb3lBVV82RkZRYjBkT0NuVmNSaEJ0Y1NlYzZWbjB5bU54ak90RkRRNy1MZWlHa3NZbjFsMm9rLXhwSm1mWHlxY0NZbkJvSmJuSDFLOG1pZFRrR1Y4NklYQVFCWnU4MDBqN0VIX2NXN0VlZTlmZE5BbWlsemZSV3FSemUzbXdfd1VqanRGYkJLMW54WE5fTGhjR2tmSTIwTXlRQVpK?oc=5,MSN,2026-05-30 12:25:28,True,neutral,,0,0,0.0,lexicon
fe0f9f06a671,GOOGL,"Does Warren Buffett's Successor, Greg Abel, Know Something That Wall Street Doesn't? He's Piling Into a ""Magnificent Seven"" Stock at Close to 30x Earnings That Other Billionaire Hedge Fund Managers Are Dumping. - The Motley Fool",https://news.google.com/rss/articles/CBMimAFBVV95cUxOS2s3VDVBeXZ6TUxrNjF4RVVTTW51UV9JTXd1YkVJUEl3QkJtU2RibXF2RlIxVXVWaE1maURhQ3NUQXZMN2NWVW5za0JQbjExTHctMS1KVGpldHRKcnlfRW1kU2NRaGYyOWpuNVU1ejNNaDl1bkwwdlZPck5NUnVxekNsRGlMSG1pVnU1U2paTi1WNHpnWkdYeg?oc=5,The Motley Fool,2026-05-30 12:25:00,True,neutral,,0,0,0.0,lexicon
aeab445071d3,QCOM,Be Sure To Check Out QUALCOMM Incorporated (NASDAQ:QCOM) Before It Goes Ex-Dividend,https://finance.yahoo.com/markets/stocks/articles/sure-check-qualcomm-incorporated-nasdaq-121911687.html?.tsrc=rss,Yahoo,2026-05-30 12:19:11,True,bullish,,0,1,1.0,lexicon
1ed70e19005d,QCOM,Be Sure To Check Out QUALCOMM Incorporated (NASDAQ:QCOM) Before It Goes Ex-Dividend - Yahoo Finance,https://news.google.com/rss/articles/CBMipwFBVV95cUxQb3FEaHlSQTdGYzViZEhqd0FsSXR4T2lGdzBnQmMteEJDQ2l2WE5RbFlqZWZOb2ZqNy1VUjExemZFVll1YXN4Ym11N0h0aFpOVzlCQ2tDRDhlamlvVGtaMEdreWI2dkdDVDlZOGRFOFVETjZZTFV6WHFhT0pMVWd5MWtyc2xNRUY3TmlORzFpR2p5aTl3Rzg4cy14N2xpTEVxaXl3UG9OVQ?oc=5,Yahoo Finance,2026-05-30 12:19:11,True,bullish,,0,1,1.0,lexicon
b28b4b8c8733,AXP,"American Express Stock at $315: Buy, Sell or Hold?",https://247wallst.com/investing/2026/05/30/american-express-stock-at-315-buy-sell-or-hold/?.tsrc=rss,Yahoo,2026-05-30 12:14:50,True,neutral,,0,0,0.0,lexicon
fe75bac816e8,AXP,"American Express Stock at $315: Buy, Sell or Hold? - 24/7 Wall St.",https://news.google.com/rss/articles/CBMilAFBVV95cUxPanhTQVNHUW1USEVFb2ZZanRPTDljMVR5ZVhQTTRVZW9YcnlMZXRMa2xrOHpZZktIUG9HNzR2YnQ5STEyZ2lINU1jSGNSV0lrV2Eyck5IcWl5WE9ldlF0R3V3a3VQMnJKSGUtV1pCRHBnMFdfaDBIc1FMd2tXNllEb1FEMzNIcFJDVlVEN1VHdXByRVhI?oc=5,24/7 Wall St.,2026-05-30 12:14:50,True,neutral,,0,0,0.0,lexicon
05376b2f91db,LLY,LLY Stock Hits All-Time High — Is CVS Coverage Boost For Zepbound Driving Gains? - Stocktwits,https://news.google.com/rss/articles/CBMi3gFBVV95cUxQUkdkR0FROUhqVnJfbURFQmcxTTZXTkNvMmViNTRHMk9LTVItcGYwc1BfeXhjc2lqVmhxd2l1Y0ZRSE1hWVd2RWdnR0c3TU96OUMwOEUzc1JwZVRHWkdrczNtMlFFQzhRZFlfVWQtR3ZoTTd5TUZtNS16UUkzbi1VUVl4Nlh1d2RVZHRDZE1fQ20yRmlrcEFlMWE4Y09ReUlkSDVocm9jTmtkaDRRMjNUY0VOTy1oYWhhRUlFZXFRVk9RUHdIN0VyaER0TlNDUmJQeTFtM3RNVFA0ZGJpSVE?oc=5,Stocktwits,2026-05-30 12:08:08,True,bullish,,0,2,2.0,lexicon
6ced98e04f20,AVGO,Broadcom Rose 7% This Week. Here’s How Much the Stock Could Rise in 2026 - TIKR.com,https://news.google.com/rss/articles/CBMimwFBVV95cUxQbGplRi1FcnFHWXp4WlVwdnhBa2ROMGpuX1ViQTE4ZGF1UlVqUnpFaTlYR2VPMjZJOUJkazRBc2piRFZhNG02bjlnWDE2X1Z5LXAwRVh2STVNdVhKc1dRSjdib3ItMklGRjFtYkg4bkhYLWl6VVZrNzZSQjdvZDd0OEVIY1hyajNfZGktWklqbTg1ZXg0SEpmblZHQQ?oc=5,TIKR.com,2026-05-30 12:07:36,True,bullish,,0,1,1.0,lexicon
6a6aa1ed118c,META,This Tiny Social Media Stock May Deserve a Second Chance,https://www.fool.com/investing/2026/05/30/this-tiny-social-media-stock-may-deserve-a-second/?.tsrc=rss,Yahoo,2026-05-30 12:05:00,True,neutral,,0,0,0.0,lexicon
796f001e6eb5,WMT,Walmart (WMT) Stock Trends and Sentiment 2026 $WMT - MarketBeat,https://news.google.com/rss/articles/CBMidEFVX3lxTE1QSUtOTVlBQVl5MEdacUtiLWcyMWZob3ZJZDU3WF9VNV9GUk15S00yc3A3d0hkTS1LMEtlTUZuY01nUkJBRHM5ZFVfblFTbWNKam03QUdISmxnS1JkVllxelEyYmxGZkZJS1ZtVGZ4TFBKQzBh?oc=5,MarketBeat,2026-05-30 12:03:56,True,neutral,,0,0,0.0,lexicon
ca4985c58c10,TSLA,Tesla facing consumer lawsuit in China over FSD (TSLA:NASDAQ) - Seeking Alpha,https://news.google.com/rss/articles/CBMioAFBVV95cUxPY0JKVnVJZVJtY3VINW9SWi12Y0U2MllJdnliRUM1cG9oTzFLaU1uQ1dlVzNJSG50T3VGNjYzRTJrX21QNThuX3Q4enN6ZGpKOWp6eW5WcVljQk9pQkgxZFoycGhSNmRKVzhfRUhpYU5reVpacE1OUkd5MGRLR2JlZTdZdnFPOUx3dnZaQW9jTDZKQUhDYjNKSnpLd0VFY2o1?oc=5,Seeking Alpha,2026-05-30 12:02:59,True,bearish,,0,-1,-1.0,lexicon
80d27e2f85e7,CAT,"Dow Jones Giants Amazon, Caterpillar Lead Five Stocks Near Buy Points",https://finance.yahoo.com/m/04bf3176-8614-3e3c-b932-d520479d597b/dow-jones-giants-amazon%2C.html?.tsrc=rss,Yahoo,2026-05-30 12:00:49,True,neutral,,0,0,0.0,lexicon
45dba29cf404,AMZN,"Dow Jones Giants Amazon, Caterpillar Lead Five Stocks Near Buy Points",https://finance.yahoo.com/m/04bf3176-8614-3e3c-b932-d520479d597b/dow-jones-giants-amazon%2C.html?.tsrc=rss,Yahoo,2026-05-30 12:00:49,True,neutral,,0,0,0.0,lexicon
5eaa43fed913,AVGO,Broadcom sees bullish views at Susquehanna ahead of Q2 results - Seeking Alpha,https://news.google.com/rss/articles/CBMiogFBVV95cUxNaGdoUS1WUHF2MkU2RDFfdFBBam9DajJIYW1EUndVY1d1TlJCT0ZjaGNwWjFXR0prTlBnQ1Y4Uk15YUJRMU1BZ1NVQkZrVUhOYmFKQ2JKcHotLXIyVXIxMGZJSERmZGl4MG1sdmUtTUxyaEZpbFlzWXJTdVFIeVNwWUQ3VmRhQU9ENkVsWTVCOXJKb25seWNYS2xPRTJqb2lCWEE?oc=5,Seeking Alpha,2026-05-30 12:00:05,True,bullish,,0,1,1.0,lexicon
dcc7087de11e,AMZN,Two Dow Jones AI Giants Lead Five Stocks Near Buy Points - Investor's Business Daily,https://news.google.com/rss/articles/CBMijwFBVV95cUxPRWhHVDZSQ0YxbTNhZlE2RGNWUnFPWFNqdkRhZWNuWkZuWG1pcUN1ekgydTlIQngzSzctZ2J5WHVCVzRFOFlsaUdIcUZuZU8yRDlZTU1DeUxUSHpQSWZNWkpvbENVemxZeVJzdnNESnRzR3Robkdmd0M5QVR1YlM1OG13M3V5amNzcDBSMmVFbw?oc=5,Investor's Business Daily,2026-05-30 12:00:00,True,neutral,,0,0,0.0,lexicon
e0adf9dba283,PFE,Pfizer combo sees 77% of advanced prostate cancers progression-free at 3 years - Stock Titan,https://news.google.com/rss/articles/CBMivwFBVV95cUxNcFdYUmE1V3ZQeVBTWmFFb1dmYWdvREZsaTRJOUl4NHc4YmM4R0lFeVVQZDBYeW4zODZXN3RtQU5LYzAxMmpRYzlPTllaSHFBOVd4U0tqYk1kWGlXWlZsLTRZSmN2eDlFMVJoX0RORUZVZ0t1VFFLMjQ2SmNfeUxaWVpodVpyNHZub1gtMkhTYUNTVFVjbC1ubW9OYk5LQ1JRU2JOS0p0NHp5SF9pSURjUDZoTUhPZGEzT1JoN0FCaw?oc=5,Stock Titan,2026-05-30 12:00:00,True,neutral,,0,0,0.0,lexicon
d9722b2c9b69,CAT,Two Dow Jones AI Giants Lead Five Stocks Near Buy Points - Investor's Business Daily,https://news.google.com/rss/articles/CBMijwFBVV95cUxPRWhHVDZSQ0YxbTNhZlE2RGNWUnFPWFNqdkRhZWNuWkZuWG1pcUN1ekgydTlIQngzSzctZ2J5WHVCVzRFOFlsaUdIcUZuZU8yRDlZTU1DeUxUSHpQSWZNWkpvbENVemxZeVJzdnNESnRzR3Robkdmd0M5QVR1YlM1OG13M3V5amNzcDBSMmVFbw?oc=5,Investor's Business Daily,2026-05-30 12:00:00,True,neutral,,0,0,0.0,lexicon
02e7732f0cf4,PFE,TALZENNA Plus XTANDI Improves Radiographic Progression-Free Survival by More Than 50% in Metastatic Prostate Cancer,https://finance.yahoo.com/sectors/healthcare/articles/talzenna-plus-xtandi-improves-radiographic-120000994.html?.tsrc=rss,Yahoo,2026-05-30 12:00:00,True,neutral,,0,0,0.0,lexicon
4c84f245bc0a,MA,"Visa (NYSE: V), Mastercard (NYSE: MA), And PayPal (NASDAQ: PYPL) Offer Steadier Fintech Compounding Than (NASDAQ: SOFI) - foreignpolicyjournal.com",https://news.google.com/rss/articles/CBMi6gFBVV95cUxQN1k3a0hHd0VZbE5aTExrVFBsVU5SdkY0eW8waldrbkRYRDZJSmdaUWE5MHJfVmFVVzJucUpkMmRQeUVqaGZEdjc4VUx0THprSk16eXdDU1ZxQU9kNFoyZGM2V09SRERwY0lULURWZWZ3WEU5SjZQQnNoWHBOel9KbnljSkN3LUJkc2hzdTFfQ0xQc0ROaEZxaUhBekcxWnNkcUpUS1k2dzRKUDcyVUZ1YkRWeE1PWGNURkVmbHZyVm4xbFVJQVo5dk1neFJJeTRfNmtIMTI0MXJOQ3pIaUtmWHpJOVFZbHNFYlE?oc=5,foreignpolicyjournal.com,2026-05-30 11:55:00,True,neutral,,0,0,0.0,lexicon
d37041eda0c9,PYPL,"WASHINGTON TRUST Co Has $3.70 Million Stock Holdings in PayPal Holdings, Inc. $PYPL - MarketBeat",https://news.google.com/rss/articles/CBMi1gFBVV95cUxOU1BTNDJYa0ItZ0U0MHBhbXFSMzJiekdsdTBfUjAwempvTjR2UzdiUG92OC1EYzVLS0RUN0FuN3FYczlveXJVSlk4X0tKYTdGRkR6MFl3MFQzQmJnTVRnNlQzVUFlZU5BUnVhYkYxMHNQang2Y0lRTXNIZGEwWFJHWmxnc0dZN3E0N0JJX2FSbFFGYU55Zk5zSFNYZ2tDckM1X0Y0cU1iWjdsZng1OWh6WmpEdzBDemxNLUgzMEY3T2NVdk56S1pRdUh4UVRVaUtjMlplVEFR?oc=5,MarketBeat,2026-05-30 11:45:53,True,neutral,,0,0,0.0,lexicon
6cdc44f92f85,XOM,"WASHINGTON TRUST Co Purchases 11,867 Shares of ExxonMobil Corporation $XOM - MarketBeat",https://news.google.com/rss/articles/CBMizgFBVV95cUxNcnhhLWwtb2pxVFV2Q1pycEEwMkh2dDdFZW5QbVEyZE5keWNlSE9Qd0VOZG1xbnducXBPdXMybDRINnFoOGRRekFPQUdxdWtiYnN4bUZwY3paWWtaRk9FQ2ZYTnlkakQ0OGp2TmZ4NklkdHhETDlkM3ZMMmNuMHpvQ1QwRmcyMWh3bEhhTVhkazNkOXJsSHdyTEhvZGxUMTRORnFfU0ltUGpEUjlUWXVfOG1PZVNPWWNibTEtWXRqcXVxTmhyNzJMc2hKUmVxQQ?oc=5,MarketBeat,2026-05-30 11:45:53,True,neutral,,0,0,0.0,lexicon
2410771148c9,IBM,WASHINGTON TRUST Co Increases Stock Holdings in International Business Machines Corporation $IBM - MarketBeat,https://news.google.com/rss/articles/CBMi7AFBVV95cUxNU0NwMHEwYVdZNU90XzZWZkJONXQ3VG1IM3plX2NTWlRkNnBoMTQtc0ZnUE1Ma0FHd0pMMjc4LV9XakJJUzl6NnQxUEx6ZG1OaXlEdGlRX1l1NWxCUHlaZE5ZV2gtSk5sdE5mV3lNM0ZCM2ZFUHZqRF9sbUktb3pKM25CSWU2YUhZZU9GM3Q4d3loNjY5U01tY2xGTHRvemZjQXpSQzhJZWcySWZZaGxmQTBZcHVEWEZOcjVMeDlzRldTc182ZGJBSnU3YjBWZGtXdHBqU2FOTEo2ZTlMQ3NxejhuVnE0bVAwUWZUSQ?oc=5,MarketBeat,2026-05-30 11:45:45,True,neutral,,0,0,0.0,lexicon
8dd246675200,JNJ,Johnson & Johnson $JNJ Shares Sold by WASHINGTON TRUST Co - MarketBeat,https://news.google.com/rss/articles/CBMitgFBVV95cUxOR1lra2VkaFJSR0RaT1BlOUVSNFNxT2wzZklzblpLaGhkTTB3X2t4RFMxN2ljbkRUajRVNVhSei1xQmtMLUhvVHhHdEFOY2R3UXZhOEtseDFFQ0pFNGVBaDNGdC1BTGlfQ2c5TldiSUdBdGtJSnlJeTBKcmhrT2dYMVBITmVHTGo2WDdtbzktZlhjeldCcmxVSHZJVWlqUExxRXB5aVZQZDdLYklSdjRsZDdWWGU5UQ?oc=5,MarketBeat,2026-05-30 11:45:44,True,neutral,,0,0,0.0,lexicon
60fa91e2b99d,BAC,WASHINGTON TRUST Co Increases Stake in Bank of America Corporation $BAC - MarketBeat,https://news.google.com/rss/articles/CBMiywFBVV95cUxPSms1MVdYYVBPQ0kyNmdDS21EWUYwV3l5S3Nwb2dIWFY1c0RTN19sN1RGTTFxek5CQllEd2hqQmxDM2k5ZVljM3dXbU1QdGlOVWl5NmMzSlNWc0VwT2RMMmJvS0RfN0ZkckZsRTVtdFJMN3BqU08xQ3FMdmVjdE90S1JoVWNNTDd3cWlXWEhVZVNqWGRFOElVXzhic2VWekYya2Y2UWxIbmRwOGZyakpMRFVEc0VzTnpIeUxLcEFyTGxlc3BsUmhPcWFQNA?oc=5,MarketBeat,2026-05-30 11:45:44,True,neutral,,0,0,0.0,lexicon
1087e1bab653,BRK-B,"Does Warren Buffett's Successor, Greg Abel, Know Something That Wall Street Doesn't? He's Piling Into a ""Magnificent Seven"" Stock at Close to 30x Earnings That Other Billionaire Hedge Fund Managers Are Dumping.",https://www.fool.com/investing/2026/05/30/does-warren-buffetts-successor-greg-abel-know-some/?.tsrc=rss,Yahoo,2026-05-30 11:45:00,True,neutral,,0,0,0.0,lexicon
57e21d231022,NFLX,"Netflix, Inc. $NFLX Shares Purchased by Zweig DiMenna Associates LLC - MarketBeat",https://news.google.com/rss/articles/CBMixAFBVV95cUxPeDlkWWZYTDNla0JNeXNoRlNDT2xWWTVxQ210ZkVwdEFXdEZjODFEUDVaYVhnZ3F0eUJ6TGl1cmg1Q2pFaWdTVW14VEQtbVQ1ckZZREFZQl84R1NDRU44Mk9TQ1YxclVqQWVpZENibE5pcjR0MWpXZkIxd2MwX25QUkxRcFp4OEM1bjNZR3hlUnE5b0JoeHRqVy1LTXd2QnA4STd1RGNLMlhhdnpoRU9QMEk2RDR0MnJOWlBwejhCZm5vZk1m?oc=5,MarketBeat,2026-05-30 11:31:56,True,neutral,,0,0,0.0,lexicon
114048bd894d,PYPL,Assessing PayPal Holdings (PYPL) Valuation After Prolonged Share Price Weakness - simplywall.st,https://news.google.com/rss/articles/CBMi4gFBVV95cUxOZ3JLWlVoRC0wOVRWdXlHcEdmVXFkNmdsZFJXSHpQLUtWdkxXRmgxTUdRTlNTNU1FTlJkWm51blNlQVRWN3BvZXc1dGxaai1nSUhUQjA2NlNDc095VWNrSHFpV0pLNjRvUzdiaV90bXRqdms5THJGM2hBTVF3alkydVVaMGYzbVk2RjZnaHNiSm9ETWI5NW1sbU9zWXJKNThmdk44UE9mTGxYeUo4NFdlcTZGMERNVmw2TVp6b000UkcyR1NzOURPUWlpTzItV1htRmhVU05hLVFaZVhqci1WWVp30gHnAUFVX3lxTE1JLUpaRmwzQnphbHp4c2QwZWMxTW92dl9MZWN5emhScTJ4a2g3aUlvXzNxdW45UVJhbnpLTmZaOG9BeklnLTVlVlNZeGVad0szSEdoalAtbm9LY1VkZE1DZGhrVDFlVzdoeUloZWRPX0d6Qm5oZWNON3FKU2tiQ2hRNmMtUm95X2RJUGZZLWRIbmVuWkstSWpYbTdXUFlRMnZWdkhaTExvTVpydHBuMDB4bTJ2ajBWZzNHNnp2UVhGdFlkOWh4VGV2ZTR3c01XT1pQODFoT3ZGSDJfTl85cm81X05qWjJjbw?oc=5,simplywall.st,2026-05-30 11:30:21,True,neutral,,0,0,0.0,lexicon
f6b38e4c2de9,MA,"Mastercard stock has climbed nearly 12,000% since its IPO in 2006 — and the company says cards are just the beginning",https://finance.yahoo.com/markets/stocks/articles/mastercard-stock-climbed-nearly-12-113000038.html?.tsrc=rss,Yahoo,2026-05-30 11:30:00,True,neutral,,0,0,0.0,lexicon
5d49fe81576c,MA,"Mastercard stock has climbed nearly 12,000% since its IPO in 2006 — and the company says cards are just the beginning - Yahoo Finance UK",https://news.google.com/rss/articles/CBMiiwFBVV95cUxPUWo5THlxSWlDeTNfY1BZdzVCejZxSFpBNUlrTmF2YWZvZGVPYnFqNHBTRV91TGxWaE9CZy13aFBCTFBzU1FqQ1B5MUZTM0ltcUtGQ0JTa0pMVFZweTVoXzVNWFRIOEMwYzA1YjZSSmpuVU5BQU9nWlFEQTdmRHg1Zmlhd00yemxFU0lN?oc=5,Yahoo Finance UK,2026-05-30 11:30:00,True,neutral,,0,0,0.0,lexicon
c1d688f05d85,MA,"Mastercard stock has climbed nearly 12,000% since its IPO in 2006 — and the company says cards are just the beginning - Yahoo Finance",https://news.google.com/rss/articles/CBMioAFBVV95cUxPdzZ3OXlOY2RlR2RFZnNkN094NW9rdU5OYWZYYTdUS0dHYWh5OVh0NGY2Vm1UamdUN2NKeTdJbXFyM08xVWYzbjJZSWpLZGZtQ3NHUjdEdmtveXRMSXlncUdCLVM4RmRYMEtYcUJnNDR0WWxId0VZY1JFbVRCMTlNQmtoZmVPRmMwU3hwY0RydHAyUER4NFBqb010VVRLMkwt?oc=5,Yahoo Finance,2026-05-30 11:30:00,True,neutral,,0,0,0.0,lexicon
2bb6e0455719,TXN,Nvidia CFO Colette Kress: ‘AI is no longer a nice-to-have’,https://finance.yahoo.com/sectors/technology/articles/nvidia-cfo-colette-kress-ai-113000151.html?.tsrc=rss,Yahoo,2026-05-30 11:30:00,True,neutral,,0,0,0.0,lexicon
d5b423e50de8,MSFT,Nvidia CFO Colette Kress: ‘AI is no longer a nice-to-have’,https://finance.yahoo.com/sectors/technology/articles/nvidia-cfo-colette-kress-ai-113000151.html?.tsrc=rss,Yahoo,2026-05-30 11:30:00,True,neutral,,0,0,0.0,lexicon
0c52272fc7f1,META,Nvidia CFO Colette Kress: ‘AI is no longer a nice-to-have’,https://finance.yahoo.com/sectors/technology/articles/nvidia-cfo-colette-kress-ai-113000151.html?.tsrc=rss,Yahoo,2026-05-30 11:30:00,True,neutral,,0,0,0.0,lexicon
778f42cdf22c,CSCO,Nvidia CFO Colette Kress: ‘AI is no longer a nice-to-have’,https://finance.yahoo.com/sectors/technology/articles/nvidia-cfo-colette-kress-ai-113000151.html?.tsrc=rss,Yahoo,2026-05-30 11:30:00,True,neutral,,0,0,0.0,lexicon
99123b3b0e99,GOOGL,Nvidia CFO Colette Kress: ‘AI is no longer a nice-to-have’,https://finance.yahoo.com/sectors/technology/articles/nvidia-cfo-colette-kress-ai-113000151.html?.tsrc=rss,Yahoo,2026-05-30 11:30:00,True,neutral,,0,0,0.0,lexicon
f1c23745202f,AMZN,Nvidia CFO Colette Kress: ‘AI is no longer a nice-to-have’,https://finance.yahoo.com/sectors/technology/articles/nvidia-cfo-colette-kress-ai-113000151.html?.tsrc=rss,Yahoo,2026-05-30 11:30:00,True,neutral,,0,0,0.0,lexicon
6789f8f682bc,GS,"The Goldman Sachs Group, Inc. $GS is Triglav Investments D.O.O.'s 10th Largest Position - MarketBeat",https://news.google.com/rss/articles/CBMi2AFBVV95cUxNay1JN3BmTHY3MHNmb202Sm5meHByVlV0UERHN1AtRWNFVlNReTg4ZGkyVzdIa2E3bDJOcFlHNE5kSUxSMDdTOUtWTVdpYVBENWFncWNZeVJsZ0dHckV0c2QwM0pCSVBOdTRVZmNaM1Utcm1LVGx4UFI3ajE5MGFQLUtxOUV3bmEtVk1PMTY4WEl0NFFWWDVwbmNCQVVmZF9kUTF1LU5ta3VsVWdpdWNuQ0VsQXUwZW1qWm9OaDR4TDFwRUpIRnR4Sld2M3dvRnVFZDFnMUVDelc?oc=5,MarketBeat,2026-05-30 11:27:46,True,neutral,,0,0,0.0,lexicon
a3657ed7b07b,NFLX,"Netflix, Inc. $NFLX Shares Purchased by Triglav Investments D.O.O. - MarketBeat",https://news.google.com/rss/articles/CBMivgFBVV95cUxNSXZJazFTM3ljb2dwWHVsUS16UEJ4QmdmcEE4Mm45RTJyRFRuTzBCajdmbUNLUlQtLUZoX2xWd0tSVzJUQjJaVWtfZ2lWYzVPZVNSazBEMGNUdDh0TUZnd3VpY0NBZUJVU0QyZDlUSGR1VzZMUUxWTHJoYm9sZ1FnQTltYzl3eW5YbjZaNXNDUTBxdmFkeFQ1aGRDOHJtTFhqd2txWG9vSkE1eDh1QzJMWWxyVWx0cXBiVC1ORVln?oc=5,MarketBeat,2026-05-30 11:25:51,True,neutral,,0,0,0.0,lexicon
da63b40a0d62,PEP,"PepsiCo, Inc. $PEP Stake Reduced by Triglav Investments D.O.O. - MarketBeat",https://news.google.com/rss/articles/CBMiuAFBVV95cUxNMHdORnJTZWdHenJZdmtWeERWTUlDaldJUzdwX1FRb2x1UmFtbldZZGl4YkxqempqSWtKbDBHS3Q2UEVUUTNESnNpbmRwRV91ZFFOT3B5MnUxQmJLTHYzSVZlLVNReGF2bDR4NEhCQTR6UTgwdTF6OC04SnBBZFdjNFE1bk5SOC02eU1oSU56S2NZdUYzcl8wOWZzOWllZ2R5SjFKLTNnRXhScGFORER4YTNCSzRGaE5z?oc=5,MarketBeat,2026-05-30 11:22:13,True,neutral,,0,0,0.0,lexicon
f2d0acca1351,QCOM,"Triglav Investments D.O.O. Acquires 17,113 Shares of Qualcomm Incorporated $QCOM - MarketBeat",https://news.google.com/rss/articles/CBMi0gFBVV95cUxPMDZiVW1JclNPYm1ENnFjQTZPSHE5bXhsZl84STBBcFdoMEZDTUIwbEhqMnBzbjAtVlBLRmNHemhaZmwxSFgtMmZLZmxKa0F0TU9Da1NoeE1rRGFWa015djVwRDJ4ejc2OHAtQV9nQ3lZNGRfclJHT01YSTdSME5WRHVCeENfVWJXYlc3V1pfVEZYTXY1YUp2Z1J5UkRxdzdORUhEY2RoNkE2UU1WUmNEVzRDb2c2NThZYXdwY3lVZzBoWEZQTlVzTXFjbkxnWnBsWmc?oc=5,MarketBeat,2026-05-30 11:22:11,True,neutral,,0,0,0.0,lexicon
3041169755eb,ORCL,"Triglav Investments D.O.O. Sells 8,614 Shares of Oracle Corporation $ORCL - MarketBeat",https://news.google.com/rss/articles/CBMiyAFBVV95cUxNZmZqT09JS01MTjZEWUZGVWhCVzBZXzJST1gzMkhuNGxFOGZ4cUVkWWN1MktBV1dZMTUtYmlMNUpZeEE1Q1hBOFJqZThobmY0Yk1QdC0ydnZTYU5OWEN2dmpqUWFvSWk1QV9lQklscTlWTnZWV1A5M25yUlNGNGNwTklGMkpPVUg2Qm5QQk1haUZyX3JQdmd5Y01mc2tMN3VaUjlvRldIaXBYTEpjQmYwX0dxWXZXeDdac0JkLW8yNDRfandpUGF3NQ?oc=5,MarketBeat,2026-05-30 11:22:06,True,neutral,,0,0,0.0,lexicon
e7e537f9849a,MCD,McDonald's Corporation $MCD Shares Acquired by Triglav Investments D.O.O. - MarketBeat,https://news.google.com/rss/articles/CBMiyAFBVV95cUxQUmhCMHN3RnFIbmFQTG42QVB5QkVRUldmSDVqa3hOTUtJT2hfdkZIMkV5bFdGZzFjWnlUamZhdTNteV96dXZJanZnZXotNjdNekdwQlVJNzd2NlhaSVJ5SDNUSkxOeVFGelhpUlZkNEcyRm9VVUR1ZHEweFNpU3NiajFNT3ZFbzB1amhhX1B3WDJRTVotWmhySjNfWER3bm1LUVBJcno1ZmVaaW1mTTljWkxMVURqTGZtcEhYYnNHdzl5dXRDSXlBTg?oc=5,MarketBeat,2026-05-30 11:22:05,True,neutral,,0,0,0.0,lexicon
fc5c3d8c2a64,CSCO,"Norges Bank Makes New $4.47 Billion Investment in Cisco Systems, Inc. $CSCO - MarketBeat",https://news.google.com/rss/articles/CBMiywFBVV95cUxNZVB5a2I4SEl1d2dYQ1dncF9JXzBOSEtPTnJtbE1feVp1bWI1R0MzbTQxc1VoY0FjcXRVM3JieUpZT2c2c0kwOFJmWHlybjBGeGVtMmlObDN1S0Yzd0p1VlJ3NHVKSkgtYkhEQjg2bjFOcVhDdV9wbmJiT2syUWtwNG5nc3FuVEV4TGZia1p5c0tUR2ctck1WRC1oeWl1dG5NRkhDN0lmOTJIRGxTckxqdGpTU1AyeEk3VmNxeF9tLXRIak04NTQ5SS1SSQ?oc=5,MarketBeat,2026-05-30 11:15:46,True,neutral,,0,0,0.0,lexicon
d9222f87c3d4,KO,Norges Bank Buys New Holdings in CocaCola Company (The) $KO - MarketBeat,https://news.google.com/rss/articles/CBMiuAFBVV95cUxNbmRfSjlMeWdVamZfMm5hcDBoQS1EZXFfWG8tN09hNFAxSnZDTWJQM0IyY0d0czJ0WHFJa1AtRWFhSXRHNVVpaTJyVVdWMmYwT2xVc1N5YllBZWZOazZFRWxlX3hGOTRtSG1Sbzd5SGZNQ0xraW1YWlJ2ZkhPamVaM0JFVnhjUkpNazhXeExlb0l1VndIVEJGMEtUQ1Q0Q19SZ3EycEhFQW53cXF5cndoMlZfRlo4aTB0?oc=5,MarketBeat,2026-05-30 11:15:39,True,neutral,,0,0,0.0,lexicon
ff89c2b1098d,DIS,"20,992,164 Shares in The Walt Disney Company $DIS Purchased by Norges Bank - MarketBeat",https://news.google.com/rss/articles/CBMizAFBVV95cUxPdHNKalE0b0dhOWpaYjIzM18ySWV5ZExGVUp2QVpWYXpLYUVYQ3dfR1c3Z01CVmVGVEJLbG9pX3pBcGVwUTRHUHdaSV8zeEpYNW9UbTFKTHBZdnczcGxxbm1EcWZva0U2dklDZGJxTmp6THJsUFRJVzQ2c0JxWFFIWGM5OUhrR2Z0enhTOWpVVWd6Q1RWZl95MThvbXdRV20tT2txZ0dSSEZZS2VFdVgwV3ZIUmo0MnJrSFlUU08zejV0bmhMd3hLM1FfYi0?oc=5,MarketBeat,2026-05-30 11:15:36,True,neutral,,0,0,0.0,lexicon
a71504aa90ae,QCOM,Norges Bank Makes New Investment in Qualcomm Incorporated $QCOM - MarketBeat,https://news.google.com/rss/articles/CBMiwAFBVV95cUxPd29iNHJVazJDUTk2SWNvcC1PUk9GaEdBX1VNS2F6dWxzeU1sTndLc1laVHBsOVU3SGNEV05LTzVfTjJwMV9iT29RMW9nLWRDXzkwdWloSUw5RlpvZEVIdFR5RVV0TThHSEFVb1Y0R0Joam5ETVRWUGhpdEhHUlZvTko5VDdwdUM3aGZXck1TRHo2dFgxbG5lRldTdXlYN1FnM2FJcUpQaTZjVzF1TzJQUmJPMzV3S29rVzNEdjY5T0s?oc=5,MarketBeat,2026-05-30 11:15:36,True,neutral,,0,0,0.0,lexicon
729e7cb60172,AXP,"6,660,940 Shares in American Express Company $AXP Bought by Norges Bank - MarketBeat",https://news.google.com/rss/articles/CBMiyAFBVV95cUxNNlo2QUlmNDd3a2pNNEl3SHBOd0dPQ21KWkxHLURyZUNWTUh6R25admcwWGtmazdGZmdna3hLTFhRWkhJVFR2V3FTZ1pJTGxQVEJGbXFpVzJTNmRKRXFSTG1kYXVHNVRnZmNIU0JmVUVTamxvSk54bFl3UmlNSmNfV00xSUkwWENvRTN1SGpXMjd0anlrTXpWSk1FNGE0bGcwaXNmX3Uxei1HdXB5c2dHTmtmQU9HU2x5S195QmZJUTVRdno4a3B6ag?oc=5,MarketBeat,2026-05-30 11:15:32,True,neutral,,0,0,0.0,lexicon
ddd25fa86dfa,JNJ,United Super Pty Ltd in its capacity as Trustee for the Construction & Building Unions Superannuation Fund Grows Stake in Johnson & Johnson $JNJ - MarketBeat,https://news.google.com/rss/articles/CBMipwJBVV95cUxNTTBmUVJmaU5lNzNGbkdyNndIZDdpeUtRdGZfQW1IeDd6OTZYNldBTXFsV1p1eTNUV18zSTN2WVpIS3pCQW5vcVQteE5MLXJSMVl1NHl2ek1iblZTQi0yNVBpSzNTdC1SWFBTNEQtZUZqem1RSzd5TUg3Z2t1dDRzZ2NOWV9xTVU5ZVJsSkU4LWxOVFlzY3pheEZubEtjZG9wdE5ZY0ZaUHFvRHJOTXJ5cE1oRVRDSHhxRzJnNVJQTWZBWWZSdU4tU3RiSE1PaVJrbnR0bGI4bFlobmE4RlZXcHAwWU43R1V0Z01FQkxrS1JDM2luc1ZTTjRZdE9ZZk01eGQ1azNvV0tIZGFtcFJvWEhDek03NkhIdTluUk84cURLbFllc200?oc=5,MarketBeat,2026-05-30 11:15:30,True,neutral,,0,0,0.0,lexicon
cfe092424446,MCD,Norges Bank Invests $2.89 Billion in McDonald's Corporation $MCD - MarketBeat,https://news.google.com/rss/articles/CBMivgFBVV95cUxObFZYaEIzbTJkclNkaVZCa1h6WlhoWE5rWFo4Z2FBZkZOd2tZcVZORlc5ZkVqNjNXbHlmT1FNQXdFWE5WWTc3WTVVQmR2d3ZybEtQS1NxV1VMSGpEVVQySHZKOXFCZTgzNDR0TFhoa0phcnh4eURpcVZnMkhaeGFka0lpb01jYW9DSWdZbU1FVkxJZ3pOY2JZczZtTy1qSE5aTVgwV0pTRURmWmNKWlh6TDFmaFNheGtOTk5lbkZn?oc=5,MarketBeat,2026-05-30 11:15:28,True,neutral,,0,0,0.0,lexicon
e3ad5108bd5c,NFLX,"Norges Bank Invests $5.80 Billion in Netflix, Inc. $NFLX - MarketBeat",https://news.google.com/rss/articles/CBMisgFBVV95cUxPdHVOai1tdldSbTNBR3V2MEZpUVh6Q3dqNjN1SEVOQVg4bFFFNlpIWFYwUER2RmlCSWhDT1h3a0p3bS1FVWRucnBLeGhPaE56d1l0aXRHTG5lSldVb29oaWtJaVByYmdQT2VhbmxsZ2oyNXRwY21IQmxVZkpuSUJnSW42eWZvaVMtQVNWekMwc3VEWnBvdVR4X1E1RmlCVzhPaklqSjBrMWtYTWMxMzBfN3Fn?oc=5,MarketBeat,2026-05-30 11:15:22,True,neutral,,0,0,0.0,lexicon
0519914834b7,PEP,"Norges Bank Invests $3.02 Billion in PepsiCo, Inc. $PEP - MarketBeat",https://news.google.com/rss/articles/CBMisAFBVV95cUxQbHBRSEtNQkdyVS1HNUtqaURFcUZyMWE4VVU5ZXMyV3IzQ0drajdNdDAwUlpBT0lhOVB1eXVteHFHU1BoaWozY0VCVl9VNXY4R1lrWU9VaUxqbFFhNkRaVl9CMk5sT0NaSFg3NFBWRFlYMXUtMkxvRFd6TFhCOEw0Y19GWnBVSVF6OHNYNWM5R1RWcEk3QzY0Unk0T3VNLW1pTUFvbmR0cmJPVi1ZQjdFNg?oc=5,MarketBeat,2026-05-30 11:13:28,True,neutral,,0,0,0.0,lexicon
619b8e6e1ce3,BLK,"Norges Bank Purchases Shares of 2,562,438 BlackRock $BLK - MarketBeat",https://news.google.com/rss/articles/CBMitAFBVV95cUxPVmZTMWdNVnNBT3o3aHpseEg2N1ZzQ0o2RXJIOUd1dEdNc2kySFF6ZGhXN3JDUGdHNW5wTml0bnB0enVPZ3dGVDVRSmw3X1ZSR1JmUEJKSVRrQkNTaTBlaW5yV2tqdlNvclY1eHFQVmhDcE5SLWh4MmFsZlpoNTNfLXJhSUFCbVRLbzhKUE9jaDUyUnBwRWxzSDBsVTV5X1BSNzVZZG5yd1hpZG15c1ZqMXhrYVo?oc=5,MarketBeat,2026-05-30 11:11:38,True,neutral,,0,0,0.0,lexicon
d3650903f449,JNJ,"Norges Bank Purchases Shares of 33,459,884 Johnson & Johnson $JNJ - MarketBeat",https://news.google.com/rss/articles/CBMivgFBVV95cUxPWHMzRWx4WXR3WWdPOVlkTjBpSTNGUVZMaVduNnpDVHlUc010alc5RTI1LUlULXBMUFBzMkRVcUI0a1VLWVVKdm5fYUJJLWhwNFRTbU81bHAzYlVrV05BdHRvb3FNTnpXWmRCQ0JoT05UOFYxRHJXMlVsYmRTMmhMa3dhQURsV1ZuYXhPNlhUNUF0a25oLWJ1MDlENVlXWmI5d3F0S3l5bV80QU1UNTYxZFJOekl3ZGZiSE5VRFJR?oc=5,MarketBeat,2026-05-30 11:11:23,True,neutral,,0,0,0.0,lexicon
19767bea487d,AAPL,Apple Inc. $AAPL is Simplicity Wealth LLC's 9th Largest Position - MarketBeat,https://news.google.com/rss/articles/CBMivwFBVV95cUxORUdVUVQxeU5FR3JDQUtpWThLZHJtRGV2aUszWlZBclU1SFFYSHQ1dlRlR2xVQlBjQkRmd3Q4bHl4WnFiMzJ2OE5SVFRiSzIxWkFiMlloMG0tQ19KMG5rdHZ4YXdUV2hlRVVhUEdXendMWkNKdDlSYzNkNDduc2NDeXp0WWVjM3kxa3QxYU1tUkxJMnUxT1F2TjBWVFBnbUdJRlN6Q2ROUk9DRUw5NGtubDZwUmxMMzFwQmZGVjJOdw?oc=5,MarketBeat,2026-05-30 11:07:32,True,neutral,,0,0,0.0,lexicon
12b478d7dbfe,JPM,Trajan Wealth LLC Boosts Holdings in JPMorgan Chase & Co. $JPM - MarketBeat,https://news.google.com/rss/articles/CBMiuwFBVV95cUxQYnI2eGlKM0w1Vk84X1Z0YWxJZUZ1LTJ1czgzcmJESFVmdHB2cTFiUngwQ1VDU2lFQXFRYnkzaDdWeDR0MENoT0tzNGpFRnhtVjQtWFh3X3hUcV9JRGhtcVJ6eHhWQW9GWFdVWGpTQWN3clpLWkFseHo1cjByc28wQkZDQUlNX2Nra1c1X0lRQlVOZ0tfYVVYUUNJMkI2emxlS0RSOTlGbEthZzVSVERTMTQxTTRpQ3czX0tF?oc=5,MarketBeat,2026-05-30 11:07:19,True,neutral,,0,0,0.0,lexicon
23fc47156dca,AMZN,"WealthShield Partners LLC Grows Stock Position in Amazon.com, Inc. $AMZN - MarketBeat",https://news.google.com/rss/articles/CBMiyAFBVV95cUxOUFl4Q2ZfTF8zNThzaU5EeVdTXzV6MWVmWGw2WWpEWTgwT183UUE0cDNMT0VXM1c2dUJaVHljQ0dHNkxHdndLWldDLXFrLVZsRnhpN2RxcjFEd1JFVlRwS0g2TXo0LW96dUNkcXJiM0N3d29ZTnJPNDBPTzR2UTV6SVlWdk1wd3Y3S0RWQTJ4Q0tuTC1PeGIxSW9fU1V4R3l5WDJIREpDaVZ5ekVzSlVZVElGellUSWRQZjBkbW5HVHpxQ1UySEIwbQ?oc=5,MarketBeat,2026-05-30 11:07:18,True,neutral,,0,0,0.0,lexicon
f2fbbe904550,INTC,GOP lawmakers' portfolios are migrating to Trump favorites like Intel and bitcoin - Yahoo Finance,https://news.google.com/rss/articles/CBMi3AFBVV95cUxNREhzcGJqY3pqODhpck1CdF9ydS1KRXN6YzFvVTl2OXZfRndua0pzNVRvOGZPdE4tOVhZZWdMRUNzNjA4QVdHRVI5aXBTSlVyYlE1NkktREFQWTl6RlNGdGo1enlXYjZYYTNMOW85Tk82eUhZODFKVElveDBpSG11NEpVTExrOXRTMTVnc3lSNl94cTRSRFNjN3Z5eE90NTA5aVJEcHF2QkUzaXZ5TEFNMjhvV1FEZlB5aFF2MG1SMmptakdrZUJBUktpUU5JYjQyODFjVjQycU5WWk9y?oc=5,Yahoo Finance,2026-05-30 11:07:18,True,neutral,,0,0,0.0,lexicon
75d1b60d559a,LLY,CVS Decision Tests Novo Nordisk Wegovy Edge And Valuation Story,https://finance.yahoo.com/markets/stocks/articles/cvs-decision-tests-novo-nordisk-110621754.html?.tsrc=rss,Yahoo,2026-05-30 11:06:21,True,neutral,,0,0,0.0,lexicon
1036d358b83d,BAC,Bank Of America Expands Community Homeownership And Canadian Arts Commitments,https://finance.yahoo.com/markets/stocks/articles/bank-america-expands-community-homeownership-110421660.html?.tsrc=rss,Yahoo,2026-05-30 11:04:21,True,bullish,,0,1,1.0,lexicon
2fb7f509e4c3,GE,Norges Bank Makes New Investment in GE Aerospace $GE - MarketBeat,https://news.google.com/rss/articles/CBMisgFBVV95cUxQa0xyY1o2TjRvNWxtS2xTWXR2Ny12WHU5WW4wU3REU0txalNlRGlTUVNwWUpsSU45TlNpSjRSaFlKSUlXbFlzaXBpX3M4SDdsUjVRMUxIdF9Nb1JGek4xQVNsQUpKUGwwUkxUNzA5djdRNjh3Q1MwaEdlRi05dUQ1bjFqem1mcjNTOTdOV0FwUG83QWdzX21FTTktZHBucm1vMENJOUMybWx1U1owU3hwVHp3?oc=5,MarketBeat,2026-05-30 11:03:19,True,neutral,,0,0,0.0,lexicon
5026468b0a0c,GE,GE Aerospace $GE is Milestones Administradora de Recursos Ltda.'s 4th Largest Position - MarketBeat,https://news.google.com/rss/articles/CBMi3AFBVV95cUxQUHdqcHpDZWpkM0ljZG1relR4cWlzeC1ic1ZTNFVjeGZycnNpUVI5cU9IOE1tWDVlamVKbVVURVJQb21lZFRoMWtpcXBkV3pZWVgzRkhMNVdtbFoxcVZ0RVdsUk1ObHpHZUlsQkUtMWo4YkNzd1hXVUtILTJYYzhiQWk4SHJYamRsaDFEcGV1ZFZwaVhiUjJrcjkzcms0dVdDSy16QmF4MTB2eG1jM1hFamI3NUlnQllfUEd0T2VuX2pIaU9kcXcxR2JvaWw0U2JVUUpHYXFSRGdFR3FO?oc=5,MarketBeat,2026-05-30 11:03:14,True,neutral,,0,0,0.0,lexicon
c4a45c163de3,MA,"Mastercard stock up 12,000% since IPO in 2006 - moneywise.com",https://news.google.com/rss/articles/CBMihwFBVV95cUxNTVFwUWtBMk9nZTA5MzV4UkdsT2ttcnpMSFQ3b2JOZ0F2WXJsdVJYaHhaZ0RXUE9ZaVdXUDZRRm84a29xeGszT3NHaDMzZldEcV9XT1U4MUlrQzNLT0g1bldrWHU0MHAzQ1ViQUYwLWZlRHZmTDBoMHJsSGhDT3QyTTdfUmVfREE?oc=5,moneywise.com,2026-05-30 11:01:23,True,neutral,,0,0,0.0,lexicon
f5b554374dbf,JPM,‘Unsurprised’: JPMorgan has been ordered to pay a fired employee $4.25 million over a Super Bowl deli platter dispute,https://finance.yahoo.com/markets/stocks/articles/unsurprised-jpmorgan-ordered-pay-fired-110000302.html?.tsrc=rss,Yahoo,2026-05-30 11:00:00,True,neutral,,0,0,0.0,lexicon
916a1f3a1441,QCOM,Impact Partnership Wealth LLC Has $2 Million Stock Holdings in Qualcomm Incorporated $QCOM - MarketBeat,https://news.google.com/rss/articles/CBMi4wFBVV95cUxNbnFHMXpuZmhYNXlxeE9hTk0yNU5aT2NEczhqNS1EcHlOV3NkNXRGRkVfU18yNXlCaW9xQkJ3cGxULU0yVVRVeDBrS3RWRE9rVW9SdG5xRVEwMWpJSHBFa3FFMlVOUFZXSkxXdVI0cXp4WmxNSm5FWWNfMnB0cFNfeXlsM0xGZEo3MUxUWWZCZV96amN5b1c4cTdZS1dGQ0w5QUNLbE11X1Y4bVM0Rm04cG9tYVpsUTBYTUpLbWNULTRUSFNZQnVvWGNCNjRjaFJyRnZUWTJZNUVYeG10UGVZd3NnVQ?oc=5,MarketBeat,2026-05-30 10:57:32,True,bullish,,0,1,1.0,lexicon
2513eb23c836,GS,"Norges Bank Invests $2.52 Billion in The Goldman Sachs Group, Inc. $GS - MarketBeat",https://news.google.com/rss/articles/CBMixAFBVV95cUxQdmRYNkN2bXp3U182MVhwaS1FTjgyTXdzSnBxOE1fTGlGNXpRRW1fUzdaWVYtWFNVOUlyU0VlelNKeDJVXzRLeGdiSVhHTXZ6bGIzUlFQN2JiT0Q5TWpDQW5Qd3RLU0d0Z21FMG1YdFl5dVY4Wk04b09hUG1ibEx1N0FiZi1nY1ZFdHh2S01CN3dPWDZoYno0LTcxYlJiMG56SkFHMmtEaHFvY3M4QVpBOVk0TWZzQW1aSUNrMzd6VWpJbEZv?oc=5,MarketBeat,2026-05-30 10:53:16,True,neutral,,0,0,0.0,lexicon
93200c9fb6e7,BAC,Norges Bank Takes $4.77 Billion Position in Bank of America Corporation $BAC - MarketBeat,https://news.google.com/rss/articles/CBMizwFBVV95cUxNMDF5b0t0UWt3T1g2QXpxdVhxOHBnWlIxVnFSVXBXT2JPUzlUN1hPTk5ma2JpVFp0UGxCTnRiS0JZaHdCdjN2UmxoWl9KTl9HbUdwWDJRcDF1alhvVHdnYl9aVjB1aDVDWEJqM1J4dExJb0xHZmVXR2hXS2FzZzBPMmItMkQ5U05SOEJqaFBaRWQzWjVCMEI2YlZ5Y3dpbGVMa1h5Zm10cDREdzJBVEtmWksyamVqVGhvWkZEYjQtbXd0WGlIUFJhVXd4cllnb28?oc=5,MarketBeat,2026-05-30 10:49:15,True,neutral,,0,0,0.0,lexicon
ba6a18c43978,PYPL,"PayPal Holdings, Inc. $PYPL Shares Sold by Koss Olinger Consulting LLC - MarketBeat",https://news.google.com/rss/articles/CBMixwFBVV95cUxPcnMxazBjRzJuQ1J5TXhWbnZEdFdwdjFIOWNuYnZTOHdFNUIyVU81cExuZFlRcVNCeFJodXFxaC0yWXNxWkhKN05KQjNQLXFITVViTXptdXd2UnloV1FhUERFNndYcERwWkh0ZzNSWWltTjZydXItNlRVVHJnaEE1NWMyTUk0cllNUUZaTFNfb3BjcFM0a29yZTlSdnVVUTBIQzYzT3JZMzlJbTVIVkVqSGt5Yy1pNjN0SmZmbWV2ODh0Qmh2Qnhv?oc=5,MarketBeat,2026-05-30 10:47:30,True,neutral,,0,0,0.0,lexicon
efdad0f66f7a,DIS,Koss Olinger Consulting LLC Has $1.99 Million Stake in The Walt Disney Company $DIS - MarketBeat,https://news.google.com/rss/articles/CBMi2AFBVV95cUxNR3hua0JJV20tblcxRy1LVzc4bGhyYlNJUjkyeG1teDdLX1V0Tno0RnIzb3gwSno4TENVU2R2Nld4NXk4aWVLTGhuV0JHTHA4dGZzUFdQN1p3bktIenlxLTltWTdxVzNBbHVGRVYyaTdmN0hJaDJqYmZJMk1fZWVsS3FtQnc3SmF0TmhmZUpiWGpmM3RaWG5BQjJIUDA4U09kVnhQZDRBeWxuTFFNZVBPbXdwT0EtTVJuNUlSbXltX0RDQ1lFXzIzcG9DQXFsU0Z5U1FXZmVUdzA?oc=5,MarketBeat,2026-05-30 10:47:29,True,neutral,,0,0,0.0,lexicon
13f1fb63642c,NKE,"Koss Olinger Consulting LLC Has $858,000 Position in NIKE, Inc. $NKE - MarketBeat",https://news.google.com/rss/articles/CBMiwgFBVV95cUxNWGVuVFdsQVBXay01dmlfVm92MzZaYjBibjlhbXNYeWhxX1NyRDNpa1VudFlIU0hRZGJabUozWmpHZTdkYWJPd1hnLXFZQUtyMVlKTnF4NUZGMUpHaVFKY0RFUlRtXy1IbEZYeGltUFVVOWFCNFpxS0N0Q05PWF9PZnNLTnVnaEpGcjFJNUYwT0VhSHZqRU96ZUFrQlB1SFVFdEwwbXUyM2daeENuOW9WbzhMMmxpbE5WRW9ab25FOTRGQQ?oc=5,MarketBeat,2026-05-30 10:47:16,True,neutral,,0,0,0.0,lexicon
290b74d48486,QCOM,Qualcomm (NASDAQ: QCOM) Stock Surges 35.5% Post-Earnings As Auto And IoT Strength Offset Handset Weakness - foreignpolicyjournal.com,https://news.google.com/rss/articles/CBMi3AFBVV95cUxOWEpUNEI0RzB2c0ZUbDFGUmpuMTNabDdYY3VtT0pZSE80U0prTjRjaDdrTE5hdDRnR090Y01rTDF3cGZGRlg3VVRIZk0yN2UtTkJWV01Db1hHbWtQUmVVUFJXNFlZTVlISEN3WjVWd2s3eVU1Q2JnNE5PRmRyR1VIeTFDdzZ2bTNHRkF4YVVhZ05WUEx0RXZfdThBemN4a3llWU9QLTJxbkR5Y0plYnNkS25JdWotX3JDRHNzSTZ4eVcyaEdyckNSRlNKeGdtM1RyeC0yMVdhY1cwSThM?oc=5,foreignpolicyjournal.com,2026-05-30 10:44:00,True,bullish,,0,1,1.0,lexicon
6cd41ef758d4,AAPL,Tim Cook Has Never Hyped AI. Apple Stock Is at an All-Time High Anyway - AOL.com,https://news.google.com/rss/articles/CBMidkFVX3lxTFByLU5HT0l1VUJ3OVZBRjkxTGJFcVJHcEZFdjN3eHp6MXZDb1hqaDNfbWJpSEdjZ2ZrTmNqUkYzeXFvVDNHSWhVUlJyeUo2ZV9MWmZBUVh4TnM0ckZ5R1RvSFB4WnVZemwtTmxDcjl4MVNsT0p4M3c?oc=5,AOL.com,2026-05-30 10:43:49,True,neutral,,0,0,0.0,lexicon
f5a1d7764512,ORCL,"Norges Bank Buys Shares of 22,246,323 Oracle Corporation $ORCL - MarketBeat",https://news.google.com/rss/articles/CBMivAFBVV95cUxOOW9KQWlmdDh6ZTFhTmJ0WUhPbWlRY0RiZ21PZHRtVGdURFhvS2RUMnFDV3ZKcU1uM3dtZ3EyVDVIcFVoZUkzWU81T0MxOXYtQWdLaW1YckhFYzJueExhSWV4NEM0M0EteVVRZ0FLbmtjZTlLZ2ZwdnJUVWM0UVUyVllraGVGV0RRYl8tYWQ4Qm93ZWttS1pmR2xzUEhmVGVoMzJPZmVwV3BFaGQtSi1TTzEtWGJwNlVjdUhRNg?oc=5,MarketBeat,2026-05-30 10:43:13,True,neutral,,0,0,0.0,lexicon
1480234ae39f,MRK,"Norges Bank Purchases New Holdings in Merck & Co., Inc. $MRK - MarketBeat",https://news.google.com/rss/articles/CBMitgFBVV95cUxPdmdBZ2N6ODM4dkpxVTBzRFo4akxBVGpRNW8wY2YtNm53enBYQ3hqUnFkX2JpYnIwTV94cE5GMGZfYzBKWEtHTTl1ZkEwRTZsT3Nad0lrOExwd0JHLTduOGNDLUhpTnotbndlelFUNUNPd1BfNUlna2JGNXVKS2owMnQzcXl1cEE5YndyVWxyTHRucWs2N01GSUltRnBQVzllWlJ4ZzBwVEtLbXZDNm5xNFVSOEp5UQ?oc=5,MarketBeat,2026-05-30 10:40:23,True,neutral,,0,0,0.0,lexicon
7c053dc71e03,PG,Norges Bank Buys New Stake in Procter & Gamble Company (The) $PG - MarketBeat,https://news.google.com/rss/articles/CBMivAFBVV95cUxPQUlRODVKNk1MVTJkTzVyRWV3dXE3OG9pd25CNGQ0VmJiM3VmM3V3aWdISlZicWNDY3RLbURscTRHMU1pQlJyaGlKQ2lCdC1aTFFUZ2RkQ0JZaklJOGdNdXVITnVDTURyLWs3ZTJJUE9tM3lSRXlFRGtGMTVYU2J3c3V5X1QzZ1hRQmlpdlJDaW41Y01jcElyMTBNamtTMlBnb2RNSDVYRTVocnNYMTRGRlJNc1E2a1dLRUJVdg?oc=5,MarketBeat,2026-05-30 10:40:11,True,neutral,,0,0,0.0,lexicon
2548162bbe91,XOM,"Norges Bank Buys Shares of 63,362,667 ExxonMobil Corporation $XOM - MarketBeat",https://news.google.com/rss/articles/CBMiwAFBVV95cUxPdEstdTZ4cEJGZkNkVkRBaHMwdVBVekJNeS15NmxKUWhiLUN1MTctWXNEUTdOU1JkcXVQcVZRMnQ5Z05LY21IVDRjU210NUdwNjJEYmFjYk5uTHYyTXJmMUF3M2dmWEhjLWstcUhqYUdvdHl3ekdnNzh0UWFmYzlLVjlpbXQ1ak54ZmgtU1U1N0xoelQ3azRUNmhITjh3WUx1cUJqYmpVNDNfMjk3SWdPcW85NmNYYlg0V0dDYXVWcDA?oc=5,MarketBeat,2026-05-30 10:39:26,True,neutral,,0,0,0.0,lexicon
4dfe8634d78d,XOM,"IF Advisors LLC Acquires Shares of 11,439 ExxonMobil Corporation $XOM - MarketBeat",https://news.google.com/rss/articles/CBMixwFBVV95cUxPbVpDSnQxNVNYbm9MVXJaaEhMZktoQU9NRG1Fd2VVN3hlMnd2Sy0xNWREa1RZUDcxWmpRdy1jbVFEek1XMWx0WWo2bmZRTHhvV25UaWRZc0xjNW53NmQ4TmRMZ01zQTVHVllscmQ1TjFtRWllWXIzNHJJQkJIeW5DeHg4OVE0RUh2SDRUUVgteUVZMnRDUzhEbHdmZmp1VlU2WFA1aUx4YU93QUV2SjVkSkZhWEFYeTVtc2FqVU5ScDJRRGJVTmRJ?oc=5,MarketBeat,2026-05-30 10:39:21,True,neutral,,0,0,0.0,lexicon
4e2e9fe3cebb,NFLX,"Hilltop Partners LLC Has $2.79 Million Position in Netflix, Inc. $NFLX - MarketBeat",https://news.google.com/rss/articles/CBMixAFBVV95cUxNeWNsLVIwN3NFU3p0cjF4VC1ERE1pUFBvSzR2MFB4TzR4Y01FV091YUJuam9QM2U3V0tHdnQ2Sm94bV9zc2VrY0VJY2pUSGYzeGxRdS1QcUhaWDdGTHFMUnJCMHBlaFVncVB3T29PWnpOdWJzTFJRTGk3Vnk1VWZUa3IzM0NibXFWQ0FoVWcwVy04V0hjOGwyZXMwZV9LVFJFclJxN21PQXZDWVIzcnJXVkQyVTdBZWpCd0FWUGRnSDVPUTFF?oc=5,MarketBeat,2026-05-30 10:39:20,True,neutral,,0,0,0.0,lexicon
481e5803f1d2,PYPL,"National Pension Service Lowers Position in PayPal Holdings, Inc. $PYPL - MarketBeat",https://news.google.com/rss/articles/CBMiyAFBVV95cUxNWWtTSTFsRlZOTmw1X1E4dEw4RFBsdVRabmROTU10YmdzWmhYWDYtckdaTzYzOVY3MndGTEFyQV94NGh5eE8zOVBCeGVVbXJtSEFXaW1PQXZhV05HUDhzREc5VDRVV1YwRk55SmYxcnRKbUFueFlueEFkcmExVE5pVVJxeENsX2RTN0h3LThpa3FKZjBybS1FNjZaWGZpd051UXJBT0txbDV4RzRNdG82QW1RREJFUVFDT3BNd25SMmhnTGVHTVVyRA?oc=5,MarketBeat,2026-05-30 10:33:16,True,neutral,,0,0,0.0,lexicon
8a71332dd70c,GM,Chevy's Least-Sold SUV Is Costing The Company Tons Of Money,https://www.moneydigest.com/2180582/chevy-blazer-ev-least-sold-suv-costing-company-tons-money/?.tsrc=rss,Yahoo,2026-05-30 10:30:00,True,neutral,,0,0,0.0,lexicon
d1a595b84ccc,GOOGL,Stanley Druckenmiller just sold Google shares to load up on five AI hardware stocks - TradingView,https://news.google.com/rss/articles/CBMi1wFBVV95cUxPd2ExNnVfMUU2a1lNNWFIVS1xRnBpaXd6eE13SHZfZ1dwTFRSMEJTVTZBaHo5TUN6NXZTNmNyQ1E2VWNxT2lGWl9kdUFBd3NjdmIzTTY4MlhVWGdxZGFuWl9MbVBEYWtmbkVIOV9sSDVuRkVtZmw1cUpyVElkeHJydE14YXRvR2EwYV9Jb1RiYWVmaGQ1T0NTQmladzdVajlLZ2NPeUplV3NJalBZQllKcFJwUHF4MHJ0VGVkakNXWmh4aVVHM1JEMFhDM1NvYTdiSUhuUUhsbw?oc=5,TradingView,2026-05-30 10:30:00,True,neutral,,0,0,0.0,lexicon
d821aa8c941b,NKE,"NIKE, Inc. $NKE Shares Sold by National Pension Service - MarketBeat",https://news.google.com/rss/articles/CBMiswFBVV95cUxNOHhoV0RHaDN2b1ZzZVowc09UZS1yMEJJQ0Rra0xTQU1rSFljcUpoeTJQLWgyMXczQTR0bW9aY0lsWGJmVE5BOWNiZk9jWTJPTERQUlVSVUI1VnR3TDg4ODFSWk9VTWVaMWFkUk94a192TGxVM29UTWtwSEIwYUlYNnBMVUs1MlNfV2JZaXNFQ0lZTlB6cnprVzJidWZkdGFmMnE2MjJjQU8xZnhxQjQ2ZVJNZw?oc=5,MarketBeat,2026-05-30 10:29:49,True,neutral,,0,0,0.0,lexicon
78344a031675,SBUX,National Pension Service Has $227.11 Million Stake in Starbucks Corporation $SBUX - MarketBeat,https://news.google.com/rss/articles/CBMi1gFBVV95cUxNcFVHWW94bjhYTFpPdDJVeXVkMWVCcGVZdndNRy1idDd4ejNnNG1ZU1E2MU0wN0NsSlloQU5ZVzdvd0Z0a0YzcUlmU3NfNXFkTU96SGwwWThuU2tRci1uVy1NeVk3R2R4UDhBSGFGY1RMUVJESGE1OEdvTnhHaGw3aDM3elQ4SHQwV0dqQVNCMXV3MGk4TEJjdlRiUWlwV0tfTDViSTJYS1BMYTJ4SnlQX1VXd09yMzBpVUdFTVg1SlZMYUVXZWN3a21GS2h2YWloWHFwZjBR?oc=5,MarketBeat,2026-05-30 10:29:48,True,neutral,,0,0,0.0,lexicon
5902db425363,V,Hillsdale Investment Management Inc. Decreases Stock Holdings in Visa Inc. $V - MarketBeat,https://news.google.com/rss/articles/CBMi0AFBVV95cUxPMDU1NVhva0dtcDNXTnlCY0FNdTNPVFNZSl9pM1pRM2tCQjN6VjBJV0F0N2l6bld6dnNtQ2lka0VzNG40c2tydUV3MVF3TmJERng2bFQxRTBIVE5KWlRlZEoxN3NHWFp6UVgzS1FNNzFxaVlqMG8wZDdpUjZ4VEc0UHU0V3dNU1pVZThhdkxwV1IwaXRRN092SkJlNmxfMF9UUWw0Nl82cHpXbWhOMnF3ZWEzb2d1MVZDMUs3NE1qaEFZRE1RNjBnNEtRMlZ1TV91?oc=5,MarketBeat,2026-05-30 10:29:21,True,neutral,,0,0,0.0,lexicon
7be2fa9115de,TSLA,Why a merger with SpaceX could be bad for Tesla shareholders - Yahoo Finance,https://news.google.com/rss/articles/CBMixwFBVV95cUxQbGlPVFJJblJLSUtpTkM5amt0eHJVTWZ3blVEV3ZDQWdIa0NkLTNFZFp5MHlQYS0waFVxcWpCMVRkUFMyT1NsMGhBWlJWWHBCbl9zT29aUEpqZGpKbGJtTGpVQmpzUzB0SFhZSGoxd01sQ3Rpam9UaFhiZWQ3eVAxaDVLTjRhZVJtc1VQSldzLUpnU1VUeC1OWFB3YkdGUFhmdzNWZ1VjQk82LWt5Mm1lMTNWQkExdWp4VWxtTzd5UzF0Y2pSNlRN?oc=5,Yahoo Finance,2026-05-30 10:27:43,True,neutral,,0,0,0.0,lexicon
547e36b594ae,AXP,Savant Capital LLC Cuts Stock Holdings in American Express Company $AXP - MarketBeat,https://news.google.com/rss/articles/CBMiywFBVV95cUxQZXI3RWsyYXBjUGV1VmVmZlVCS1Z6ajU1UmMxSVd4aFlzR2VUbXl3Y2VqcVRYM0tKUFhrX2xYZEhha0swcjBaMEMxX2tpMThJSGphWFR0VFRlYmNPX2tteHhibm9DNldKaW5hbjk0Qkw3RWNpZ0pmTWMtam9wakgtanpJanBRS0VUREc2dHBBd1dIekFUemNCZTNMMTR4ekhhYUp5Z00yTFpMOVpFeFJuTklIcnd5UHo1eG5XQ2g3QzgyR0dtREFFOUdOWQ?oc=5,MarketBeat,2026-05-30 10:17:23,True,bearish,,0,-1,-1.0,lexicon
fb538b9c03c9,DIS,"Savant Capital LLC Sells 12,470 Shares of The Walt Disney Company $DIS - MarketBeat",https://news.google.com/rss/articles/CBMiyAFBVV95cUxPY1RLT2ItY3d6azhlQkhnb1BMek5UQUlQRGZwVXRVcUVoZ1ZkSVNPQnJQV0wzUWY0MkQtV2ZfR2FUSGJlU1R2Zlo0YUpQOE1oSzlEdWdQanhoX0FmamZEQTZKOW1wRmowZGJYRDgtQ0ZCY2wxcHAxY1dfbzgzUndoejdEWGM0U01mTnZJeVZCTkJQd19oSC1fd1FFbE45ZEk1Qjd4Y05VeU1WQUZfQXFBa2xLSW5Md2YxVGp2akZxYngxTkx2dXo4Rw?oc=5,MarketBeat,2026-05-30 10:17:21,True,neutral,,0,0,0.0,lexicon
50798f1a6032,MRK,"Savant Capital LLC Has $9.29 Million Stock Position in Merck & Co., Inc. $MRK - MarketBeat",https://news.google.com/rss/articles/CBMiygFBVV95cUxPcWk1S1lPbm5Md0FZZmwwLXhvN3RINHB0M3owTkZ1YWQtQ2xCQ2JPWkZNSy1XTnFWa3ZJN0lyS19zOGw5RmZFamtsNVE4bW8xLUNrU3R1VG1WdFQtWUwxY1JQeF9ZVENFdW96bDRkRUxQX2tzanhhc3RhZ0RpZUIxd2VNZkRMemUzVWlEczJsUHVLNG4xRDYyOGVfTm9fR252QjRXU05fdGkzRmI5UFJpTDFRbGpocDdwZVVQblVqX3BkN3lhQ0lPT2dR?oc=5,MarketBeat,2026-05-30 10:17:08,True,neutral,,0,0,0.0,lexicon
41e8035f0d8c,NFLX,"Savant Capital LLC Raises Stake in Netflix, Inc. $NFLX - MarketBeat",https://news.google.com/rss/articles/CBMisgFBVV95cUxQcUFoWVNrOGlxY1JzOTdfeTJJbmNDNlp0NTRkQndPeEh1UERKcnFRZEJMSlVEYkc2T2g3VmhpcjFMaW8wLXl6bTM3U2lvbDFaQVFGZVQ0R3JfZWRMZHJ2UFBxb0Z3R0VlbEtpWm5RTHlpaU1NOWIxZDVkeXlfQ1IwdlRRcjJxUGE1dFNfYjg5dk5venNxcUhkN3pZSnZFNGtBRlk5NFlyekpfNVhyYWV1ZVlB?oc=5,MarketBeat,2026-05-30 10:17:05,True,bullish,,0,1,1.0,lexicon
beaa023e8a35,PEP,"Savant Capital LLC Cuts Stock Holdings in PepsiCo, Inc. $PEP - MarketBeat",https://news.google.com/rss/articles/CBMiugFBVV95cUxPLXJVaGxjR0loZHNnN3VseE94ODVFNTVLdmpDS014bzNkV0JXanAtTGQ1YXd0aVJsRl80SndPOWRKaUhwd0dnWnBHMFh3YjRGTF9HQnJtci1LaHNTbU1zYVNQdWZQTlpWeHo5WnB6MVJjNUNzY01zX09EWjltdDRGajJyNkRQcF9nYWtMUS16aHVLaUtJTnkteE1lV2F3cy1oQUN5Y2lzX0N4MEVGa1ZIVEEwY0xucnU4dUE?oc=5,MarketBeat,2026-05-30 10:15:12,True,bearish,,0,-1,-1.0,lexicon
5271d886dd63,HD,"Savant Capital LLC Cuts Stock Position in The Home Depot, Inc. $HD - MarketBeat",https://news.google.com/rss/articles/CBMiwgFBVV95cUxQUHZzTTRSdjBkb3JBdEljcXVNTjdoalR5bnB2cDI0aElyNXEyZG1tZ1lrM1BQSHdLV2x2XzJYUVhuY1hYRXJ0QUVDWXlJcFl5bnlNSUx6cTRrbjYyV2NOVTNteWdyUzM2SERlOG9QbENxM0pycDBRU2g5MWNGTnVPbWtaQVV5S2dfekE0Yzd2cVFTZ2dsNzliV05NeGo3RXJKVExEX2Q1TXJpTGNmdE5HazdxNWxpRFdhMXAwLU1tM3psdw?oc=5,MarketBeat,2026-05-30 10:14:59,True,bearish,,0,-1,-1.0,lexicon
006e515f90d2,UNH,UnitedHealth Lawsuit And Policy Shifts Test Valuation And AI Ambitions - simplywall.st,https://news.google.com/rss/articles/CBMi0gFBVV95cUxNQ0lza2lfdjIxcVkxeEgxbzdyRFRyR1Atbm94cF9rYXBOdkpNSzZ4WS00SEtxTi01YnF3YUtMdUpoNWhDSHkzOGFQbmJ5c0txd2J0Zkp5TVd2UHpKMkFpZW9XOURLS29Ib25oUjkwdjQzd0VPNjYyTWl2VllFdmpOYWhINlRrLXd3UW82YXNsX0NTOGwwREM1X09DZkZzU29MdUlSQVRvM2tDczFGZTJVZWJMUnI1UGh1YktkdGgzQVJ4UzF0VzFVVEEwYjJQU0tYdFHSAdcBQVVfeXFMUGNtSFVCWnFVQ3VZUGtCYXNFcUF1WXBkOXpNb0k0dUxSTXhjWjV1TXhTajMxZlBfZjNPSno3ZEdmM3NscVR3R0R1QnZGNjF3YmNqRU5HYTM2UjEyY3I3NFN6WEh6Y3VadGdsUGZGcE56dFQ2cW5sSlM5dU1UX0l2ekJwY3dqRW54X3V2cnBMNldnM294UzhjNXRoVkdCTEF5T2VrNFg3WHVoUk9tcVcxX2l6NGFKWUVGSHJEMHJ5YlhLLW1oMmFEaXFOLXNHRExHcC1fbHJ3VUE?oc=5,simplywall.st,2026-05-30 10:11:48,True,bearish,,0,-1,-1.0,lexicon
59196a6d56dc,BAC,"SBI Okasan Asset Management Co.Ltd. Takes $775,000 Position in Bank of America Corporation $BAC - MarketBeat",https://news.google.com/rss/articles/CBMi5gFBVV95cUxQM0NrQXhCb3M3blZMOU9ieGt5UkFhblFQRFl2QkJFNUdETV9qeTlRaGVFWmRXblRqQkJtUDV3OEh1MFR0eTNQUjdJMTVnckh5QWplTWV6OHVpQklNTnl0REM4M2JkeGN0Yy15aUZCRzlnU1JpeTJibXd3TWdlTm5ub0JQak9rV05OWmFYSzNZYkpIS3QwOEVDbldla2ZtbjhvNFp4SmttZXQzYnExUnd2WmpJS2NYQnhZbUx6YkxzUXk3R0E0VHBMQ3NMQnZuNl9QWGJWTkotMVpHRENnUG5sa0JQY3VRUQ?oc=5,MarketBeat,2026-05-30 10:11:16,True,neutral,,0,0,0.0,lexicon
b9d271eed095,ORCL,Oracle Corporation $ORCL Shares Acquired by Northwestern Mutual Wealth Management Co. - MarketBeat,https://news.google.com/rss/articles/CBMi3AFBVV95cUxPd0JhMjJZSG56aUJpNG1QdGhmMXUtaDZvaENGZ1hKSUd2QzRYeFFITmd4c3Z3OVl5ZmxOX1RuOFg4NmdCR2tWTmhNTUE1NU9NQk1Xd2xZckhqeXFUTHFQdmloSG9mcmNhVGd6NUhXb0dybDE0aFgwSUx0UTZaOHZoWnEzOHBrOHZqd09pUkUxZTdDSGlMclpNMUhmQTBRVHVyUUItUlV1d055d1hwRHBaSl9ZbHJ0aVZtMldrN0k2Z1h3akI1MmtQY29IUnl2bldzLVE1eTNWYkw5cC16?oc=5,MarketBeat,2026-05-30 10:11:11,True,neutral,,0,0,0.0,lexicon
ca0a6e027742,XOM,"Northwestern Mutual Wealth Management Co. Acquires 49,349 Shares of ExxonMobil Corporation $XOM - MarketBeat",https://news.google.com/rss/articles/CBMi6AFBVV95cUxNUEVISjR1alBIenR4TzdPYi12czd3aDREZkJvRHdVVzhzU0R3VFF2VnJvQy14aVhUUHJ4aFBuSEFjS2dRUGtXalMyT1ZUdXExdFp1MUhwMzUzczBBR0dzcmRjMGp1eHJ1dmNKRE9IcTFRXzVtSjhDeFZWbG5zM3VPRmd0RjUxaWI5ZWtLWVduWE8waVFCajJQN01vaTFVclNGMllaS0liZ0hEQnI1ZlVQaWlFRVlTbFpfY3ZMYXRpRXdid18wNmtpWVdYR2FISHVPaHZDNkhoOXI2dFlTRm5qUjY3YVQ3WTNx?oc=5,MarketBeat,2026-05-30 10:11:05,True,neutral,,0,0,0.0,lexicon
38873e72efec,GS,"Northwestern Mutual Wealth Management Co. Purchases 5,358 Shares of The Goldman Sachs Group, Inc. $GS - MarketBeat",https://news.google.com/rss/articles/CBMi7gFBVV95cUxPYkhueUpJQVFmcFBqRkpvbzNyaDVVZUN1ck9BcmptVnlaUE9qbmxCUk92eXhHQ0o5eWhLWVZoa256YTZhRDJNWUZ5UVpFRG1nVWxVaEEwZE9CVVRWWGdVbm43NVViamJCZXBqTFF5bWROZjhLVDZxazJ4UTZ1akxQdWRLRFp1ODhuRy1KS1pRRU53RUtmNnVyOXlCMmI3aVVEM2p2Yjhidk1SNTlJVzhfa3RBbHlXa2NLQWJWNnVFV1BBOTNaMWpUYnBvdDRBXzV6eFA0UUs2S2ZfZjc5U05seU16TGFFRkhZa1FSa0tB?oc=5,MarketBeat,2026-05-30 10:11:02,True,neutral,,0,0,0.0,lexicon
3afab6a0d7c9,BAC,Savant Capital LLC Lowers Position in Bank of America Corporation $BAC - MarketBeat,https://news.google.com/rss/articles/CBMiygFBVV95cUxNVGI3YlphcF9kUDZ4eVI4WVhRUHdQcHJFUlQ5alM0UHNnUWQtUzhCZnFXMEV2MkRiV3lXQThDTEpiZDBONkxpUmg4bTFHdENIdEhkb1c2X1R4LXVmaGtIYTF5ZVJ2M0NHYWdiWVpaQ3ZwNzhycDJIV1lhVEdJNFRsV0d1d1hOQ1Y1OFYzLUNMYUtuWnhCVWRIMHNwOEZaMjFMSDVUbEFYbElJMzVGemlOemJ6cVVNenZ2NUpJUlN5dzRNUFJfUHRiOFlB?oc=5,MarketBeat,2026-05-30 10:07:04,True,neutral,,0,0,0.0,lexicon
d2b073795d6a,MCD,McDonald's Corporation $MCD Shares Sold by Savant Capital LLC - MarketBeat,https://news.google.com/rss/articles/CBMivAFBVV95cUxNY0VnQU04NFVqVzgxS0RkeGFXbGxBY2xzT3lhc3F6MEFBemdEOUxIRy1kNlJRM0xDY2tudUc5eVJxNFZHRHY0TUYyZWVKLXBsWUx1WUlJMHJGdUhia1hUbF9kLUQ0TnB6Znd2TkZaeFA1TWFCSEt4dkMtamQ5NXdIX1NlVTFfSl9xLVcyWmF0Q0pKV3YyT05rVE5FVjRFVmVaUUdkbUV1dGtmOGhEdkdfeHZfLTlsWjlsTUQtNg?oc=5,MarketBeat,2026-05-30 10:06:02,True,neutral,,0,0,0.0,lexicon
1aa711576c89,GE,"Savant Capital LLC Sells 57,475 Shares of GE Aerospace $GE - MarketBeat",https://news.google.com/rss/articles/CBMiuAFBVV95cUxPQ0U2NjV0ZjZ6VWhTVTYyd0toaXFtSWFfMWowTThuSENpOHF3LUlramVTZ2h3LTVobXR5OWJyVG52ZmxCd3ZqeWpWMW5vbUwyakZjUGpoSTZvX1NOZUdsRFhBTWlJOXkxRlBsQ2JrblFpTUxpcmxoanJqaHRoWnFfQjVhLUJvSGd3X19HUDhKQUhXNHdLemdlRENwWHA2YXYtb2F3WU9ySWRpdEc3eUREMzg0UVlIV21N?oc=5,MarketBeat,2026-05-30 10:03:04,True,neutral,,0,0,0.0,lexicon
f892c3382417,CSCO,"Savant Capital LLC Sells 40,189 Shares of Cisco Systems, Inc. $CSCO - MarketBeat",https://news.google.com/rss/articles/CBMiwgFBVV95cUxQMmREdjdwYloybVpaM2JTZ18waWM3eTNrS2xUbDVNY3VlaVRROU43bzZlOXdOQXA2NC1PT3ozR3JpVWtFTGU2SjRscUJPUmNWTGw3MEFnMmlzR0JsYnFXVjZqYzNnOHkxdUpXVTVsclRXd1FqLUMtU1M4OXhDeWZMSXdibXd3VG5MaXlyUXRZVnhTN3FINm9QZWhZTS16REtITXZiSkQtbE5sYWxuMEdYLWx4UzJodkhCMG1BaXZWTGx3Zw?oc=5,MarketBeat,2026-05-30 10:01:12,True,neutral,,0,0,0.0,lexicon
fb63d0c7d336,GS,"Best CD rates today, Saturday, May 30, 2026: Best account provides 4% APY",https://finance.yahoo.com/personal-finance/banking/article/best-cd-rates-today-saturday-may-30-2026-100000443.html?.tsrc=rss,Yahoo,2026-05-30 10:00:00,True,neutral,,0,0,0.0,lexicon
0ab11cf3280e,MCD,Intech Investment Management LLC Increases Stock Holdings in McDonald's Corporation $MCD - MarketBeat,https://news.google.com/rss/articles/CBMi4AFBVV95cUxQMXM5Tmg1Rnd0aHZON1RpWFJ5UzFtOVJBZjVTNnhrWThNaTVSZnFsOVJaN013YjVhbS1hdURseV96MVBqYzlUb2Qxb1FTN09mcmItRzR4Nl8zcV9xcWlVaFV5YTA0QktVVjJ6bENTdnJzemNkWHNDUkluTWJuOU5lXy1qa2t1eDdna0NYNHByM3RBQjZ1VVNsMXFPWm9rOUhWMzRrMzlYU01iUUJEUVA0cGVENEIwak9USnlRUGtfTFdQT3dlal9CNFNkV3lYMFJpRGxwamFYbHl0X3h2Q2RBcw?oc=5,MarketBeat,2026-05-30 09:55:24,True,neutral,,0,0,0.0,lexicon
e6d9bcd52601,GS,"Savant Capital LLC Has $6.51 Million Stake in The Goldman Sachs Group, Inc. $GS - MarketBeat",https://news.google.com/rss/articles/CBMi0AFBVV95cUxQUVhwUTZwZWdfU2ZEeUJnQWlMR0hMeEpuRkxDODVhbXo3UkxXR1g1QmpGUmxnWXhDTnBsT24zVEZPa0pCU1l0TmlyMHN4Z3ZjZ3JlWnNoRWlXRDNtUzJ5b1JZeGV6QTdZMXNsczlRa2s2YmV6RTliUktjdXFKQW9kZE91cUJwc2lvcTA2ZmpCT3hJOVJRd1UtMWpVdk56WFFIMjFJemtxakJGR09Gd203ZldaWlB0SzUwRXhRUVBNU0dEdUh3Yl8xQnRkSW84RHRw?oc=5,MarketBeat,2026-05-30 09:55:22,True,neutral,,0,0,0.0,lexicon
57c6da67f151,BAC,Intech Investment Management LLC Increases Position in Bank of America Corporation $BAC - MarketBeat,https://news.google.com/rss/articles/CBMi4AFBVV95cUxOSU5MaW1UWnB5eVkyYXFKcWJnUXlSV2YwOHg5alVhcHExWGRzWWNfVHZneVpRd19pQXJyOEFNZ0hxQWV2U0RjTnZ3VFp0UUxuN2V1N0dMcWNMN1VMem8yZS0wbnRuZmhFbzFpU2plZ09ZamxBc0tVdkNESXhjcGU3TEF1U1JLOVdtamVNTlJHZ2tXejlGQVdhanE1ckhrSHNPNGgwNk54TDZkWHVsUXlpQ1BqZ2dmSHp1TFJqLTktdDMxMVJfZ2owMTI2TUktNjU3WmxQXzRsdHZYUkVRbmNfeQ?oc=5,MarketBeat,2026-05-30 09:47:09,True,neutral,,0,0,0.0,lexicon
2517444c4357,QCOM,Intech Investment Management LLC Has $13.49 Million Stock Position in Qualcomm Incorporated $QCOM - MarketBeat,https://news.google.com/rss/articles/CBMi6wFBVV95cUxQcjhDdE1BR2pXUkRQUGNrblhRRVhaSUU4bEVka0dyRURtWF96aGNDRnF0QnJFbGhvMjBQUUtLOF9WSjRYa3NoZXF2bW11cUFRbUxBY19RQVBTZU8wSkk0d2kyOU9CWV92RVVwek1OSzc0ZlJaSEJkRnJYQi0xRWd6bXk5eTU5RUpoU29SdlZNTGFPd0FoSm52QU1XYlBGNjJDdU0yUmRTTmIxRkRSbmhZQ3gyWkJGVzdEVS1INFZXTTRUTFExaXV1SnRiN1V1YTJfSFJ3N0ZjZlJXSG12TEc0d2Z1RUlwX2tiY0dN?oc=5,MarketBeat,2026-05-30 09:46:55,True,neutral,,0,0,0.0,lexicon
149955cda023,JNJ,This Dividend King Stock Just Offered a Superb Buy-the-Dip Opportunity,https://www.fool.com/investing/2026/05/30/this-dividend-king-stock-just-offered-a-superb-buy/?.tsrc=rss,Yahoo,2026-05-30 09:45:00,True,bullish,,0,1,1.0,lexicon
48cc376e1771,WMT,This Dividend King Stock Just Offered a Superb Buy-the-Dip Opportunity - Yahoo Finance,https://news.google.com/rss/articles/CBMingFBVV95cUxNVWljNVN1YVFhVDlJSm00emxDdExyS0VzbkhZQ3Y4NGlKeGJ3b2VaRVZoVUdTSVN2emExMlFqaHhmakxBNVNwQnRLRGpXRUlHODJqUDFobHoxQ3hwWWJjMDktQVcwUWk0eElWUmZtNHg3bVFZNVJHbjFnaWFxU2tNN1Q4M0FhajU3aHFRdXJUWHVPNzhtME5sRUZYNUU2UQ?oc=5,Yahoo Finance,2026-05-30 09:45:00,True,bullish,,0,1,1.0,lexicon
22dcf8fee8ce,WMT,This Dividend King Stock Just Offered a Superb Buy-the-Dip Opportunity,https://www.fool.com/investing/2026/05/30/this-dividend-king-stock-just-offered-a-superb-buy/?.tsrc=rss,Yahoo,2026-05-30 09:45:00,True,bullish,,0,1,1.0,lexicon
d4164f076053,PG,This Dividend King Stock Just Offered a Superb Buy-the-Dip Opportunity,https://www.fool.com/investing/2026/05/30/this-dividend-king-stock-just-offered-a-superb-buy/?.tsrc=rss,Yahoo,2026-05-30 09:45:00,True,bullish,,0,1,1.0,lexicon
109a825ecb42,ADBE,Driving Smarter Fleets with Machine Learning - Supply & Demand Chain Executive,https://news.google.com/rss/articles/CBMi5gFBVV95cUxQNDlOX3MyNU5GQW5vYVdlNkUwVEN2T2k0X0tLUC1BUXU2Y3V2NmhPUDNfbkJlYkExTHRCRHA5bTkwNnNaNUtNQUhuejZpTzdKTDJIeHVBLTVlSl9ESHY1VUh1TThrUGU5ZG5rUUZyN1BMcEJXcm5NNFdhNDR0SkVrVXExVnpXel91azNmWEtwWERSY0NCWm5NS0YycDhpX3pvRjNubENhcWs4ZGN6aXREblgxZGZsV2NMNmhKQU9TcmdvMHFoXzI3TV9MUXJxQTdISmZnOUpua2oyYXpfR0M0eDFlelZNUQ?oc=5,Supply & Demand Chain Executive,2026-05-30 09:26:24,True,neutral,,0,0,0.0,lexicon
91c71adc7c06,KO,CocaCola Company (The) $KO Shares Sold by Edgemoor Investment Advisors Inc. - MarketBeat,https://news.google.com/rss/articles/CBMizAFBVV95cUxQdUc4UHIzTnNFRW53OXZZWHVENWktRzd0cFR3VDZwaE9HQU1lRDFRMUVwRDBaN3kzWUtwN3YzNk5odm9FS29YTHZla244VC01TTlPVzBScUdjbS1BQkxzNDV6bXRFenpWVkdmclhtYnZRNzU1bHkxakJEZmFSOTBEWGVVNURSMDU3Q3pFNjZBdWhiNU45clpOcFY3NXo0eVY4SGJISGNLdXlVb0dVVVNkMDcydjdBWGJZcDVHUGhSWXFJQzdGVExCa3RsNEQ?oc=5,MarketBeat,2026-05-30 09:17:07,True,neutral,,0,0,0.0,lexicon
db884e642653,JPM,Mach 1 Financial Group LLC Has $6.68 Million Stock Position in JPMorgan Chase & Co. $JPM - MarketBeat,https://news.google.com/rss/articles/CBMi2wFBVV95cUxNR0h1QnhLYWVoc1lhSHQ1ckdXVHNlcnRIRmhXNzVPcktwS2g3cG5HTnI2OXZJc2M1Mkx1YWs2bXprZlhrTi1EUWNfQjNJd3NwUDNvMEY2emt1SDlpRW9vZWRabERVSkZFUGpySmdGMG1Dd3RVeWtIQ2pMQThCdzdlcmEycHlmSU1lZVVHZnFFcUoxTGI4SVBlOVVzQU01dVhaSF92RUdfc09mbmNZRzVzWXVYNmVTclE0dml6MlhKN1ZNekhtdUpwdm1XZTY1NXJzdDVjZzMzQW50LVk?oc=5,MarketBeat,2026-05-30 09:13:05,True,neutral,,0,0,0.0,lexicon
4e689e2a8dfc,JPM,IFP Advisors Inc Boosts Holdings in JPMorgan Chase & Co. $JPM - MarketBeat,https://news.google.com/rss/articles/CBMiugFBVV95cUxObjFDLVZmS2EzbTFVNTVXdXNpeHdvN0F5cnZ3bkVyS21lQzBTQzhveFktM0szT1h5LU5fNkdwSFlCbUlGdmVWVHhlRlBCR2dBa3dtZEZsQkxmYVZqVXRzM2M4RWhESEg3MkNfZUN5dXNRUUJsU09ES0oyRlB1NEU1UFBDSGhUTVN4a0wtMGhwcmYzTjVCTlJfTEFpcENjZmtxb21ldjFqcEdvenpDVmZaa3I3UVBKUVM4NkE?oc=5,MarketBeat,2026-05-30 09:08:47,True,neutral,,0,0,0.0,lexicon
112031308edd,JPM,"Lazard Freres Gestion S.A.S. Sells 10,529 Shares of JPMorgan Chase & Co. $JPM - MarketBeat",https://news.google.com/rss/articles/CBMiygFBVV95cUxOcThfdTBaSUQyZjhXQWt2R185Z2RmM24yZC02LVBlY1dLTW9DUklwdFVMTHlSZkJjUnJQdG5DZDllMjJHVHdJblFsZ1B3WWJmZV9lT3U0UGh4R0EtdTk5Z0hxd2RwY25GTFBBNmRxdUF1M1Z4NVZPX095NlBTbkU4azdKa3FyVXhXY3VNeEluLTZqbW4xeG8wZGtvNUEwMmRPWG54VnBoeDZNUjRNQ09nU09SRVRCSllDb20zR29vQ01TalhvdkdsaUtn?oc=5,MarketBeat,2026-05-30 09:08:46,True,neutral,,0,0,0.0,lexicon
2b12c888b960,JPM,Rathbones Group PLC Cuts Holdings in JPMorgan Chase & Co. $JPM - MarketBeat,https://news.google.com/rss/articles/CBMiuwFBVV95cUxPMnlORWNOY0I1WXlSRXcydVFIb0V5eEZXekVwZlcxdGZBWDM2bTVNWVVIaXlzOUg2MjFiRlpMb1pZOE00eWRxZ0MyMmgxZ0gzMTZrdl9EcElUUDBKeGE3UmRHNjRzc090c1FyUDZIUm5VZ0I1eFFuNFRNYkZyMW5hdjBkeDhaaUlaQVkyOGRPZEhVeEJza2JINUl4R0RNMkhuZEluLW1HSzdRMktsT1FXMWFHUWU1YS10eVBB?oc=5,MarketBeat,2026-05-30 09:08:42,True,bearish,,0,-1,-1.0,lexicon
ba4b449f1891,JPM,JPMorgan Chase & Co. (JPM) stock slides as market rises: Facts to know before you trade - MSN,https://news.google.com/rss/articles/CBMi0AFBVV95cUxOM0hocWVBOWN5WW1JYjhXUTRUTy1CbTUyTXNET2pXMlV0M00yUzltSXpqVE1tUXYtZkFLa1dJR05rbnY1V3JVdFFsbWc2RXdtNzRzOWVnQU5aODZxaDR5akVGQy1lV1hkV2ZfZmlHWldhalI5bU1mcm45c3F6WW9XenRXOHZ1R0hTVjYxWGdvRU1tcS1ranozeHdJaENTZnM2U3duOVVGVUNDRXNFeUNaSjkteTZUZ0ItQ2E3WWRNdUpzeDRHVmM3UnV6UUdJWDUw?oc=5,MSN,2026-05-30 09:05:30,True,neutral,,0,0,0.0,lexicon
2f65cbbe27c1,AAPL,Interchange Capital Partners LLC Grows Stock Position in Apple Inc. $AAPL - MarketBeat,https://news.google.com/rss/articles/CBMizAFBVV95cUxPbDJnMkM2YUtVWWVkc1JCcXJDM256RmlPLVVMT01xNmQxQ2FJdTBnZElJUC1wOWNYSlJ5RzBNWVA1bkZoNVBab0R4YlB4aWxoUWpPXzJQUTVDMHBEWkNYd29Pc05obFVXcThNeVZtOEJBakVZbF92NDhpTlRLV2RXMnJWcnU5bEZJdnhqbjNoSmZHQ0pRVEQ0RkE2Ynp6b0o4YmEzd0VvWXdENG01VXJHQnVhSjkydTR1R1k4VWtmYU1oZVJGTE1way1iM3U?oc=5,MarketBeat,2026-05-30 08:58:44,True,neutral,,0,0,0.0,lexicon
2f25bfc05050,LLY,Stock Split Watch: Is Eli Lilly Next? - The Motley Fool,https://news.google.com/rss/articles/CBMihAFBVV95cUxOWlFXV2llU0FXMUViVmtJc3JMbkl0eVIyRzV3aDBYU1VIdzZHN3gwTWU5dU5UY2s5dmZuSThqZ1JEV2M3WGNfd2hNaHYyMlFFMWtIb0FaSE0yd0pXTmpUOGJXRHlDak9wbHJWYmI5RWswa2VoU2lvQjJZenpSOTY1emFPSGw?oc=5,The Motley Fool,2026-05-30 08:50:00,True,neutral,,0,0,0.0,lexicon
afe5ae82fe3c,TSLA,"This Is SpaceX's Biggest Market, and It Might Surprise You (Spoiler Alert: It Has Nothing to Do With Space)",https://www.fool.com/investing/2026/05/30/this-is-spacexs-biggest-market-and-it-might-surpri/?.tsrc=rss,Yahoo,2026-05-30 08:50:00,True,neutral,,0,0,0.0,lexicon
518bcada5218,AMZN,"Amazon.com, Inc. $AMZN Stock Holdings Boosted by Gateway Investment Advisers LLC - MarketBeat",https://news.google.com/rss/articles/CBMi0wFBVV95cUxPVkZGb3F5STE0Q0VmbmpCQWhpUFB5eXJ5WDh1VkM4ZFRqVXFnSDBsVGoyOU84RktVdThycGZaUlJIdEpTM3djWnJURWJ1Tmh6M21SVmtIZGg2NHNyVDB6cnJhSV9zYXRGR2ZDNHlFVWRPOTNhOGhrNFk5VWh2ZjVRTU52eDNzWmtwaGowQmV6THVoNndWMzNlb0lBdUdmUF9HdEx3SWc2RGViS1o4OFE4SGpUWTVQQlp2SFRiMVByNExjbHRCU2JnMmFZOUwta0oxUTBN?oc=5,MarketBeat,2026-05-30 08:46:47,True,neutral,,0,0,0.0,lexicon
6e297b893f93,PEP,"Forsta AP Fonden Acquires 49,800 Shares of PepsiCo, Inc. $PEP - MarketBeat",https://news.google.com/rss/articles/CBMiugFBVV95cUxNeS1ReU1sNnRDWGl3c1h4YWU0LV82ZG9MV2VYNjBJdHRxWUM0MnJHV1VTUlRuNG9xdGkzcVdCNnBsQlhSaXluZ2VJOUpxbTFyRWlVa3dqQnNYRi0zMEtzYmlzRUhhRThRTmhhVV9fTENoRVRnejhWMERSMFQ1UXFRZm45aXF0N3BTUlVucDk2eEkyVGZCa3lEeDk0TVhybTFPVndqSVdnc1Y0SnExRXRVWURGTlVGTGJwWUE?oc=5,MarketBeat,2026-05-30 08:36:48,True,neutral,,0,0,0.0,lexicon
dd8b0096fc11,GS,"Forsta AP Fonden Increases Stock Holdings in The Goldman Sachs Group, Inc. $GS - MarketBeat",https://news.google.com/rss/articles/CBMi0gFBVV95cUxNU09LczhKNDQwcEhxX1lTNVMtQk5URWpUb1pvVEFHZnhsTXFhQ2R4YmVldDFPTFhvSVNjRFh1OU90cy1IWGE5a0F3aHlnb2tkV1JZeUFXNmw3VmZfYmloQUYteHdyeDMzZjVacE9kamdnVjAwekVQcWY5WmZpTFBWMVpmQXJvMEo5RGstZkpocG1ObElua2s0T1FMUThfQ2psZlc0akJwN2ozRkYzYlp1RXVhVFZRbE9RUVFXQnBiSDZ3S01YdS1ZR000S1FvRVYyVHc?oc=5,MarketBeat,2026-05-30 08:36:48,True,neutral,,0,0,0.0,lexicon
72ee6dcd12d7,JNJ,Forsta AP Fonden Has $123.12 Million Stock Holdings in Johnson & Johnson $JNJ - MarketBeat,https://news.google.com/rss/articles/CBMizgFBVV95cUxOUnU0VHVMUkhZdHFoYVpSSjJuOFd2UDVZSlZOVm9hY0pJMmZlcEFWWjFsTG1UU0FjNzd3YmhCWTFXUU9mTWRtYmpfV3Fyd0QyY2ctYno4S2VDczNybE5RLXBOdU55Sl9BcjBtY2N5bDBQdWkzdTNSOEY0Z2lFLWIxNHJ2UXptMW9xNXl4ZG1HaXN6WU1sU01zLUxqTFo1QURVTFRrQldZanQydFlkOHpOUmotaUlqUDVoTE1JeUJKVnM4ZkY4TXphbmdBOVppZw?oc=5,MarketBeat,2026-05-30 08:36:46,True,neutral,,0,0,0.0,lexicon
91f9000a54da,MCD,Forsta AP Fonden Lowers Position in McDonald's Corporation $MCD - MarketBeat,https://news.google.com/rss/articles/CBMivwFBVV95cUxOQkRkc3NsUDdVTHBVS2ZMV1Buc3NMTFpMQU5DTG15VlViZjFwSEhHeDNSMHFhQkpXTl95a0dmaUdZMExQUnM2Q245QVoxQ0lqcS1MMDN6aVd5ZEhnYlVxUzdqMGFHaV9JN0tubGZubHlHN3ZNRkhkLVlLemRuZ2djYWlrU293UTFaQ3BldV9jZ1lmN0lRbzRLTTlBZFlzaDNRVHFncHpkRnBmMjBTanluWWpmemZ6V1VLVzltQ01rWQ?oc=5,MarketBeat,2026-05-30 08:36:44,True,neutral,,0,0,0.0,lexicon
85e86317f29c,MRK,"Forsta AP Fonden Lowers Stock Holdings in Merck & Co., Inc. $MRK - MarketBeat",https://news.google.com/rss/articles/CBMiuwFBVV95cUxOaXk2dnVqZk1NVEF4Y1F2TG4yX2RHNGFZbGJVeWZHRGpIaFNlVVpQdUxYa0R2VWxsejZ1Vk5qLW5iWFdKWlZ1QXNmaWprQU5JZjNOTzdEMXJNUVZkcUw0Umo3NUxKaUdaR2dveWFrYTZQcXgzWjdlbFdtcWNlUTU3UUp1Uml1RmVqaHlCM0hXTFRzM200eXlMdEhFVWREYm94NWwyQTVIendWczdrTDM2ajl5eXY1dkdZV3dn?oc=5,MarketBeat,2026-05-30 08:36:43,True,neutral,,0,0,0.0,lexicon
3dec908da45c,NFLX,"Forsta AP Fonden Acquires 1,135,810 Shares of Netflix, Inc. $NFLX - MarketBeat",https://news.google.com/rss/articles/CBMivgFBVV95cUxON29Bc2ZJZHhRaXQ0RGx1bG9YbUpCa2g1a00xU1Ftc3dCeDFEMVF6aFNCQWRSdFByYUVOdW9ISms4RDJHY0c2b21JaFVFUWgwX0NLcWhEc296SFI1aTFVQ01QSktQRUFQa2JlNHFxMFF4SG5nZDgtMTRIeTdqdmJFcnFBay1JX0I4c1JCXzZEX24yUlhkZ3VUdG5aejVRb1RjMzJrYUMwcmt4LWlhSm9kQTBFZmNOeG9jQXVqNlBR?oc=5,MarketBeat,2026-05-30 08:36:40,True,neutral,,0,0,0.0,lexicon
e0fe055164ba,DIS,Forsta AP Fonden Grows Stock Position in The Walt Disney Company $DIS - MarketBeat,https://news.google.com/rss/articles/CBMiyAFBVV95cUxNVUdmOEo2eDZ3UkhLZFlscno5ZGFEcHJ2YjYtODlqVkUyYXhTYng5R2J0VXB5UGdfcS0tRFVoZE55TVhSTTEzajFVV0xQcE14VjJSZ1VNNFQ0WG5UNE93UGN1WEJ5a0s5X2FjRmE1TUFFYzREYlhieVc0VTRsQkxxV3ZyNi16azFyUW13d1RBNkpScEVBM2tjXzJDV1RlTUlpdXI5ZEp4RkNrM2M0VW9hSnE5dnBsbW9GcXNLWjhLem5ZMnBlWjZDMw?oc=5,MarketBeat,2026-05-30 08:36:39,True,neutral,,0,0,0.0,lexicon
9cc2d3639d2a,V,Forsta AP Fonden Lowers Stock Holdings in Visa Inc. $V - MarketBeat,https://news.google.com/rss/articles/CBMiswFBVV95cUxOTG1JQU10WFNQUE9obFAxaWxlUGo0d1NvS1kyT3FiMHFKS1RDSGVFVVpEaFNUOUFzaEJjSDk2WUg5Y3Fhb250cjF6bzJrRmRPUjNZVlFiN1F3QlZISGFZNUR1NF8tTlptVk9LS0RTM2p6eTJ5SkxaMG1LbHE3U3FPNlZnWnk0RW9GQlJnSGJDckFNQ2gwVEs4MW1hVzRGV3RTSmtCRkUzR3pweUk2NXdCS1N3Zw?oc=5,MarketBeat,2026-05-30 08:36:37,True,neutral,,0,0,0.0,lexicon
4ae34f6cccc5,PG,Forsta AP Fonden Has $90.53 Million Position in Procter & Gamble Company (The) $PG - MarketBeat,https://news.google.com/rss/articles/CBMi0gFBVV95cUxNU0dtUWxWUUM1NlV4U25WX3ZUTHdPRVBsbmxRNEFsX1ZEMzFNdGdkREduOEdrWTBZRkQ4NTEwWS1TV3JIZGZ0eVZZbXBiSmtqeEJNZFFuMkcyeG9CcG1wSnNIVE1UdEFCZXdHd29fWWZjMEI1UWFzdlRLMlJTS0xjTnItR0lCY2lLUFJFNm1JdXVVd1NTV0ZqZlJ6QnZIall0dE1kR295UFJoVkJwQ0R3bWpFY25tNjg2RUJnRENiSEJQSC1GRU53TURTN3drdThEREE?oc=5,MarketBeat,2026-05-30 08:36:37,True,neutral,,0,0,0.0,lexicon
bde1f2036623,KO,"Forsta AP Fonden Sells 26,000 Shares of CocaCola Company (The) $KO - MarketBeat",https://news.google.com/rss/articles/CBMiwAFBVV95cUxQVmV1Y19MdW9JNDhubm1RTHBZamJYWHk4NGw4ZVdfQVlNaTUxTHc2bjR4Nk8yZEtoVG1HNmN2VzB6TkVnVS1pbEJtN0RKRWJ3dEdGMWJqZmtLaEY4RUMwOFVnWktCSGRHWVAwVkRoU0tpTUhOd3VXa0FXeld0czI1bHhvYTVNNDE1QmQ2Y1J5MVFfLWt3RVhwQjZEbURDRHNmOThIRE93VDdlb3pGZFlWWS04OFUyR0hYXzFFZGh1TDQ?oc=5,MarketBeat,2026-05-30 08:36:37,True,neutral,,0,0,0.0,lexicon
97c4aaa689dd,ORCL,"Forsta AP Fonden Buys 45,760 Shares of Oracle Corporation $ORCL - MarketBeat",https://news.google.com/rss/articles/CBMivwFBVV95cUxQQ1J6a2szTmpNTWU1U2Y1aEMtWlFJR0NOdzNxWF9oYlBoZFk5Z0JKQlNhSF9DRWRXeTZrYTdTYWhSTmdtOU5MY2JNLUxNRUFWTG1vZ1Y0MVhydVZxZW1wbU01ekdhOXVpNUgwOTZlWnF1Q053UktvQ0g4aFE0c1FXR3gxZWFFOW1NZjF1bHRLUjBuX0JfdG9SZUMtRWpTZ0Jnb3kyOWNwQnNhbUMzSFV2Ylh6SndRN0Z5Y2ZkVTEzaw?oc=5,MarketBeat,2026-05-30 08:36:33,True,neutral,,0,0,0.0,lexicon
5699afde1144,BAC,Bank of America Corporation $BAC Shares Sold by Forsta AP Fonden - MarketBeat,https://news.google.com/rss/articles/CBMiwgFBVV95cUxPbnk1anByRWtQOHJDNWx6d1hQU2dsU3V0SlN3bzNQeWJHbjZkeldvOGVWTkxZYXYwVkZCaUlEeUV4V1EzVWhJTkMyMTZ4RldqM05meGExVHg5d1BYX2g1TWxTZzFoQUxoQjBMWVQ5Q0h2STdrUmRmZFNxaUR2S2hoMy1LbjU0QmNVcklTVUZQckhlZHp1NlVkTXloMkNIODBSODhPTV9HTmVXYUR4SmN0dHdSdjBsdnhOZTdfRXhIRVg1Zw?oc=5,MarketBeat,2026-05-30 08:36:32,True,neutral,,0,0,0.0,lexicon
4e574a55fad8,HD,3 Magnificent Dividend Stocks Down 20% to Buy and Hold Forever - Yahoo Finance,https://news.google.com/rss/articles/CBMioAFBVV95cUxQd08yNzFqWml1VU9WQjBJYUFoNlItdHFDZ2xwRjRLQzVjX3lIWW55Q2JuSmswTFE0dVg2ZVg5Z0NKenAteXYyNWUzdVRvRmEwclpDUWtMV2NMbEdUSWdaVWpaYjNTQWhzNmw3ZjhVM0hjaUx6enZGeVI3dW9RVGFsNTVTelZSVjFBU05uQkN2NUhVU2M4amNPdlpFeUx4eHlO?oc=5,Yahoo Finance,2026-05-30 08:35:00,True,bullish,,0,1,1.0,lexicon
62b6e9d26b90,HD,3 Magnificent Dividend Stocks Down 20% to Buy and Hold Forever,https://www.fool.com/investing/2026/05/30/3-magnificent-dividend-stocks-down-20-buy-forever/?.tsrc=rss,Yahoo,2026-05-30 08:35:00,True,bullish,,0,1,1.0,lexicon
6d23cab841ef,BLK,Forsta AP Fonden Raises Stock Position in BlackRock $BLK - MarketBeat,https://news.google.com/rss/articles/CBMitwFBVV95cUxPNkQ1Si15UWpCVWNYNzVfM054cjlVd1pVUl9uLXdkcUFKdEFlUm54em1WejFqNlFTODdnd0xuRFNhNjNpWEhsRGgwNU5rRTdDUnN0MzBjVlFxcWNqdF9uZGVRVlYwcWwtSC1tdWREODFNVHhoa2E5WUl3dDkyZjE1d3dyeENTVnp2TnZDamFYYlBFMDJYTVZvdjZVNDRNUXNTVkg4cUROaDg2VC1IWm5rSUppZHY2b2c?oc=5,MarketBeat,2026-05-30 08:34:36,True,bullish,,0,1,1.0,lexicon
05ac8e3fa20b,AXP,Eurizon Capital SGR S.p.A. Buys New Shares in American Express Company $AXP - MarketBeat,https://news.google.com/rss/articles/CBMizAFBVV95cUxNUnAwQjAxUTVudGRKLWRXS3JHM0tNRlExWjNhaE9yY21BY1EwbTd2U3lveksxaFJFTGpNZV9wU1FYdUtZS1RMS0Z0eUlyWFp3UUxnTmptQ2d6SnptcUdrTmwzR09UbmZabTZQWjNpSVNsRlAwbXRSQjNhaTZGY2lPTHdaemxSUFQ0Wk1QN216SGJTTjVfRkRHZnFkeXpDMHZwUkxuM21XOWpmQ2hmN21fdHNnVUw4bFpmaWxrbzNzamhhVnJFWjJwc3ZDckM?oc=5,MarketBeat,2026-05-30 08:30:54,True,neutral,,0,0,0.0,lexicon
d6873881bdad,PEP,"432,478 Shares in PepsiCo, Inc. $PEP Purchased by Eurizon Capital SGR S.p.A. - MarketBeat",https://news.google.com/rss/articles/CBMiygFBVV95cUxQQ0EzemVjckJDTzlKVzdfZEcyaWo4X0huSTdkOWMzWk02b1A5QzJLUUhvdE9MRGZEM3E1XzM4bFVBU3cyZjRxVFNTT2U5TU1LM1ZIWHFUbFhnT3N0dl9zbnFZLVZZV1lQRDY0MjVEX2FQdFpqZF9yR1FKVVRJaklCa0ZOZ09McTNOVGItajE3d1hvZ2dRTnh0MGJmRV9GZXN4XzhQaVd6WW5jVFQ1aGs2UTY5Ym9XT0RaTmFLbmpXdUJBeG4zSDBTbzV3?oc=5,MarketBeat,2026-05-30 08:30:51,True,neutral,,0,0,0.0,lexicon
cc9568e1a835,GS,"Eurizon Capital SGR S.p.A. Invests $72.14 Million in The Goldman Sachs Group, Inc. $GS - MarketBeat",https://news.google.com/rss/articles/CBMi1gFBVV95cUxQTXhRQWUwMkQtV2x3QjBDSDNFN1B2MlZoMnV6UGVmQmt1cjM5aG40S0FBN2JsZ3FIeUZ4ck0tYzl2dzlIUzdjVnRFSV9LTVA5YVJPSHgzTVZUekZ6cjhuX2dCRW1JNE1KT3FKTWoyUlVFNEZKbWpKcy1SblRLbmJweDRoWUdUNEFXMDBvaVBVMTBWWk5rRnZlekp1UHVkVTB0VGZqUWFUUFJmSTFoZUw0LWkxYmZlSlFSXzkwWTRQWEo2WW1sb1NWaEptX2ZTTHp2YjBqX3h3?oc=5,MarketBeat,2026-05-30 08:30:46,True,neutral,,0,0,0.0,lexicon
d13c3cca8581,AAPL,Could Agentic AI Be Apple's Next Big Tailwind? - The Motley Fool,https://news.google.com/rss/articles/CBMikAFBVV95cUxPeUdOY0JfR1ZyVUEwN3JOaXFHb1g0cTI4WTJFOUhvekQwVEhKUXU0RnlINUxfT09oaXlKSVBHMWFVQVpWbkRWeWcxaDllMEV0NXZrX1NHSURRdjhoeThYN2hyYXlySWt0UF91QVdiY1loUWlyVmFFMEZnLUI2Y2Zsa3NDazFJOFJ4SkgzbUJpY3I?oc=5,The Motley Fool,2026-05-30 08:30:00,True,neutral,,0,0,0.0,lexicon
c2c809c6ccab,BAC,Eurizon SLJ Capital Ltd Acquires New Shares in Bank of America Corporation $BAC - MarketBeat,https://news.google.com/rss/articles/CBMi1gFBVV95cUxOSEM4SHRCUmpfbXlXUTNObm43NmFRM3M3eDc4TTlrVGhJbm5Zc09VdkxJVEg4Z01lMzZvbU9PUlAxUnZkZ19lMENFTTlEUS16clNrWkxTWmM4cHBvOVRFZndpQU03VU04bTlsVWZZUEVrMVhpN203NUo4TVhWVllFRjRTdG81LVVBOFBHYVFtWDY2V2wzX0xvTVRGTkRWN2tUNzJCYmxlRUdibmVDYi1nTjM4aXU1dGtKRWhfbkRHQWxIRnBuWHpMRS0ydFZ2cF8wcXJFRXV3?oc=5,MarketBeat,2026-05-30 08:22:13,True,neutral,,0,0,0.0,lexicon
ecc0fe79f690,CSCO,"8,814 Shares in Cisco Systems, Inc. $CSCO Purchased by Eurizon SLJ Capital Ltd - MarketBeat",https://news.google.com/rss/articles/CBMi0AFBVV95cUxOUUZHc3JyRlRfeFJHQkpNNjZhR28tbmpCdTB4RnBIU2NydDJBZUFqeHNKcnZvYUlodlgyeFhqcHdFYzBJLWFIMXkxYlFTcUJqTmFReGw1cHlER2xzemN0aURLYk45T3AyY1d2eHF0YlRkUmJMNGt1UTg4dkk4OHdFY2x3elJIel91a3Z1d3lkM053NkJ0aTZJcVdJczZBTy11MWN1RU83REZSd05aZl9ndEZmSW1kTWphVW92MmFlbllFYXZ6aklWMjh3cU5QVWV2?oc=5,MarketBeat,2026-05-30 08:21:56,True,neutral,,0,0,0.0,lexicon
a8a7ecf2862d,BLK,Eurizon Capital SGR S.p.A. Invests $80.18 Million in BlackRock $BLK - MarketBeat,https://news.google.com/rss/articles/CBMivwFBVV95cUxPaXRGZi1ZMzJUcFZCOGptLTZjMEVlNzRBZVVWaVlUVnlWSWNMY1Y3M2N6ZUZZYzFETm5NaWJtX2R1X2pRUWhjWVQ5aExsVXpZMTJFSENWMUNkSGV5V0dIMlF3c0k3a095S0xDRnRTQzVMRUVZRlRscnM2S1JhOHU0aW1xX2FNSmpjc29lNzJGSV9Qbm8wN2ZjTXJNR3ZKZUljU2VyZjJJakxXakJxbldUeWFpc2JBZmpvSjdOYk13NA?oc=5,MarketBeat,2026-05-30 08:21:50,True,neutral,,0,0,0.0,lexicon
e01e06b4e719,SBUX,Fideuram Asset Management Ireland dac Purchases New Position in Starbucks Corporation $SBUX - MarketBeat,https://news.google.com/rss/articles/CBMi5gFBVV95cUxOZ1U0T241WnNSa3dNclF4SkFzcm5lNXM1ZnN3Z3pfeWpMUmQ3QU9TQUpXeGk1Q3B1ZV85NURWMnBHbTMwUnRMRGJ5QktmNDIya2JpaWJCWEh2Z3c2ckw0MDFQczlOTTMyRFhZSEpVbDNhYUF5T2NLLXJQbWpla2hZODBXc2NobmpCTGNhdTE2X0JBYlltenJ0RDF0eG1nemZINUYzNmJ1ZWk0YV9nQkFTc2FMRmUzdmQ2bmlHUzJaVlJ6cWV6Y0otYU5fV0RFUkhtRkl1T1pjQm5DSmJZSlV3SWQ3TXFKQQ?oc=5,MarketBeat,2026-05-30 08:17:55,True,neutral,,0,0,0.0,lexicon
1363d99cc5d3,AXP,Fideuram Asset Management Ireland dac Takes Position in American Express Company $AXP - MarketBeat,https://news.google.com/rss/articles/CBMi3gFBVV95cUxNdFJVV1Fabkt2SWdGMnpKc3ZzNmtDODN4ZEFGZnltU19sSnFsMDVLenluRDN6d0t3VEd1QTlkMGdNU3lOLVI5RHJhSEpkaTMyYmdVUzRSU2MxZGRNdUNMYVlyR05zcGZYTi1zUjhoWGdHMWN3LVJJd3l5WTdpYmlhdG5vcG9sSDQ3dFM2TGxyWjJyLXc5RlkwWUZlb2lkeW1mZnVLX1M2ZkRhSmVVMEVITm1hUUlEVDNCVmhPd1FwZ3B3WC1kMl9QMURaejN3aWZSWWN2WERhYXJhLWNLY2c?oc=5,MarketBeat,2026-05-30 08:17:54,True,neutral,,0,0,0.0,lexicon
c0591a55c9cb,DIS,Eurizon Capital SGR S.p.A. Takes $174.28 Million Position in The Walt Disney Company $DIS - MarketBeat,https://news.google.com/rss/articles/CBMi3AFBVV95cUxObVRZeS00cVA0Q05YdWJtYUo5UmJtcDBNMkw1ZnQ0ZElPNDY5el9zVFViVHAxSjlmVmFpcEFUcHJObFZTdVdzbndTOEVrVTBxRXlQdjdyc0UwajZFVlk1ckQyVXpWQ2gzdDBrS1FfQ0ZuZTJkRkd6NUYyZnJVRVBDVm1GLUI1YlU1SUFnazB6d1NrR2E2WEE3MjdsTXJWVGVFTnlZSlk4dHZJSUhiZTg0SHpLR2RDZThfY2phcUJVUGRhWUdpMmJPcEhacmgxS1gwd0RPSHYwMEdDS1dM?oc=5,MarketBeat,2026-05-30 08:17:53,True,neutral,,0,0,0.0,lexicon
e3c7bacf632c,JNJ,Eurizon Capital SGR S.p.A. Invests $397.82 Million in Johnson & Johnson $JNJ - MarketBeat,https://news.google.com/rss/articles/CBMiyAFBVV95cUxPQWNQZkRFdFFTVjQ4N1RfdmNfU1h4cnBIYnZQMXRvLXB4SXg5NENIZU52QUhDYkR4WlhHUHFiM3drN29yeURHU0ZwQzdPTHhxaGxHdnJ1R29Scl90c3hmMTFJNUFvajZHdDlGWmlROE9tQ1IzeHphczZzNktBdENhTklXUFhrSWlPeGVoT2NPTnZTdU90RzJ1b0NNR2Nvc1dxdDI1czBLS0tkTTJ3SUZHTlF0UFVrQm82MFFZU3lSZGE3Vjg0N0FWTg?oc=5,MarketBeat,2026-05-30 08:17:50,True,neutral,,0,0,0.0,lexicon
cc8250a6d227,MRK,"Eurizon Capital SGR S.p.A. Purchases New Position in Merck & Co., Inc. $MRK - MarketBeat",https://news.google.com/rss/articles/CBMixgFBVV95cUxPM2s3QU5WVnhLZ25rYkFCa3Y4eDJTLXR6Z0g0cmdpczVqQWZzVWRjMTlLY3FmV3psOG5EYUNFLXI1a3ZxM0JoelRzQzlzVXJHUmhkalkwQmZCZEtzWk9McDl6c3lsa2JYcU1lLVFCWC14Nk5zTGhwcDFTYm9FcjMzNVZFYkRQdllyeWlHQ1Z5WUdWcDdRZE9mTTRpUXpnalpIcFB4UG5aejFZNFJnaFRxdTlaWHdPRmFHM2d2ZkU0Rkd2dURBbVE?oc=5,MarketBeat,2026-05-30 08:17:49,True,neutral,,0,0,0.0,lexicon
572361e5774f,BAC,Eurizon Capital SGR S.p.A. Makes New Investment in Bank of America Corporation $BAC - MarketBeat,https://news.google.com/rss/articles/CBMi1wFBVV95cUxQSVR1ZHFKai00MUVLYWVSaTJ6ekxOaVp6YlpyaUNkQkRKcVN5dHo1QklZa25tZFZhSkpzZ1Z5aDU0c1kwei1pbmtMMFpRQ05kZllGZ1EyX3ItWWJYNU9GdmRZaGtHWWVlY0haTU5wQXpqQkJ6Rl81bkpmWDlKTGlGVDNnd01FZ0VNNnlUdTJhMjFJeDZaWFRnSzU1OHdZZXpTZzNyYWV1SWtZbU5JQ19naV95T1lRMzFiTVUzdnBJcGRLZllHeVZiUFVPd1VkVmFnUXAwbV9FNA?oc=5,MarketBeat,2026-05-30 08:17:46,True,neutral,,0,0,0.0,lexicon
3518629808ab,DIS,Fideuram Asset Management Ireland dac Takes $2.32 Million Position in The Walt Disney Company $DIS - MarketBeat,https://news.google.com/rss/articles/CBMi7AFBVV95cUxPQm9TRUpxQWRnajVGMDllanJNcEtZRXRKV0QyVXdUZzJORzVqa01PaDM1T2NBYlMzZ2xTMmZKbEFVaWlObU5nbjVJcTN3U2JnVTlDS1NGVExiX0VXeHNuckluUnRFVFVnR1M2c1ZhbmpTcFNtdXNQbTI4bUNHbVN5MUMtTkxpaHoxOWZ2ZGpmekFCRGd3SjRIUkl4RjRHTWRZbm56dW51ZGQ5LTdpeE1EMzlBYk1VMnlabmJjeE80X2o3M0VBRnZtYmNyOU1JQjZHZ2xpSldid2FnSWpKTFE0TDJ5Ui1MNjNrZVJWMQ?oc=5,MarketBeat,2026-05-30 08:17:41,True,neutral,,0,0,0.0,lexicon
c12ec151c934,GM,Fideuram Asset Management Ireland dac Makes New Investment in General Motors Company $GM - MarketBeat,https://news.google.com/rss/articles/CBMi4gFBVV95cUxNM1R5UnIxYWk1d2o2Nlc4M2dPaEdSdmFHSXFpSURqd0QwRTV5VzRrV2hOOU5IT0RqMEtvakU4V2N2WTlLdTJaWXVCYmlONVc3T04wU0FEUXp1clNmckNuZjVIYUVMY3p5MjItNnB5aFllSldwYXlYN0lPOENaWG9EZG9fU1hLMG5RanBIX1A4NUowYjZGX3R5XzFkZC14WVNvaFFVU1BuXzhlalVWQkxfeHBuVHhIb0tJcFVuMXpDbW5TUXhmUWlEai1ETzI5TUNaYkF0ZW9tbjZva2c1dFVCM3dB?oc=5,MarketBeat,2026-05-30 08:17:41,True,neutral,,0,0,0.0,lexicon
995b7442eca6,NKE,"Fideuram Asset Management Ireland dac Makes New Investment in NIKE, Inc. $NKE - MarketBeat",https://news.google.com/rss/articles/CBMi0AFBVV95cUxORUphanV5VC1KdnRJbk5ScXN5OTNnQVE1QUJXbDJpWmdLbUVxaUhZejVETXRBSWtKSFI5cWt5a08zb2cyRjA4NDhmWVI2ZnAxOUtuX01VNThUaUFCM0JRNWRBaFRHdnBhYlZ6Y011dS0yZ2VkYVh5YUZReE1pczhIVjJwZkowU19aTXR5NmRmUklBcUNyWS1kNEM1QVctbXdLZVNuNWpsRXNKakJORUhjd3hrbnpnVUNxRDBucVdXZGdPeWhHUXdNa015NmYzdXk4?oc=5,MarketBeat,2026-05-30 08:17:40,True,neutral,,0,0,0.0,lexicon
4b06f9d1a0ad,AMZN,"Ethereum’s Price Setup Mirrors AMZN Stock’s 2001 Lows Before 1,000x Rally: Standard Chartered - Stocktwits",https://news.google.com/rss/articles/CBMi0AFBVV95cUxOdGtzMEo3ZTVRbExSS2l6WlQ3blAwb1Fld1Y1UmVXYnFXUG5iMWFhblJIM25aTmJkUVBUYzdzazd1enA2cDBxSEZpUXVwcXlRYlVaSDBJMWdqWFc1RUNyVFRHSHg1d2pMWjNHRWRBdDRfdE5FVGlPem9BMlFmOWNucVF6aHFDVE53R0g1eTVhbzZEeGphTm0xcmdicVhlX2dDZ2IxcndsLWFraTNmb19VSzc1dW9FWEhvVkVodEhMcVlZb2p5OGxTVTlPOVpHWnBt?oc=5,Stocktwits,2026-05-30 08:16:44,True,bullish,,0,1,1.0,lexicon
a1ac89be0418,BLK,Fideuram Asset Management Ireland dac Buys New Position in BlackRock $BLK - MarketBeat,https://news.google.com/rss/articles/CBMizgFBVV95cUxPY2ZqR3FwRzJ3eV9NbG9jclBmZmJvVWRyc2daMEdXMm1zcWJqVXpPc0gybVhqYTl2TFh1Vml3d1FWX1RJbS1xNE9OTi1jRkphQ3Rvem5zb1gwNi1fOFFqcUxmcjFPbzN1NWJyN29uNEhoWXBPODV6aUlSU0RaLVktMlVtVkNqaWdzTFRocjlkQlcwa0VacGI5NkZMUnZXdkljaDltU1Fxd3dvM3REUlNoeUlUeWlVeEhtWlFjYVFiTVRTZFJIdmZOWHpoT2RSQQ?oc=5,MarketBeat,2026-05-30 08:13:52,True,neutral,,0,0,0.0,lexicon
6d1e34241ac1,NFLX,"Eurizon Capital SGR S.p.A. Buys Shares of 1,489,386 Netflix, Inc. $NFLX - MarketBeat",https://news.google.com/rss/articles/CBMiwgFBVV95cUxPODZMN2t3VE8yendMNjFlVE9HQmRrMGc1dGV1SUN3Mkp2a2VKQTY2OFZLV3dHeDBIT2dTSXRoVzhORzFNOWZZYWJsOXBpZW13S2o1TTdPV3dBU3RBaGRoTlVDQjRDTFdlQ2dQQ1FYdEE2Yk1uUU1ZcEpiYllETDN5TU5vRjc1MlR4UXBUOVRIY080WlZHSE93cVhJaWp1NU1HcExNdEw0Y2FZYWpXbnVWYVh2bW5ScFJmcUVzZ1JMLXNsQQ?oc=5,MarketBeat,2026-05-30 08:13:49,True,neutral,,0,0,0.0,lexicon
8d213db634bb,NKE,"Eurizon Capital SGR S.p.A. Buys New Position in NIKE, Inc. $NKE - MarketBeat",https://news.google.com/rss/articles/CBMiugFBVV95cUxQQUoySGFSVmpUWUhjelRBSzNyRnpnYy1JSm9pWGl6cTlSTERWRnRCQ2ZnMGZ0SURuYkptNHlPVW5ZU01EWVRpaGZKOTNaTTFrWl9saExqSXVRQnFUcnFuVWY3OXMtWTJ2UV9COG84U3RPck5XQmtGLUZ6UjBNR2RMVjNMaUh0WnZWRlQxd2pfVGpzZEtoTXRyczdnZk5iU1hXMmtBQTNfeWViSjhISkxKMk05WHkxVkt2X2c?oc=5,MarketBeat,2026-05-30 08:13:49,True,neutral,,0,0,0.0,lexicon
7c5b52ff6c52,MCD,"425,671 Shares in McDonald's Corporation $MCD Bought by Eurizon Capital SGR S.p.A. - MarketBeat",https://news.google.com/rss/articles/CBMi0wFBVV95cUxNSGYxOHByRzltTmQ4OWgyN2JWMjVrdHBHb0kwZ1QxWU1BMVVxZXR1R2ppa3h0Vy1PRFU5b1F0WGZIdWQ5Z0Z1MzBHLWMwT3MtS3FFRlo1NHhFWDNRVU05WUtRQlZ3VVBZaXNndm0wRjZKVENMWlBMWGc4Z1IxQkFTMGhBM3hGYTJVXzJONEl2RGpjUTRfRk10WDQ4SXlyV3dJZUl4MkFwaUNrdmc5Y1lUcGpReWpOMGg0V19odU9COXhPbE5uV2tuMzRyY0EzRklLVFVn?oc=5,MarketBeat,2026-05-30 08:13:38,True,neutral,,0,0,0.0,lexicon
a7ef0bcede86,LLY,Is It Too Late To Consider Eli Lilly (LLY) After A 51% One-Year Rally? - simplywall.st,https://news.google.com/rss/articles/CBMi1wFBVV95cUxQVWNaT3FGR0VzTnN6UVNwVnV5cG1UajIzRWRNZWlxMzhCeG5WSTZTTjl4WmJpa2RoejVpVHZpOTVrblRxUHUtUzhkMXFtZG1tOEpiNTlNYmJpc1JVMEZ2SG43TlR1YVlfTGJNR2V1TFpwSDVWSE80UDE4M0pGWHFtU3Y5UXR2dDA4ZlRFOHU4SzFLS1VRSkpmV051a0M4WW1BbFBUUGdFNmwwbmFzVTNVemRiVVY0RHcyc2RHcVVBblFlaE8yd2p5Z3F3c2lESV9TbkwyQW1lWdIB3AFBVV95cUxOX0ZNY1BXU3g4dzItc3V1OWZfZlVFTlN4NFF2cVFZTVgtcEZDaXdQSnlPeUZOb1lpcllYOUJ4OXRhUV9uRnM1OU9YVWF1SWY0N3VmZFJ6ZHh1V2YzblVrZ3YwMFdhTG82VjBQeE9aN01sRjNVdGE3bXRlb3FXRkRtZENFUFM1cm14QWk1YXJJdkJqWlJiMk5fVzhRaWRzNl9NZWVjelZ5bU85UWRlN3FGcVcySEVFRDVId01kSlBLbWhTdjc4UTJLN2VSUGx1dHpOWlJiZ3JFb3ppM1Rr?oc=5,simplywall.st,2026-05-30 08:13:33,True,bullish,,0,1,1.0,lexicon
5763ada0281a,LLY,Stock Split Watch: Is Eli Lilly Next?,https://www.fool.com/investing/2026/05/30/stock-split-watch-is-eli-lilly-next/?.tsrc=rss,Yahoo,2026-05-30 08:10:00,True,neutral,,0,0,0.0,lexicon
b3b596871dc9,LLY,Stock Split Watch: Is Eli Lilly Next? - Yahoo Finance,https://news.google.com/rss/articles/CBMilwFBVV95cUxPSlU3OTB5RTRXWkJsNndOSlhfUjI0WGlpVDlKaTg4a1dlbDZuWmJBdm1hYldJQThkWndsLW04RWNoZnZYa21tT1hFQmdNWlZSWW1Pb3AyRUQ1Z2gwaHVzd2ExeUxKRlJxT0VrRDVBVGFCS1RLNGxXUkZsR1l0ZlZ0TVp1dldJT2ZRS284eFZKS0hDRkdnajhZ?oc=5,Yahoo Finance,2026-05-30 08:10:00,True,neutral,,0,0,0.0,lexicon
f9a0ff52b7c0,KO,Foundations Investment Advisors LLC Trims Stock Position in CocaCola Company (The) $KO - MarketBeat,https://news.google.com/rss/articles/CBMi3AFBVV95cUxNblZtNjkxYlBxTlg2NlRzQWpLdFZiUWdhY00ydGF4MEg5U3ZHeEpRWVQ2RmZybTN6bDd0Z0laTkF3OGtWS2N1dG1xSUpzQlhsZHhwdV9IVkw3QWR6QjBENFJ0bS03M3lWU3R4b1N2VU9zbGxseFBVNHpFYXJzMTlCbjU0YUJ2MjNIaElTQkg3Z2J6Y2J3SFl3Yld6dk5KWEtCOTJGQV9FSmdXbGlNRjgwcDRkdENWWHVqZW0teS16UUhpMG9JQUNBNjROQ3RLZy1BMW1JVFlmNjltaG1n?oc=5,MarketBeat,2026-05-30 08:07:52,True,neutral,,0,0,0.0,lexicon
47281e8caedb,HD,"The Home Depot, Inc. $HD Stock Holdings Decreased by CFS Investment Advisory Services LLC - MarketBeat",https://news.google.com/rss/articles/CBMi4AFBVV95cUxQTWZ3VkwzRHd4aExLb2tSdVdoTGRSTFpJYzNZa2E1dk80bzFzS0x4NlNfcFJVbEZmZXVDZUtJZ1pXWnN6a1FlNlVYc1BGQ0Rsc0ozYjZzWjR0MFN5MDc2TDBjVmRqbzRPZ25wdFNIWFRYUjVZbUZ5LW5reUU3TW9Dc25hRndhM1hzVDd5bXVYa0pSaTN2RGRWWlZ3SVZEVGRjSTY3cndnYTlYd3lhaXl4dW9RbEQ4RGJ5WkpOLVZleWxTQm8xZXJOVk5wd0lKNVRfN1NZWDEzdTVIZGNqTlVZbA?oc=5,MarketBeat,2026-05-30 08:07:41,True,neutral,,0,0,0.0,lexicon
d939ffb53e46,GM,"GM Stock Value Surges 6 Percent Week Of May 26, 2026 To May 29, 2026 - GM Authority",https://news.google.com/rss/articles/CBMilwFBVV95cUxORUlUY2ViUmdaTk1jTzFfTWhtX3hjMkxkSEhDS1lpRUxpRG5FYldmX1l2Sk1VYnlNQmt1aURJQVY1dFFRY0FRam9ERnEyOTFnSFNucDlaQjFtVHpaOU1PWXZ0NHR4U3lhTFc5MHVkNUdEYkpzSThyLUZ2NHAtaHdmZllsOS1zeVdRLVBSWUcwSlhCdGIyWmRj0gGcAUFVX3lxTE9IdHlIbDFWREUtQkR0YVlIU0puM1M4RVRFZEZKRkYxSThCd0dmOEsxTmVBOEFGckZPUU1UTEdjVDFEck5ILUx3Qkc4T0Nua0hITE5fTlFiQ0t2b2JMbDV1aDQwcUVtMVpjVWhYTTk5ak56c28xLVJ2THRLcVo0WEZvOUNPNzQ4RWlyMnBkcTF6Nk5TZFFaRDdBbVFESA?oc=5,GM Authority,2026-05-30 08:05:40,True,bullish,,0,1,1.0,lexicon
11633ac6fbbb,WFC,Is Wells Fargo Stock Underperforming the Dow? - Yahoo Finance,https://news.google.com/rss/articles/CBMipAFBVV95cUxONzVNX3VFclkzU2JBWGhhalZvVjZGLWY4RmtCQmhMTEl6NHgtNW9HQUxhclhxbS01akVGSUk0alhsNnIwTXdwNUJkb2l4TC1OR3kxR0czODJLbTNyUHZYcVF4LTlzSjBFb21mU01ROUMzZWFBWjgxRGtWd092NFhGMEZfaF9nVUhYRnp3M3pXTFd5eWpFSG83dUhvWEhKY2xaaVJ3Tw?oc=5,Yahoo Finance,2026-05-30 08:00:53,True,neutral,,0,0,0.0,lexicon
bc5b52cdb54c,WFC,Is Wells Fargo Stock Underperforming the Dow?,https://www.barchart.com/story/news/2213400/is-wells-fargo-stock-underperforming-the-dow?.tsrc=rss,Yahoo,2026-05-30 08:00:53,True,neutral,,0,0,0.0,lexicon
432fccb299d5,GOOGL,"If I Could Only Make 1 Tech Investment for the Next 5 Years, This Would Be It - The Motley Fool",https://news.google.com/rss/articles/CBMimAFBVV95cUxPOVdNWkNRZC1JT01HNEtsZ1YzZDJpZnZkSzZJc25HZDlCc1h2enNqc2RqZ001bUx1d3JjWXByZEVQdTlXV2NXNmduUUJOQWt3Y0l2MUlaRG9IcWJHYlpYblpRcjgycG9tTDAxalNNSWluNzRXUDZMamJyb0xMYmw1VHkxQl81WmI0S3U2UmRfc2hIWk5sSEpfSg?oc=5,The Motley Fool,2026-05-30 08:00:00,True,neutral,,0,0,0.0,lexicon
b9b4e52d12aa,BAC,When loyalty is rewarded: Top earners who stay in their jobs get much larger pay increases than those who switch,https://finance.yahoo.com/economy/articles/loyalty-rewarded-top-earners-stay-080000318.html?.tsrc=rss,Yahoo,2026-05-30 08:00:00,True,neutral,,0,0,0.0,lexicon
70ac3768964f,MSFT,Could Agentic AI Be Apple's Next Big Tailwind?,https://www.fool.com/investing/2026/05/30/could-agentic-ai-be-apples-next-big-tailwind/?.tsrc=rss,Yahoo,2026-05-30 07:50:00,True,neutral,,0,0,0.0,lexicon
f6f233ab60b4,AAPL,Could Agentic AI Be Apple's Next Big Tailwind? - Yahoo Finance,https://news.google.com/rss/articles/CBMingFBVV95cUxOTEZZenloaFBFWC1zWDZpd3B0dHpkcmF5Y3hsUG83Qk1ZX21DZTBtWm1Vd2ViTTlqTGJBNk8wN2RPMTZEQkpWSUFXRlV5aXJHc29KYWR2MkNBSWlpVU5wNXluT3R1WWY3aDhIUHZYUU9DMWE2dUowOUUzdDhQWUJfaGJQXzJNWmpVUF9obEZaLUNOcGV2LU9sZl9oQ1Z0QQ?oc=5,Yahoo Finance,2026-05-30 07:50:00,True,neutral,,0,0,0.0,lexicon
9bbcc4f82e53,AAPL,Could Agentic AI Be Apple's Next Big Tailwind?,https://www.fool.com/investing/2026/05/30/could-agentic-ai-be-apples-next-big-tailwind/?.tsrc=rss,Yahoo,2026-05-30 07:50:00,True,neutral,,0,0,0.0,lexicon
fa558ffc60e9,GOOGL,Could Agentic AI Be Apple's Next Big Tailwind?,https://www.fool.com/investing/2026/05/30/could-agentic-ai-be-apples-next-big-tailwind/?.tsrc=rss,Yahoo,2026-05-30 07:50:00,True,neutral,,0,0,0.0,lexicon
0d06197e6f2b,META,Could Agentic AI Be Apple's Next Big Tailwind?,https://www.fool.com/investing/2026/05/30/could-agentic-ai-be-apples-next-big-tailwind/?.tsrc=rss,Yahoo,2026-05-30 07:50:00,True,neutral,,0,0,0.0,lexicon
8f5ef20f3aa1,AAPL,Ellenbecker Investment Group Grows Stock Position in Apple Inc. $AAPL - MarketBeat,https://news.google.com/rss/articles/CBMixwFBVV95cUxNS09RUUN3WDRNUjdMZXJ2TW1qaFozM0Q0NjFsU2tFY1FoWER5QzJLQ3hKVXpSYmQ2bzRfQWtYUFk3VjFTcGlfQldmbldoakQ4Uzk2aUZxXzZkQzFUUlFfVk5YQnlaa2Ywa3JZbGl2T2g5dDBXWGZtVEhfX1h1WHgtNDBrZjZYMjRyTk5ZVzlUS191cGJHTFB2OVh5QTMyX0ZqaXE1bHNHYi1XZmRVVHlXNmdwVTQ0cHJObnkybVdPTjMySEsxb2RR?oc=5,MarketBeat,2026-05-30 07:39:18,True,neutral,,0,0,0.0,lexicon
d7db2c1e6bec,MCD,Amica Mutual Insurance Co. Has $10.13 Million Stake in McDonald's Corporation $MCD - MarketBeat,https://news.google.com/rss/articles/CBMi1AFBVV95cUxQeXJhZldDbm5iZjh2aTZFUl96cGZ2dEtGd3d2Z3B1ZVAyZmJiQ0dxNXh3MXBheGlCeU5LZmd6R2tHYlY2ZXRBazkxNGVBV0phbzM4enpiMUh2TkVSc1NEcFI1NzREbmFNUU9OUF9tbmFMVU5DbFp0LURlN2c4dmxfYUNUS25rd2VjX1IzXzdHYmJxMXFJU3R4MkFBZ3djbkpkZnRvNHVvQnd5THFfd3Bab0ZzLUhRM3hFekp4TVhaOEJoRDhGOFFBbFhpUDN2dFg2SGlzMA?oc=5,MarketBeat,2026-05-30 07:31:11,True,neutral,,0,0,0.0,lexicon
4af265247964,PEP,"Amica Mutual Insurance Co. Boosts Holdings in PepsiCo, Inc. $PEP - MarketBeat",https://news.google.com/rss/articles/CBMivgFBVV95cUxPNWo5UFlzU0RQbV9wYU1BYTBPUi14TzRUOU95WW5CbUZrU25GUW9MLVlCeGZLdUJTX1pCTUg0S01qVUlfTXpsekRrUEhmclE1MEdiLVFUbWhrSUZYQmFydHZOaEc2TDV3bjh0dGpZWE1NZGt0QV9wVTZsSTRJdW9BZThUandpdDhYLUNpemNlMnN3d3REUHBrQ2x1c0M4UTQzR1RzN1dWdEJkLU14REY4cE1uWDZ3akpHbDA4Qmln?oc=5,MarketBeat,2026-05-30 07:31:11,True,neutral,,0,0,0.0,lexicon
51615f01cffd,BA,Baker Avenue Asset Management LP Cuts Position in The Boeing Company $BA - MarketBeat,https://news.google.com/rss/articles/CBMizAFBVV95cUxNdHFwX0lRS0FMWHZBSlF5YUM5bE44cEdIV01fNVJNbXdWLV9PY3lZVjRSb2FUeXZxZmtKNGNYcHdOank4ekF1QVNzc0hUbEFGSXdncEFqMTZZMXNSdnozbzFaWkFrMW9Za0cxbU5TYUFlOXcyU3RxVVQwQTdXaWJheEVQZHpweXJobWdBWTZMT2xZNGdieVJZTldNMlozdk1iN3o4TGJ1SE1zaGdVZ3RRQ1hSdXgtdnN4YXBDX2M1b3hqd0xIeDJBdjEtSkI?oc=5,MarketBeat,2026-05-30 07:31:02,True,bearish,,0,-1,-1.0,lexicon
ae9ee42540e6,GE,A Look At General Electric’s Valuation As New Air Force Engine Contract And Strong Q1 2026 Results Lift Optimism - simplywall.st,https://news.google.com/rss/articles/CBMi0gFBVV95cUxPeFNjUkltRGE3aURzU3RpZTJlUVAzeXBzNllRWEpBTmlWdEUyY3Q1SF9kLXpMQVFPRjZhTWFLUGowdDg4NXktb0tyQ0F2VlBlQnhUZ2J5UzlTa2FZc0Y0VjExeXRjR2dXMnZkZ3FjQl9iTmJVOF82TVBITkw1cmhkZzRLTmZZcmstQ3lNNHBob2FMcVVwSXJUTVQtT2dVRU1wd2NDdXZyekw5SURkWWlZU3FuZEgyX2NSLUN1V0plMGttYWJlTkxjdUgwTXVhaFVuMHfSAdcBQVVfeXFMUFE2UlE4RFZCbUhEeGhBdTBZWWZMdDlDZFpKSnI5dk9wZmUySHZDYUNNYUpRN2N6LWxyM3NNbjJyOERzcEhpSWlNUmFwTGgwNUFUMHg3RmJzXy1sRXBLRGJVN3BmYmNBNkZFUkt5dHpqZlNHbV9QVG4zdy1GcHZrdXRIMWdMM3hidjlZRV9HVF9Pd0hYd3FjTkN0dmpoZnJsc2t0N3RmSTZ3ZHpQZ0Y5WkVDWWFldDFjRS1fYUhEX3NRNVh0NG9IUzRJaXB5YkVua3dzbEM0NHc?oc=5,simplywall.st,2026-05-30 07:17:28,True,bullish,,0,1,1.0,lexicon
0d7b404668f5,UBER,"Uber Expands World Cup, Hotel And EV Push As Shares Look Undervalued - simplywall.st",https://news.google.com/rss/articles/CBMi1wFBVV95cUxQRkxjMUlwQkRpeV9WM19xSkJnZTlLM09fV1ZZcjRBME9SOTVJSGZLeFFLMXZDLVV4V1pJTnJOSlpGU2Q1RDV1dEFGTE8yaEw0Y21tWmVTNG15Ylp5MTBSdFBrVmhPWlFNajBzZkZ2UjFKSlA3MktEckdtMmJaT0J0VlQzdW5fNWJnNFZhNWxYakdOQnJOa1hjU3FUQU5wUDJQQWt3bzdRb3lIbGIxN01zOE1BaURmVHowdzZ0c1I0RXo2Z09HUEE4eVp4Tk5WRnFYMWlqOFZwSdIB3AFBVV95cUxONUFHSGgzQlEtak9aWWhha2NDekxwa3ZRMk94QWpFaWxIakxDU2VGUWJ4LXhRVGN6V0Zldy15ZlQtSUlCTWNqaTZVLUo2MEQ3dFVIdzVPMkpHczFLRENmSXV5YWF4Q09SdkhWYkRqRHBzMzV6X2d5R0hSTDBmanR6aklTM1hVanVaaVRWd3MtbkxGOS03clN4eG15SUN2QlpnbXZPeFNyTnE4dm40dWlIX1JIS21mUE9uSUZ6elpkRzN0OFY5OXFNUk4zZk5yNzY1YlRsU2tRdlFjaUFR?oc=5,simplywall.st,2026-05-30 07:17:28,True,bullish,,0,1,1.0,lexicon
3fdb65256171,JPM,"ABN Amro Investment Solutions Acquires 91,723 Shares of JPMorgan Chase & Co. $JPM - MarketBeat",https://news.google.com/rss/articles/CBMi0wFBVV95cUxOZnRkSGFGUVJFOTVVVnpoUmVscmpOUWNIaTU3QzVidWxoaXhiSm9nQUIwekdwNnNuN2lqLVd0OV9LanBMTEpnRlM0ZUJuTVRXa1ZLVWhyT1NPb1NCUk40aHNGRjVvWFEzMXQtV2VlSmwtRWh0bmhGZUVfWVJfTDRLaks4STk2YjFlTWJyYWFLTU50TjhteHZKLTcxaXR2SmFYY09wWERVdlBEU2VEVTl1NVgtdEo4TjZPSzQzWk54T3NpWGdPeUVSREZCX1pxTl9icU80?oc=5,MarketBeat,2026-05-30 07:13:59,True,neutral,,0,0,0.0,lexicon
54bd9edad3a8,XOM,XOM Stock Alert: Exxon Hits $176 Record High! (Buy Or Sell Now?) Karim Lopez (8l1J16INiw) - Mshale,https://news.google.com/rss/articles/CBMiW0FVX3lxTFBhUUxhZmhLRnJQZU1PenFmQmNGVFptWHVZN1VjM2Q1bTFGNksxTlZUMmZrSF9PMFpZT056YkI4bG0xV085N0cwN041czQ2QUJLeVdHZGFkRk80SEU?oc=5,Mshale,2026-05-30 07:13:03,True,bullish,,0,1,1.0,lexicon
66e64cccc7c3,JPM,"JPMorgan Chase & Co. (NYSE:JPM) Given Average Recommendation of ""Moderate Buy"" by Brokerages - MarketBeat",https://news.google.com/rss/articles/CBMi1AFBVV95cUxNTXhDQXBmTjJUcGY5Zk1TeU80cEZlY01sMm9NX3R5d2ZFekdPaTVQNV90SnVuRTR4N0xmUF9fSkVBZnNWVG5VcVdfLW5meXp0RThPT0E2NzZ0NFc2bnM0alRjUmg0S3VRNGtzd0RzZ01GQWh5aDVscWtBY2ZGUFk2Y083Um1fbEtxRHJMc29YN2ZQR1JTbVRjdDhUUFNhb1NMdGFHVnJtNzJXQ2p5NG1naW5uZDFWS05zZzlzSUg2emxjVFVMR29oMlBTMnVFcURIV01MbA?oc=5,MarketBeat,2026-05-30 07:09:47,True,neutral,,0,0,0.0,lexicon
78713df33680,GM,Cavaliers GM Mike Gansey hired as 76ers president of basketball operations - Morning Journal,https://news.google.com/rss/articles/CBMiuAFBVV95cUxNOTlQYi02YWoyMXY2VmJTbU9SeEZQbjBhRDZYZkFDVFdsRFhCYWdFXzZoNkFHQ3JZaXR5Z194YmhwZ1l2MVFkS0Nmbm8xT0hKVUdNanAwSGQ4SkgtMWN3SEJBV0VOd2tvT0VMOURXaDljUDR5bVFDMWdqWGFqVTN5WlAtWjNlNXF1cHptXzRZWWlrZ3U4eHFmZFNlcWFCMGlJTjR5LUI5bk81T29TakgyN3dSTEplaTdx?oc=5,Morning Journal,2026-05-30 07:00:25,True,neutral,,0,0,0.0,lexicon
1dd362e41933,MSFT,Microsoft: Looking Through Legacy Business Noise; Short-Lived Assets Require Elevated Capex - Seeking Alpha,https://news.google.com/rss/articles/CBMiygFBVV95cUxNSnZLR2U1MVJtVGpyblEySDBpQkZESzZyb2paSk9tYVFUYmprRkdfUHByMDJtVFRiTVR1bTdMU1dMVzhuSE5DZmsxbmJNSzZQV1hXNzVXMGhEakpsSkt2alBMQjd2cGRXUnNPVVNjVTl0RWg5WDdaWjJVejNnOUR4bC1EQUU0bVFwUGRjZnhEN0ZUUVhnY3I0cnV1djNyRy1NYWpBelFiT0c0SjZZS0hJeTl1N01jbF9teWtWWkhyUGVDMnR1NWlUYTlR?oc=5,Seeking Alpha,2026-05-30 07:00:25,True,neutral,,0,0,0.0,lexicon
966562abe447,V,Visa: One Of The Best Businesses In The World Trading At A Reasonable Price - Seeking Alpha,https://news.google.com/rss/articles/CBMitgFBVV95cUxQRkgwODhoRjJDcXRZUVpIcUZ1MUc0VjU3d2d1Yk0tNDR3TUdiNmduTXhUMXpOdDdnMHhVUFpkNG5xcXl4bTd3TFBCYVJneVRoUDUwclBCdEFmTC1iclZ6NWFGZkUzOE9sSjBQVG1fcGl1MXhBeFFpa2lqSHpyclhUc3Z5ZjJvLXo5bFlZblY2ZHN2NWlfMUdvaFoxTnhWRXg5b2dhRHd3ZXBVS0s4dlFfN01CV2VrQQ?oc=5,Seeking Alpha,2026-05-30 06:54:55,True,neutral,,0,0,0.0,lexicon
946643ada85f,MA,Visa: One Of The Best Businesses In The World Trading At A Reasonable Price - Seeking Alpha,https://news.google.com/rss/articles/CBMitgFBVV95cUxQRkgwODhoRjJDcXRZUVpIcUZ1MUc0VjU3d2d1Yk0tNDR3TUdiNmduTXhUMXpOdDdnMHhVUFpkNG5xcXl4bTd3TFBCYVJneVRoUDUwclBCdEFmTC1iclZ6NWFGZkUzOE9sSjBQVG1fcGl1MXhBeFFpa2lqSHpyclhUc3Z5ZjJvLXo5bFlZblY2ZHN2NWlfMUdvaFoxTnhWRXg5b2dhRHd3ZXBVS0s4dlFfN01CV2VrQQ?oc=5,Seeking Alpha,2026-05-30 06:54:55,True,neutral,,0,0,0.0,lexicon
661e83d63009,MU,Is Micron Stock a Buy Before June 24? - Yahoo Finance,https://news.google.com/rss/articles/CBMikwFBVV95cUxPSWVVS19ITndOYWI1QVhEeEVZMWh0dVdkUWMxb3NSSjVtOTFacTBETGRTa1FVVGVjSHAtbW5kWFhTTXNZbmZuNVVVeElRVjRPamxyUlk4NnhlWDlLci11TEJSZGo2dFVNMW5ZNzNFLWVoX29IRDFFWmJhZUg2VVRrYW10MzFCQy13U0ppU2lKOElDUTA?oc=5,Yahoo Finance,2026-05-30 06:50:00,True,neutral,,0,0,0.0,lexicon
f89eca19ca01,MU,Is Micron Stock a Buy Before June 24?,https://www.fool.com/investing/2026/05/30/should-you-buy-micron-stock-before-june-24/?.tsrc=rss,Yahoo,2026-05-30 06:50:00,True,neutral,,0,0,0.0,lexicon
ad6f1d0f61be,MU,"Micron Technology Stock Leaps 5.1% In One Day, Should You Buy The Stock Despite Its High Valuation? - Trefis",https://news.google.com/rss/articles/CBMi-AFBVV95cUxNSjNJS3BkeGFrTVR1eVdybllCWkhyRExBeVdjcXpEYXNrT1BaLVIwZmpfYVM3eUhxOUYtUUEtNkxCSUtDU1VCeGpQTHZWaWFOVzBsS3ZUbmVJZ3Y5cEt4OGhLMEJUT1VGbTBLcGJZb2R1cUJTWmRyVW5udjlYSV9QN0N4Qm5oUVVOMDg5cnNjMnBuSkNsSkMtUVNSakdSRXpjYi1HMGt3bEU0c1A2MDhEREIyN19fdXhISXlkbWN0UGplOHhTZ29OY3EybkJUYnl2VEtHaHFBcWJCR3RmVnhnWjlNS2Nra2xvSDAzaGRKY0pnX2tkN0ZFbQ?oc=5,Trefis,2026-05-30 06:34:57,True,neutral,,0,0,0.0,lexicon
eca5df032943,CSCO,"Cisco Systems Stock Up 34% in One Month, Now Is Not The Time To Buy The Stock - Trefis",https://news.google.com/rss/articles/CBMi3gFBVV95cUxPVHAybWM1OVhqOE1zOEVXdWUtU041RnhyUFRWUXVOY2ZqNjNjOUhUZE5NcUs4bjB2M2wyNjdLTlQ2YlR5cjhQRF81enBUZTJMNGY2ckZfRkx0c2JVM2NoREZBTzVzeldqaHFZdXFCbFVqaktPSWRESFZQWUN3TzJHNlp4TzJ2ZkJrLWhpLW4wbUdjZUNYYXd0YlFFMHNGSDhHX3FycmZNRzVUZE5wQUJMUkN3dm01d0lfcDRDM0JFR29wY0xmQUd1VmhjTHBIMFFRWDhkeHJ3YnhNUjdjdEE?oc=5,Trefis,2026-05-30 06:34:57,True,neutral,,0,0,0.0,lexicon
18aa595d31ba,MSFT,"Dell Technologies (DELL) Wins $10B Govt Contract, Hits All-Time High",https://finance.yahoo.com/markets/stocks/articles/dell-technologies-dell-wins-10b-062727963.html?.tsrc=rss,Yahoo,2026-05-30 06:27:27,True,bullish,,0,1,1.0,lexicon
bb3ae61356c7,AMD,AMD Stock: Up 262% — Better Than NVIDIA In 2026? ($AMD) Who Is Regina Hall (D11TWWAfgv) - Mshale,https://news.google.com/rss/articles/CBMiW0FVX3lxTFB6UGMyQk5zYWxJR3pfLVZnazduMU4weEJ2YUFtZ3Brelg2dVFndTRvcEVoejNqbER4OGtoa1BYUWVTRXNDbVAxVDBQaWdkVnhUU2xDWEg4Q2s3NXM?oc=5,Mshale,2026-05-30 06:21:00,True,neutral,,0,0,0.0,lexicon
a3467558916d,MSFT,Here Are the 3 Cheapest Magnificent Seven Stocks According to a Popular Metric. Are They Buys?,https://www.fool.com/investing/2026/05/30/here-are-the-3-cheapest-magnificent-seven-stocks-a/?.tsrc=rss,Yahoo,2026-05-30 06:20:00,True,neutral,,0,0,0.0,lexicon
3824736acf81,META,Here Are the 3 Cheapest Magnificent Seven Stocks According to a Popular Metric. Are They Buys?,https://www.fool.com/investing/2026/05/30/here-are-the-3-cheapest-magnificent-seven-stocks-a/?.tsrc=rss,Yahoo,2026-05-30 06:20:00,True,neutral,,0,0,0.0,lexicon
d234b238598a,TSLA,Here Are the 3 Cheapest Magnificent Seven Stocks According to a Popular Metric. Are They Buys?,https://www.fool.com/investing/2026/05/30/here-are-the-3-cheapest-magnificent-seven-stocks-a/?.tsrc=rss,Yahoo,2026-05-30 06:20:00,True,neutral,,0,0,0.0,lexicon
f597ae2426b4,AAPL,Here Are the 3 Cheapest Magnificent Seven Stocks According to a Popular Metric. Are They Buys?,https://www.fool.com/investing/2026/05/30/here-are-the-3-cheapest-magnificent-seven-stocks-a/?.tsrc=rss,Yahoo,2026-05-30 06:20:00,True,neutral,,0,0,0.0,lexicon
eeb58de115e1,AMD,Can NVIDIA Outrun Advanced Micro Devices in the Next Rally? - Trefis,https://news.google.com/rss/articles/CBMivAFBVV95cUxNNkZLclVmSmV2OU5heXppUUFVUjVEemhPeUJPVk94M2hOTThWRHMxVE9seEhHQ2tPM1hLOHc3cEMwMGJ6MmJIRmRrRTN0RUd0YjR1WS1neElNNDlnaXQ4TkpOZkFWdGJpeVM2WHUwRnZ3RmZFWEVaT2VyN2RSTndsenVRMk5mLTMzUEt6cFQ5dnFlMEZlTGl6Y0xYMElpNU44MXkzakVtdkNhdjlJOHp3RTNNdU5CSU5aX1pSYw?oc=5,Trefis,2026-05-30 06:13:35,True,bullish,,0,1,1.0,lexicon
120d1081eac1,PYPL,"Between PayPal and Block, Which Stock Looks Set to Break Out? - Trefis",https://news.google.com/rss/articles/CBMiuwFBVV95cUxQZ0tFaGprTE1NckxkYXplR2lObnEzOW5nUHpRVDBLMHdwV2ZtWGlqOHpnb3Fzc3B1ZXRyTEs2eHRrcVFmOFdySVFFMU9pX3R4d2ZlMmU2N3hBN1VnVEpXUXl0clRVSUVzZ0hCakxqN1NyVDVlQ1FwTTl6dEVnYlRhWXNJNGRNRnJ3WW56T0FXVGlmX2w1cFpReC1mT1RFNFBzbWROV21ZQWRhYl9Fb1NOOUNYNWN2bzR3TVM4?oc=5,Trefis,2026-05-30 06:09:58,True,neutral,,0,0,0.0,lexicon
0b17301ea09b,WMT,Walmart Extends Health Reach With Nella Kit And Teladoc Partnership,https://finance.yahoo.com/sectors/healthcare/articles/walmart-extends-health-reach-nella-060335995.html?.tsrc=rss,Yahoo,2026-05-30 06:03:35,True,bullish,,0,1,1.0,lexicon
50256fc54434,META,"Strait of Hormuz carries more than oil, handling 20% of global data flows",https://finance.yahoo.com/sectors/technology/articles/strait-hormuz-carries-more-oil-060159645.html?.tsrc=rss,Yahoo,2026-05-30 06:01:59,True,neutral,,0,0,0.0,lexicon
63f212444537,GS,Danish Pension Blacklists SpaceX Over ‘Catastrophic Governance’,https://finance.yahoo.com/markets/stocks/articles/danish-pension-blacklists-spacex-over-055856591.html?.tsrc=rss,Yahoo,2026-05-30 05:58:56,True,neutral,,0,0,0.0,lexicon
0abde5daeaae,MS,Danish Pension Blacklists SpaceX Over ‘Catastrophic Governance’,https://finance.yahoo.com/markets/stocks/articles/danish-pension-blacklists-spacex-over-055856591.html?.tsrc=rss,Yahoo,2026-05-30 05:58:56,True,neutral,,0,0,0.0,lexicon
252652a304fb,BAC,Danish Pension Blacklists SpaceX Over ‘Catastrophic Governance’,https://finance.yahoo.com/markets/stocks/articles/danish-pension-blacklists-spacex-over-055856591.html?.tsrc=rss,Yahoo,2026-05-30 05:58:56,True,neutral,,0,0,0.0,lexicon
dad9470436f6,JPM,Danish Pension Blacklists SpaceX Over ‘Catastrophic Governance’,https://finance.yahoo.com/markets/stocks/articles/danish-pension-blacklists-spacex-over-055856591.html?.tsrc=rss,Yahoo,2026-05-30 05:58:56,True,neutral,,0,0,0.0,lexicon
76b4a3fd4d13,TSLA,Danish Pension Blacklists SpaceX Over ‘Catastrophic Governance’,https://finance.yahoo.com/markets/stocks/articles/danish-pension-blacklists-spacex-over-055856591.html?.tsrc=rss,Yahoo,2026-05-30 05:58:56,True,neutral,,0,0,0.0,lexicon
19a0fdf133b8,IBM,"International Business Machines (IBM) Unveils $15B Investments, Surges 12.7% - Insider Monkey",https://news.google.com/rss/articles/CBMitgFBVV95cUxNRm1EZ1hYMHRXVWlZV2J2NlRvb2dDWkJtWU9EU0JDLTllX0xQcmxLdlRrX28zNE41UnE3WVFORWxDd2pqMTFoLWtGUnVGSUh6bjhnS2s2WmhSX1R3M3dPLVlSdmh6LXFMUHdiN3FSMlN2MGVCVE9VMGhraUVfblB4OW8zdXpfdUhyTXBnWEdaVVVVSDlGV01GNGhlWXpkMVBXTGVNU1F2dEpZMGxnNEh5b0lQYlZkdw?oc=5,Insider Monkey,2026-05-30 05:48:56,True,bullish,,0,1,1.0,lexicon
bdbd6d6380bb,IBM,"International Business Machines (IBM) Unveils $15B Investments, Surges 12.7%",https://finance.yahoo.com/markets/stocks/articles/international-business-machines-ibm-unveils-054341591.html?.tsrc=rss,Yahoo,2026-05-30 05:43:41,True,bullish,,0,1,1.0,lexicon
3dda1de71871,PFE,Pfizer’s US$10.5b Oncology Deal With Innovent And What It Means For Valuation - simplywall.st,https://news.google.com/rss/articles/CBMi0wFBVV95cUxPMTZTV2wtcVhuWVN6aUp6WG5QTnRSME9YSU1iVnJaXy1EVEpLb3ctOFFvOFcwcVM1V1daeWxwenZpcVVZZF9KVVljSUVNdVZHRnVRVDlUYWw1bnlDMVRGZlgza2gxVHpTRVByVWJMV2QwTzk1a21HanFIQTFLOG5zaEJrTTFSQWVXMk5CNjBsSk5WX2NOeTJoU29wWmJfdnNoUk5KNnlSMmtoOUYxS1B2RTZQelBWZkFfcTNPazdLZm9Ka2w4aFlYSjktTHlfMFA5WUhr0gHYAUFVX3lxTFBBbEw1dW1hdmxOZlVDajZvMjJpdUhVbVA4S2FodmlORXFiVkRNV3o5cGRqS0tDZkxTTjh5NnBjZU1NbmNOYlEtazc1MHBpdFV1NGJMamRJUXMwQmN3S3pMZ1RtOE4tTlZsRUVqWXFsTjU1MjVDSXJXMG1XNHo1anh5ai1DTmRhQUhrWlFnblhzcmZ4WURGREpFcTFPSkFpVWZOYkV2dURkNkJYbVFfSGFudld0aVo2NDBYRnZ4UDR6NUFSaGdaY0swNGJDWS1YWEl3UTczc3FYTg?oc=5,simplywall.st,2026-05-30 05:15:19,True,bullish,,0,1,1.0,lexicon
61cd73b28abc,AVGO,How to Buy Broadcom (AVGO) Stock in Canada - Moomoo,https://news.google.com/rss/articles/CBMifkFVX3lxTE5aMUJMNURBZF9wa2owUU5fTXFoSmM4SkdUZDVuZV9hWTI1cW9ndlRnZ0dGM3lkLWpPRmVWS2RfelYxWVJzZXAtTUlNM0RTYzFGOVpqUU5KZ0VrbDJjVjFodlpOd3NHVFpjYVFQYU9pSWtkeVhPWldSdzlRSnV6QQ?oc=5,Moomoo,2026-05-30 05:09:31,True,neutral,,0,0,0.0,lexicon
f5affa6373d2,GE,GE Aerospace Stock Rockets 13% With 7-Day Winning Streak - Trefis,https://news.google.com/rss/articles/CBMitAFBVV95cUxNVEc2Zm9Zdy1RQWJzdy1LNnlOeFhyMWtKT2NoMlJidGRRQ1dWSFlQam15cWhBNkFERnBIQ25vQW9oeHV4UmowU0JFWmt4ZFFTNUJkUlkwQjVVaWNicDBwOTVxSGk3Tzg2MjFZdWhTSEowaEJJQU1kRUUzTFh4NGx3bkRwa09IamNkY2Q4SlNGeE96Z1ZpeExZOWY0bWluQ1dyRWlYcHhfeWc4cjFlVjJIdWplSUI?oc=5,Trefis,2026-05-30 05:07:48,True,neutral,,0,0,0.0,lexicon
b5fdc9d8f4c3,JPM,Is It Time To Revisit JPMorgan Chase (JPM) After The Recent Share Price Pullback,https://finance.yahoo.com/markets/stocks/articles/time-revisit-jpmorgan-chase-jpm-050321648.html?.tsrc=rss,Yahoo,2026-05-30 05:03:21,True,neutral,,0,0,0.0,lexicon
323a03cbca72,JPM,Is It Time To Revisit JPMorgan Chase (JPM) After The Recent Share Price Pullback - Yahoo Finance,https://news.google.com/rss/articles/CBMinAFBVV95cUxNSF9mTE5JaGNWTEtibmpLa3lfSHJlQ1oySklnTlFxQWRkZjJ2c3NqOXJZaUpPTHBfV3lFbExfS1VITlhuU1dfYnZEU2Y0aHRBSVhoQWE5VEVkdUF4RF9ELVo1blppR3ZKSHFyQ0prTmFmZ0UzNW42dHFCS2EwbWJidjc2Y1NTTWpNeGttaWVuZkFBV0RpbEg5WnJYOE0?oc=5,Yahoo Finance,2026-05-30 05:03:00,True,neutral,,0,0,0.0,lexicon
cfec8fd7507c,TSLA,"Turns Out, Tesla’s Best Cybertruck Customer Is SpaceX",https://finance.yahoo.com/m/e8a44ff5-e46d-36f8-9d66-241275041561/turns-out%2C-tesla%E2%80%99s-best.html?.tsrc=rss,Yahoo,2026-05-30 05:00:00,True,neutral,,0,0,0.0,lexicon
e65e99cbdb66,CAT,Years of Rewards: $43 Bil From Caterpillar Stock - Trefis,https://news.google.com/rss/articles/CBMitgFBVV95cUxNWVhaNThKTzZPY0c4ZTdhcTVfMmhfUWgwZzFYZWR5RlF3aE1NUXBTX1BhQ2tEV1Nhank0Rm1PSGd6b2F2NUdDaTE1ZVE4MlQ3cTgweDZKSy1uVzFvT3B4WXpzX0NnLUh3a2tsSGMwcncwMWpNR2lVUktERzIxT25PSUdOVFJxaDNCNDZOZWRVOFprQnRaM3I1cWkzSWhSTjFkc0hJNGpqTncwWjZ0MmVmOEpEanNuQQ?oc=5,Trefis,2026-05-30 04:38:44,True,neutral,,0,0,0.0,lexicon
26d8e3569798,WMT,"ICE enforcement surge led to 668,000 job losses, Brookings says",https://finance.yahoo.com/economy/articles/ice-enforcement-surge-led-668-042559101.html?.tsrc=rss,Yahoo,2026-05-30 04:25:59,True,neutral,,0,0,0.0,lexicon
7cd787a05839,CAT,"Caterpillar, Inc. Stock 12‑Month Price Target Raised to $964.81, Implies 10% Upside - TradingView",https://news.google.com/rss/articles/CBMi1wFBVV95cUxPZ3VBVFpZTU9TX1dkUG51UFVJRE9SZnc0MTFZUUxuMGxVb3M0VUg2MEhCN2h3eUdtMXRVaDdGTjF2eVplU01QalF1cHY5ZWgtLU9yQWMxeHNvLXpWOGRxRVA5SFdhTlRqbkJMZ0ZsWmNrZzM2Y180dkFXbEY1Qk13NC0zZ2wtU1QxZTlVTm5YcmswQUlIWjRGY3M0UWdMeVpENVd2Vnk4aFFQclNOQWpnZ0M0ZVpYZDJkVHVTXzZUa2JGNENVMzMxem5HMUE2YWdLQW9mUm5TZw?oc=5,TradingView,2026-05-30 04:20:00,True,neutral,,0,0,0.0,lexicon
4f89bf3ce5b9,ADBE,Is Adobe’s (ADBE) AI Shopping Edge Quietly Redefining Its Creative Cloud Investment Story?,https://finance.yahoo.com/markets/stocks/articles/adobe-adbe-ai-shopping-edge-041857408.html?.tsrc=rss,Yahoo,2026-05-30 04:18:57,True,neutral,,0,0,0.0,lexicon
0bfcc61806d6,TSLA,Tesla Investors Weigh SpaceX Merger Talk Governance Shifts And AI Impact,https://finance.yahoo.com/markets/stocks/articles/tesla-investors-weigh-spacex-merger-041809923.html?.tsrc=rss,Yahoo,2026-05-30 04:18:09,True,neutral,,0,0,0.0,lexicon
16d6542dac6e,F,"Here's How Ford Stock Performed During Week Of May 25th, 2026 - May 29th, 2026 - Ford Authority",https://news.google.com/rss/articles/CBMilgFBVV95cUxPZDV2OGw1ODFXY0gyam4waDg3SUROQTNMUl84WFlaLTF5QUZ2dEE1NFBrMjVldC1WZld1LTdvclBOUHRnY1M5ZzQxMENNTUhIWjFCY2NMSk9zNVF1dlZDbGVnLWthOGltcmZEUHlRZnV4YUNramt5SGZCRUtxaTZHYjRDdktPT3NVME45c1k3UTZpbEd4Ync?oc=5,Ford Authority,2026-05-30 04:09:43,True,neutral,,0,0,0.0,lexicon
48326b8ac8c4,JPM,JPMorgan chases retail banking’s golden fleece,https://finance.yahoo.com/markets/stocks/articles/jpmorgan-chases-retail-banking-golden-040051893.html?.tsrc=rss,Yahoo,2026-05-30 04:00:51,True,neutral,,0,0,0.0,lexicon
14faeeebfec1,UBER,Uber Technologies vs. DoorDash: Which Technology Stock Is a Better Buy in 2026? - The Motley Fool,https://news.google.com/rss/articles/CBMiyAFBVV95cUxNTi1HaWxEcE9yaTZXRnR3aUJKM1JYME5YX0oyYnl2Ykk0XzJ4MThrUnBDZ1RWczNDNzVPbHdCSjlVc2l1U0FlNUh5c05aNkNKNzJETUg5c2dnc2ZPdlJjX0l5dk94a3JYRlh2aFc3N29hV2lKdnFFV1JmV1BPNFNVWmVyTnFqYmQ1aExOSDZSQW9ZdkVRS0w5b0FpcGxIMzhHVEJjaVBzR1ZVRC1mb0pEbXpzOW9JR2JwVzdXNFd1WFZKNnV4bW52cg?oc=5,The Motley Fool,2026-05-30 03:44:00,True,neutral,,0,0,0.0,lexicon
45840bc558cf,MA,Mastercard’s New York BitLicense Puts Crypto Progress And Valuation In Focus - simplywall.st,https://news.google.com/rss/articles/CBMi1gFBVV95cUxNdkQ5QzBOMUFha3JvS0dJTVpQc2pPTUVrdUZQZEt5UmNrZlpXY0RtM1VXd3ZEMVA5bVp0dGVkMXpDV3hPM1MzMk9CS0dwWXlGOE1jSjJXOWUzNUFjTVMxUkxhX3pYNEFQQ3VtYXByTlRrUUlMbGtDVmctYzFjWDdzSjBYMkhWU2hxaUxqU0xhWkdUa3RHQzlPNTN6M25GQmJybllIcTRjVld1bDBzdV80NnBQcjlfRXpoVENnMFBTZEt0T29iUzlXcjN2ZEYyTU1udlRKUnNn0gHbAUFVX3lxTE5xRlhtZ0k3YVRra0x5bE5seUE4ZVN0UXZtZkw1c3VSWjRCQnNuUDJHZDRMZVlqWUU3LWI2U29BcWdiTTFOdGNsaVJjTnZmMXVjNGNDNG02QXRuX0NBLW80bzJORlBmbmVXY1ZISVJTMTUtTlRBWmNOLWxOZGRLdWpFTDlmUGtoZjNFSnFOS0xrTF9pUlJkSEh2MmlxMGViUXUxM01rek9BQUZWX0taMkdJVGVEb3RIVWh3YXpzZWpwZ0M0X2x6UkhUeWg5b18tSnF1ajJWNlJIUnFVSQ?oc=5,simplywall.st,2026-05-30 03:21:14,True,neutral,,0,0,0.0,lexicon
3b38f2b3d26d,UBER,Uber Technologies vs. DoorDash: Which Technology Stock Is a Better Buy in 2026?,https://www.fool.com/coverage/better-buy/2026/05/29/uber-technologies-vs-doordash-which-technology-stock-is-a-better-buy-in-2026/?.tsrc=rss,Yahoo,2026-05-30 03:04:32,True,neutral,,0,0,0.0,lexicon
4a192bea4d4e,CSCO,Cisco Stock Soars After Earnings. Its DotCom Past Is Coming ’Round Again. - MSN,https://news.google.com/rss/articles/CBMisgFBVV95cUxQRFk5ai1YRWd3YmlnUjUzM1o5Vl9zandWdFp0a2s3eXpkMlJIdDJHY2FJUEFyLWhWLUN4NExZTnVXN3ZpSEdmTVF4OXZjUm83cG9YWkxhQ093UlZobi1Ib1Z0Wm9sWmRvaVBCYVUyM1puUkN2M0p6aTVoTUd6RGV1YTU2c01HQjd2R0E3ZEpuSEU0dzVFTlM0MHRidWg3eDRtVjZZUFpYU3RqZ01RZXN1WHpR?oc=5,MSN,2026-05-30 02:29:49,True,bullish,,0,1,1.0,lexicon
5be21e7ade88,CAT,"JPMorgan, Caterpillar Among 11 Companies To Announce Dividend Increases In June - Seeking Alpha",https://news.google.com/rss/articles/CBMiuwFBVV95cUxNN1F6OURscDdBazYwTldyYkNDWDFKVUp3dlBfQlozNHlXUkFrMHFFb2xNUnRLb2hRakRpa1Zmb3dVTzlOeFdTdWtGb2hOWENoQjIySTQzc3Q4OXpKbWFFM1hkOTE3WXJDdDgxbzd4ZDdUdHBpSlc5VkJocGl4cndZbU9abVBleEhkZGZLbDA2SG5UOGwtTEQySG9wcjJlbWZqVUU0QTg0VUhkdWdhX0ljQ3lzUUVEeVZBdWhF?oc=5,Seeking Alpha,2026-05-30 01:58:02,True,bullish,,0,1,1.0,lexicon
2531bbdf9d73,NKE,"Nike stock suffers, lacks universal icon like Michael Jordan - Fox Business",https://news.google.com/rss/articles/CBMiW0FVX3lxTE54RFYtXzg1QTVRNzE0ajlxN0oxZ0x4WlpaZ0VyS2Z2U01PQTBiMGN1M3VZeTFwd3BDTnA0SzlQZXhwMW5TT0pXenVDNzY5V3NaSzNPODhyb0VDZjA?oc=5,Fox Business,2026-05-30 01:53:27,True,neutral,,0,0,0.0,lexicon
53aa93800209,BA,Susquehanna Bullish on Woodward (WWD) as Aerospace Demand Supports Long-Term Growth,https://finance.yahoo.com/markets/stocks/articles/susquehanna-bullish-woodward-wwd-aerospace-014759852.html?.tsrc=rss,Yahoo,2026-05-30 01:47:59,True,bullish,,0,2,2.0,lexicon
84d1fc9247b9,JPM,Jamie Dimon Says JPMorgan (JPM) Could Spend Up to $20 Billion on an Acquisition,https://finance.yahoo.com/markets/stocks/articles/jamie-dimon-says-jpmorgan-jpm-014441157.html?.tsrc=rss,Yahoo,2026-05-30 01:44:41,True,bullish,,0,1,1.0,lexicon
4f91f173dbd9,CRM,Northland Trims Salesforce (CRM) Valuation Following Earnings Report,https://finance.yahoo.com/markets/stocks/articles/northland-trims-salesforce-crm-valuation-013849252.html?.tsrc=rss,Yahoo,2026-05-30 01:38:49,True,neutral,,0,0,0.0,lexicon
d86cac726117,XOM,Exxon Mobil Corp (XOM) Stock Down 1.2% but Still Overvalued -- GF Score: 64/100 - GuruFocus,https://news.google.com/rss/articles/CBMirgFBVV95cUxQc2dsWDlpVGlvR1RNU191ZXJmaWdsSkRib240aDJ2MHB2dTFwTVBUTDMxYkUwbzdkdVVZU3dCN3FRTWR4OVhtWkhDUUFEdk4ybF9DeExlLThQNk1reHFqaUpuX1l4NTVWSk96dmJqcV9zamRGeWtYclBmT21yb0J2RXBlWHBjOVFSRDhxbVlNY21lV01icE9KanBLNVFSY3FLUmJUWGhSTk5tMzZDN1E?oc=5,GuruFocus,2026-05-30 01:36:11,True,neutral,,0,0,0.0,lexicon
7a6be532ac77,TXN,Texas Instruments director Martin S. Craighead sells $3.2 million in stock - Investing.com,https://news.google.com/rss/articles/CBMi0gFBVV95cUxOcWgyVUxxNW15WDR4dlozT3lEeU1nd0ZtNmdwa2xza0lJbEdTTWpfTzFpRmZkZHl0b3Y5YmZrV3B5aUg4clV6c0dKZ2JvNHZ6eS14OHd0MF9IZk5TWFZUZTZZdC14UTNKWVdHeEVnakRLWGlnR0QzX00zVU1lbGtGS09NbjB3RFBQS2FCVDhzSkNJbDN4YkhrSVV5LWlleFdRaVNCY1JDR0pFZGp0Z2lsTVlWdTFjbUVSZ0RwamdZVU5WLW9MY0FnSE9QaHByWllzZUE?oc=5,Investing.com,2026-05-30 01:17:19,True,neutral,,0,0,0.0,lexicon
f421b6d1bbfd,TXN,"Texas Instruments (NASDAQ: TXN) director sells 10,000 shares of stock - Stock Titan",https://news.google.com/rss/articles/CBMitAFBVV95cUxNaDlfZGlfT2xnLUY4ZC14UWFfcGxtaDI0WkV5SHZVXzdLZ2V3MzIyOFI0Nmc5OVN6QTVMX05hcEFHMzNrcEFwTmpLZTBTWk5DY0Y1Z0J4bDBmcE5fYjRqSG9RdUdRVXhsYVFnT1haTTZZcUFpYjU1T0lzeGJ6eHNpdHhQZkNhSTVwd1M5OGNMYjUzX05lYkJ3RDFOdWZnYVl2X2ExLUhjbFdXVTVqcUNjWjdRMm0?oc=5,Stock Titan,2026-05-30 01:07:25,True,neutral,,0,0,0.0,lexicon
0399bf7cecc0,BLK,How Blackrock Large Cap Core Etf (BLCR) Affects Rotational Strategy Timing - Stock Traders Daily,https://news.google.com/rss/articles/CBMi6AFBVV95cUxOT0FTSjJCTjdkQmNoUGNtQTlvNkpERmZIMTlZS0ZXa0I2WGtVMnpHXzE2QWZld0ZiMGI0c0Vob1VvYXdKbTZkNmpHNEhuUVRIY3E0QTNreEF5bGF1VWdYNURWdFNtaDRDQW93a0xrRHgwNTRqVVNNUFV4UzlkSzcwQUc4azM0eExfSGZhQjBhU3N4OXQzbjhnaXo3RkVLTTZVSnNrVHJyX2NSMHNIclRDNEx6dV9qY1p1MDBHTGtOdXhESU1YbnBMWGF6aE9obFphWmQ0Ulp6al9BdzYxaXNuMzZwWkF5Y0RU?oc=5,Stock Traders Daily,2026-05-30 00:50:02,True,neutral,,0,0,0.0,lexicon
ee29ce9979aa,AAPL,"YMAG Bundles YieldMax’s Magnificent Seven Strategy Into One Ticker, And the NAV Decay Compounds Across All Seven",https://247wallst.com/investing/2026/05/29/ymag-bundles-yieldmaxs-magnificent-seven-strategy-into-one-ticker-and-the-nav-decay-compounds-across-all-seven/?.tsrc=rss,Yahoo,2026-05-30 00:35:21,True,neutral,,0,0,0.0,lexicon
ca69680b77d1,TSLA,"YMAG Bundles YieldMax’s Magnificent Seven Strategy Into One Ticker, And the NAV Decay Compounds Across All Seven",https://247wallst.com/investing/2026/05/29/ymag-bundles-yieldmaxs-magnificent-seven-strategy-into-one-ticker-and-the-nav-decay-compounds-across-all-seven/?.tsrc=rss,Yahoo,2026-05-30 00:35:21,True,neutral,,0,0,0.0,lexicon
08b21cf353a6,XOM,Is Exxon Mobil's Recent Surge Sustainable Amid Middle East Tensions - Kavout,https://news.google.com/rss/articles/CBMipAFBVV95cUxQLV93TVB0b0tHSEpqdHhmSVoxSXdCUEF4MGxtTTdGTHBZTzlkbzRwODU2RjhqUHFDMUNXMi1Lel81Rl9VUTdaRkNsOHEycUlwREk0Szd5VjRFVkJfeFJQYnBrOWpvWUR6ZWxoSWxPaUFUWWpKZWp3QVJYT2xDMkNaLUNYY2pGcDU4QVRaRlpBOHBFSDFHLTR0M0FXMnYtTXM2dHg3MA?oc=5,Kavout,2026-05-30 00:28:44,True,bullish,,0,1,1.0,lexicon
96b7988510fc,GOOGL,1 Stock Slated to Cash In on the SpaceX IPO - The Motley Fool,https://news.google.com/rss/articles/CBMijwFBVV95cUxPZ2hhVUhwbjBTQVhpOGh6ZW0wa3VrVExtbkxYcVJ0RWZuOEVtai11NTRSLTlrMmFQWHZGYUxMSThLZnpvX29pd0liZDVjU1BCWTFYRXNZc0xhX2VSbjVQX21MNVJyeFQyWDRBaDFWQzVkS2ExbS05dVFsbGk3Sk9WVjRZYlVocFh1QzhMV2kyRQ?oc=5,The Motley Fool,2026-05-30 00:23:00,True,neutral,,0,0,0.0,lexicon
0932019baac5,MS,Morgan Stanley resets MongoDB stock price target after earnings,https://www.thestreet.com/investing/stocks/morgan-stanley-raises-mongodb-stock-price-target-after-earnings?.tsrc=rss,Yahoo,2026-05-30 00:03:00,True,neutral,,0,0,0.0,lexicon
d17a79f4e0f8,AVGO,Here’s What Top Analysts Expect from Broadcom Stock (AVGO) Ahead of Q2 Earnings on June 3 - TipRanks,https://news.google.com/rss/articles/CBMitwFBVV95cUxNN3dQVkRCQ3prMFFESlRFSFo2aHJUczdpY3Q2bVg3Y09Ra0luLVpTVUFNMzBwN3pHc2tSc3pTR0JjeXVNVjhwMXAzTWl2S0dwMDh4ZDJVc2kxTnJ0M2tlckRyMDVUTVdQdjdDNzEtV3hkMG1ielVYaDNzUWNKVTJOT1lYWm5PSXpONVgyTFdRQ2R2SWVacnhCY3pHT2RyNkI4R2VaRndfZWF6Vk5iY3ppR2pzaDJOTGM?oc=5,TipRanks,2026-05-29 23:53:05,True,neutral,,0,0,0.0,lexicon
2164416290a7,AAPL,"Stock Market Today, May 29: Microsoft Rises as $37 Billion AI Run Rate Highlights Cloud Growth",https://www.fool.com/coverage/stock-market-today/2026/05/29/stock-market-today-may-29-microsoft-rises-as-usd37-billion-ai-run-rate-highlights-cloud-growth/?.tsrc=rss,Yahoo,2026-05-29 23:48:43,True,bullish,,0,2,2.0,lexicon
629e9d9f0d2c,NKE,"U.S. launches third Vietnam trade probe, raising risk of fresh tariffs",https://finance.yahoo.com/economy/policy/articles/u-launches-third-vietnam-trade-233837136.html?.tsrc=rss,Yahoo,2026-05-29 23:38:37,True,bearish,,0,-1,-1.0,lexicon
52ce3d95cf86,PYPL,"PayPal Holdings, Inc. (PYPL) Stock Price, News, Quote & History - Yahoo! Finance Canada",https://news.google.com/rss/articles/CBMiUkFVX3lxTFBYRGR3bE41TGdCQUwxekpleEFtM1dMaWs5SXpjTlhLa1U0Y1FIbDRhTDJHOWhSV0VoeWhYU2VSdWRKQnU0VkxtNm9SSFo3MThSdWc?oc=5,Yahoo! Finance Canada,2026-05-29 23:19:26,True,neutral,,0,0,0.0,lexicon
991796234af9,BRK-B,Higher-for-Longer Interest Rates Are Turning Berkshire Hathaway's Cash Hoard Into an Earnings Engine. - The Motley Fool,https://news.google.com/rss/articles/CBMimAFBVV95cUxQdUxtR2FJTGxLSXB4WS1MUFFycE1uU2hNa3VOU21KOGhadEVaZ2JtMnB4NDlZaGI3T19PRVlLMF9JRlRGYVpwaF83WVhndGw0MWl6Yzh4c0FZb0laWUNPbGhKdlZjNUxMUkxMeVduRzAzOFpXam93YVJiM0xYdVBOYU1CR3otcVdLUHJoaXZISEhnNUFsTk1pUQ?oc=5,The Motley Fool,2026-05-29 23:15:00,True,neutral,,0,0,0.0,lexicon
0fc84d75969a,BA,"Boeing Secures New Contracts Worth Over $700M From Air Force, Defense Logistics Agency",https://stocktwits.com/news-articles/markets/equity/boeing-defense-contracts-air-force-defense-logistics-agency/cZgjPgxReM6?.tsrc=rss,Yahoo,2026-05-29 23:10:58,True,neutral,,0,0,0.0,lexicon
c9446eb5a7a1,DIS,Family Offices Bypass Private Equity and Go Direct,https://finance.yahoo.com/m/c2263933-1534-3339-88a0-9f74427b8bd7/family-offices-bypass-private.html?.tsrc=rss,Yahoo,2026-05-29 23:08:00,True,neutral,,0,0,0.0,lexicon
d27b47964478,MU,Family Offices Bypass Private Equity and Go Direct,https://finance.yahoo.com/m/c2263933-1534-3339-88a0-9f74427b8bd7/family-offices-bypass-private.html?.tsrc=rss,Yahoo,2026-05-29 23:08:00,True,neutral,,0,0,0.0,lexicon
868ec9eec92a,AVGO,Family Offices Bypass Private Equity and Go Direct,https://finance.yahoo.com/m/c2263933-1534-3339-88a0-9f74427b8bd7/family-offices-bypass-private.html?.tsrc=rss,Yahoo,2026-05-29 23:08:00,True,neutral,,0,0,0.0,lexicon
7d66a07884ff,QCOM,Nvidia Dropped a Cryptic Clue About Its Next Big Move Ahead of GTC Event,https://finance.yahoo.com/m/f5a32c5f-3548-3659-81f4-93968d4fbad5/nvidia-dropped-a-cryptic-clue.html?.tsrc=rss,Yahoo,2026-05-29 23:07:00,True,neutral,,0,0,0.0,lexicon
4f5381034c4d,AMD,Nvidia Dropped a Cryptic Clue About Its Next Big Move Ahead of GTC Event,https://finance.yahoo.com/m/f5a32c5f-3548-3659-81f4-93968d4fbad5/nvidia-dropped-a-cryptic-clue.html?.tsrc=rss,Yahoo,2026-05-29 23:07:00,True,neutral,,0,0,0.0,lexicon
f0fcb44422cf,TXN,Texas Instruments Inc (TXN) Stock Down 3.3% but Still Overvalued -- GF Score: 81/100 - GuruFocus,https://news.google.com/rss/articles/CBMixAFBVV95cUxOektYLXpOcTNad1dBQ3VOeUdxdTlFeGJwdm92QjhhWUd3UGlRZVktbTRqU0Z3UnhaaGZxRVYxQVFyVlFDTmFqdlc0SVp4VEYwSzBLYng3eHc5TEphb2U1LUNBbi1LNlYwMGNXR1N6RmdlZ3ItWEtRZXdPS3NFdFEwWm1uZExKS3hYSTE4cXNXZVpHTE1xWlJQaU0xbFFJc01YWk5DaUN3dlowdWNnS3dOTzJ0bktLc2FnWGpFb2gzMk1RYUdk?oc=5,GuruFocus,2026-05-29 23:06:59,True,neutral,,0,0,0.0,lexicon
7e98eb963d45,AVGO,What to Know About This Fund's $4.8 Million e.l.f. Beauty Exit After a Tough Year,https://www.fool.com/coverage/filings/2026/05/29/what-to-know-about-this-fund-s-usd4-8-million-e-l-f-beauty-exit-after-a-tough-year/?.tsrc=rss,Yahoo,2026-05-29 23:05:06,True,neutral,,0,0,0.0,lexicon
446d307aecac,WMT,Walmart and 5 More Consumer Stocks to Buy After a Solid Retail Earnings Season - Barron's,https://news.google.com/rss/articles/CBMiwgFBVV95cUxQekEwN2dVNEE2OU9ETkRZQmk1OTFid01rdHRlRjhfV3NxX3lPMW40Q3l5OFFna0FKUzFHeEkwb0UyUVh0bEs5Tm1Qb1lmemlOczRJX29jd1ZXRnJBSVJsQkJ1SjlxQVpRRy1tV0tOd0JYeUdFWS1KRU1CWG5aSWEyUGk4OGQ3ZXlEQ3EzY0RBOGVjRHJfVkxxOXhJNFVpc2hfUk4zRm1DeFlzZko3SlZRRGsxQkQyNWJoQVNyMGRUTHl6UQ?oc=5,Barron's,2026-05-29 23:03:00,True,neutral,,0,0,0.0,lexicon
2ed5b7b9266b,CVX,Chevron Weighs Tengiz Setback Against Greek Offshore Growth Potential,https://finance.yahoo.com/sectors/energy/articles/chevron-weighs-tengiz-setback-against-230248996.html?.tsrc=rss,Yahoo,2026-05-29 23:02:48,True,bullish,,0,1,1.0,lexicon
90e74c2d3cb9,V,Visa vs. Mastercard Stock: Using Barchart Data to Pick the Best Payments Giant Now - Barchart.com,https://news.google.com/rss/articles/CBMiwgFBVV95cUxONXNjc2s2c3FnUjZIZEk0SXVqUjZMMDFwQ28tdHJNMC1sTkdYbkZPbmdKYTBPbXhjYlphaDhTVnItMUE5MDVaa2VybTRnSkFyc19IUUJ6ejFQMzVmelBlU3dhcm1pMDdzN2RpQWJVaTFlR2E4QU5qSXlwQlp0cXM0QmJHNUFMcU9VdzlTSS15MWNua1J5VjBEV1ZTeW5raEdqVkRZa1NIZHBFUVFZSzQ4ZmJnUGMwQWRvcHExZndkU05QUQ?oc=5,Barchart.com,2026-05-29 23:00:02,True,neutral,,0,0,0.0,lexicon
0322058d402a,MA,Visa vs. Mastercard Stock: Using Barchart Data to Pick the Best Payments Giant Now,https://www.barchart.com/story/news/2209829/visa-vs-mastercard-stock-using-barchart-data-to-pick-the-best-payments-giant-now?.tsrc=rss,Yahoo,2026-05-29 23:00:02,True,neutral,,0,0,0.0,lexicon
45043a1103f7,MA,Visa vs. Mastercard Stock: Using Barchart Data to Pick the Best Payments Giant Now - Barchart.com,https://news.google.com/rss/articles/CBMiwgFBVV95cUxONXNjc2s2c3FnUjZIZEk0SXVqUjZMMDFwQ28tdHJNMC1sTkdYbkZPbmdKYTBPbXhjYlphaDhTVnItMUE5MDVaa2VybTRnSkFyc19IUUJ6ejFQMzVmelBlU3dhcm1pMDdzN2RpQWJVaTFlR2E4QU5qSXlwQlp0cXM0QmJHNUFMcU9VdzlTSS15MWNua1J5VjBEV1ZTeW5raEdqVkRZa1NIZHBFUVFZSzQ4ZmJnUGMwQWRvcHExZndkU05QUQ?oc=5,Barchart.com,2026-05-29 23:00:02,True,neutral,,0,0,0.0,lexicon
543fa2777a4b,V,Visa vs. Mastercard Stock: Using Barchart Data to Pick the Best Payments Giant Now,https://www.barchart.com/story/news/2209829/visa-vs-mastercard-stock-using-barchart-data-to-pick-the-best-payments-giant-now?.tsrc=rss,Yahoo,2026-05-29 23:00:02,True,neutral,,0,0,0.0,lexicon
bb3a9b26cb48,GS,"Goldman Sachs Hits Record High, Leads 15 Newcomers To Best Growth Stock Lists - Investor's Business Daily",https://news.google.com/rss/articles/CBMisgFBVV95cUxPYUxKSzh3anlGYnU5cTQ3TWVYQ0N6UWZKRE5BamdRNmNtZlhiOVhWWWVYQmpqZ2l5ZG44czNlOW84LUF6eGpOZjU0UllIVFpXekI2a0xjcVN4TTdVTno3Tnhrc3F5b3FVXzZNWG1kRXV6ZVl0N0ZGVk96Nlh4RU1PN3hKY0JiMzFpaFRZZzlQdEJKM2hjMkVySmlvTjJ3ZzdsUWRhNEZfWGl1QUZwY3h3VWx3?oc=5,Investor's Business Daily,2026-05-29 22:49:00,True,bullish,,0,2,2.0,lexicon
3195f6fc115c,JPM,Why PAR Technology (PAR) Shares Are Trading Lower Today,https://finance.yahoo.com/markets/stocks/articles/why-par-technology-par-shares-224838780.html?.tsrc=rss,Yahoo,2026-05-29 22:48:38,True,neutral,,0,0,0.0,lexicon
4f42942a41f0,BRK-B,Higher-for-Longer Interest Rates Are Turning Berkshire Hathaway's Cash Hoard Into an Earnings Engine.,https://www.fool.com/investing/2026/05/29/higher-for-longer-interest-rates-are-turning-berks/?.tsrc=rss,Yahoo,2026-05-29 22:35:00,True,neutral,,0,0,0.0,lexicon
77086ac8ead7,AAPL,"Apple (AAPL) director Levinson sells 50,000 shares and gifts 65,000 more - Stock Titan",https://news.google.com/rss/articles/CBMipgFBVV95cUxQRHFjaVFRMng1alFFdXh2NEFuZDlzY1JKUGNMN29tVEJLX243TFJFVWZkWklvdlVuT2ZjYnBMekZSYThCaGQtZkhCN0RLdGRmVjhMYnViMGM5bjJUYk9OcmpGbkdQV0pYMzlONVpTT1lpcFJpZlFub3FQWUNDdXdJYk1UMnBlNDNpYWNTSTBuTE9PME9XZ3ZyUmw3QTIzdk1feWtSNFV3?oc=5,Stock Titan,2026-05-29 22:30:27,True,neutral,,0,0,0.0,lexicon
9a5cd995b5a8,WMT,"Nvidia Continues to Be the Core Engine of AI, Says Analyst. Plus, Walmart and 4 More Stocks.",https://finance.yahoo.com/m/2332a61a-93a9-3b27-b323-ad2fd2ca6eb8/nvidia-continues-to-be-the.html?.tsrc=rss,Yahoo,2026-05-29 22:25:00,True,neutral,,0,0,0.0,lexicon
378079cb07bf,GM,Why Did GM Stock Slip After a Six-Session Rally - Kavout,https://news.google.com/rss/articles/CBMiigFBVV95cUxNLXZSbTFVZnZDbkgzYVl6bkJMQ2tiZ08zN0lzVk9ONHBLQzlLM1VVUWpqQUw1UnpMWHJMRlBkMjg0TUttMWVjWUdwSUJwSmM5MjQtRWx3VXZ1R2ZyLW1wNW5zY092aWRpdnVXZGJQNmNRdWNEV1EyemtQT0owbjB3WG9qQXg1aXN4ZHc?oc=5,Kavout,2026-05-29 22:05:06,True,bullish,,0,1,1.0,lexicon
31c9194d4308,PYPL,"PayPal Holdings, Inc. (PYPL.VI) Stock Price, News, Quote & History - Yahoo! Finance Canada",https://news.google.com/rss/articles/CBMiVkFVX3lxTE9XdmlmZHVCcnA3R2dIWm42U0lEOThvd2lJOVhiNWVaN29KRERJQTlzTnB3WFhOM2NtdnB4SGhYcFJ5amNOdDZ3RVJPY3cyUTQzeFhJTVh3?oc=5,Yahoo! Finance Canada,2026-05-29 22:01:34,True,neutral,,0,0,0.0,lexicon
98228f2c4df4,ORCL,"As Nvidia, Oracle And Amazon Pour Billions Into AI, Wall Street Is Quietly Hedging For Trouble",https://finance.yahoo.com/markets/options/articles/nvidia-oracle-amazon-pour-billions-220125805.html?.tsrc=rss,Yahoo,2026-05-29 22:01:25,True,neutral,,0,0,0.0,lexicon
a43076801d74,TSLA,"Stock Market Today, May 29: Rivian Automotive Jumps on R2 SUV Launch Confirmation",https://www.fool.com/coverage/stock-market-today/2026/05/29/stock-market-today-may-29-rivian-automotive-jumps-on-r2-suv-launch-confirmation/?.tsrc=rss,Yahoo,2026-05-29 21:53:16,True,bullish,,0,1,1.0,lexicon
b41834c221a8,NFLX,Highlights: What Betamax Teaches Us About AI – The Business of Entertainment: 2nd Princeton CorpGov Forum,https://finance.yahoo.com/sectors/technology/articles/highlights-betamax-teaches-us-ai-215147663.html?.tsrc=rss,Yahoo,2026-05-29 21:51:47,True,neutral,,0,0,0.0,lexicon
0bf1be948b72,DIS,Highlights: What Betamax Teaches Us About AI – The Business of Entertainment: 2nd Princeton CorpGov Forum,https://finance.yahoo.com/sectors/technology/articles/highlights-betamax-teaches-us-ai-215147663.html?.tsrc=rss,Yahoo,2026-05-29 21:51:47,True,neutral,,0,0,0.0,lexicon
852d749fba98,MSFT,One Reason I Can’t Stop Buying Microsoft Stock - 24/7 Wall St.,https://news.google.com/rss/articles/CBMikwFBVV95cUxPNk93akFNWTZlWV9JSHI1UkdibEJIa1l1Zkh2bGZhajYwZk9MNzNnNWQtdEZRWEw4QjlVVXRXZ184VnBCYW42ZUw4Um0tbnV2VGhvN0NkMkx6bnNQeVc1WXBSZEZVX3l4Z1lzR0ZhamNEOE1kZnRiaC01YmdRVnFaRmtCblJEYWR1R2UwVzVMc09PRmM?oc=5,24/7 Wall St.,2026-05-29 21:48:37,True,neutral,,0,0,0.0,lexicon
9ee4c39537ee,BAC,Bank of America Could Be a Bargain After Strong Q1 Earnings - 24/7 Wall St.,https://news.google.com/rss/articles/CBMipgFBVV95cUxNY21ZSi1rXzg5RHVSX1U2Z3hJMEZrTUxHR1lhM05wS2dzLThNdE1BMTl2bS1kb1ktdVFGM1RCT0tNTWZTSTNUSDhUQS0xODl4OW1IVmV2ajZKYXZWTmgyamFtY1JUVUl2bHMyY2RyQVJTZzVQY1ZDakpiNjZDaG5pWFRzaE01c2M4UkxlZjM2TTEwQjNrRUZGOUIyNTQwazdjT2wtT3BR?oc=5,24/7 Wall St.,2026-05-29 21:48:10,True,bullish,,0,1,1.0,lexicon
5674b0c7b370,JNJ,Johnson & Johnson (JNJ) Stock Slides as Market Rises: Facts to Know Before You Trade - Yahoo Finance,https://news.google.com/rss/articles/CBMingFBVV95cUxOSVVoSlprVndJRmQ1V0VkOGxxQ1ZxX0VRVzBQU2N3ci1XMVh0VTJCY3VNUkdUNl9WVjFhRExsRTRWcDJ6NWo2dm5IaDhRWnptQ3RWbnd3ckRqbjk5QWZBZ0FHX1ZqRkh5MEI3SDlnMFJ4SHZpR25OQ2U5cFA5NE1kX250MDNsNmhvWk1MN1ZMaGxwOTJlRzkyVnhSSnR1UQ?oc=5,Yahoo Finance,2026-05-29 21:45:03,True,neutral,,0,0,0.0,lexicon
458ce91464e2,TSLA,Tesla (TSLA) Stock Declines While Market Improves: Some Information for Investors - Yahoo Finance,https://news.google.com/rss/articles/CBMinAFBVV95cUxOSDNHMzVJc0tzcEFhenRIUWxYTGRpbm1LTnBtU2NsbG5xRjYtdGR1Tk9EWURpeTF0RGFGWGdBeXVPcEVEWm90M0RDMDZmbjZ1aEswdUlYQjNGSExPMEdPMFJ6Qm9zV1U2eEhCd3E4eWY2VEwzd2Fnc3FPNkdpc011WEJtalJvdlpEZlZSUHpzRXk3UGpSRWJrYnpyVGI?oc=5,Yahoo Finance,2026-05-29 21:45:03,True,bearish,,0,-1,-1.0,lexicon
3248fc042320,INTC,Intel (INTC) Stock Dips While Market Gains: Key Facts - Yahoo Finance,https://news.google.com/rss/articles/CBMilwFBVV95cUxNLUlpUTg1eGZqRXRZbHE0R2dIZUJRdi04UU8zRnNpZDZDcUNyR0gxMkl6OHFERTNWcm1yNzhieEk1WFIwQVlFSmVIVUl1ZlBpY3dsYXp5TzZ4bFNWQXdCVEF5UWVHbG8tV1cwTUw5U290WTVaZmFocmI3YzBpLVp3TFRpcWMtTmdsaTR5RnE0VjY1ZTRNcHEw?oc=5,Yahoo Finance,2026-05-29 21:45:03,True,bullish,,0,1,1.0,lexicon
06cbf7d2f3b4,JNJ,Johnson & Johnson (JNJ) Stock Slides as Market Rises: Facts to Know Before You Trade,https://finance.yahoo.com/markets/stocks/articles/johnson-johnson-jnj-stock-slides-214503539.html?.tsrc=rss,Yahoo,2026-05-29 21:45:03,True,neutral,,0,0,0.0,lexicon
2fb098734127,TSLA,Tesla (TSLA) Stock Declines While Market Improves: Some Information for Investors,https://finance.yahoo.com/markets/stocks/articles/tesla-tsla-stock-declines-while-214503482.html?.tsrc=rss,Yahoo,2026-05-29 21:45:03,True,bearish,,0,-1,-1.0,lexicon
ff71fffff3b6,GOOGL,Alphabet (GOOGL) Stock Falls Amid Market Uptick: What Investors Need to Know - Yahoo! Finance Canada,https://news.google.com/rss/articles/CBMihwFBVV95cUxPR29NNlZWQUdoV0lDZGx3MFlkM0s3blFBNFpvdE1YcXdqOFlsZDhmUU1lbzVyTzN3a3dUUkNLd3E2WmUzV0NXWlNZa3VGVXg4d2ZiTkNhNS1fTzZaTG1kc1EtdnJKa0FGQjFDZlJfU2ZhQ0NaQnNUSDgxTkw3R2p3UlpTLUxkUWM?oc=5,Yahoo! Finance Canada,2026-05-29 21:45:02,True,bearish,,0,-1,-1.0,lexicon
d5182420fb73,GOOGL,Alphabet Inc. (GOOG) Stock Dips While Market Gains: Key Facts - Yahoo Finance,https://news.google.com/rss/articles/CBMimAFBVV95cUxNelJyV2NNdmYwY1Yxd3RSWkdDamdXZVZJamxuMU82X1FWcUtTLUR0Z0F0R1FlaV8xUnpjVzVRNWwwN3NwbmExQnl5eW96Q0FSNHVlZ3VJSlhvVlJudDRhb1pTYzlPcjRkVU9sQWxYUGk0NkRxMThoTVdCTkQzN0Q5ejdfaHBDNW1OVEVBbGtTX2t1TDNIR1MtVA?oc=5,Yahoo Finance,2026-05-29 21:45:02,True,bullish,,0,1,1.0,lexicon
da04e7a84285,AMD,Could These Be the Smartest Stocks to Buy After Taking Profits on AMD and Micron? - The Motley Fool,https://news.google.com/rss/articles/CBMimAFBVV95cUxONFBtd0NDZG0tMzgzVWVWNkRVdVVEZE1NcUpqTDZ3SmZraE81QmNVN2c2TFFVRG5rczdwX0VfemhHaWlCbllvRmFxR3IxbmdkQzdMSlpGRnFnRzlSV3NCLVl4elV6RzhqVFZaZTBFUEVIdjZlWGNrSmdRMUZSS1lianlacTVEZkNyTkhlbTQzdTh5ZktNQ0dJbA?oc=5,The Motley Fool,2026-05-29 21:43:00,True,neutral,,0,0,0.0,lexicon
ff4de5e3d33c,INTC,Intel (NASDAQ:INTC) Stock Price Down 5.1% - Here's Why - MarketBeat,https://news.google.com/rss/articles/CBMiogFBVV95cUxQSDZDbFNiYjBHeFdXcVVzMWZLeHFwN3pLaTRKMVliTVhmbGxIRW1rTmRLeW5GVHptcmk2RzVCODJEdGZybGxiajFYTWZUMkZVaW1TanJzNXdEc09HeDFvb2djcVR1amt0MjhlM29EWldLWkl0NG1DVDBkWlBUVHVnR0dtVlN1czE5Vm9qUlFlWkdUVGwxYVRKZmNxbUI4cWtHUlE?oc=5,MarketBeat,2026-05-29 21:39:17,True,neutral,,0,0,0.0,lexicon
a56106c8d00d,COST,"Stock Market Today, May 29: Markets Extend Gains as Dell Soars 33%",https://www.fool.com/coverage/stock-market-today/2026/05/29/stock-market-today-may-29-markets-extend-gains-as-dell-soars-33/?.tsrc=rss,Yahoo,2026-05-29 21:38:16,True,bullish,,0,2,2.0,lexicon
6359bd3084c2,KO,CocaCola (NYSE:KO) Shares Down 1.8% - Here's Why - MarketBeat,https://news.google.com/rss/articles/CBMimgFBVV95cUxQbkI0eHpnY2JCY0tXdlJYS0cwYng0VG11Z0RYR2pXYVhYSjNuUVgxbXJ4TGNtSnRqTXQ4azI5MWF1bkU5M244d2xBcmpVRUk5OHlMYmRPeUlVQU8xOTQ5OXI1TzE1ai1aWFp3WGpDWTZqc0p2MW9ubEd2enR6MWQwN2VHRjVWQ3JMMERCNm8yS1N3bDRlYlFjejhB?oc=5,MarketBeat,2026-05-29 21:37:49,True,neutral,,0,0,0.0,lexicon
60c9d1b50496,IBM,Why IBM (IBM) Stock Is Up Today,https://finance.yahoo.com/markets/stocks/articles/why-ibm-ibm-stock-today-213638134.html?.tsrc=rss,Yahoo,2026-05-29 21:36:38,True,neutral,,0,0,0.0,lexicon
b18ccd44c68b,IBM,Why IBM (IBM) Stock Is Up Today - Yahoo Finance,https://news.google.com/rss/articles/CBMikgFBVV95cUxOM1VGbFNIdDJEejFJNE84WjdUaWlPTHF6WkR2Q21rekJ1N3d6eGFoZ095cTZMLWtXUHFwYmdSSDZHRlNKam9Wa3ctdjNzVEVxa0s3UlVoclBLREFGRTJfYThhMjI2OFVsNGRhcXdmd2tEQUF0Y3M1M2l5d0tRcjRWdTl4dkMteE1DMnQxZHREdDVxdw?oc=5,Yahoo Finance,2026-05-29 21:36:38,True,neutral,,0,0,0.0,lexicon
9e78d2a30d58,PYPL,"Cash and Gift Cards Dominate Consumer Reward Preferences: Kashkick Survey of 224,000+ Aligns With $507B U.S. Gift Card Market",https://finance.yahoo.com/economy/articles/cash-gift-cards-dominate-consumer-213200554.html?.tsrc=rss,Yahoo,2026-05-29 21:32:00,True,neutral,,0,0,0.0,lexicon
2465fb05e4fa,V,"Cash and Gift Cards Dominate Consumer Reward Preferences: Kashkick Survey of 224,000+ Aligns With $507B U.S. Gift Card Market",https://finance.yahoo.com/economy/articles/cash-gift-cards-dominate-consumer-213200554.html?.tsrc=rss,Yahoo,2026-05-29 21:32:00,True,neutral,,0,0,0.0,lexicon
96752de5ca05,COST,"News of the day: Canada's shrinking economy, a technical recession, Scotiabank expands south, Costco tariff refunds, early retirement and more",https://financialpost.com/uncategorized/news-of-the-day-canadas-shrinking-economy-a-technical-recession-scotiabank-expands-south-costco-tariff-refunds-early-retirement-and-more?.tsrc=rss,Yahoo,2026-05-29 21:30:32,True,bullish,,0,1,1.0,lexicon
b790df6a4749,NFLX,Is Netflix Stock an Undervalued Stock to Buy? - The Motley Fool,https://news.google.com/rss/articles/CBMikAFBVV95cUxOWElVeWpEV29zeEw5UmVsLWVoUXlJcUxrek51UUtwbUtQbHlNNXhYRFpGeVFSaXpTMl9kdmxhQVFSV3k4bEJod2Y4bnNXUEhsU2dYUkxIdm5DbmxOU0tDS0w4dGlfdm8tWXc2cXBOZGpiLV9QLVdiUmpJM1o1SWFPWmEzanJCRnJYUjE1bk1scXM?oc=5,The Motley Fool,2026-05-29 21:22:45,True,neutral,,0,0,0.0,lexicon
885c81ca9963,AAPL,These 2 Tech Titans Just Declared Dividend Raises. Should You Buy One or Both?,https://www.fool.com/investing/2026/05/29/these-2-tech-titans-just-declared-dividend-raises/?.tsrc=rss,Yahoo,2026-05-29 21:20:00,True,bullish,,0,2,2.0,lexicon
7cf4dfa94b76,CRM,Salesforce (NYSE:CRM) Stock Price Up 8.4% After Dividend Announcement - MarketBeat,https://news.google.com/rss/articles/CBMiugFBVV95cUxONnNvMzRIelVhVy1CTVVZNGJxQ0RGZG5la2ZUd0FXM0Y3c0lYYW1fTVVfYlFEQ01BLWlXWnNmQ2UxeS1uM0JRSFZyTUlOV0VCR1BXNUpHWVlqbkV6YURIMnJ6cmJCREZZM2VrSlhRb291bmZrREo2cXJZV2ZSU2xHSlpXcE5rVTlsNGt1UGZCN1JYU0xKOWR0LUprQXlRc2ttOWo5MWstR21XWFlhbVVveWFoU09TbVRsRlE?oc=5,MarketBeat,2026-05-29 21:19:07,True,bullish,,0,1,1.0,lexicon
1dddf7e84ff6,SBUX,Starbucks South Korea Backlash Puts Global Brand And Valuation In Focus - simplywall.st,https://news.google.com/rss/articles/CBMi0wFBVV95cUxPRHY4dThzWVV1NW83Yl80VEJzeWR6QWlzUU01b2ZqOGZqZ2lSYm55TUJpclBTTWZGQ21nZ3YxNHBTMm1UYS04RzRNQnM3eFdVM0xhYmpVZFdJelkzZ0gwbXFaeU9kVVRRZGgyNzJNUXNzMDZsc2tLUXNuMFI1R084Y1ZLNEd4OFpaWTZvUkkxN24ybngzeVdsR1pnOVNaNloxSXJFTUdlRDBrTG5EUzJEMWYzbVNFZEZRRHBscW95U0UzMmxRS1ppMUR1TXhSOFBTSWJF0gHYAUFVX3lxTE1uYmVjdHJqTWlvdUlONjlDMVBBdDRrV2NPOEg3TTI3MktpcmZwUWVGVW1XX2U5a0M4bV9fVEgtbGpiSTNFcmxEdFg1X1ZNc2U3TTltRGJwT2s0NnhNTmZ1UGtfRURoX0hQZDRwdVJERE00UTR4OU1YLTNDQXpCWlhLX09OczRzRU8xUkcyMmp4TDVGT3hKZXBUZ3o4dG55bHpXdEtfb1dGVkdYR21iV21JQkR3WUw5aDBoTjVEN18wSU1XTzJVV1ZUdWgxOEhYSGdfLWo2RlFxNw?oc=5,simplywall.st,2026-05-29 21:16:58,True,neutral,,0,0,0.0,lexicon
37f3e7577a3b,ADBE,Adobe Inc (ADBE) Stock Up 7.5% and Still Undervalued -- GF Score: 87/100 - GuruFocus,https://news.google.com/rss/articles/CBMipAFBVV95cUxQU1BJZTlKOVk3bmVCSmk1OGpla2ktbUhCZW1TSF8yUmo4dFJpTElJYVRPcmV3UEp2bWxxUVRzeU02aTh1UGZpdzkzZm11aWs4ak9UUVhRbE53T2FtVFZ0czdOQlBlaWk1WFZ3UzJuMGd5bU9tbEtxYWMtRlpoZHhxeEpzbEU4bXVzMlEyVHNkZ29wLVAwNy1QNGtPWU9QVG9HT0ZHdQ?oc=5,GuruFocus,2026-05-29 21:13:17,True,neutral,,0,0,0.0,lexicon
c0ac81712b32,LLY,Supreme Court Verdict Tests Eli Lilly Valuation And Legal Risk Outlook,https://finance.yahoo.com/sectors/healthcare/articles/supreme-court-verdict-tests-eli-211045860.html?.tsrc=rss,Yahoo,2026-05-29 21:10:45,True,neutral,,0,0,0.0,lexicon
4a4375f8589a,ORCL,Assessing Oracle (ORCL) Valuation After Strong Multi‑Month Share Price Momentum,https://finance.yahoo.com/markets/stocks/articles/assessing-oracle-orcl-valuation-strong-211042307.html?.tsrc=rss,Yahoo,2026-05-29 21:10:42,True,bullish,,0,1,1.0,lexicon
6535aa7c763d,HD,Home Depot Tests On Site Car Key Service To Deepen Store Relationships,https://finance.yahoo.com/markets/stocks/articles/home-depot-tests-car-key-211021393.html?.tsrc=rss,Yahoo,2026-05-29 21:10:21,True,neutral,,0,0,0.0,lexicon
9686c6d4d135,AAPL,Apple AI Shift And Huawei Chips Test Valuation And Growth Expectations,https://finance.yahoo.com/markets/stocks/articles/apple-ai-shift-huawei-chips-211006997.html?.tsrc=rss,Yahoo,2026-05-29 21:10:06,True,bullish,,0,1,1.0,lexicon
fc59c836f730,GE,Does GE’s (GE) New GE426 Air Force Contract Quietly Redefine Its Defense Engine Strategy?,https://finance.yahoo.com/sectors/technology/articles/does-ge-ge-ge426-air-210816696.html?.tsrc=rss,Yahoo,2026-05-29 21:08:16,True,neutral,,0,0,0.0,lexicon
65eea383aa71,NVDA,I've Never Been More Confident in a Tech Stock Than I Am in This One Right Now - The Motley Fool,https://news.google.com/rss/articles/CBMimAFBVV95cUxQM3BHWklQT2tBcS15SWpvdi1RWndmZC1pcVFHYzkxQUtqVUVZNWtLenUwZHkzcEZ1cGRublZqT2R6WHhGa0Q0MDQxU2NITkdYQWlhSXg0UGJ2VGo0MkhrTlZKc0VCajN6VEJoV3htOXV5QTA4Y1RaWHZ6clhYY0JYeExHMG82bUZEZEVPblFlR2hUdnRzeTh1WA?oc=5,The Motley Fool,2026-05-29 21:05:00,True,neutral,,0,0,0.0,lexicon
d7433214fccc,F,Why GM Stock Is Rising Even Though The Car Industry Is Shrinking,https://finance.yahoo.com/m/ba910efd-cc5e-3a49-832f-55b95ff9a45a/why-gm-stock-is-rising-even.html?.tsrc=rss,Yahoo,2026-05-29 21:03:38,True,neutral,,0,0,0.0,lexicon
11cbe4aaeba8,GM,Why GM Stock Is Rising Even Though The Car Industry Is Shrinking,https://finance.yahoo.com/m/ba910efd-cc5e-3a49-832f-55b95ff9a45a/why-gm-stock-is-rising-even.html?.tsrc=rss,Yahoo,2026-05-29 21:03:38,True,neutral,,0,0,0.0,lexicon
039a978d8b21,TSLA,Why GM Stock Is Rising Even Though The Car Industry Is Shrinking,https://finance.yahoo.com/m/ba910efd-cc5e-3a49-832f-55b95ff9a45a/why-gm-stock-is-rising-even.html?.tsrc=rss,Yahoo,2026-05-29 21:03:38,True,neutral,,0,0,0.0,lexicon
15a83f81082c,GM,Why GM Stock Is Rising Even Though The Car Industry Is Shrinking - Investor's Business Daily,https://news.google.com/rss/articles/CBMijwFBVV95cUxPWTk4WnFJZmhyakhzVEVQTkIyQndoVGlmeE5uMDVBUXdoVkN1c21fWHRBX3h5UGNJb3FOSDdrUFMwMENiSWVOaXVITlRhendMdXg0akdhR285R1lGc0IySkFyY2kwQ19Cd2Q0RjdLaUdqUkc3YWhfRzNTempTdWlvZm45VU9nNldSd0ZEOUJJQQ?oc=5,Investor's Business Daily,2026-05-29 21:03:00,True,neutral,,0,0,0.0,lexicon
a2909bb20316,MS,Morgan Stanley resets MongoDB stock price target after earnings - thestreet.com,https://news.google.com/rss/articles/CBMiqgFBVV95cUxPOEI5aEg5clJkc21CQjhfTHhZNkVSbG1xcXRPMC1HaEx0N2VuUElpM3NOR19waVVWa0Iyc0x5eE5TaFRyWnhTMm5WeWJLbXlPNTFCMlhvamlOeXNVdHEyUnBmWmhfNWlNdV9PUHVPZGdqSVVOSGJNWVNSbDVhLXNETGZla1pkRktzT1hBdWluWU1LWkthNGI1OUhZVGY1NFM4NndMNEZKZ21HQQ?oc=5,thestreet.com,2026-05-29 21:03:00,True,neutral,,0,0,0.0,lexicon
1ca5d406e5ba,MS,Morgan Stanley reveals surprising asset exposure,https://www.thestreet.com/crypto/markets/morgan-stanley-discloses-bitcoin-xrp-sol-holdings?.tsrc=rss,Yahoo,2026-05-29 21:00:00,True,neutral,,0,0,0.0,lexicon
1d21f71a8479,BLK,BlackRock Taxable Municipal Bond Trust (BBN) registers 21M shares for sale via ATM - Stock Titan,https://news.google.com/rss/articles/CBMiygFBVV95cUxQYThaYkY2cU1BaUZMcFlrYzVOODMxVmJMalZsa1liRXBtNzNqOUNwZ2N3YlRyU0hrbnVvNHlYd0lLRUhjdnFGMzZsdFB3R3dKNkFOd2h2V0lzQTJqbTRoZDJBTkx1QklOcnBTTDc1QWR4WFFXZUhlZk1EUm9kdmRfdl8xQm8yUUt6QUNkbHhqbkhUNDVhdWFQc3RjTFUzeHdsTkFJZGNCckZUVmJNMW15cmR4UFVpQUVBRTZHaXlib21kMWk2Z2hJRVl3?oc=5,Stock Titan,2026-05-29 20:57:32,True,neutral,,0,0,0.0,lexicon
7d2ed82af7c9,CRM,Wall Street's Equity Benchmarks Close Out May at Record Highs,https://finance.yahoo.com/markets/stocks/articles/wall-street-apos-equity-benchmarks-205130144.html?.tsrc=rss,Yahoo,2026-05-29 20:51:30,True,bullish,,0,1,1.0,lexicon
fd58c7e31513,IBM,Wall Street's Equity Benchmarks Close Out May at Record Highs,https://finance.yahoo.com/markets/stocks/articles/wall-street-apos-equity-benchmarks-205130144.html?.tsrc=rss,Yahoo,2026-05-29 20:51:30,True,bullish,,0,1,1.0,lexicon
9c536754f3d3,TSLA,How Safe Is a Tesla Robo-Taxi? - Barron's,https://news.google.com/rss/articles/CBMiekFVX3lxTE9KbmI0Zjd1cy1COG0wQXFfNzBJSEV6VXhBODl1bWNLVk11VG5PVkFrd0hKdWtUMFRMZUF3YU13Q0ctOTlIQUNoZTJNWGhSWXI4cDIwbGEwb2Vob2tRQkdvOHAzbXgwai1NdG5ZSVFmUC04dnM2RWFxV2Zn?oc=5,Barron's,2026-05-29 20:50:00,True,neutral,,0,0,0.0,lexicon
e8bfe8ed9e86,TSLA,How Safe Is a Tesla Robo-Taxi?,https://finance.yahoo.com/m/150fcad4-734e-391d-b58e-f461df9061eb/how-safe-is-a-tesla-robo-taxi%3F.html?.tsrc=rss,Yahoo,2026-05-29 20:50:00,True,neutral,,0,0,0.0,lexicon
d8883c8caa5d,AAPL,The Memory Shortage Is Just Beginning. The Consumer Pain Is Already Here.,https://finance.yahoo.com/m/ef9a1540-8c0f-3197-8de6-1c6d0b969f15/the-memory-shortage-is-just.html?.tsrc=rss,Yahoo,2026-05-29 20:46:00,True,neutral,,0,0,0.0,lexicon
c64c4af26bbb,MU,The Memory Shortage Is Just Beginning. The Consumer Pain Is Already Here.,https://finance.yahoo.com/m/ef9a1540-8c0f-3197-8de6-1c6d0b969f15/the-memory-shortage-is-just.html?.tsrc=rss,Yahoo,2026-05-29 20:46:00,True,neutral,,0,0,0.0,lexicon
8d973a5302dc,IBM,US Equity Indexes Scale New Peaks Ahead of Trump's Decision on Iran Peace Agreement,https://finance.yahoo.com/markets/stocks/articles/us-equity-indexes-scale-peaks-204309222.html?.tsrc=rss,Yahoo,2026-05-29 20:43:09,True,neutral,,0,0,0.0,lexicon
0f0ad6218d11,COST,US Equity Indexes Scale New Peaks Ahead of Trump's Decision on Iran Peace Agreement,https://finance.yahoo.com/markets/stocks/articles/us-equity-indexes-scale-peaks-204309222.html?.tsrc=rss,Yahoo,2026-05-29 20:43:09,True,neutral,,0,0,0.0,lexicon
173d95a13780,V,Visa's local partners fill cardless gaps in business payments,https://www.americanbanker.com/payments/news/visas-local-partners-fill-cardless-gap-in-business-payments?.tsrc=rss,Yahoo,2026-05-29 20:40:52,True,neutral,,0,0,0.0,lexicon
663753cf4548,BA,3 Aerospace Stocks Ready to Ride the Aftermarket Rebound,https://finance.yahoo.com/m/8624afdb-e914-395b-b927-2d85855fea48/3-aerospace-stocks-ready-to.html?.tsrc=rss,Yahoo,2026-05-29 20:40:00,True,neutral,,0,0,0.0,lexicon
2428ae2f3ac7,SBUX,Starbucks Corp. stock outperforms competitors despite losses on the day - MarketWatch,https://news.google.com/rss/articles/CBMi4gFBVV95cUxPZS1wTWdJd3Y3YmxtU2s5ejBLZExySTRWNTZXMndvWFhyUDV1R3FJMHRlTjNiMHdlaTJZTmE0TnRYanRya0JEdWNwbHp4V2VNOGtBNFRDd1M2bDRvZElld0NuSy1IZE9URVZ0X05wSEhUbHAxa2pZSzdEQUtkcmsxS09WQk9ORUZ3YkVzaGNVQTlrSHBLZ0E5SFN2elhwWDJoTUplcXV1S09QY0NxUExsVkpBYnpEOXZrVm9oTXJxWDIweC15V3JwVVVtbVlHTWRjNHV4LTZLOVhfSFhjNG5Lck9R?oc=5,MarketWatch,2026-05-29 20:38:00,True,bearish,,0,-1,-1.0,lexicon
7fc2268697d2,CVX,"Chevron (NYSE: CVX) awards 1,272 stock units to board director - Stock Titan",https://news.google.com/rss/articles/CBMiqAFBVV95cUxQeFNSbTM5X2NCMzAxNF81OXJHY1hkSFdRSHNKR2dpVGdNWDl0RWh6UU16M2Z5SGVrODdvVlpkU1Q4cXptbWdIZnBzS2g2UFF1YTN0UmgtdkZOT2ZYN21mbW1ta2xWOVJ5cHRXYkVldG1FTFBZeFhBZ0k5eS02YnkxX1AzVUtQUS1PNmNtNTEwajdDdHVrYmJ4bjl4VnBFX1c5VjlxSmR1bGk?oc=5,Stock Titan,2026-05-29 20:36:17,True,neutral,,0,0,0.0,lexicon
b64ad8e2a043,ADBE,"1 of 4 fallen climbers rescued from Mount McKinley - ABC News - Breaking News, Latest News and Videos",https://news.google.com/rss/articles/CBMinAFBVV95cUxPZV9qQ3owZm5UUzViOXlCRWdaMmlTN0dWcGlXc094NWs3WW5DT0NkUk51REhvU29nbmZEbnhHczdtaW54ZW1rNDBBdVJOcGE3bHlYZ0dTczltRTNpbU9USjRqYkJNeVRLcUpkeFRvMGRTTVdFUHZXY3VlQVhqOGsxUW9sbXMteDVtSW1STWdhLXZQVkNQZHFYbGg3VELSAaIBQVVfeXFMTWN5bWF2TE9NYnJ2aDFoaEdzbWVCNDl1VWY1aG52R1FuRmZjQnduX3hfLWF2N0ZRbHlZZ2VPVkhfeGxVVzhFUm80S3R3WnNURnQ5a2E2MnFpcGRPVVVXMGlNY3Z2NFJFdTgyZGtVLXNEVWw1M0o1N21VdnVLcVFzTy1SbWxXUkpUeC1MbUJFeUVfbm85QzkxdEw0cjdKdUxCV0Fn?oc=5,"ABC News - Breaking News, Latest News and Videos",2026-05-29 20:36:10,True,neutral,,0,0,0.0,lexicon
7e6ac503b2cb,CVX,"Chevron (CVX) director Umpleby receives 1,272 stock units and reports trust holdings - Stock Titan",https://news.google.com/rss/articles/CBMiqAFBVV95cUxPRDA2QTFaUFVSSE9UWEZ2SGZpaEx0WGtWZVRqQld6b1JTOVRaM3hyXzlZT0NXMkdVTmRaelBGY3Q3TGFmVEh0eUJGSGxQY1UzT0dMdHpWd2sxT1JBdXJOUE9KcUV2TTV0TS1XQjI2cmR1UWREWjZKek5jeFY2N2UzUkdGcWhGbWt5S2ozNk9fVlAwa1lxUUc0cU9iSG9hNXctZVdkWUFmOFE?oc=5,Stock Titan,2026-05-29 20:34:11,True,neutral,,0,0,0.0,lexicon
a078a6fd1478,PEP,PepsiCo Inc. stock outperforms competitors despite losses on the day - MarketWatch,https://news.google.com/rss/articles/CBMi3gFBVV95cUxNamhoQjRxQ2Z2ZG9CR1ZjbDljWmYwQTF6azBLaUk3RG1qRHFmWWpPWDBaZXFQWWlUbjhWZC1pVUZFRTVDX3Q5S21iQS0ydXQ0Sl9IeUlyM1dxWXJsdzhQRl92Q1pRMHU1VlpfeWpNakpmc3ZuZWRrbUVjZkFicnEyaXlBLWtTWVd4UWU3THQ0Q1UzYkIwcnBKSDhGUlNPdjlJQlRMVEJrcm1HOV9qamhhZnJVQlNfb2pjbzBlNmpVMDREUWg1cWhpWmNHOFVIcF82ZmhUSC1TTFFUR3FheGc?oc=5,MarketWatch,2026-05-29 20:34:00,True,bearish,,0,-1,-1.0,lexicon
07e583a531e4,MS,Listen in as State Street CFO speaks at Morgan Stanley U.S. Financials - Stock Titan,https://news.google.com/rss/articles/CBMisgFBVV95cUxNMF83UkhMdVNYNzJjZzBfV0tNRG1mVlRDS2xUVW94dXlNQ214clR4OUdfcW8xdTRPdDVpLWVEdHlFRnZTRkhybkFYNWlVUHNaamZpQ3YxdWJKRUU5WmI4dlZ2NUVIWkFlbEpkT192YUE1WkVyak94N3ZYUkpSVVRNWjYxR050UzBFc2xsYWt0cEcySjMwb09EZ1hxWjVoNy1SU3FZMFhWN1hwMWZaLXpfMnJ3?oc=5,Stock Titan,2026-05-29 20:33:31,True,neutral,,0,0,0.0,lexicon
7de6682b004e,NKE,Nike rival sneaker brand shuts down unexpectedly,https://www.thestreet.com/retail/nike-rival-sneaker-brand-hilma-shuts-down-unexpectedly?.tsrc=rss,Yahoo,2026-05-29 20:33:15,True,neutral,,0,0,0.0,lexicon
5d39fa4f347a,WFC,Wells Fargo & Co. stock outperforms competitors on strong trading day - MarketWatch,https://news.google.com/rss/articles/CBMi3AFBVV95cUxNZzdrdGhEcTNuV3hkNVliTXZGWGU2a3pmU2pZWWo4a1ZRaWNXQ3pQMGN2Q2JnQU5iTE8xS1RmYVh5NWpudVNDdjNyV3AxSm04VHhZUl9SVTB1WTFJRGlJd0kxR3RKRUFqWFVfZlpxSXZ5aUlHaXU2OXd5TDM1cmlfRnJvZnlWbmtleU5Tdk5WVE1kMVR5NWoyenZqS21nNGlYOEVJWkFGRU9ZQnNvTHFlLUtlOUdmOW5qYVN6UDJ5d3dlUl8yU3pDNFFjWFpUX01rRHRxOGJfSU5oOXpj?oc=5,MarketWatch,2026-05-29 20:33:00,True,bullish,,0,1,1.0,lexicon
eb757413d8cd,XOM,Exxon widens losses to seventh straight session (XOM:NYSE) - Seeking Alpha,https://news.google.com/rss/articles/CBMijgFBVV95cUxPbG5RYnBWQWZvZnZHVDQ0UlNJV0tqcXlfUERDQWdnM0pLa3NoYWFiSEp3bG56dzFyTGRiLVlrX0xNcVJYa2NSLS1FLXJ3REl3ZEZtUFJRX19PdVNNMkVNNmhqSHdpNGstTGJOdzZmNXVsdkYxbFRLZWtIMWpNbDBoWGxSR2dCS0U1US03WWNn?oc=5,Seeking Alpha,2026-05-29 20:32:57,True,bearish,,0,-1,-1.0,lexicon
ea9985d2aa14,CAT,Farming Has a Tough Row to Hoe. This Analyst Still Likes Corteva and a Tech Provider.,https://finance.yahoo.com/m/1a3a5a1f-1524-324e-a5ec-66b8d0f05fd6/farming-has-a-tough-row-to.html?.tsrc=rss,Yahoo,2026-05-29 20:32:00,True,neutral,,0,0,0.0,lexicon
d577f4069739,IBM,"Stock Market Today: Dow Closes Above 51,000; Nasdaq, S&P 500 Make History (Live Coverage)",https://finance.yahoo.com/m/4d4fb8e3-2a73-39ba-9f4f-da84a63951c0/stock-market-today%3A-dow.html?.tsrc=rss,Yahoo,2026-05-29 20:31:55,True,neutral,,0,0,0.0,lexicon
9fc519a812b0,CRM,"Stock Market Today: Dow Closes Above 51,000; Nasdaq, S&P 500 Make History (Live Coverage)",https://finance.yahoo.com/m/4d4fb8e3-2a73-39ba-9f4f-da84a63951c0/stock-market-today%3A-dow.html?.tsrc=rss,Yahoo,2026-05-29 20:31:55,True,neutral,,0,0,0.0,lexicon
f952682c15fa,CVX,"Chevron (CVX) director Dambisa Moyo receives 1,272 stock units grant - Stock Titan",https://news.google.com/rss/articles/CBMiqAFBVV95cUxPWWhYOGhEeGd5STgtTTBUUmRpYW56V21fWmlNRW94dERmdHVQVVV0YmJrbDZ1Vjk5djRVbk9lQk5iQ1JHc3FxQ3N4QnpkOElGTF92Qy1SUUUybklHWFBKWE9kT2FHSnQ2MnRhQktzZkVGRnhidFY2b19OekFkbkpyUEZ6NGN4TDBGT0FkX21HUXRxX3FsbEliaFpXczktbWREQXBBakthd3Y?oc=5,Stock Titan,2026-05-29 20:31:40,True,neutral,,0,0,0.0,lexicon
57cf3126cc4a,MU,Dell Technologies Crushes Earnings: AI Buildout Remains Robust,https://finance.yahoo.com/markets/stocks/articles/dell-technologies-crushes-earnings-ai-203100192.html?.tsrc=rss,Yahoo,2026-05-29 20:31:00,True,neutral,,0,0,0.0,lexicon
84fba05f84d2,MU,"US Equity Indexes Break Records This Week as Mega-Cap Tech Soars, Trump Close to Announcing Decision on Iran",https://finance.yahoo.com/markets/stocks/articles/us-equity-indexes-break-records-203047572.html?.tsrc=rss,Yahoo,2026-05-29 20:30:47,True,bullish,,0,1,1.0,lexicon
2fa50aaa4112,GE,"Top Stock Reports for JPMorgan, GE Aerospace & Western Digital - Yahoo Finance",https://news.google.com/rss/articles/CBMimgFBVV95cUxNSVNhZG1MSjFrSGZqUTRPSVdVZU1xb1plbksyMUtvTVE0UERsWnJoLVItNG9vRkM3a012aVdqXzNhaDVHcmJyOHRucURUa3A3cEQtalg2RFpFNTFDanlnVDU0TnpsZjRUR3hTOWFhUlpQSnpUNXRpU2ZyZkNSMmNtRDU2NHdZNUJTa1l1OGQ1WG5MeWhTanpuYnB3?oc=5,Yahoo Finance,2026-05-29 20:30:00,True,neutral,,0,0,0.0,lexicon
5c5211936cdb,JPM,"Top Stock Reports for JPMorgan, GE Aerospace & Western Digital",https://finance.yahoo.com/markets/stocks/articles/top-stock-reports-jpmorgan-ge-203000915.html?.tsrc=rss,Yahoo,2026-05-29 20:30:00,True,neutral,,0,0,0.0,lexicon
db81af766f73,GE,"Top Stock Reports for JPMorgan, GE Aerospace & Western Digital",https://finance.yahoo.com/markets/stocks/articles/top-stock-reports-jpmorgan-ge-203000915.html?.tsrc=rss,Yahoo,2026-05-29 20:30:00,True,neutral,,0,0,0.0,lexicon
7fb072486c0e,CVX,"Chevron (NYSE: CVX) director Thomas W. Horton granted 1,272 stock units - Stock Titan",https://news.google.com/rss/articles/CBMiqAFBVV95cUxPRFg3M1ZZUFROc1EyejZoRHFxeVUyZE9qdG1POUJjSnpmakc0bS1UV1JDOU1wYUpqNks4Z3pDcnRJU0hyR0pXa21vMUtpSnlEaGZ4THdVQmFRWFJBN0dpSEdJRVVEQnVwMlpwRHNkeGZicm5SVDdJLVNfNkNOeGV2NTZ5THhtemNUckNIcllYekJoWG54LVcyQW9oOWU1Um1Qb2l2blQxbmQ?oc=5,Stock Titan,2026-05-29 20:28:37,True,neutral,,0,0,0.0,lexicon
17a69b69cd27,CVX,"Chevron (CVX) director Marillyn Hewson awarded 1,272-share stock grant, holds 15,020 shares - Stock Titan",https://news.google.com/rss/articles/CBMiqAFBVV95cUxNNVBqQlU0VFlPbHQxbUlSbktHcC1SMkt4SE9FbkJWQUx0dV9lYS1vakM1VF9DcFZFcE05eVVOMVRqcXk5aWpQemhqZWU2MVhnMjZ2cmIzWXdUMmdmalRkWDVxWkVnNlBCTU9BOGhMcUkzZUMwV1ZZU2NfNDl5OVEzZkh6WjhUdHNSSENkNXR6S1hXNW01LVM4WGJkZWppeWxUOUQzc3Z0cW0?oc=5,Stock Titan,2026-05-29 20:27:00,True,neutral,,0,0,0.0,lexicon
2186cdd17e28,CVX,"Director John Hess (NYSE: CVX) receives 1,272 Chevron stock units - Stock Titan",https://news.google.com/rss/articles/CBMiqAFBVV95cUxPamlxOHlxNmRGenluTHBpOWdsNGNNUmFRTXF0MVJYZUh0YjMwQmpWdnFjajZZT3RxX3N3VzM0Y3BBcGNQTWpZMVZNWXI3ZmRxeV9lV2hPTThfanVEcnhKQW5uVW5Vc1oyR1RtelpCZHdKaTZxMG1EWWJPUzZmTVN4SXo0OGpaR2Y0RzFEcTdJMWlUYWU2NzZLbGpmVVljZ04zY0h6aTZxdkg?oc=5,Stock Titan,2026-05-29 20:25:01,True,neutral,,0,0,0.0,lexicon
8e5e1e592d53,CVX,"Chevron (NYSE: CVX) director receives 1,272 stock units grant - Stock Titan",https://news.google.com/rss/articles/CBMiqAFBVV95cUxNdUxZbzRfWkw4WmNFTFlHWVYtTGlEaHZqazNBTUtxd3ZKcUE4SEFNMzctSl9SaVQzUWhqMHRmVkUyM2FVSzZtSVR5WmVoZHE0Qm9hSkJlS3BWMU1OdG1RWG1Ld0xtUTRvZUNXaWxFUFJVbTlBOENIb21lMGpvWGhMcDFnV1Q1SVpUOVlCaFZURHFmLWttY1VlN2oyZ05wZ2p3LWp6MmI4ZVo?oc=5,Stock Titan,2026-05-29 20:22:51,True,neutral,,0,0,0.0,lexicon
d0bc7bebff86,AMD,"Nvidia, AMD, & other chip names in focus at Computex 2026",https://finance.yahoo.com/video/nvidia-amd-other-chip-names-202249085.html?.tsrc=rss,Yahoo,2026-05-29 20:22:49,True,neutral,,0,0,0.0,lexicon
e0d9028822ab,QCOM,"Nvidia, AMD, & other chip names in focus at Computex 2026",https://finance.yahoo.com/video/nvidia-amd-other-chip-names-202249085.html?.tsrc=rss,Yahoo,2026-05-29 20:22:49,True,neutral,,0,0,0.0,lexicon
d3814e07e14f,GS,Wall Street Dumps Crash Hedges as Most-Shorted Stocks Jump 30%,https://finance.yahoo.com/markets/options/articles/wall-street-dumps-crash-hedges-202226032.html?.tsrc=rss,Yahoo,2026-05-29 20:22:26,True,bullish,,0,1,1.0,lexicon
c49f8b2d70bf,F,Ford Stock Set for Best Month Since Financial Crisis on AI Rally - Bloomberg.com,https://news.google.com/rss/articles/CBMitgFBVV95cUxQdW1vMG8tXzNURW5fRlUyVGw2Unl2RGVDcDBDOVZpM0x1VnFGR2xZQkl6ZEdHM1pMQmdYeWpVLTFlcFE5RF9tVnlwQTc1Nm9oYWdNSUFQOVp0T0JYblpVZUdXaG9aWVg3S1VUWEV2VTVVaWczT19IMjdYdklLTkM5akhERGtLNWpjTlVtWkFkOXVjN2hlQUFXVlBsTlFyU3hNVjZCS3pBQlo1UUF2VVNWRVlJUTMzdw?oc=5,Bloomberg.com,2026-05-29 20:21:15,True,bullish,,0,1,1.0,lexicon
99efcebd3e8f,HD,Home Depot (HD) EVP Michael Rowe reports 714 phantom stock units liquidated - Stock Titan,https://news.google.com/rss/articles/CBMiqgFBVV95cUxOUXpzdDJmUUp4R1JSaTJHR3JCOGZmWmhPdm95WVpKdkJBYllfRExONG52TUxaV2xEbTU5Wk9LUEN1ZnE5SzJ2U3E5WXhjS0JFczVzS2RMelBvOUxYWTBZRmdLRXdjcEJYSnFKdHRZcW9zXzRGRDhQd05EdG1tbFRTVDFKbXlERHBxWkllR05yOHQ5S0NLZG9DbFlPM0poeW4wcnRybE9jaUtaUQ?oc=5,Stock Titan,2026-05-29 20:21:04,True,neutral,,0,0,0.0,lexicon
8c8980cf819d,CVX,"Director at Chevron (NYSE: CVX) granted 1,272 stock units - Stock Titan",https://news.google.com/rss/articles/CBMiqAFBVV95cUxNUjNsRGhaNzVIZWVjRl9yVFJVSjJ4MExQclFQa3BlOUJyNkZWdjFxYy1EVTNoR2tmcFFpZzJsSEl6SDVsTFIySXhmQTRsQlFkdEUtU2dCYjJPUWdFaDg3amM1NjhRbXVSTmJJSGN3dmhwdjNQTXJmYlJkVUx5YmtlWXRnWmN6Mks0eFpLN0ZpTWtSOHdUQmZ0aldLMm51MHFJNXpqQnlxYk0?oc=5,Stock Titan,2026-05-29 20:20:44,True,neutral,,0,0,0.0,lexicon
a9bd540a427e,CVX,"Chevron (NYSE: CVX) director receives 1,272 stock units as equity grant - Stock Titan",https://news.google.com/rss/articles/CBMiqAFBVV95cUxPQ3N0RHh1ajBVYk1BVkxmVENQSVlJUTZGcVBvdGVEVTFxcUc1aE1IRncycGNfMmp6SEpOMHBkVkl2Z21xWTFtRG1PNVNFSFNlNGNQS3RpNG04NVhFVGFYaTlkTVEydkpNUHVqVDNVQkYyMkxZa3Q1MTZRRHY0MXlKNGtCN0pPUEtYTzFtTWNJQUJ6bWZXZTZ4bFJTZFJJYjZQQjlQbEU4OTU?oc=5,Stock Titan,2026-05-29 20:18:52,True,neutral,,0,0,0.0,lexicon
a4fb4222e53e,MU,Micron Joined The $1 Trillion Club With Its Blistering Rally This Week. Here's How Much Traders See It Moving Next Week,https://www.investopedia.com/micron-joined-the-usd1-trillion-club-with-a-blistering-rally-this-week-here-is-how-much-traders-see-it-moving-next-week-mu-11985655?.tsrc=rss,Yahoo,2026-05-29 20:17:17,True,bullish,,0,1,1.0,lexicon
ae11fcc375c7,JPM,Weekly Wrap: Crypto Prices Breakdown As Bitcoin Falls In May,https://www.cryptoprowl.com/releases/weekly-wrap-crypto-prices-breakdown-as-bitcoin-falls-in-may-5718?.tsrc=rss,Yahoo,2026-05-29 20:15:00,True,bearish,,0,-1,-1.0,lexicon
0b4371dce9e2,MS,KKR real assets head to speak at Morgan Stanley US event - Stock Titan,https://news.google.com/rss/articles/CBMipwFBVV95cUxQcUdkcUNXMmxCZzIwcnE5TEVtZkxVblFCTkxhbzNoVl9NRW9KemRxSFBGdEZzM2FjOVlPeU0zclhVUXVlRTVKeUVucGI3MlBNZGdESV9ueXNkTUFTV2V6R1lJNk1Kc04ycERzMENrSlBVWGV2NXRrdTl4MTBJYkRpOHpndlJYbEd3MGw5NEE1dWZZUWUxTjhqMkcwblJWaUszVzBOVjNJSQ?oc=5,Stock Titan,2026-05-29 20:15:00,True,neutral,,0,0,0.0,lexicon
bf6d15f50c28,MA,Weekly Wrap: Crypto Prices Breakdown As Bitcoin Falls In May,https://www.cryptoprowl.com/releases/weekly-wrap-crypto-prices-breakdown-as-bitcoin-falls-in-may-5718?.tsrc=rss,Yahoo,2026-05-29 20:15:00,True,bearish,,0,-1,-1.0,lexicon
a3d4316c2365,WMT,Bonds May Finally Be Ready to Give Stocks a Run for Their Money,https://finance.yahoo.com/m/4332e099-8b1c-329d-97db-97ffdade47fd/bonds-may-finally-be-ready-to.html?.tsrc=rss,Yahoo,2026-05-29 20:14:00,True,neutral,,0,0,0.0,lexicon
583c87d3fedd,KO,Bonds May Finally Be Ready to Give Stocks a Run for Their Money,https://finance.yahoo.com/m/4332e099-8b1c-329d-97db-97ffdade47fd/bonds-may-finally-be-ready-to.html?.tsrc=rss,Yahoo,2026-05-29 20:14:00,True,neutral,,0,0,0.0,lexicon
dd101041ef05,COST,Bonds May Finally Be Ready to Give Stocks a Run for Their Money,https://finance.yahoo.com/m/4332e099-8b1c-329d-97db-97ffdade47fd/bonds-may-finally-be-ready-to.html?.tsrc=rss,Yahoo,2026-05-29 20:14:00,True,neutral,,0,0,0.0,lexicon
1d7fd0672195,GS,Bonds May Finally Be Ready to Give Stocks a Run for Their Money,https://finance.yahoo.com/m/4332e099-8b1c-329d-97db-97ffdade47fd/bonds-may-finally-be-ready-to.html?.tsrc=rss,Yahoo,2026-05-29 20:14:00,True,neutral,,0,0,0.0,lexicon
6d24f7b8574a,AVGO,'Volatility equals opportunity' in options trades as tech soars,https://finance.yahoo.com/video/volatility-equals-opportunity-options-trades-201323042.html?.tsrc=rss,Yahoo,2026-05-29 20:13:23,True,bullish,,0,1,1.0,lexicon
7912713f5305,TSLA,'Volatility equals opportunity' in options trades as tech soars,https://finance.yahoo.com/video/volatility-equals-opportunity-options-trades-201323042.html?.tsrc=rss,Yahoo,2026-05-29 20:13:23,True,bullish,,0,1,1.0,lexicon
86b7f52e9ec8,PYPL,Large PSU grant ties PayPal (NASDAQ: PYPL) CEO pay to stock price - Stock Titan,https://news.google.com/rss/articles/CBMitAFBVV95cUxPcUM2Y08yR015azJrWHAyb1BERnQwX2IzNW9FbWw2RmxQQUJHMkROVmxCd0dZZWF1cUtjbEItY2hEamlFYmo4NUNYRWpfNGRGMU1TV1Nfel8xalZmS0VYTEQwQmdvQkdhT0VXall4cHBZakJQeU1xVUgtUFBUV0tNV0o5dnpzNUhOMGp0TDItN0U2aGVzUWZkbHRmVkhPNE9zc0FMdjlkaGl0RnRWMUhnYXBSUHU?oc=5,Stock Titan,2026-05-29 20:12:27,True,neutral,,0,0,0.0,lexicon
81c3d6f62b22,NKE,Nike snaps six straight sessions of gains (NKE:NYSE) - Seeking Alpha,https://news.google.com/rss/articles/CBMilAFBVV95cUxNWVFVeHp4cGF1SG9nRUpmSWRreWVLc1ZMb1NTMGJkeTlWY0oxSGhJd2wwWTJiTDcyVzZoNU44eDRrQWd1VHZjMm01aWM4cjZPa1lQVDRSVG05aUxLdFBRc1Q3MTdRV1ZXTzVvS0JwZnBOT0djcklxbGVPXzdISHNvejJEalp3dkZYellKbVJocHpYeUpR?oc=5,Seeking Alpha,2026-05-29 20:12:00,True,bullish,,0,1,1.0,lexicon
16ae0f9a011b,BLK,Texas Appoints Crypto Executives To Bitcoin Reserve Committee,https://www.cryptoprowl.com/releases/texas-appoints-crypto-executives-to-bitcoin-reserve-committee-5717?.tsrc=rss,Yahoo,2026-05-29 20:12:00,True,neutral,,0,0,0.0,lexicon
b3197dd2908b,LLY,Eli Lilly (LLY): Top Healthcare Stock Pick of Claude AI,https://finance.yahoo.com/sectors/healthcare/articles/eli-lilly-lly-top-healthcare-200844274.html?.tsrc=rss,Yahoo,2026-05-29 20:08:44,True,neutral,,0,0,0.0,lexicon
3dd077d053de,LLY,Eli Lilly (LLY): Top Healthcare Stock Pick of Claude AI - Yahoo Finance,https://news.google.com/rss/articles/CBMingFBVV95cUxOMG0tRUQ1VVlOdmdhTG0tWi1KTUpfZ0ZmRzdSMDVEdFJMdl8ySExkZzNfUkNoV1FHcTdua1BWR0VqeGtQUDVsX1YtYUh0SVBhVVhjVDktRnZmanRuQW15WHA0aFZzNGtmZmxfVjN4YlRfbldtUzA2aGhidDBNUnpublFKUzJ6WkJxNm12cGUtVE9fdEg3ZlNFZjlOZ1AtZw?oc=5,Yahoo Finance,2026-05-29 20:08:44,True,neutral,,0,0,0.0,lexicon
3b59b040411b,AVGO,Broadcom (AVGO) is Among Claude AI’s Top Stock Picks for 2026,https://finance.yahoo.com/markets/stocks/articles/broadcom-avgo-among-claude-ai-200742436.html?.tsrc=rss,Yahoo,2026-05-29 20:07:42,True,neutral,,0,0,0.0,lexicon
9f6236f3784b,BRK-B,Highlights: GameStop & eBay – Activism: Governance from Investor & Board Perspectives: 2nd Princeton CorpGov Forum,https://finance.yahoo.com/markets/stocks/articles/highlights-gamestop-ebay-activism-governance-200733032.html?.tsrc=rss,Yahoo,2026-05-29 20:07:33,True,neutral,,0,0,0.0,lexicon
ed7c9f7150d2,DIS,Highlights: The NIL Effect – Finance of Sports: Collegiate Focus: 2nd Princeton CorpGov Forum,https://finance.yahoo.com/sectors/technology/articles/highlights-nil-effect-finance-sports-200137765.html?.tsrc=rss,Yahoo,2026-05-29 20:01:37,True,neutral,,0,0,0.0,lexicon
676e254efacd,GS,Highlights: Value Creation Plans – Governance in Private Equity: 2nd Princeton CorpGov Forum,https://finance.yahoo.com/markets/stocks/articles/highlights-value-creation-plans-governance-200109935.html?.tsrc=rss,Yahoo,2026-05-29 20:01:09,True,neutral,,0,0,0.0,lexicon
23dc098932f9,PFE,Arvinas to Present at Jefferies Global Healthcare Conference,https://finance.yahoo.com/sectors/healthcare/articles/arvinas-present-jefferies-global-healthcare-200100166.html?.tsrc=rss,Yahoo,2026-05-29 20:01:00,True,neutral,,0,0,0.0,lexicon
060fc58f29b5,DIS,"The Dealmaking 3: NBA Ratings, World Cup Logistics, Enhanced Games Gamble",https://finance.yahoo.com/markets/stocks/articles/dealmaking-3-nba-ratings-world-200043281.html?.tsrc=rss,Yahoo,2026-05-29 20:00:43,True,neutral,,0,0,0.0,lexicon
1a107c7db4b6,ADBE,"The Dealmaking 3: NBA Ratings, World Cup Logistics, Enhanced Games Gamble",https://finance.yahoo.com/markets/stocks/articles/dealmaking-3-nba-ratings-world-200043281.html?.tsrc=rss,Yahoo,2026-05-29 20:00:43,True,neutral,,0,0,0.0,lexicon
aed0fe7c35e5,COST,Costco says Americans are panic-buying one thing again—and it’s not toilet paper,https://www.fastcompany.com/91550925/costco-says-americans-are-panic-buying-one-thing-again-and-its-not-toilet-paper?.tsrc=rss,Yahoo,2026-05-29 20:00:00,True,neutral,,0,0,0.0,lexicon
8714bf69ae27,MCD,McDonald’s Is Trading Near a 52-Week Low While Generating $7 Billion in Free Cash Flow Every Year - TIKR.com,https://news.google.com/rss/articles/CBMivgFBVV95cUxOWnhqTllzWEsxeEcxN3lRUng4bC0wM2NLejJOQzdpb2QwZHQwQU1udHlFbkE2UTZ5T2JnX2tVbjJPbDVVQmhPTXJvSTN5bU9IT3pxS3pkVkwxTGFPaGVYVE1DVWd6RlpkTTlfV3h3ZG4tbUVfaWxXVHNpTG9ZakVJUWJwN1d2V0dfN3NwV1VxNkQyUVp0S09iejFmYXVWdjY2RUdmaUhSVGNVMDRuSDZjMWR3eENjRENKbFJTdDBB?oc=5,TIKR.com,2026-05-29 19:57:32,True,neutral,,0,0,0.0,lexicon
924d8bcfef14,TMO,Thermo Fisher Rose 10% This Week. Here’s What to Expect in 2026 - TIKR.com,https://news.google.com/rss/articles/CBMijwFBVV95cUxOczg2OU9hUXlRUUQ1Wm9EQ1NuMExKc3UzaGZucG9GQnNXVmtaRzVOZ003NFk2UksyUmp3ZjNCWEcxNVo1WWNqUHdXQ2hBX29fM0JhU3U5QVhCZk9VQzRSNEd3STdkUUxfd2k0Vlc2Z3BlMEtTcC1VWjU2bmhkSXRxLTBjLUQ0VFpfa0I5czhSYw?oc=5,TIKR.com,2026-05-29 19:57:32,True,neutral,,0,0,0.0,lexicon
536bbb8c281c,MS,"Morgan Stanley stock hits all-time high, reaching 208.01 USD - Investing.com",https://news.google.com/rss/articles/CBMitAFBVV95cUxPMnU4SmZqNnB0cE83eGVMVEh6SGN0OEwtaldLSkxuRUVRYWxMWHJJejdFVGV0bnlRVk1rTGYtNDc3Q3M0UDAwdHBGNW0zajFWZlc5dDQzYkhKa1VJdXh1Mzd3OTd3SlJuejZvN1FLMV8yOURqWXIxRjdUNVJadGRncHo4X0JjV0dmX0hVaFQ0SFdfdnFIdFJ0Q0JJRGJ6ZENSOXNXN0hMNDhIVmdIZEFYQThROU8?oc=5,Investing.com,2026-05-29 19:53:27,True,neutral,,0,0,0.0,lexicon
2e9982766204,XOM,Sector Update: Energy Stocks Fall Late Afternoon,https://finance.yahoo.com/sectors/energy/articles/sector-energy-stocks-fall-afternoon-195004417.html?.tsrc=rss,Yahoo,2026-05-29 19:50:04,True,bearish,,0,-1,-1.0,lexicon
c9fe21d77fa8,CVX,Sector Update: Energy Stocks Fall Late Afternoon,https://finance.yahoo.com/sectors/energy/articles/sector-energy-stocks-fall-afternoon-195004417.html?.tsrc=rss,Yahoo,2026-05-29 19:50:04,True,bearish,,0,-1,-1.0,lexicon
7f3b28db7451,QCOM,The CEOs of the world's biggest chip companies are descending on Taiwan next week,https://finance.yahoo.com/sectors/technology/article/the-ceos-of-the-worlds-biggest-chip-companies-are-descending-on-taiwan-next-week-194602431.html?.tsrc=rss,Yahoo,2026-05-29 19:46:02,True,neutral,,0,0,0.0,lexicon
309609b2ba11,AMD,The CEOs of the world's biggest chip companies are descending on Taiwan next week,https://finance.yahoo.com/sectors/technology/article/the-ceos-of-the-worlds-biggest-chip-companies-are-descending-on-taiwan-next-week-194602431.html?.tsrc=rss,Yahoo,2026-05-29 19:46:02,True,neutral,,0,0,0.0,lexicon
f6897d9bdeda,ADBE,Deltek Report Finds Labor and AI Challenges Reshaping A&E Industry - For Construction Pros,https://news.google.com/rss/articles/CBMi9AFBVV95cUxPM3o4R1gwTXN1eUN4bk9HMXJBYVVOSF9WZ1NxNVVwYXdHaTdmM0pRUUJJZTlVUjFPSDV5Q2JySWc3R21nTkdnTG52Wk1jdkExaGY4Uzk2WVBzYlYta21ROVlrbW1ya2JPSkNfaS1nemY0azVUX21HM1Z5S1hpbm5ZLVRmWjdUaUVDYzB1eXZiUG9Wd2Q3aVBfSGhxVjZLNHpUXzI4NGtpOV9DTENIdzk0NTFhbzR0dXpILTBzY01HUlZQUmhEMEVhSnFOVUpyekFlajUxcURLekg5ek91bngzVlVpNjBqd2E5VlpxQmZrYW1rem1Y?oc=5,For Construction Pros,2026-05-29 19:45:27,True,neutral,,0,0,0.0,lexicon
89863df3f15c,MU,This Risk ETF Is Riding Its Best Seven-Day Stretch in a Year,https://finance.yahoo.com/m/4a0f5ad2-4b78-32f1-9298-4250bb1e5270/this-risk-etf-is-riding-its.html?.tsrc=rss,Yahoo,2026-05-29 19:41:28,True,neutral,,0,0,0.0,lexicon
365e56a7d6b0,COST,Sector Update: Consumer Stocks Decline Late Afternoon,https://finance.yahoo.com/markets/stocks/articles/sector-consumer-stocks-decline-afternoon-194128337.html?.tsrc=rss,Yahoo,2026-05-29 19:41:28,True,bearish,,0,-1,-1.0,lexicon
7a1927f7fc95,AMD,This Risk ETF Is Riding Its Best Seven-Day Stretch in a Year,https://finance.yahoo.com/m/4a0f5ad2-4b78-32f1-9298-4250bb1e5270/this-risk-etf-is-riding-its.html?.tsrc=rss,Yahoo,2026-05-29 19:41:28,True,neutral,,0,0,0.0,lexicon
cab029dc596f,GM,Sector Update: Consumer Stocks Decline Late Afternoon,https://finance.yahoo.com/markets/stocks/articles/sector-consumer-stocks-decline-afternoon-194128337.html?.tsrc=rss,Yahoo,2026-05-29 19:41:28,True,bearish,,0,-1,-1.0,lexicon
59475f376c3b,IBM,Why IBM’s Stock Is Suddenly Racing Higher - TipRanks,https://news.google.com/rss/articles/CBMihgFBVV95cUxQZlZDU2JYSmpLamd1QkkxMUNfVEtBSW1hOFpvcGU0OW9FRTJ6dmNSclZvLXQzdWp4RkQ5WXM2N2xSVHhVR0pkWEhtU3RDSkpCZnJBc1RfUlAyWXJJWmRVdlROTWh0azlBaHV0YXcyRUJYT0FaR3BzYktQRHM2eGROVDFwT2Z2QQ?oc=5,TipRanks,2026-05-29 19:37:54,True,neutral,,0,0,0.0,lexicon
c48f45ec7c67,BAC,Bank of America Could Be a Bargain After Strong Q1 Earnings,https://247wallst.com/investing/2026/05/29/bank-of-america-could-be-a-bargain-after-strong-q1-earnings/?.tsrc=rss,Yahoo,2026-05-29 19:37:11,True,bullish,,0,1,1.0,lexicon
355fd30e62af,LLY,Eli Lilly Breaks Out Amid Vaccine Push; Three More Stocks At Highs,https://finance.yahoo.com/m/06f77418-5fc2-35ab-af96-a792eba5c9bc/eli-lilly-breaks-out-amid.html?.tsrc=rss,Yahoo,2026-05-29 19:36:25,True,neutral,,0,0,0.0,lexicon
c0e1af3a74be,ORCL,"Snowflake, Oracle, ServiceNow Stocks Rally As AI Trade Heats Up Again",https://finance.yahoo.com/sectors/technology/articles/snowflake-oracle-servicenow-stocks-rally-193130579.html?.tsrc=rss,Yahoo,2026-05-29 19:31:30,True,bullish,,0,1,1.0,lexicon
2c4548622aca,MA,"Crypto Card Payment Volumes More Than Double In A Year, Growth Surges Since Stablecoin Act Passage",https://finance.yahoo.com/markets/crypto/articles/crypto-card-payment-volumes-more-193104208.html?.tsrc=rss,Yahoo,2026-05-29 19:31:04,True,bullish,,0,2,2.0,lexicon
30586af4b92d,V,"Crypto Card Payment Volumes More Than Double In A Year, Growth Surges Since Stablecoin Act Passage",https://finance.yahoo.com/markets/crypto/articles/crypto-card-payment-volumes-more-193104208.html?.tsrc=rss,Yahoo,2026-05-29 19:31:04,True,bullish,,0,2,2.0,lexicon
fe7f371934c1,XOM,Three Energy ETFs Are Yielding Over 2.5 Percent While Delivering 24 to 31 Percent Returns in 2026,https://247wallst.com/investing/2026/05/29/three-energy-etfs-are-yielding-over-2-5-percent-while-delivering-24-to-31-percent-returns-in-2026/?.tsrc=rss,Yahoo,2026-05-29 19:30:30,True,neutral,,0,0,0.0,lexicon
29abc60035ad,CVX,Three Energy ETFs Are Yielding Over 2.5 Percent While Delivering 24 to 31 Percent Returns in 2026,https://247wallst.com/investing/2026/05/29/three-energy-etfs-are-yielding-over-2-5-percent-while-delivering-24-to-31-percent-returns-in-2026/?.tsrc=rss,Yahoo,2026-05-29 19:30:30,True,neutral,,0,0,0.0,lexicon
a2cd6bf4f718,COP,ConocoPhillips (COP) Faces Seven-Day Decline Despite Strong Year-to-Date Performance - GuruFocus,https://news.google.com/rss/articles/CBMiygFBVV95cUxPUUN5Z2NNTDA1V2EzLVNCWVZLVkg2QVZZNjdnMHp1cld4dkFEY3d2bmRYbXdndTVjUzF4OTltRk5kalllbXowZW9LRnpzaW5VQUhmbjliVUowVXAzNUJaRG42OGZ3V1JtZVhscVpHYTA1WGFxRkUtVnF4QnNtdDlLdzJabzN4TkZDZk9iLU84ZWRodmoyWDAtS0tFc3paTngtR0ktQ0JkZmZXNHFkUF9fWGI0bjRzeEJpR24tUGtycjgwRFB1M0VUX3pB?oc=5,GuruFocus,2026-05-29 19:28:56,True,neutral,,0,0,0.0,lexicon
765ce1095757,JPM,Jamie Dimon Vows Banks Will Fight the Clarity Act,https://www.bankless.com/read/news/jamie-dimon-vows-banks-will-fight-the-clarity-act?.tsrc=rss,Yahoo,2026-05-29 19:28:20,True,neutral,,0,0,0.0,lexicon
52965ca3a4b9,UBER,Uber Unveils $49 World Cup Shuttle Service Across Major US Venues,https://finance.yahoo.com/markets/stocks/articles/uber-unveils-49-world-cup-192302155.html?.tsrc=rss,Yahoo,2026-05-29 19:23:02,True,neutral,,0,0,0.0,lexicon
e2f1ac8c5fd1,TSLA,Waymo Unveils Ojai Robotaxi As Driverless Race Heats Up,https://finance.yahoo.com/sectors/technology/articles/waymo-unveils-ojai-robotaxi-driverless-192259832.html?.tsrc=rss,Yahoo,2026-05-29 19:22:59,True,neutral,,0,0,0.0,lexicon
f882a471bc9a,JPM,Aluminum Jumps 15% As Supply Crunch Drives Biggest Squeeze Since 2007,https://finance.yahoo.com/markets/commodities/articles/aluminum-jumps-15-supply-crunch-192226896.html?.tsrc=rss,Yahoo,2026-05-29 19:22:26,True,bullish,,0,1,1.0,lexicon
d5f8d4abafab,XOM,Has The Share Price Rally In Exxon Mobil (XOM) Left Further Upside On The Table? - simplywall.st,https://news.google.com/rss/articles/CBMiwwFBVV95cUxPdU5vYUNtMjU0WHZQWk5SR0NMUXIwWjJIbEcydjZENlpqNEhOcVRvUF9vV09KSXgyVFIxdmNEdmZXR0V2RlhfbzR3cTlLdHRzSTJ5eUlrNDAzZ1pRcnZQOVd2cWVRTlM0TGdIY2gtUVZHbXNmZEU2UWtyRVo5N2xaeGdRVEx3QVZqNFhENi1QbEVDS3Q1YXBVdjF1QW5zWlpBb2lfdWF4azR1akdiQUtmLXo5VHJDVFlzUWFxX1RlTTc5X0XSAcgBQVVfeXFMUHZtd0FhNjVGTmktNkNPMWZEU0FNdDc1VGFFZERjcHNhbTN4Q2JzdE1aUXBpRE9mOXpCSDlSRWVSN2ZMaGZHNTUwRTEya1lwUzNDcjBLWjV1R1I3bGc5RjZKNEtGZDZGeEdjcjVpOFlYeGJWd29xVWZ0bks5b0E4TC1iNDhQUWRTQVczQXlRUXRBTXliUE5vZ1ZNWnU4X05VTERpUFFGMnRHNFlyRndINDZhanFXVGNPLWxYc0J2dl9lc205MjI3MlQ?oc=5,simplywall.st,2026-05-29 19:21:35,True,bullish,,0,1,1.0,lexicon
27c656e13c6d,TSLA,2 Weeks in May Rekindled My Love for Stock Picking. Here’s My Daily Trading Routine.,https://www.barchart.com/story/news/2206434/2-weeks-in-may-rekindled-my-love-for-stock-picking-heres-my-daily-trading-routine?.tsrc=rss,Yahoo,2026-05-29 19:20:13,True,neutral,,0,0,0.0,lexicon
113f25c6dbb1,CVX,Oil Sinks to 6-Week Low as Traders Bet on Possible US-Iran Truce,https://finance.yahoo.com/news/oil-set-for-19-collapse-in-may-as-traders-bet-on-truce-renewal-053825850.html?.tsrc=rss,Yahoo,2026-05-29 19:19:45,True,bearish,,0,-1,-1.0,lexicon
ee7585b86fec,JPM,Dimon Slams Coinbase’s Armstrong in Tense Crypto Bill Fight,https://finance.yahoo.com/markets/crypto/articles/dimon-slams-coinbase-armstrong-escalating-183808399.html?.tsrc=rss,Yahoo,2026-05-29 19:18:35,True,neutral,,0,0,0.0,lexicon
df61349d2c6a,TXN,$TXN stock is down 3% today. Here's what we see in our data. - Quiver Quantitative,https://news.google.com/rss/articles/CBMioAFBVV95cUxNVXNDS2VYSzNvOXlRREN2N2FZQTF4c2ZPSnhQOVVoYmdDOXVMdy1IVF9NclJyeEdWM2pORHNSckJ5ZzZZODVTY00zanhRdzBvMkV4N0NEUWR5OFp6UWpKbjF2V2VJdjVPb2hrSmd1S2NIcGYzRTlGb0JCYTNhMldPOFZTemJBWk9DWjFPV2N3MkwzY0lPaEREbExKR3RKcXYt?oc=5,Quiver Quantitative,2026-05-29 19:18:00,True,neutral,,0,0,0.0,lexicon
987832b49dfa,F,Ford Just Rallied 43% In a Month: What Could Push the Stock to $20 Per Share? - 24/7 Wall St.,https://news.google.com/rss/articles/CBMiuAFBVV95cUxPLUQ2ekxZREUyeG1aN2NpamFqb21sQVlMT1VJX1BsengyTGVKbDE5QURNU3FHSU9LVUZJNThkQlYzemtwRVNTcVAxMHRXcDY4UUNSYkZpckdvYVJvZWIwWmdWT2NyNHoxMjdNRWczVXVaVWF2dnF3S3VpQlhUU2MxYzRVNXN5WHpSYlJoWlBZT2VSZzM4QWV6WFYyRWE3UUN5dUtQNEZOS1dXZWw2NWZuTi1pV1l6c0F6?oc=5,24/7 Wall St.,2026-05-29 19:16:05,True,neutral,,0,0,0.0,lexicon
f6bbdf85a4bc,F,Ford Just Rallied 43% In a Month: What Could Push the Stock to $20 Per Share?,https://247wallst.com/investing/2026/05/29/ford-just-rallied-43-in-a-month-what-could-push-the-stock-to-20-per-share/?.tsrc=rss,Yahoo,2026-05-29 19:16:05,True,neutral,,0,0,0.0,lexicon
4fd3a1b72747,COST,3 Cash-Heavy Stocks Worth Your Attention,https://finance.yahoo.com/markets/stocks/articles/3-cash-heavy-stocks-worth-191238407.html?.tsrc=rss,Yahoo,2026-05-29 19:12:38,True,neutral,,0,0,0.0,lexicon
6987993ed4d5,INTC,The G-Series Could Be Intel Stock’s (NASDAQ:INTC) Big New Winner - TipRanks,https://news.google.com/rss/articles/CBMilAFBVV95cUxQUzFCbl9DSWhiMVNzaHVnTTlyWVFzaVhmQkRTT3ZkWllJWFhkSFhLdnJTWkxRSGx5Y2RVZE9iSlY0aXYxQktFWE1PRlVvNXRuNjBENGRjM2taTXhrdUZzNXJTOWx4VUxqazljOXEwYVFuc3FrekFSQTdaZm9rMUpvWUpiT1JGaHdGYVZVYnBSX2VPWUxu?oc=5,TipRanks,2026-05-29 19:11:52,True,neutral,,0,0,0.0,lexicon
cf26ddb1d0bf,AVGO,Best AI Stocks to Buy in June and Hold Forever: AVGO,https://finance.yahoo.com/markets/stocks/articles/best-ai-stocks-buy-june-190700600.html?.tsrc=rss,Yahoo,2026-05-29 19:07:00,True,neutral,,0,0,0.0,lexicon
94b99dd74e43,AVGO,Best AI Stocks to Buy in June and Hold Forever: AVGO - Yahoo Finance,https://news.google.com/rss/articles/CBMikgFBVV95cUxNZEZrSG9IMU9YeVRCcWFuU3dyVW9Kdkl4bVh2NFYyOFcyMkZZbVdzQnpwVUV0R1NheXZ4NWZSUGxzUEFfVlFiLXdFZGN4ODZJV3JQU3hSZWtmVWNRczY3QVpFbDVvWXlvVUp3dzloOF9TX3hEeGRJd2NJYXNQNzJZUlFuak1WMHZtWnBPaldmY1BrUQ?oc=5,Yahoo Finance,2026-05-29 19:07:00,True,neutral,,0,0,0.0,lexicon
09e55b64d0c4,JPM,"JPMorgan Chase (JPM) sells 5.25% callable notes due May 29, 2036 - Stock Titan",https://news.google.com/rss/articles/CBMiqgFBVV95cUxOQjNVVVQxVkFTaTNrNXFwU2xISUhOSkpVU1VSeFZ6Wm1xSEFPblluOHlkYjRCYzBiVWNMdS16Y2tDNDlheEdSaHFaVFVWbTRiQXFqdXVEclFaVmV4Q0hBYXhoV2h0bDJOSmtzbkx0by1VUkJDZVluYWRHbTROckdIVjllZG1JeTgxcHlYMl9adVJ4VWxMUXRSMXNGZm1XdS1XMkZ5QURCOVY3dw?oc=5,Stock Titan,2026-05-29 19:04:09,True,neutral,,0,0,0.0,lexicon
9fef86ce957c,KO,Coca-Cola’s America250 Push Highlights Packaging Rewards And Plastic Risks,https://finance.yahoo.com/markets/stocks/articles/coca-cola-america250-push-highlights-190400973.html?.tsrc=rss,Yahoo,2026-05-29 19:04:00,True,neutral,,0,0,0.0,lexicon
32bf60d6607e,AVGO,Is Sandisk a Millionaire-Maker Stock?,https://www.fool.com/investing/2026/05/29/is-sandisk-a-millionaire-maker-stock/?.tsrc=rss,Yahoo,2026-05-29 18:50:00,True,neutral,,0,0,0.0,lexicon
16b66ba627f7,F,Ford Surges 40% As AI Energy Trade Pushes Shares To 2022 High,https://finance.yahoo.com/markets/stocks/articles/ford-surges-40-ai-energy-184943845.html?.tsrc=rss,Yahoo,2026-05-29 18:49:43,True,bullish,,0,1,1.0,lexicon
646e3281c26d,UBER,More Drivers Are Joining the High-Miles Club. This Stock Could Pull Ahead.,https://finance.yahoo.com/m/99fe5e66-5930-3c91-b100-f2ebfd87a54e/more-drivers-are-joining-the.html?.tsrc=rss,Yahoo,2026-05-29 18:49:00,True,neutral,,0,0,0.0,lexicon
f8c42d2301f8,COST,More Drivers Are Joining the High-Miles Club. This Stock Could Pull Ahead.,https://finance.yahoo.com/m/99fe5e66-5930-3c91-b100-f2ebfd87a54e/more-drivers-are-joining-the.html?.tsrc=rss,Yahoo,2026-05-29 18:49:00,True,neutral,,0,0,0.0,lexicon
c1dcd196d408,MU,More Drivers Are Joining the High-Miles Club. This Stock Could Pull Ahead.,https://finance.yahoo.com/m/99fe5e66-5930-3c91-b100-f2ebfd87a54e/more-drivers-are-joining-the.html?.tsrc=rss,Yahoo,2026-05-29 18:49:00,True,neutral,,0,0,0.0,lexicon
0d1e558751d6,AMZN,What the Blue Origin rocket explosion means for Amazon's satellite ambitions - CNBC,https://news.google.com/rss/articles/CBMiqAFBVV95cUxQdHBwa0NlZFJVdGRVVHJmWU5Nck1SVVhQdmwtMFNvSEJ5OGpORnRjX0JQaXNzNjg5ZVFpYnJQS0dKWWlWdV9fUUk4UlVIT1dQUDBDT1h5UXpzdnEydC1QQXNhSHItdUdmcHJRZ1pHSE9ObTRteThqZWtuREFrSFhRTkdGUGRISlpPbGp1ZWVFbjZleF9pbl9BT0t6b2FTUjNYOWo0WWRjVDE?oc=5,CNBC,2026-05-29 18:48:27,True,neutral,,0,0,0.0,lexicon
7599eecb3d29,COST,Costco Sales Jump 9.8% As Tariff Refund Plan Takes Shape,https://finance.yahoo.com/economy/policy/articles/costco-sales-jump-9-8-184119912.html?.tsrc=rss,Yahoo,2026-05-29 18:41:19,True,bullish,,0,1,1.0,lexicon
65f6eb5bd665,MS,Morgan Stanley Joins Elite List As Stock Hits Highs; Goldman Sachs Rides Massive Deals Wave,https://finance.yahoo.com/m/c1949652-794d-3cea-9451-e928741d715b/morgan-stanley-joins-elite.html?.tsrc=rss,Yahoo,2026-05-29 18:41:10,True,neutral,,0,0,0.0,lexicon
3b1972229c49,GS,Morgan Stanley Joins Elite List As Stock Hits Highs; Goldman Sachs Rides Massive Deals Wave,https://finance.yahoo.com/m/c1949652-794d-3cea-9451-e928741d715b/morgan-stanley-joins-elite.html?.tsrc=rss,Yahoo,2026-05-29 18:41:10,True,neutral,,0,0,0.0,lexicon
153d1484f5f3,MS,Morgan Stanley Joins Elite List As Stock Hits Highs; Goldman Sachs Rides Massive Deals Wave - Investor's Business Daily,https://news.google.com/rss/articles/CBMihwFBVV95cUxPTndYb1UtR2RFQ0ZGbGJqRlFpU08tU1ZORnU1SjFwcnExNnBOdURROFl3MjdKR0ZOMUxxall4NGhSUEUzT3h2ZlRzUmk1NFRPS1plLU0wdEtsOC0yS3A5M1p4SWI1bUo5UWVLUlRqV09mLTJIV3ZGRDRxY3dPYkpTb1dOTUJVems?oc=5,Investor's Business Daily,2026-05-29 18:41:00,True,neutral,,0,0,0.0,lexicon
a3a868de3974,GS,Morgan Stanley Joins Elite List As Stock Hits Highs; Goldman Sachs Rides Massive Deals Wave - Investor's Business Daily,https://news.google.com/rss/articles/CBMihwFBVV95cUxPTndYb1UtR2RFQ0ZGbGJqRlFpU08tU1ZORnU1SjFwcnExNnBOdURROFl3MjdKR0ZOMUxxall4NGhSUEUzT3h2ZlRzUmk1NFRPS1plLU0wdEtsOC0yS3A5M1p4SWI1bUo5UWVLUlRqV09mLTJIV3ZGRDRxY3dPYkpTb1dOTUJVems?oc=5,Investor's Business Daily,2026-05-29 18:41:00,True,neutral,,0,0,0.0,lexicon
9113fbe79f20,PFE,Pfizer's $10.5 Billion Oncology Bet Sends Innovent Shares Surging,https://finance.yahoo.com/sectors/healthcare/articles/pfizers-10-5-billion-oncology-184025365.html?.tsrc=rss,Yahoo,2026-05-29 18:40:25,True,neutral,,0,0,0.0,lexicon
eeec3c3ba139,AVGO,"Anthropic's $36 Billion AI Chip Deal Draws Apollo, Blackstone",https://finance.yahoo.com/sectors/technology/articles/anthropics-36-billion-ai-chip-183819700.html?.tsrc=rss,Yahoo,2026-05-29 18:38:19,True,bullish,,0,1,1.0,lexicon
3d64b26395c5,MU,Micron Isn’t Nvidia. It’s Time to Take Your Foot Off the Gas with MU Stock.,https://www.barchart.com/story/news/2205855/micron-isnt-nvidia-its-time-to-take-your-foot-off-the-gas-with-mu-stock?.tsrc=rss,Yahoo,2026-05-29 18:37:51,True,neutral,,0,0,0.0,lexicon
078e2167f4f5,AVGO,Best AI Stocks to Buy in June and Hold Forever: AVGO - Zacks Investment Research,https://news.google.com/rss/articles/CBMilwFBVV95cUxNZkp1OHJ6QzZSMmJjRVIyMC1qeVBXM3pndmJhZzBUbnUxc1BXVlhmVE5PdFBIczJVRmM4YWU5andYN1huNVowd2hoeldiQ3ZrdFFnYXJQNDdaNU9oZXMyRlZUb1FLTWFtWjNYUmRJdWZXQ2hZbDZEaHJtUlRjU3V2b2F6ZGhXaC13b1JERHVHdkpsUExhb2Jr?oc=5,Zacks Investment Research,2026-05-29 18:30:06,True,neutral,,0,0,0.0,lexicon
2e007da75caa,HD,Home Depot Has Dropped 25% From Its Peak While the Housing Market Keeps Investors Waiting - TIKR.com,https://news.google.com/rss/articles/CBMitAFBVV95cUxPRldQRUNiR1NDdlAyQ2F6V2FIVnBtRFpZX1RVWFdhOFNkcnR0Rllpcm94RFdmZEt5VzhMX3YzSlN1RDRiVW81bjFHdXdzXzlSbW4wZV9YUnZIQ05TZHZqbnM2WHR2a0RkLTVmNENyNE1vdkxVTTZjWUExMDZyeHNMN2xOZGI3M1N5UDRLVzFNN0FlanByWHZDeHh1ckNvRWhQYld0TkUwVkZmd3dCTmdfbHc3Ti0?oc=5,TIKR.com,2026-05-29 18:23:50,True,neutral,,0,0,0.0,lexicon
4deff596d028,XOM,Why Occidental Petroleum Is a Buy Despite Falling Oil Prices,https://finance.yahoo.com/m/c0c1f8d6-cb23-329c-81e2-c46761d7fc33/why-occidental-petroleum-is-a.html?.tsrc=rss,Yahoo,2026-05-29 18:22:00,True,neutral,,0,0,0.0,lexicon
514977a966cf,CVX,Why Occidental Petroleum Is a Buy Despite Falling Oil Prices,https://finance.yahoo.com/m/c0c1f8d6-cb23-329c-81e2-c46761d7fc33/why-occidental-petroleum-is-a.html?.tsrc=rss,Yahoo,2026-05-29 18:22:00,True,neutral,,0,0,0.0,lexicon
6c5aab2f2237,BRK-B,Why Occidental Petroleum Is a Buy Despite Falling Oil Prices,https://finance.yahoo.com/m/c0c1f8d6-cb23-329c-81e2-c46761d7fc33/why-occidental-petroleum-is-a.html?.tsrc=rss,Yahoo,2026-05-29 18:22:00,True,neutral,,0,0,0.0,lexicon
098968cb08c2,COST,Costco says it will return U.S. tariff refunds to members 'in some form',https://financialpost.com/news/retail-marketing/costco-return-us-tariff-refunds-members?.tsrc=rss,Yahoo,2026-05-29 18:18:57,True,neutral,,0,0,0.0,lexicon
fb5f78bf9cdd,GS,Why There May Be More Investment Opportunities in Internet Stocks - Goldman Sachs,https://news.google.com/rss/articles/CBMitgFBVV95cUxPQm52NUZyOHRfcGxxbHZKc3RmSi1DZ3VuVlRET2N1dExFNGc2OUJfMm81S2lHVllKNWNFeFpZWmIybHo1TzJmTjFBLWZFTmNhLVhoeWx4NnpIaDExc3FIQkd3ZjY4NXQ2UnRTRDRfR2FSSFBpQ2l2NDY2NExzLTFzVF9NS2Y0N0NYZ21LRHplMmxucWpGUkVWRXFCOFBWYkJTX3R6QURaRk5EV29FYVBTR1pMYzhqdw?oc=5,Goldman Sachs,2026-05-29 18:17:56,True,neutral,,0,0,0.0,lexicon
5e426afe1d42,AVGO,Why is Broadcom stock surging to an all-time high today? - Investing.com,https://news.google.com/rss/articles/CBMitwFBVV95cUxQSVRPM0lxS1ZBNTd3eGN4aklja3daQ21RRXhKUHIxWGtLY1E4aGFHLU5kSnJ1Z0dNRW1SaFU0SlhsRU5pSW9ldHg4cGZMSUZpejFVT0JqY0ctYTAtTjBOSVRiZ1lGMHBGX1dibmRfdDAzc3ZSS1RWRnVSMHVkNEI4eWhOX0piTVNLWXd3LUF3NVRkZFphOXFrajVSbThDV21MU1pmQkk5Q3kyQkFiMlMyYXFEckE0X1E?oc=5,Investing.com,2026-05-29 18:17:10,True,neutral,,0,0,0.0,lexicon
bda3da6c5bcc,BAC,Snowflake stock analyst reveals surprising stock forecast,https://www.thestreet.com/investing/stocks/snowflake-stock-analyst-reveals-surprising-stock-forecast?.tsrc=rss,Yahoo,2026-05-29 18:17:00,True,neutral,,0,0,0.0,lexicon
4184d9dcfea4,PEP,Future Harvest Links PepsiCo’s ESG Story To European Supply Chain Risks - simplywall.st,https://news.google.com/rss/articles/CBMi1AFBVV95cUxOcklSZVVFWXlOcDJ0dGhoQ0hZSFlhajMyTm52eXhhMHE2QS16TW1FbUVlVzV4MnFjV29YN1pLaGxwb2ZmV3I5Y0s2X2E3Uko5ekIxaEczRnh6eVNMQ3l2cmluS29DNm5DMk1XMXU0d290NEp0RUFqNnFGUHpHaTg5cWVGQ2VvU2F3WVQwNVZDcWF3SHJaYmx5RzFfUXB1ek1nSGdERWxKb2FDaFJhWW9iaEVMVWV0X3JpdkhzVkpGYW82V0FzRENTaE5pNWJaZnc5SXFndNIB2gFBVV95cUxNY0lNRkt2RFBzYmxlaXJTNkt2WDI3S2VaRVZ4bUZZTDVGazU5akhteGRIOEUtSGpsa0V3ZHlJT0dMczBBME9ialBCa1NwcHAzWGlGajNGR0ctZjFKOWhjWWo0b3NUNG5XcEFocFdhelN0QzJwS0IyOWlUMmllNkgwYU0zRlpXUmQxRUw5YmNTNmFzb3Rfdk44N0pzRlpNM2txaExONDlwVTVkMkxEd0c5ekJFdmdYWUI0V0ZWX3VKYlZrMFFrSDNwb1RPT3cyMjNCckRSUUVOT0FVZw?oc=5,simplywall.st,2026-05-29 18:10:35,True,neutral,,0,0,0.0,lexicon
c06285ef5eb9,MSFT,Assessing Microsoft (MSFT) Valuation As Shares Show Mixed Returns And AI Narratives Collide - Yahoo Finance,https://news.google.com/rss/articles/CBMiqgFBVV95cUxQaXk4eUVVcm5wN0MyMThVYkZfeGdpR3N4eHQ1d0drTHdIeFJzMXBNSzF6OVh0MzI0R3lpNmJmdVF2VVBfc3lxSi1kVUkzX1pESHU4OFNUQ29iRXZhazM0VHNpX3BFZG9ybjJQMms2elktOC11bjh4eUlNSmlCWEtWZUNwdlBncklsM3pscTVaZ2JHRFlISzFGRENjcXhGNzczaHNUWm5DT1JuZw?oc=5,Yahoo Finance,2026-05-29 18:06:40,True,neutral,,0,0,0.0,lexicon
ad35a34c44ef,NFLX,3 Reasons to Buy Netflix Stock in June - The Motley Fool,https://news.google.com/rss/articles/CBMiiAFBVV95cUxQdXctSGgyS1hZSjNaS1VqSmpvR0dFTzNHcFhDNkxLbjhnSk5PaVNsSEhyblNVOU5QX0x6T041U3lEVGMyMncyQ3IwMU5tMGY0T1lNVEs4SWtjWTF0NXJMNUNzdkJHc1M3OFBEQ1BGZi1qbXFyTGlMa0xLS20zZXFiYmFjRnlJNjZo?oc=5,The Motley Fool,2026-05-29 18:05:00,True,neutral,,0,0,0.0,lexicon
935e6657c3f7,JPM,Week’s Best: Super Bowl Party May Cost J.P. Morgan Millions,https://finance.yahoo.com/m/600a9d68-a3c5-3163-961c-b82336da8d7a/week%E2%80%99s-best%3A-super-bowl.html?.tsrc=rss,Yahoo,2026-05-29 18:04:00,True,neutral,,0,0,0.0,lexicon
b02176b9d46d,JNJ,RYBREVANT® (amivantamab-vmjw) plus LAZCLUZE® (lazertinib) demonstrates prolonged clinical benefit as a first-line treatment for atypical EGFR-mutated non-small cell lung cancer,https://finance.yahoo.com/sectors/healthcare/articles/rybrevant-amivantamab-vmjw-plus-lazcluze-180000792.html?.tsrc=rss,Yahoo,2026-05-29 18:00:00,True,neutral,,0,0,0.0,lexicon
c027f7d8c80d,MU,Why Micron Stock Popped Today - The Motley Fool,https://news.google.com/rss/articles/CBMifEFVX3lxTE83dFo2Q0YwXzZubndyYnhQTURPNElEUzlxakcyQVRnYXp2TlZkU1FsNmtJMWhxT3Z4QTZ6RWZBa0U1Mlh3U0lPRUhCZG5ack9JOFlrdmlpZzI0U2FjQnh5WHMyeTczUkNnN01zaUExc1oxZTdNb1liMFpsNU4?oc=5,The Motley Fool,2026-05-29 17:52:00,True,neutral,,0,0,0.0,lexicon
8ff5dbc56f9a,CVX,Sector Update: Energy Stocks Retreat Friday Afternoon,https://finance.yahoo.com/sectors/energy/articles/sector-energy-stocks-retreat-friday-174908139.html?.tsrc=rss,Yahoo,2026-05-29 17:49:08,True,neutral,,0,0,0.0,lexicon
610eb7dd9d0d,XOM,Sector Update: Energy Stocks Retreat Friday Afternoon,https://finance.yahoo.com/sectors/energy/articles/sector-energy-stocks-retreat-friday-174908139.html?.tsrc=rss,Yahoo,2026-05-29 17:49:08,True,neutral,,0,0,0.0,lexicon
992389a5d624,WMT,Walmart Expands Supplier Access to Consolidation Network in First-Mile Overhaul,https://wwd.com/sourcing-journal/logistics/walmart-expands-prepaid-supplier-access-consolidation-ltl-network-trucking-distribution-1238986703/?.tsrc=rss,Yahoo,2026-05-29 17:48:06,True,bullish,,0,1,1.0,lexicon
a7cc6b304fc3,CRM,Equity Markets Rise Intraday as Trump Sets Out Conditions For Iran Deal,https://finance.yahoo.com/markets/stocks/articles/equity-markets-rise-intraday-trump-174112347.html?.tsrc=rss,Yahoo,2026-05-29 17:41:12,True,bullish,,0,2,2.0,lexicon
99a1ed9bebb0,IBM,Equity Markets Rise Intraday as Trump Sets Out Conditions For Iran Deal,https://finance.yahoo.com/markets/stocks/articles/equity-markets-rise-intraday-trump-174112347.html?.tsrc=rss,Yahoo,2026-05-29 17:41:12,True,bullish,,0,2,2.0,lexicon
fd7e523ed950,V,Payments Stocks in the Stablecoin Era: 3 to Buy and 1 to Avoid,https://www.fool.com/investing/2026/05/29/payments-stocks-in-the-stablecoin-era-3-to-buy-and/?.tsrc=rss,Yahoo,2026-05-29 17:40:00,True,neutral,,0,0,0.0,lexicon
026a52f224ae,AXP,Payments Stocks in the Stablecoin Era: 3 to Buy and 1 to Avoid,https://www.fool.com/investing/2026/05/29/payments-stocks-in-the-stablecoin-era-3-to-buy-and/?.tsrc=rss,Yahoo,2026-05-29 17:40:00,True,neutral,,0,0,0.0,lexicon
46fde6175964,PYPL,Payments Stocks in the Stablecoin Era: 3 to Buy and 1 to Avoid,https://www.fool.com/investing/2026/05/29/payments-stocks-in-the-stablecoin-era-3-to-buy-and/?.tsrc=rss,Yahoo,2026-05-29 17:40:00,True,neutral,,0,0,0.0,lexicon
f5ccc7cdb946,MA,Payments Stocks in the Stablecoin Era: 3 to Buy and 1 to Avoid,https://www.fool.com/investing/2026/05/29/payments-stocks-in-the-stablecoin-era-3-to-buy-and/?.tsrc=rss,Yahoo,2026-05-29 17:40:00,True,neutral,,0,0,0.0,lexicon
0845c2f2e5e7,GM,Sector Update: Consumer Stocks Decline Friday Afternoon,https://finance.yahoo.com/markets/stocks/articles/sector-consumer-stocks-decline-friday-173938235.html?.tsrc=rss,Yahoo,2026-05-29 17:39:38,True,bearish,,0,-1,-1.0,lexicon
f06ab932b50e,COST,Sector Update: Consumer Stocks Decline Friday Afternoon,https://finance.yahoo.com/markets/stocks/articles/sector-consumer-stocks-decline-friday-173938235.html?.tsrc=rss,Yahoo,2026-05-29 17:39:38,True,bearish,,0,-1,-1.0,lexicon
0936006e2a90,CSCO,"The S&P 500’s Price Is Getting Better Every Week, But This Indicator Keeps Getting Worse. Why 52% Could Be The Market’s Tragic Number.",https://www.barchart.com/story/news/2204907/the-s-p-500s-price-is-getting-better-every-week-but-this-indicator-keeps-getting-worse-why-52-could-be-the-markets-tragic-number?.tsrc=rss,Yahoo,2026-05-29 17:39:05,True,neutral,,0,0,0.0,lexicon
ebdec7f4b9e9,ABBV,Three Stocks That May Be Trading Below Estimated Value In May 2026,https://finance.yahoo.com/markets/stocks/articles/three-stocks-may-trading-below-173814761.html?.tsrc=rss,Yahoo,2026-05-29 17:38:14,True,neutral,,0,0,0.0,lexicon
28f07027f795,ORCL,Why Is The US Stock Market Up Today?,https://beincrypto.com/why-us-stock-market-is-up-today/?.tsrc=rss,Yahoo,2026-05-29 17:33:57,True,neutral,,0,0,0.0,lexicon
e6905adde338,XOM,Why Is The US Stock Market Up Today?,https://beincrypto.com/why-us-stock-market-is-up-today/?.tsrc=rss,Yahoo,2026-05-29 17:33:57,True,neutral,,0,0,0.0,lexicon
780de2d599c4,ORCL,Oracle Stock Is Testing A Level That Could Define The Next Move - Benzinga,https://news.google.com/rss/articles/CBMiwgFBVV95cUxQZmZKamVOaVQ3cThyUHNJSTh6RWRvZGVOLW5XbUxGRWJFNzAwYkthTWFjNDZiTXdTTmJRc3VZU0laWmlTSklwNmtEYjEwSFBqYVlIRVVldVVhUExyVl9RZ3ZRdUh6a09xbVp3aEpaaXJUVC1aX29MNFZEcldjY3hMVVNscDNBeWwtQTk2Q1lLVGJ6TFJJRFF4Ynpwd2dUbExoNFRaM2Z2angzSHZFMHBsZDBjMk91bDdUajRaYktZRDh4Zw?oc=5,Benzinga,2026-05-29 17:32:34,True,neutral,,0,0,0.0,lexicon
f5179aad7a47,PYPL,Intuit vs. PayPal: Which Fintech Stock Is the Better Buy Now?,https://finance.yahoo.com/markets/stocks/articles/intuit-vs-paypal-fintech-stock-173200125.html?.tsrc=rss,Yahoo,2026-05-29 17:32:00,True,neutral,,0,0,0.0,lexicon
f42e6d015a0b,MS,"Why Morgan Stanley Is Betting That $1,100 Is in Store for AppLovin Stock - Barchart.com",https://news.google.com/rss/articles/CBMitgFBVV95cUxQVDljSFR5R2JWOXpTYUt0bzNObkRLa01NVlpKSGE0QnZLeTVkWVQxMkRzaDhOTHI0NFYyNVkzQ1VaNll6RUd3a3YyUUdibGdXbTRrQ19iWF8yMVF3VExlTHprbXZJdUZRa2hoQzFlRnJGY09RWFZOTldoWDVBb19Rd0dpVERmRTRVWVRHYmpZanBPOWN6MUsyS2gtWGJLRWVzZGVuWFA0eTRjNThVWEtyVG9pUlNhQQ?oc=5,Barchart.com,2026-05-29 17:31:11,True,neutral,,0,0,0.0,lexicon
8c85891ba0b5,MS,"Why Morgan Stanley Is Betting That $1,100 Is in Store for AppLovin Stock",https://www.barchart.com/story/news/2204798/why-morgan-stanley-is-betting-that-1-100-is-in-store-for-applovin-stock?.tsrc=rss,Yahoo,2026-05-29 17:31:11,True,neutral,,0,0,0.0,lexicon
9a14ae29161d,COST,Costco says its gas stations set all-time volume records as consumers seek lower-priced fuel,https://www.foxbusiness.com/markets/costco-says-its-gas-stations-set-all-time-volume-records-consumers-seek-lower-priced-fuel?.tsrc=rss,Yahoo,2026-05-29 17:31:07,True,neutral,,0,0,0.0,lexicon
0d3b361330da,JNJ,Unusual Options Activity Points to Boston Scientific Stock as a Hot M&A Target,https://www.barchart.com/story/news/2204786/unusual-options-activity-points-to-boston-scientific-stock-as-a-hot-m-a-target?.tsrc=rss,Yahoo,2026-05-29 17:30:02,True,neutral,,0,0,0.0,lexicon
baeb07fa81ae,MRK,IBRX and the BCG Shortage: Deals That Could Expand Demand,https://finance.yahoo.com/sectors/healthcare/articles/ibrx-bcg-shortage-deals-could-172900197.html?.tsrc=rss,Yahoo,2026-05-29 17:29:00,True,neutral,,0,0,0.0,lexicon
6880fbb64405,CRM,Salesforce Is A Steal (NYSE:CRM) - Seeking Alpha,https://news.google.com/rss/articles/CBMib0FVX3lxTE1PSnNUR0NsNjUxemY2RnUwYUFSbHZQUHJ4WXRuUy1OV2tqSXhWeXZ2LWw1bzdZUDlmbWllbkR4cThBNVEzemt5ZzNSMlVSdHJzaUxZZmhQWkVqamR3dmVxVmpFRkNaMW1QMG1LbnhqTQ?oc=5,Seeking Alpha,2026-05-29 17:26:56,True,neutral,,0,0,0.0,lexicon
a0c55b027ced,NFLX,3 Reasons to Buy Netflix Stock in June,https://www.fool.com/investing/2026/05/29/3-reasons-to-buy-netflix-stock-in-june/?.tsrc=rss,Yahoo,2026-05-29 17:25:00,True,neutral,,0,0,0.0,lexicon
f56fa85550f5,NFLX,3 Reasons to Buy Netflix Stock in June - Yahoo Finance,https://news.google.com/rss/articles/CBMilwFBVV95cUxNX21IWG0wX1p5TDVVUHRROTRmT2tkeUNPR0oxZmpCRUEwM1VWUXpsbThBZDEtdENmMzYwYVQyUzFxTGdpa2Z6M0MwcDY2MjF4X09YMk9qamJLZF9ZazdHalo5LXBBNDR4aXBXN2dFcWFCY09RNzZfaF9rVjlVRFZSd2tuWjExS2RocDhDU1BMcDE4MDZhZjk4?oc=5,Yahoo Finance,2026-05-29 17:25:00,True,neutral,,0,0,0.0,lexicon
fba88b2ba072,UBER,"Uber raises Delivery Hero stake, increasing takeover odds",https://www.proactiveinvestors.com/companies/news/1093156/uber-raises-delivery-hero-stake-increasing-takeover-odds-1093156.html?.tsrc=rss,Yahoo,2026-05-29 17:24:00,True,bullish,,0,1,1.0,lexicon
d252d98a9ff4,TSLA,Tesla Stock (NASDAQ:TSLA) Slips as FSD Hits Estonia - TipRanks,https://news.google.com/rss/articles/CBMihAFBVV95cUxOZ1ZwWmk2bDlDZXprQjYzemFuRGNSSkkwb0xFM2h3Q2JwajdYUTJxbUtEUGlrekdTbDB1VDJnZjU0Y1lVZFJtN3ZfNm1MQTJMbV9WaVY2NDJzYVJkd3EzcWhiOXVLRVRwdHhRZDRpVUV5cjFieU9PT1pyanN1REdTQVhVOS0?oc=5,TipRanks,2026-05-29 17:21:36,True,neutral,,0,0,0.0,lexicon
b40ab032bf94,ADBE,New Analysis of BXCL501 At-Home Administration Shows Reduction of Agitation in Bipolar and Schizophrenia - Psychiatric Times,https://news.google.com/rss/articles/CBMi2gFBVV95cUxOQTRjTlBlSEJ5WXA2ekM4ZXlOMUp5WGZVRVREcEc3eGpVRTRpOG03TUdvRjJ3ejZobDVXZWlqU2RBakZZSnkxNHBZcC1DdThXeTB5YzUwdEVBQ2FwZGNtQnlwUE9rQzZEeGtxX3B6am5Iak9aRkU0WldfbUIybTJTb19MWUUwNTZ6bHYzQW83bFR4RW8xc19CYm5uY2RJdTcxUWp4ZWVGd1FPQ1lDZFBhS0JudXhvcTRETzdodVRmVzB4aUhnSlptTEZGajYxMDJydjZMUFp5UmhfZw?oc=5,Psychiatric Times,2026-05-29 17:14:15,True,neutral,,0,0,0.0,lexicon
ea79fe1961d5,NVDA,"3 Brilliant Growth Stocks to Buy Now and Hold for the Long Term -- Including Nvidia, of Course - The Motley Fool",https://news.google.com/rss/articles/CBMikwFBVV95cUxOWFV6d1FHcDItWXhQV2tGVHE2ZWxweWY0dlBSSDllcmVhTVJmZzhFdWVpZjlObG5hd0EyazZlNTI1YU5sb1h0bXdfZ2czWm41ZmVLZU0tUHRPdzB3cUl3SFpwUUZORC1hME5ITXZFOHlvLWZZbVJyUTdyd3E3N09wR2lHTXJWMVduRlV6alhTa3pad1k?oc=5,The Motley Fool,2026-05-29 17:11:00,True,bullish,,0,1,1.0,lexicon
d53c6cf35e3d,COST,Why Costco Stock Was Sliding Today - The Motley Fool,https://news.google.com/rss/articles/CBMigwFBVV95cUxPUUtkMllnYUQ1YnZoQzFwbURjQnlaUkY2dzN2OVBOdDNubVpDN1dlSV9MT1lJVTZHell1N0hxdDU4SVQtZTNZc0RnbjJrSks5dVVwMEZBQWZkYWZmajlEZFA0SXAzVXh1XzZhQkZieFlyTWVoUGJPQWN5Z20tZmc2OHhZNA?oc=5,The Motley Fool,2026-05-29 17:08:00,True,neutral,,0,0,0.0,lexicon
92ce4c755d9b,MS,Sallie Mae Co-President and CFO to Speak at 2026 Morgan Stanley US Financials Conference - Stock Titan,https://news.google.com/rss/articles/CBMivAFBVV95cUxQYnJhbTJwRFFlOUFUOHpaR3lxWk5yY2ZSMTYwUXNZa2V2QU9XdlZyR3c3NUJEbkktVm1uamRQU0J1aUNOSzVRbG9xOG5SanZYVGhCaFNzekFCc3RHVHk2MklzcE8xYk5TQU1fR2lLX09MNnBNSkdfNFgzbEFvbVhBbXBsM09jRXRKb1l5dmpyQnJuOXlVS0hsYlhWel9vOUlkMVB4U2xNT3o4MzJYV3hVOUY5ckdNaE5kSUloSA?oc=5,Stock Titan,2026-05-29 17:06:57,True,neutral,,0,0,0.0,lexicon
7d9cc69b5ca4,GS,India Doubled Tariffs on Silver and Gold Imports To Protect a Plunging Rupee; Will Foreign US Treasury Bond Dumping Cause the US To Follow Suit?,https://247wallst.com/investing/2026/05/29/india-doubled-tariffs-on-silver-and-gold-imports-to-protect-a-plunging-rupee-will-foreign-us-treasury-bond-dumping-cause-the-us-to-follow-suit/?.tsrc=rss,Yahoo,2026-05-29 17:05:14,True,neutral,,0,0,0.0,lexicon
6ab542284fcb,TSLA,"Rivian Rallies 8% as Tesla, Nio Stall: R2 Launch and Software Growth in Focus",https://247wallst.com/investing/2026/05/29/rivian-rallies-8-as-tesla-nio-stall-r2-launch-and-software-growth-in-focus/?.tsrc=rss,Yahoo,2026-05-29 17:00:57,True,bullish,,0,2,2.0,lexicon
696eafab23f1,ADBE,How Investors May Respond To Adobe (ADBE) Accelerating AI Adoption And Shifting Creative Revenue Mix - simplywall.st,https://news.google.com/rss/articles/CBMiwgFBVV95cUxOam56Q0xDWWlZc3dndERIQ0pfN3BrR3lUTzdWQV8xTDZKUXpxQXhYVnVIUXNHOEFHTTBMWmpSSnU4NnJVelhEdzBIRm0zTDZfMU9yZC0tVVhxMnA0M2xmRWdvN0F0QjJuOUI5WTRtTXNvdHRtTG5KeUtkdnNCMVZ3bnJjMzFWWnExQmpwRUMyWmJwaE5GakpmT01BZnQ5d1FaZUpXT0h6NEk4MFp0bDVDdE9jVnZ5RzJuVU92MVpLdVh1QdIBxwFBVV95cUxNcjMzNlo5eVN6WlRPdjZaQ2FacmMxbW5sbGpKcW1mMHJFMGJRTXFfRU1KRnFyOV9SaVYtN3FwVHZ5d29rWkh4dEQ0TGY5Ml9kTjJBMVZfRWdSdVQ1bFBFN3dkLTV6NlBBZGdSRDRpd09sNHNhcnlkeklCYlZUNkRWYm9ObWxZc1hnaEdhcDNwU3lTRWlqX1pSV3I5TnM1MmRxZTE4eTdYSmpLRjJnMEZ5NDJqdlAyZWgwOWdIYWFJeFZwOU1iMG9B?oc=5,simplywall.st,2026-05-29 17:00:24,True,neutral,,0,0,0.0,lexicon
804cad83acb5,PYPL,Intuit vs. PayPal: Which Fintech Stock Is the Better Buy Now? - Zacks Investment Research,https://news.google.com/rss/articles/CBMioAFBVV95cUxQZV93d1ZMY19mY3pUdC1XM1hZcW1mX3J0UldZVmQxYlhjenJJaU8xdHJIUDhlTXVUam84QWlxc0N3bEUzbTBkQlcwZWdRNHI2MTZwUWVXeDFCVnZXRV91Szdpam5NOHlpZHBCNGk4aFBQUV8tTThyOC1LY1pnNlBUbXdZRGpEMm55RjY5ZUdHbEFfcllYUjBDMGVmcnY0SDVh?oc=5,Zacks Investment Research,2026-05-29 17:00:15,True,neutral,,0,0,0.0,lexicon
bfec09fd6ef8,MSFT,Microsoft Stock Might Be the New “Big Steal” of the Mag 7 - Yahoo Finance,https://news.google.com/rss/articles/CBMinAFBVV95cUxOYURpQlo1d0piVGtORVV4T2lqaW5DTk9ZY3IxTnhvWjV1M1ZrMmxtUVlDZmotVDZQZnc0aF9kREpiejFONmlMQTlQclotbU1JRU9QU1ZhZFZaNG01cncyMWFhMTFjMzhWcHNSdDdWOERIQU04emtaNmRrU2hSNWxuN21scm1Jc2pnbjhTWnU1WDVXMFVUYWZvaFZ0aW8?oc=5,Yahoo Finance,2026-05-29 16:58:13,True,neutral,,0,0,0.0,lexicon
1bea01decba4,COST,US Equity Indexes Scale New Peaks Amid Tech Gains as Trump Close to Making Decision on Iran Peace Deal,https://finance.yahoo.com/markets/stocks/articles/us-equity-indexes-scale-peaks-165629404.html?.tsrc=rss,Yahoo,2026-05-29 16:56:29,True,bullish,,0,2,2.0,lexicon
60a746157805,IBM,US Equity Indexes Scale New Peaks Amid Tech Gains as Trump Close to Making Decision on Iran Peace Deal,https://finance.yahoo.com/markets/stocks/articles/us-equity-indexes-scale-peaks-165629404.html?.tsrc=rss,Yahoo,2026-05-29 16:56:29,True,bullish,,0,2,2.0,lexicon
e341d7f01446,COST,COST Stock Draws Price Target Hikes From Wall Street Post Earnings – A Look At What Keeps Analysts Happy And A Bit Worried,https://stocktwits.com/news-articles/markets/equity/cost-stock-q3-earnings-analysts-take-on-membership-growth/cZgSuOWReMp?.tsrc=rss,Yahoo,2026-05-29 16:54:30,True,neutral,,0,0,0.0,lexicon
d37516c48b39,PG,"SA analyst upgrades/downgrades: GOOG, NFLX, CRSR, PG - Seeking Alpha",https://news.google.com/rss/articles/CBMijwFBVV95cUxNSnhtR1B5TXR2ZnZETHhWbDJJNE0wUU1iclNVR0ozN2ZabkZ2c0JJSlZzcjhlUjV0LTZSazZObXFHWDNzZkk1ZlpfaDcwcldMcS0ybG1aVEQ4WEhBcHk4QS11OExYMUhtRjczUndBblpxYjRMZ1pEUG5HYkxRMEd1YUNraEhWXzRSTjFwcEpNVQ?oc=5,Seeking Alpha,2026-05-29 16:47:08,True,neutral,,0,0,0.0,lexicon
c435bcc8ccad,ADBE,Manufacturing Security Professionals Concerned About Employee Use of AI Agents - Supply & Demand Chain Executive,https://news.google.com/rss/articles/CBMi5wFBVV95cUxPQlktYkUwUnV3Z0hPOGpxYzFURG1QaWZqbEpIRDZQMjhYbmoxS2JjcTdlRVpxQ0RCdElIY1RqY2xSNl9XN3pJczVGZ05CTWpoT08yRU5IQmxjdUJrOXo5Tlc0eTFlTjlVbkJYb1AxTUdpMnNtVmVIUnVydnppWmw1OTVLQVJaX21MMTc1UzZTVWx3OWU0NGpJa3lUSy1HRFVKdnJDVi1oNjFXVU5aeUdEVG9uUEFmQXRZb3hYTzdubTZLa3otZzRLdk42aU5PLXhSbmJ4djh0QlVzYTRaYUl3ZFhxLUxTTEE?oc=5,Supply & Demand Chain Executive,2026-05-29 16:43:31,True,neutral,,0,0,0.0,lexicon
728df9ee0e00,AMD,South Korea Is Up Nearly 96 Percent in 2026 and These 3 ETFs Let You Play the Chip Nation Story at Different Risk Levels,https://247wallst.com/investing/2026/05/29/south-korea-is-up-nearly-96-percent-in-2026-and-these-3-etfs-let-you-play-the-chip-nation-story-at-different-risk-levels/?.tsrc=rss,Yahoo,2026-05-29 16:39:51,True,neutral,,0,0,0.0,lexicon
7dcf1eef7707,META,A Strategy On Meta Stock Has A Large Profit Zone With Little Upside Risk - Investor's Business Daily,https://news.google.com/rss/articles/CBMiqgFBVV95cUxNLVdfVE1EcHdiZHlwU08zUDJDUE9heWprUlVxZ0NfaFQwWWlCMEFtZXF4X01hZHNDRjBZbGdhcDg0WThOX3pDcUFHTGdEQmthdldhMllTMlFmSUpzNzhKcmFoR3FBdHJoX0dQYi1QRmlxX2lwSmQ4OG40Mm5wbjNYOE9RczhMNjBhWl9PX09MMzVRRjlGc3R1REtGeVZ2ZzZZekU0akVwNFREdw?oc=5,Investor's Business Daily,2026-05-29 16:33:00,True,bullish,,0,1,1.0,lexicon
4c061df3801e,CVX,"Ships Attacked in Strait of Hormuz This Week, Chevron Says",https://finance.yahoo.com/sectors/energy/articles/ships-attacked-strait-hormuz-week-163211473.html?.tsrc=rss,Yahoo,2026-05-29 16:32:11,True,neutral,,0,0,0.0,lexicon
7645e26d2ccc,MRK,"At ASCO, Merck makes case for a ‘cornerstone’ cancer drug",https://www.biopharmadive.com/news/merck-asco-2026-sac-tmt-lung-cancer-results/821500/?.tsrc=rss,Yahoo,2026-05-29 16:31:00,True,neutral,,0,0,0.0,lexicon
e68f594e017f,JPM,Umicore - Transparency notification by JP Morgan Asset Management Holdings Inc.,https://finance.yahoo.com/markets/stocks/articles/umicore-transparency-notification-jp-morgan-163000596.html?.tsrc=rss,Yahoo,2026-05-29 16:30:00,True,neutral,,0,0,0.0,lexicon
f642920427ce,JPM,Umicore - Transparency notifications by JP Morgan Chase & Co.,https://finance.yahoo.com/markets/stocks/articles/umicore-transparency-notifications-jp-morgan-163000364.html?.tsrc=rss,Yahoo,2026-05-29 16:30:00,True,neutral,,0,0,0.0,lexicon
ab5a85aebcd5,COST,Why Costco Stock Was Sliding Today,https://www.fool.com/investing/2026/05/29/why-costco-stock-was-sliding-today/?.tsrc=rss,Yahoo,2026-05-29 16:28:24,True,neutral,,0,0,0.0,lexicon
5b9034f05773,COST,Why Costco Stock Was Sliding Today - Yahoo Finance,https://news.google.com/rss/articles/CBMimwFBVV95cUxOMzBXQXhrWWdlV0hGaEgwOVNRMUtzMFYwOGJUcDFOa3BINFc4aWlVTTZBV3R0ZHR2V3k5c1paS1pUa2VZbmZhazNtNHExN0Y1ZjNqczNvWXItdUYzU0hoMUVWMV9HVW5IMl9iRGEtS2w0MVdWRmdHWFFuS2hjdVRSaXpHU1pkUXBtbGMwdjlHZlVnbFB6c25sOVhvTQ?oc=5,Yahoo Finance,2026-05-29 16:28:24,True,neutral,,0,0,0.0,lexicon
afe0de16d040,AVGO,"Broadcom Stock, Fiber Optic Leader Ciena Lead Another AI Earnings Bonanza",https://finance.yahoo.com/m/5eff80ce-424a-3669-a088-d71cd42dfb47/broadcom-stock%2C-fiber-optic.html?.tsrc=rss,Yahoo,2026-05-29 16:27:29,True,neutral,,0,0,0.0,lexicon
3aebba911f90,UNH,Massachusetts sues UnitedHealth unit over alleged Medicaid fraud,https://finance.yahoo.com/sectors/healthcare/articles/massachusetts-sues-unitedhealth-unit-over-161750661.html?.tsrc=rss,Yahoo,2026-05-29 16:17:50,True,bearish,,0,-1,-1.0,lexicon
e416767143ba,AAPL,Sell in May? You Would’ve Missed One of the S&P 500’s Best Mays Since the ‘50s.,https://finance.yahoo.com/m/9c1a9856-4c36-3693-87a1-8d4ccb76fb62/sell-in-may%3F-you-would%E2%80%99ve.html?.tsrc=rss,Yahoo,2026-05-29 16:15:00,True,neutral,,0,0,0.0,lexicon
c95182c1ad43,IBM,"VTI is up 0.2% today, on IBM stock price movement - Quiver Quantitative",https://news.google.com/rss/articles/CBMijwFBVV95cUxNSUNuUWVPZkxaR1RzZFpadzJ4WUxjNTdGXzZXdHhHc3RtWjFoM1dISDVuTWxpcDJVUFVfZVI4TUxqQ2hKU0ZMTUNRSkVuR2l5Z29tRzBTNkVpVmxNU05idUlzNmQtdFZsVmh3QjNHQXJ6Qm5nSE4yM041YmM2c1F0UEJ3MVJMYWdwamtNNXE1SQ?oc=5,Quiver Quantitative,2026-05-29 16:15:00,True,neutral,,0,0,0.0,lexicon
d874373a486a,TSLA,Sell in May? You Would’ve Missed One of the S&P 500’s Best Mays Since the ‘50s.,https://finance.yahoo.com/m/9c1a9856-4c36-3693-87a1-8d4ccb76fb62/sell-in-may%3F-you-would%E2%80%99ve.html?.tsrc=rss,Yahoo,2026-05-29 16:15:00,True,neutral,,0,0,0.0,lexicon
60f816ec63ab,CRM,ServiceNow Soars 14% on Enterprise AI Rotation as Dell’s Blowout Earnings Lift Software Sector,https://247wallst.com/investing/2026/05/29/servicenow-soars-14-on-enterprise-ai-rotation-as-dells-blowout-earnings-lift-software-sector/?.tsrc=rss,Yahoo,2026-05-29 16:14:24,True,bullish,,0,1,1.0,lexicon
93b2b423e7d0,COST,Where Will Costco Stock be In 2029?,https://247wallst.com/investing/2026/05/29/where-will-costco-stock-be-in-2029/?.tsrc=rss,Yahoo,2026-05-29 16:14:19,True,neutral,,0,0,0.0,lexicon
f9c15a75d8af,COST,Where Will Costco Stock be In 2029? - 24/7 Wall St.,https://news.google.com/rss/articles/CBMihAFBVV95cUxPbWp0LWtLejBQZmdPY3MxM2djTnBaUEhZQWxNQXd2T1c3VEVCOV9yaEplN1pPbmJOMTVYQ3RmTVpGWHdhMHZ6ZTZvZzM2LXgxdFJlaTROOEduekktUHpBSGR0QjRORXl6cHhua0xvUjRuQnNCUzY4Tk10LThaVkNEUmhlZVI?oc=5,24/7 Wall St.,2026-05-29 16:14:19,True,neutral,,0,0,0.0,lexicon
3ddfcfe9fedf,COST,Where Will Costco Stock be In 2029? - Yahoo Finance,https://news.google.com/rss/articles/CBMikgFBVV95cUxPSUs0MXR1TVI1YklGUDIweWZaX1QtWGh2N3pDQmJJdlRoRkM3TXlxb09DODBKOEs2SEV2VXYyaEJCLTZWT1pMTDNBMEFuVkFKT3ZwczlmdjM2TW1NbnVUVFFhZ0NMbjZ0bUpRQmZmbTZFejEyLVBUT0xuYjlxTDFMT3JaY1hvQXpTNWVMTFN4U2JVZw?oc=5,Yahoo Finance,2026-05-29 16:14:19,True,neutral,,0,0,0.0,lexicon
8ea9a25838be,TMO,"Fidelity files Form 144: TMO proposed sale of 45,940 shares (05/29/2026) - Stock Titan",https://news.google.com/rss/articles/CBMipwFBVV95cUxNdUF4VUVCaVpqMVc5ajFlekJ6WHVpMHRJWEhOR0lCYnRoQjg1RFIzYTdaemJYaHFyUzRfWFNudmhnN0c4a183cTUtaFFJc1EzQTZ0eHhuc2VWWkdYcG1zNWNHb1VFOFhOZHBoVU04X05Kel9YOWtNeXNnWTNDczBkQjZObEdQS29YRlA3eTZjeXpkdl9KWXBVbGd0NmVvY0ZTbkxGZ3ZSZw?oc=5,Stock Titan,2026-05-29 16:14:05,True,neutral,,0,0,0.0,lexicon
d7e0c0786abd,AXP,"How many employees does American Express have in 2026? Its workforce, locations, and layoffs explained",https://www.thestreet.com/investing/stocks/american-express-employees?.tsrc=rss,Yahoo,2026-05-29 16:12:00,True,bearish,,0,-1,-1.0,lexicon
2aba03b53abc,ORCL,"Oracle (ORCL) Shares Skyrocket, What You Need To Know - Yahoo Finance",https://news.google.com/rss/articles/CBMitgFBVV95cUxNQ3hYLWVWdDNuUHlwYW9sRzAtUTdzV2xtXzdTTWUwVnp0aHpTMmg1b1pPd2lBZmIyOTV3d1hOdE85OHhwRVZ1N3RmeWVkZVVpeFNTWG16UWZKODBvRWM0bVdVTmNqeDFudEJoTVRjSTViNlhzdEdvTW5mbzdpOE9PdFZkNGRsOWZaN1FQWFFvRmNrMm1VWE0wd3JFRXJRSUpMamxjcmtHc2hPTi1pdFNVaHF0WjFYUQ?oc=5,Yahoo Finance,2026-05-29 16:11:11,True,neutral,,0,0,0.0,lexicon
156e29fcf921,CRM,Salesforce Stock Finds Support as AI Momentum Builds - MarketBeat,https://news.google.com/rss/articles/CBMilAFBVV95cUxPZ3UyZDVMRUlUNVlHQW9oUWpJSnlXSkcwcmlMb2RjakFlYUZWTzcwNUZ2UkRJclNqWUpfaTZrZV9haWlmbm85emRMZm9HOWNicWtOTHU3aVBxd3Rka1ZkMF91NFIyNHoxZUI0dnYyQkdQNzhNaHZ5aEJUb2JybDR5NmhfdUctSjMzQmFDT3dJWWU4R0Z4?oc=5,MarketBeat,2026-05-29 16:09:03,True,neutral,,0,0,0.0,lexicon
c1532177e0be,CRM,3 Founder-Led Stocks Focused on Long-Term Wealth Building,https://finance.yahoo.com/markets/stocks/articles/3-founder-led-stocks-focused-160900989.html?.tsrc=rss,Yahoo,2026-05-29 16:09:00,True,neutral,,0,0,0.0,lexicon
6338b02e5292,AAPL,"RPG Investment Advisory Reduces Peabody Energy Stake, According to Recent SEC Filing",https://www.fool.com/coverage/filings/2026/05/29/rpg-investment-advisory-reduces-peabody-energy-stake-according-to-recent-sec-filing/?.tsrc=rss,Yahoo,2026-05-29 16:08:45,True,neutral,,0,0,0.0,lexicon
1051a8a0d758,ADBE,Adobe's Own AI Tool Is Destroying Its Own Stock Photo Business. Management Just Admitted It - 24/7 Wall St.,https://news.google.com/rss/articles/CBMizgFBVV95cUxQUFJ4cFdvbWloQ1ZZOGVaU05INjQyal8zOUs0WG9TQ183Y0JkaDlUanMwcWVUQVdBcUp1VThLRDFzU1pFckppWjJXZGtCY3N2U3Q0STlzSTBBb21JVUM1T09TZVMtSlZoOVpBd2dZVzJzQ2lZYkdUcDV2V3JFRTlxeDRQUFZBeDR1Rlk3RnNkWURFRWhQZUs3M0hlMTNjV3AxLVNla19UOTRnaGR2NWRDVWZ5bGNtMmRQYmhVb2xBRXdDeUp0UHJYS2d6WnZwUQ?oc=5,24/7 Wall St.,2026-05-29 16:05:06,True,neutral,,0,0,0.0,lexicon
3c8cfaa154c9,META,Will Meta Stock Hit $800 This Year? - 24/7 Wall St.,https://news.google.com/rss/articles/CBMigwFBVV95cUxNTDJIeGd5cWF5RzZqLTlMRlNjeXdXNFpZcGh2bGN0VlZIdW1rdzBnUXRFLS1YeGc2aHRvYTQzUm5nRDV2clJHY3dkb3FPdUJOcWtWSWhuZlk1V3NwNS1IV3IwaUdNc3pBbDN0NzNqRUFUWEVWY3B2VE90T0RoT1BNbnM2MA?oc=5,24/7 Wall St.,2026-05-29 16:04:11,True,neutral,,0,0,0.0,lexicon
8e42937eaeb6,WMT,TDOC Stock Pops as Teladoc Teams Up With Walmart,https://www.barchart.com/story/news/2203400/tdoc-stock-pops-as-teladoc-teams-up-with-walmart?.tsrc=rss,Yahoo,2026-05-29 16:04:05,True,neutral,,0,0,0.0,lexicon
63d4d70d8c83,AAPL,Apple (AAPL) is a Great Momentum Stock: Should You Buy?,https://finance.yahoo.com/markets/stocks/articles/apple-aapl-great-momentum-stock-160003753.html?.tsrc=rss,Yahoo,2026-05-29 16:00:03,True,neutral,,0,0,0.0,lexicon
fda925e77225,AAPL,Apple (AAPL) is a Great Momentum Stock: Should You Buy? - Yahoo Finance,https://news.google.com/rss/articles/CBMinAFBVV95cUxPdW5pQnQtSzJGY2h5WnJ3NWJIa05oZTRkZmhieEVyZ2lvalU0cU4tbkg5WjZMY2d0NU9wWVc2ZzZ5S290bVRjXzhjTGtPRW1pZW9ZUExjR2JXUGlaeXJfS2U0d0NYRDZqOFpoU2kyS0tDNVliWFJXOGc1NG1LclZBVlVkVWRlbXVTb21iVHAyWW5yTFp6V1ZDQXFaU2E?oc=5,Yahoo Finance,2026-05-29 16:00:03,True,neutral,,0,0,0.0,lexicon
cfeeee1df813,PFE,"ADCs, multispecific antibodies anchor $10B Pfizer-Innovent deal - BioWorld News",https://news.google.com/rss/articles/CBMipAFBVV95cUxNV3MzdE94Ym1lYkxmTlV4ckl4NExGY21HN1lUcWhJOVVWRC1McmlIZXRiaUJ3S1k2NUxxTl84bkxPd2w2Z3NRdHNFX0VrUndTYmQzSDM0MHdicEVMWllvLVNMTS05enRUQzRxVjRCWmNfd04tWVkyMU1taG1DV0NuaXNmX3F5TWRLR3VLaEt3U19jWVZQN0pmdnliRmpFZUtZRFo3ZA?oc=5,BioWorld News,2026-05-29 16:00:00,True,bullish,,0,1,1.0,lexicon
6dd307004e6f,CRM,Salesforce Stock Finds Support as AI Momentum Builds,https://www.marketbeat.com/originals/salesforce-stock-finds-support-as-ai-momentum-builds/?utm_source=yahoofinance&utm_medium=yahoofinance&.tsrc=rss,Yahoo,2026-05-29 15:55:00,True,neutral,,0,0,0.0,lexicon
7bdd0b87f927,TMO,Is Thermo Fisher Scientific Stock Underperforming the S&P 500? - Yahoo Finance,https://news.google.com/rss/articles/CBMisAFBVV95cUxPcXVscUVmWTVYTGwyR3hyd3BYWkRvUUU4ZFpEMURnX0xLV3FnN0lHWkJLWnRISGdKZkFPSHlSaHdEaGdYaUNpZjI0Z1pzczdKa21BM0h4cFVCdTZyODBXRjlRa2l0aWphWUE2dk5WSUwzeU1nTHhVbW9HbGhuZTVPMEFrUzFMQ0JSNDAwNElpU21HZ3E0b3RqdnRMc2ZieWJyelFsQjFFYnlfVkdpXzVnaQ?oc=5,Yahoo Finance,2026-05-29 15:54:04,True,neutral,,0,0,0.0,lexicon
7eb9e9e83b2d,TMO,Is Thermo Fisher Scientific Stock Underperforming the S&P 500?,https://www.barchart.com/story/news/2203113/is-thermo-fisher-scientific-stock-underperforming-the-s-p-500?.tsrc=rss,Yahoo,2026-05-29 15:54:04,True,neutral,,0,0,0.0,lexicon
871a232935c9,AMD,"AMD CEO Lisa Su tells grads they shape the future, not AI—and the world doesn’t just need ‘people who know how to use powerful tools’",https://finance.yahoo.com/sectors/technology/articles/amd-ceo-lisa-su-tells-155107809.html?.tsrc=rss,Yahoo,2026-05-29 15:51:07,True,neutral,,0,0,0.0,lexicon
aa8ca381dddf,COST,Costco Stock Sinks (COST) as Mixed Q3 Earnings Divide Wall Street - TipRanks,https://news.google.com/rss/articles/CBMimAFBVV95cUxPSzRZT3NNRWl4MmI5TmRhTm9DZDljWjhEM1FmLTk2akc5NWpFQ0FuVWZSRnMxaWxIc0RGUC02RlVlREI2cktSaWtNd1QtS2x2ZzA2d1UwczdHLVdjWGQ5UmZEUzVVdTFKaDB1clFJMDBlMkxNNHMtQlZydERDdW5sbko2dnpOb0VhWFlya0dUWE9KcXB2RHZ6Rg?oc=5,TipRanks,2026-05-29 15:45:19,True,bearish,,0,-1,-1.0,lexicon
53b32f019536,BLK,Why BlackRock (BLK) is a Great Dividend Stock Right Now,https://finance.yahoo.com/markets/stocks/articles/why-blackrock-blk-great-dividend-154502309.html?.tsrc=rss,Yahoo,2026-05-29 15:45:02,True,bullish,,0,1,1.0,lexicon
18d833b9df91,BLK,Why BlackRock (BLK) is a Great Dividend Stock Right Now - Yahoo Finance,https://news.google.com/rss/articles/CBMingFBVV95cUxQLUNCNk5tbFMtS012LXM3aXdWU3lVTG13anFDa21YemlBcW1TOVUtaFhkTGxXVURvWTFKZVBhSEQ3OWpZakxIYkU0SXJuT1BRa3QwTGZMcmhXRHk3UkhJSnBQNUlocFlsMjI3RzlwWlEyaHVGX19uajh4YUEzRWVwM1NlZ2txT1dwZ1c5dmxIWUxCMW9feTlTdmRxX29uZw?oc=5,Yahoo Finance,2026-05-29 15:45:02,True,bullish,,0,1,1.0,lexicon
4f4e5c0ca3eb,UNH,3 Dow Jones Stocks to Consider Right Now,https://finance.yahoo.com/markets/stocks/articles/3-dow-jones-stocks-consider-154438483.html?.tsrc=rss,Yahoo,2026-05-29 15:44:38,True,neutral,,0,0,0.0,lexicon
68398bafab24,AAPL,3 Dow Jones Stocks to Consider Right Now,https://finance.yahoo.com/markets/stocks/articles/3-dow-jones-stocks-consider-154438483.html?.tsrc=rss,Yahoo,2026-05-29 15:44:38,True,neutral,,0,0,0.0,lexicon
508b49827da0,AXP,"Yes, Airfares Are Rising—But Airline Executives Say That Isn't Stopping You From Flying",https://www.investopedia.com/airfares-are-rising-but-airline-executives-say-air-travel-demand-remains-strong-11986281?.tsrc=rss,Yahoo,2026-05-29 15:44:21,True,neutral,,0,0,0.0,lexicon
1b1088f316a2,CVX,Chevron stock CEO says Venezuela must cut taxes for new investment - Bloomberg interview By Investing.com - Investing.com,https://news.google.com/rss/articles/CBMi4wFBVV95cUxQSFdLWVJkUHdfRHNFcjA4aDVhSkdpTllueTBRbFkwNFdqRXk4T0ZOT2FlelVuTExzNXNxLUJkVDNxODZma3hlMnA2c2NXZTJ6Rk1fNWUtMmFESU93TEFRYzZEN1lwUk92bTBqWUw5Nmp0MWxBRVprdnk0RTc2YWpNcDRXeGdFTmYwd1p0dS1iUFVYb1d5WnJIUWVQWV9mY04wWkFydmpDQUplVEt3NExuaGlZZG9vS2N0TzZZaXE0cmFyOEZ0VTZBQ3JFMC1xd1BZS3VoOU1NN21ucGpWZkpEOXpzNA?oc=5,Investing.com,2026-05-29 15:40:56,True,bearish,,0,-1,-1.0,lexicon
652724765118,BAC,Bank of America has stark message for silver investors in 2026,https://www.thestreet.com/investing/bank-of-america-tells-silver-investors-to-expect-rally-2026?.tsrc=rss,Yahoo,2026-05-29 15:40:38,True,neutral,,0,0,0.0,lexicon
d6cf3726f4e1,WMT,KR vs. WMT: Which Stock Is the Better Value Option?,https://finance.yahoo.com/markets/stocks/articles/kr-vs-wmt-stock-better-154003585.html?.tsrc=rss,Yahoo,2026-05-29 15:40:03,True,neutral,,0,0,0.0,lexicon
6911f738c5a1,WMT,KR vs. WMT: Which Stock Is the Better Value Option? - Yahoo Finance,https://news.google.com/rss/articles/CBMikAFBVV95cUxPX3dyRV9RNDAtdWU5MUdfN1JkTV9PMHBSVFo3YUs1WGpWX1ZQb1hmYkoxVjlVdU1sUEhRMm1jeVVUdklVRWlkdTlMcG1mNUxzc3dpSjh2MXpxUDV2SjhXcVljSXUtSWx0NzUyYlE3RHFiX01jdmdXV0o3cnRsV2pXM19qejg4NkNpU0FGbG82WXY?oc=5,Yahoo Finance,2026-05-29 15:40:03,True,neutral,,0,0,0.0,lexicon
c09056fd3e6c,MSFT,Microsoft Stock (MSFT) Jumps on Positive News from Xbox - TipRanks,https://news.google.com/rss/articles/CBMiiwFBVV95cUxOZUh1V2lNQkZVc3VrZGFzTGdqbUxfOVB6Zi11ZFdvOE9TUTgtS1NhekZEYU9XQVBYOUNMTVRpcEFWQmdEVFJPYWMxenRlTzJYaVEzbURBWUt5ck56UlBqRFZ2cjktRW5CQ0xFSWlpTXhVWWZ2NFFoWmdTc0FsMl9mbjJYRXRUR09qYkxR?oc=5,TipRanks,2026-05-29 15:37:54,True,bullish,,0,1,1.0,lexicon
c53d879f483f,TMO,3 Cash-Producing Stocks We Steer Clear Of,https://finance.yahoo.com/markets/stocks/articles/3-cash-producing-stocks-steer-153638434.html?.tsrc=rss,Yahoo,2026-05-29 15:36:38,True,neutral,,0,0,0.0,lexicon
2271a71e5f7a,BAC,Wells Fargo Signals Strong Q2 Fee Income Growth at Bernstein Conference,https://finance.yahoo.com/markets/stocks/articles/wells-fargo-signals-strong-q2-153500185.html?.tsrc=rss,Yahoo,2026-05-29 15:35:00,True,bullish,,0,2,2.0,lexicon
838f0413f47d,WFC,Wells Fargo Signals Strong Q2 Fee Income Growth at Bernstein Conference,https://finance.yahoo.com/markets/stocks/articles/wells-fargo-signals-strong-q2-153500185.html?.tsrc=rss,Yahoo,2026-05-29 15:35:00,True,bullish,,0,2,2.0,lexicon
b1c2a90d1fb6,JPM,Wells Fargo Signals Strong Q2 Fee Income Growth at Bernstein Conference,https://finance.yahoo.com/markets/stocks/articles/wells-fargo-signals-strong-q2-153500185.html?.tsrc=rss,Yahoo,2026-05-29 15:35:00,True,bullish,,0,2,2.0,lexicon
55c81a17ac02,ABBV,AbbVie (ABBV) Up 3.5% Since Last Earnings Report: Can It Continue?,https://finance.yahoo.com/markets/stocks/articles/abbvie-abbv-3-5-since-153035090.html?.tsrc=rss,Yahoo,2026-05-29 15:30:35,True,neutral,,0,0,0.0,lexicon
bd801b62ab0b,ABBV,AbbVie (ABBV) Up 3.5% Since Last Earnings Report: Can It Continue? - Yahoo Finance,https://news.google.com/rss/articles/CBMijwFBVV95cUxOaC02SmUycjdKa0ZLTS02c0pXblZ2d0xtWVNpZDZPdnNNbU1Pc1pOdWZQbWtwcjNsTmVZSzg1UEw3UElXUjNlYlNmUF9zdVA4NHNHNHZ5ZVNkYVFhSUxua0VNVjZndzA5alFkeUhDWUJkaWJlSXp2d3pGMlkxUkg4VzlqRVBQR2poR2pueEo5NA?oc=5,Yahoo Finance,2026-05-29 15:30:35,True,neutral,,0,0,0.0,lexicon
49c8332da44a,ABBV,AbbVie (ABBV) Up 3.5% Since Last Earnings Report: Can It Continue? - Yahoo! Finance Canada,https://news.google.com/rss/articles/CBMiekFVX3lxTE8wdENNVXhacllEWUp2THhYQ204WDV1dVBaLXd4UEpCVUk5cHZTdFhJWk1sYS1uOFFjemJtMWFZZFFXeFJOWGc1ZXE5U1pRdEZiZk1zZ05QR09DZFFNT3JuVGI4UUFnNFRQaE4tUWNxT1FvVE1IM2h1SkZR?oc=5,Yahoo! Finance Canada,2026-05-29 15:30:35,True,neutral,,0,0,0.0,lexicon
be85f0a87289,UNH,Humana (HUM) Up 30.6% Since Last Earnings Report: Can It Continue?,https://finance.yahoo.com/sectors/healthcare/articles/humana-hum-30-6-since-153031312.html?.tsrc=rss,Yahoo,2026-05-29 15:30:31,True,neutral,,0,0,0.0,lexicon
7bca5d6fa087,GM,Why Is Ford Motor (F) Up 37.8% Since Last Earnings Report?,https://finance.yahoo.com/markets/stocks/articles/why-ford-motor-f-37-153025215.html?.tsrc=rss,Yahoo,2026-05-29 15:30:25,True,neutral,,0,0,0.0,lexicon
1498d3015831,F,Why Is Ford Motor (F) Up 37.8% Since Last Earnings Report?,https://finance.yahoo.com/markets/stocks/articles/why-ford-motor-f-37-153025215.html?.tsrc=rss,Yahoo,2026-05-29 15:30:25,True,neutral,,0,0,0.0,lexicon
0556238e5ba3,MS,Why Is Moelis (MC) Up 2.7% Since Last Earnings Report?,https://finance.yahoo.com/markets/stocks/articles/why-moelis-mc-2-7-153021714.html?.tsrc=rss,Yahoo,2026-05-29 15:30:21,True,neutral,,0,0,0.0,lexicon
46d1728b8c2d,QCOM,Qualcomm (QCOM) Up 35.5% Since Last Earnings Report: Can It Continue?,https://finance.yahoo.com/markets/stocks/articles/qualcomm-qcom-35-5-since-153020029.html?.tsrc=rss,Yahoo,2026-05-29 15:30:20,True,neutral,,0,0,0.0,lexicon
ca2bf0aa3653,GOOGL,Why Is Alphabet (GOOGL) Up 1.4% Since Last Earnings Report? - Yahoo Finance,https://news.google.com/rss/articles/CBMikAFBVV95cUxNaFFMcnJRRXJmaVdCNEd3YU90ZjhVYnNmLS1KaERyOEFsckxnaW02aUt2M0JtZG9FODhUYUdFRG84d3N5ZXd3YW9EelN1STR6Znk2UWhCX2ZCZmREVXI2eW1ESHAwWDJ0aFo0Y21SVUdfbmdEUHAtaDhtNTVMSHdyMW5LUmZhN0dOVEwycWozejQ?oc=5,Yahoo Finance,2026-05-29 15:30:18,True,neutral,,0,0,0.0,lexicon
d9f7eef16726,MSFT,Why Is Microsoft (MSFT) Up 4.7% Since Last Earnings Report? - Yahoo Finance,https://news.google.com/rss/articles/CBMikAFBVV95cUxNU2Q2eTZVTk43azVVXy12bXdSTXpJWm1CZldnMER0Rkl1TFh6XzBqUjJGSG56bW1ZaURCeWpOY01KMGo1S1A1OUVBY1JTTnR5SjFUWl9ScnNqTnhaMUU5V2NiR0NQd0gzeEpRMVJES2VhU3FUeUoyR0pGRXdLZFhJak9uYXFqZm5TbW1CdVN4Z0I?oc=5,Yahoo Finance,2026-05-29 15:30:18,True,neutral,,0,0,0.0,lexicon
586633228fa1,BLK,Oil Prices Suffer Biggest Weekly Collapse in Two Months,https://finance.yahoo.com/sectors/energy/articles/oil-prices-suffer-biggest-weekly-153000410.html?.tsrc=rss,Yahoo,2026-05-29 15:30:00,True,neutral,,0,0,0.0,lexicon
04d4be01fa00,MU,This is Where Micron Stock Will Trade in 5 Years - 24/7 Wall St.,https://news.google.com/rss/articles/CBMilwFBVV95cUxNbkZKRUhnM0RPNllTZnZ0SlFjbmFhcEVXM1BEa1JpdzFqNEp6OVlsenc5dEdVeU9oTUZ2QncwUXJwVy0yX3RYaTA4MnNpQ0hvelpaSUxBTFZDanByZ0YxVEJsRjZOR3FaTmlCQXRQVmtEd2xiZXJxcUZjV29Yc2ROVUl0WERjdVM2ZXlTQnFLSmFZV2d0dDNZ?oc=5,24/7 Wall St.,2026-05-29 15:29:45,True,neutral,,0,0,0.0,lexicon
40a96c8f9776,MU,Susquehanna raises Micron stock price target on tight supply outlook - Investing.com,https://news.google.com/rss/articles/CBMixwFBVV95cUxPdU9qR0gtQkhsMkFtNjZJdEwwTGM0TklYUnFIX05FU3hSWWhIZjhIenhZRGhfcTZlcmlKRWdQc0N4OHB3aEFaNFJjSVBHdVhZbkx4Znh0Mk5BWS1IWDAzc2lCamxvOHh3eVNzX3E2XzZhVXFDUDBUNVdlOUtRWUFJTDlhOTBIOXd0eXF0ay1QbUtBN0dUODc2SWtpTk96aEV4NFpiMFBwemExMDY3dEpnWEMzQmk3a0ozUnJzQVZ2bnVaM095WXU4?oc=5,Investing.com,2026-05-29 15:26:50,True,bullish,,0,1,1.0,lexicon
ae7f5c61f878,XOM,Here's Why SM Energy's 2026 Production Outlook Looks Strong,https://finance.yahoo.com/sectors/energy/articles/heres-why-sm-energys-2026-152500094.html?.tsrc=rss,Yahoo,2026-05-29 15:25:00,True,bullish,,0,1,1.0,lexicon
87ef20352e15,CVX,Here's Why SM Energy's 2026 Production Outlook Looks Strong,https://finance.yahoo.com/sectors/energy/articles/heres-why-sm-energys-2026-152500094.html?.tsrc=rss,Yahoo,2026-05-29 15:25:00,True,bullish,,0,1,1.0,lexicon
052fd1aef777,AMD,"Market Breadth Has Been Bad, But It’s Not Just Big Stocks Rallying",https://finance.yahoo.com/m/fa0e24dc-9c74-3b11-8d8a-d444f9bf947e/market-breadth-has-been-bad%2C.html?.tsrc=rss,Yahoo,2026-05-29 15:24:45,True,neutral,,0,0,0.0,lexicon
df6412d488fe,COST,Costco Stock Drops Despite Earnings Beat: Is It Time to Buy?,https://finance.yahoo.com/markets/stocks/articles/costco-stock-drops-despite-earnings-152200848.html?.tsrc=rss,Yahoo,2026-05-29 15:22:00,True,neutral,,0,0,0.0,lexicon
cded0bd11978,XOM,Oil Prices Slip Amid Trump Demands; Exxon Warns Of Nasty Surprise,https://finance.yahoo.com/m/64d7ca2c-1ba8-367c-b9b9-0a63354dd76e/oil-prices-slip-amid-trump.html?.tsrc=rss,Yahoo,2026-05-29 15:21:42,True,bearish,,0,-1,-1.0,lexicon
ff68c1becae0,GS,Is AI Hiking Your Energy Bill? Nic Carter Says 'The Data Doesn't Support It',https://finance.yahoo.com/sectors/energy/articles/ai-hiking-energy-bill-nic-152115327.html?.tsrc=rss,Yahoo,2026-05-29 15:21:15,True,neutral,,0,0,0.0,lexicon
8e9c2372d7fa,AMD,Prediction: AMD’s Rapid Data Center Expansion Fuels Bullish Target,https://247wallst.com/investing/2026/05/29/prediction-amds-rapid-data-center-expansion-fuels-bullish-target/?.tsrc=rss,Yahoo,2026-05-29 15:20:34,True,bullish,,0,2,2.0,lexicon
ebe23d2d2ec5,ORCL,Prediction: AMD’s Rapid Data Center Expansion Fuels Bullish Target,https://247wallst.com/investing/2026/05/29/prediction-amds-rapid-data-center-expansion-fuels-bullish-target/?.tsrc=rss,Yahoo,2026-05-29 15:20:34,True,bullish,,0,2,2.0,lexicon
2498216b9c98,F,Nuclear Stock Face-Off: Is Oklo or NuScale Power the Better Buy Right Now?,https://www.fool.com/investing/2026/05/29/nuclear-stock-face-off-is-oklo-or-nuscale-power/?.tsrc=rss,Yahoo,2026-05-29 15:20:00,True,neutral,,0,0,0.0,lexicon
554526486cc5,WMT,Nuclear Stock Face-Off: Is Oklo or NuScale Power the Better Buy Right Now?,https://www.fool.com/investing/2026/05/29/nuclear-stock-face-off-is-oklo-or-nuscale-power/?.tsrc=rss,Yahoo,2026-05-29 15:20:00,True,neutral,,0,0,0.0,lexicon
f4c2ddb0757c,MCD,Nuclear Stock Face-Off: Is Oklo or NuScale Power the Better Buy Right Now?,https://www.fool.com/investing/2026/05/29/nuclear-stock-face-off-is-oklo-or-nuscale-power/?.tsrc=rss,Yahoo,2026-05-29 15:20:00,True,neutral,,0,0,0.0,lexicon
8ed1969913a9,BAC,BofA says Select Water is becoming an energy infrastructure play,https://finance.yahoo.com/sectors/energy/articles/bofa-says-select-water-becoming-151958996.html?.tsrc=rss,Yahoo,2026-05-29 15:19:58,True,neutral,,0,0,0.0,lexicon
5c46ee19418d,GE,Can GE's Growth Investments Create Long-Term Value for Investors?,https://finance.yahoo.com/markets/stocks/articles/ges-growth-investments-create-long-151700783.html?.tsrc=rss,Yahoo,2026-05-29 15:17:00,True,bullish,,0,1,1.0,lexicon
1d18ae659c4a,META,Meta Platforms Could Open Up a Massive New Revenue Stream - The Motley Fool,https://news.google.com/rss/articles/CBMiogFBVV95cUxOMk9tUEpsRlYtQkhmSUVIOW4wWkhsRGpTLTdRbFFNTzlFY3VhNjVTWEszNmJaY3ZmZlhEWWV5UnV0Q2Vxcl9pTjY0MERSUlI3amRjWlQyZnFZamVtSlE2eGdPYndEQ2x6NEt6R0JxdnFwZ1dtREtmSlFySGxtVGp2X1N3VFd2X0x4aEJ6V2lTR3JpVk1Pc21pODZBMTdDakV5RkE?oc=5,The Motley Fool,2026-05-29 15:17:00,True,neutral,,0,0,0.0,lexicon
4c2e41c34b0a,WMT,Walmart Inc Stock (WMT) Moved Down by 3.20% on May 29: Facts Behind the Movement - TradingKey,https://news.google.com/rss/articles/CBMiigFBVV95cUxQb0ZBVXFXQ29EQkFLRzk4SjR1Sl9TREdpakMzdXRnNTl0U1NkV1EwTERnQUVJak1BcndoLVFOeG90YjUwcF9uVVlsc2dqYkRKa2pScDJTVmdPTzVKVV9jV3B3dThZcXBYeU1aTE5NSU9VZW5YQ0FBcmdXcXdKLWo5b0ZQbWI3VTZPLWc?oc=5,TradingKey,2026-05-29 15:15:24,True,neutral,,0,0,0.0,lexicon
933d1894366f,QCOM,Can Intel's New Arc G Series for Gaming Expansion Drive Future Growth?,https://finance.yahoo.com/sectors/technology/articles/intels-arc-g-series-gaming-151300977.html?.tsrc=rss,Yahoo,2026-05-29 15:13:00,True,bullish,,0,2,2.0,lexicon
2ef538c72e11,AMD,Can Intel's New Arc G Series for Gaming Expansion Drive Future Growth?,https://finance.yahoo.com/sectors/technology/articles/intels-arc-g-series-gaming-151300977.html?.tsrc=rss,Yahoo,2026-05-29 15:13:00,True,bullish,,0,2,2.0,lexicon
de125f4e7a01,GM,3 Cash-Producing Stocks That Concern Us,https://finance.yahoo.com/markets/stocks/articles/3-cash-producing-stocks-concern-151238321.html?.tsrc=rss,Yahoo,2026-05-29 15:12:38,True,neutral,,0,0,0.0,lexicon
6712a625ccbe,AMD,MRVL Experiences Slow Expansion in Gross Margin: What's Ahead?,https://finance.yahoo.com/markets/stocks/articles/mrvl-experiences-slow-expansion-gross-150900088.html?.tsrc=rss,Yahoo,2026-05-29 15:09:00,True,bullish,,0,1,1.0,lexicon
dd5466fb9897,AVGO,MRVL Experiences Slow Expansion in Gross Margin: What's Ahead?,https://finance.yahoo.com/markets/stocks/articles/mrvl-experiences-slow-expansion-gross-150900088.html?.tsrc=rss,Yahoo,2026-05-29 15:09:00,True,bullish,,0,1,1.0,lexicon
4d3ff3e863f5,PFE,Pfizer (PFE) Among Most Attractively Valued U.S. Stocks - GuruFocus,https://news.google.com/rss/articles/CBMilAFBVV95cUxORHM1di1TR0Z4RDFER2dzenZPYm1jcUl5WGotdlBlcjFCbEhraEY1clVYZFFIdzMybWFmY1ExM2NoR2tMVGVBcjBBRHk1SkxmNzY1cTJaTHprUDdTaXotU0RRbGRGeEQxTUZ0b3h6ZzFKZmkwazlDVHloN2g3dnlBTUFkNkd5NjdQNXpYN1BPbzRRLXBU?oc=5,GuruFocus,2026-05-29 15:06:17,True,neutral,,0,0,0.0,lexicon
7b9544cff2de,CVX,Why ExxonMobil's Strong Balance Sheet Matters for Investors,https://finance.yahoo.com/sectors/energy/articles/why-exxonmobils-strong-balance-sheet-150600458.html?.tsrc=rss,Yahoo,2026-05-29 15:06:00,True,bullish,,0,1,1.0,lexicon
583dbad08993,XOM,Why ExxonMobil's Strong Balance Sheet Matters for Investors,https://finance.yahoo.com/sectors/energy/articles/why-exxonmobils-strong-balance-sheet-150600458.html?.tsrc=rss,Yahoo,2026-05-29 15:06:00,True,bullish,,0,1,1.0,lexicon
bb86f8ec7007,AVGO,Meet the Newest Member of the Stock Market's Exclusive $1 Trillion Club (Hint: It's an AI Semiconductor Powerhouse),https://www.fool.com/investing/2026/05/29/1-trillion-club-ai-semiconductor-micron-stock/?.tsrc=rss,Yahoo,2026-05-29 15:05:00,True,neutral,,0,0,0.0,lexicon
b25cbc8380df,WMT,How Investors Are Reacting To Walmart (WMT) Expanding Into Higher-Margin Services And Ultra-Fast Delivery,https://finance.yahoo.com/markets/stocks/articles/investors-reacting-walmart-wmt-expanding-150426378.html?.tsrc=rss,Yahoo,2026-05-29 15:04:26,True,neutral,,0,0,0.0,lexicon
4e0a3b6bef79,AMZN,"Snowflake stock soars on growing enterprise AI demand, AWS partnership - Yahoo Finance",https://news.google.com/rss/articles/CBMixAFBVV95cUxQMHA4X012QnJ1eG5HQUYwSWsyT0NuN01lSkFiaENYWDV5VXJ2UW5KLTRuS2Z2NV9rdGU4M2RHdm1jRmxpa0hzZ01mb2JXOUZfM0JOTTdwQzJfVVh2MXRaYUIzZVU0M29Ga3NzMmxSYkdLSE1tLXg3MUFUU1NGRV9WbjZmU09EMGY0OGlZMUxvSVQyYlM5cW5rWjlkR1Y0XzNic2FyLUdtTVFyYkI4eC1VTEpfS3UyV1FfUkd6THMwMVQ3ajVO?oc=5,Yahoo Finance,2026-05-29 15:03:33,True,bullish,,0,2,2.0,lexicon
e116406f07a4,WMT,Is Big Tech Creating a National Security Crisis? Pentagon Says U.S. Troops Were Targeted Using Ad Data,https://247wallst.com/investing/2026/05/29/is-big-tech-creating-a-national-security-crisis-pentagon-says-u-s-troops-were-targeted-using-ad-data/?.tsrc=rss,Yahoo,2026-05-29 15:02:00,True,neutral,,0,0,0.0,lexicon
a4dbe1ee960f,GE,GE Aerospace Rose 6% Last Week. Here’s Where the Stock Could Go in 2026 - TIKR.com,https://news.google.com/rss/articles/CBMimgFBVV95cUxNODBXcFE1ZkhLUnJSTzN0RHJQd3N3LTdxNVVkdWhZaXhWQ082ZHNZWnF3Z0FXQjNBZzNFSEtZQ253dlNxbG5Tc2tKNzJyWUZCSl85NUpTX1FMcG5EV0k3eklmZ3VsamVRSmtXa2lob2xmZGdTQllTSWVNTU91VWY4S0pzZGR4ZExoZWJadTlicjNKcjNidjZlRGln?oc=5,TIKR.com,2026-05-29 15:01:04,True,neutral,,0,0,0.0,lexicon
b4686e3b326c,WFC,Karat Packaging CEO and CFO to join Wells Fargo fireside chat - Stock Titan,https://news.google.com/rss/articles/CBMiugFBVV95cUxQMkpEa1c3RVZlcFJ5WWNRb3gxNkk2dy1IX2l0dHB2SEFCMTg3T2NQMXJ0N2ZPNWN5WlFDVWRBMm45aW80bmJBOFpJbXVFVHpNSWFpOElpQUd4dmtFQWhWcHlRQS1JY09SRE9DaDRFQnJwR2l0MnpQYjVFVGc2MHdMNF91NHBPemN3OHQ5T3FicDAtd0k3enV5X29odHhFcGhfTzhvVHpOcTJPWmpYTC1rS3NIRk5BenAzTmc?oc=5,Stock Titan,2026-05-29 15:01:00,True,neutral,,0,0,0.0,lexicon
cf387780742b,WMT,Tigress Financial raises Walmart stock price target on AI transformation - Investing.com,https://news.google.com/rss/articles/CBMizAFBVV95cUxQY20wN2wwU2ZPcTZrWVZrLVFTY3VMRGlFMDY3TVQzOGdBQS02NHhXWHFCdHFiZ0J5SlZucUhsWExpbHN3U25maUVvV2RDdm1oSTVmX3RDb2wxamkxTGpVZ3FKWDI0dGRkX1Jlam45NlpHTnF6cUtwNXd3QUF1VTEtdUNWcFRaS3NiTUpVZGRsOFZiZXpMY0ZZRG9LNVp0bWpLeHZVOWpYNXF1X0VqbTVLdWhxenc0LW95VlowaUQxa2hGM1NMTnNuTkktXzA?oc=5,Investing.com,2026-05-29 14:57:53,True,bullish,,0,1,1.0,lexicon
b448d09e741f,WMT,Teladoc Health Broadens Virtual Care Reach Through Walmart Platform,https://finance.yahoo.com/sectors/healthcare/articles/teladoc-health-broadens-virtual-care-145700198.html?.tsrc=rss,Yahoo,2026-05-29 14:57:00,True,neutral,,0,0,0.0,lexicon
1337dc9343d1,CRM,Why is Salesforce stock rallying today? - Investing.com,https://news.google.com/rss/articles/CBMimwFBVV95cUxNUFJISTltNm5ncUpwWDR5ZmhPMjVoZGE5dWFRNzRJcm54QXhYYmp5NWhCZkRvLVpvVHcybkRtSlI5RkxKNG5JT0poOHNrZVEtYkRpUWVhSDgyMUhZZTZRZ2Jsbkx6d0I3Z1ZJejNDN3FVblZtMTlwR1ZIOV9tc1A0WkdyRVhzb01hQlJfV3FtbDN6ak1JcHlYZXRUOA?oc=5,Investing.com,2026-05-29 14:53:41,True,neutral,,0,0,0.0,lexicon
f6ef2d0ff62c,MU,Why is Micron stock surging to a new high today? - Investing.com,https://news.google.com/rss/articles/CBMipwFBVV95cUxNNzNWUVliMmxOZ1VBbS00RWVRNjA3VXpValVJSzJnVENYbkdSdTRkZmt4NjhGbnM2emlyNGx0NVRKOWxkMFBHcjhpWVJDZEtXVzdaakZwMkpoSTVxaVJJUXlvb0ZLSmxRWUpza1FsMmUxQWJYQVQ0TVNfdDItSXJMLWIzT3hxLUVPakVzdWdGNVZoNkRwV1N2OG0wSWlicVlpbWY3UVVvTQ?oc=5,Investing.com,2026-05-29 14:53:40,True,neutral,,0,0,0.0,lexicon
b2a9960f04e7,ADBE,$ADBE stock is up 4% today. Here's what we see in our data. - Quiver Quantitative,https://news.google.com/rss/articles/CBMinwFBVV95cUxNSDVtMmI3SGg4SVFfOXJVNFlMMUwyUmpQWGdMcXpkaEg0d3luU2RUZS1Oa3BLWnZpSjZrWFNsQVljdlZWLUVVU1FfOUJvTXlHNG12Qmp5MmJFcy05Q3Q1bzZtMkp3bWYtU3VqcHBFMlZKMTRkRXFsTU80Uk9sZUhOcjQ0QVk5ZFBCTEtjM0libjF1TmNJaV9KQzJTcWVtRjQ?oc=5,Quiver Quantitative,2026-05-29 14:52:00,True,neutral,,0,0,0.0,lexicon
732874945155,ADBE,Adobe shares rise as investors position ahead of next earnings and lean into a valuation rebound - Quiver Quantitative,https://news.google.com/rss/articles/CBMiyAFBVV95cUxNaWlIZDZxVzA2OFpzelJoaFJxczZXdHhoVENlUlp0UWZkX2xyZ3NxblpIZkU2bnZselVBa01xcmxuVjFuVmhqcWRyUHAxbG5hczVKeEtJOXMwZWxBY1pucG9CTnQxMW5hSk9BVzJoLUdUX2JzTjlneldxdVlKWDl0aXlid1FNUVkxdHFXYV81U1V4R3RCOElKVDN0djdVTENTaloydUlPeUpxQWpNTVpwREYxRUxIU1c5aWlQVFlRMDZNSWRLWmtuQg?oc=5,Quiver Quantitative,2026-05-29 14:51:00,True,bullish,,0,1,1.0,lexicon
1d7c81ed0262,LLY,LLY Stock Gains 4% to All-Time High: Is Obesity Access the Catalyst? - Yahoo Finance,https://news.google.com/rss/articles/CBMilgFBVV95cUxPd0UyNUxPU3RDa0R1OXJVSmhWYUhWLWx6cncxVG9ndHludm9nZHlkTG9BcFhEZlhjd1dhMGZKWmNSWlVsT01MdVJlTDIwZWF2T0d4RmxUSzlXZlN3X0RSdXVhUmN0Z3NvN1lMVVplUk5WdjhCSHdNRHdUS0ZLbHFJSkFxeG9vakhWTE9ZbXNfUHduQ0V6TGc?oc=5,Yahoo Finance,2026-05-29 14:49:00,True,bullish,,0,1,1.0,lexicon
8c3d6de3a370,LLY,LLY Stock Gains 4% to All-Time High: Is Obesity Access the Catalyst?,https://finance.yahoo.com/sectors/healthcare/articles/lly-stock-gains-4-time-144900164.html?.tsrc=rss,Yahoo,2026-05-29 14:49:00,True,bullish,,0,1,1.0,lexicon
550c45ad393b,META,Will Meta Stock Hit $800 This Year? - Yahoo Finance,https://news.google.com/rss/articles/CBMiiwFBVV95cUxQSzVhdUFwSGpyZkFBRjN2OGhZSG9fdzVaWVVsUzBqck42Y1RNV2k0Wl83TUZPQWhFTzEwNGE2bVNGN2dXeUhZRWQ2RVpYQWE0bF9lT3lWbE5ldVp3Qk5ubFJGVjExNUNuNFZkeDRSdVNSUkc3MlBQaThULUhrWXVqbzFydFpqNU1jQnFZ?oc=5,Yahoo Finance,2026-05-29 14:44:26,True,neutral,,0,0,0.0,lexicon
74a0f5a0a72e,WMT,AMZN Deepens Its AI-Powered Shopping Push: Where Is the Stock Headed?,https://finance.yahoo.com/markets/stocks/articles/amzn-deepens-ai-powered-shopping-144200122.html?.tsrc=rss,Yahoo,2026-05-29 14:42:00,True,neutral,,0,0,0.0,lexicon
7620aef9b3f9,CSCO,"Dell, Cisco: How 'throwback' tech stocks fit into the AI trade - Yahoo Finance",https://news.google.com/rss/articles/CBMihgFBVV95cUxPUjRoVWIyeGVaM0stRFpyLXNaTkdpRDlhOTFlTTE2bGw4ZnZHMEhZUFllek5EVGZTbTFaZ1B1MjJtMXlzWWpxcE9nYUtVYkJFMEppRmQ5dmJrWDBNem9sdFMyNVlCa2dSQnUtY2trdVVyS0JHZ2xzQ0pQZEtnQTZsdERfd0VoUQ?oc=5,Yahoo Finance,2026-05-29 14:41:52,True,neutral,,0,0,0.0,lexicon
2d33b1cf556b,CSCO,"Dell, Cisco: How 'throwback' tech stocks fit into the AI trade",https://finance.yahoo.com/video/dell-cisco-throwback-tech-stocks-144152822.html?.tsrc=rss,Yahoo,2026-05-29 14:41:52,True,neutral,,0,0,0.0,lexicon
f44a6bd631af,ADBE,‘Plant Not Plastic:' USDA Cotton Plan Targets Demand and Manufacturing Losses - RFD-TV,https://news.google.com/rss/articles/CBMinAFBVV95cUxQZTE3VGFBQlVxaENfN1B5bWRWYjVoOExfazBZcmlQaDVyN29sQS14Q1NCOVU0WHZEMXR4U2hINEFlbHc2TnNNTUdreVpyMmJoMC1lS0VwTnVQQllhOFl6X2o0MlpwYjUyZTF3dWtFaFBrU21xLTNhZ05Pc2x3dHVXZnFPTElkRVBWY3VGemVKaUFfMjRrR001RW9sM08?oc=5,RFD-TV,2026-05-29 14:39:57,True,bearish,,0,-1,-1.0,lexicon
349bc7f25a42,BAC,The Bond Market’s Biggest Problem Isn’t Oil,https://finance.yahoo.com/m/fd6730f0-e69c-3cda-aa7a-25d5bfeda648/the-bond-market%E2%80%99s-biggest.html?.tsrc=rss,Yahoo,2026-05-29 14:39:00,True,neutral,,0,0,0.0,lexicon
7c2aef761aa7,BAC,"SentinelOne's After-Hours Stock Decline Presents Attractive Entry Point, BofA Says",https://finance.yahoo.com/markets/stocks/articles/sentinelone-apos-hours-stock-decline-143829668.html?.tsrc=rss,Yahoo,2026-05-29 14:38:29,True,bearish,,0,-1,-1.0,lexicon
eea5cb238161,TMO,Thermo Fisher Scientific Launches New DNA and RNA Analysis System - Clinical Lab Products,https://news.google.com/rss/articles/CBMixgFBVV95cUxNeXJZTjlreGhMM1JFbFA2bkQwYWhGeGNCYmo1YjFBWXpVOHFBUjhhNUQ3dGFGUFRqLTJqc0Y4TTJUR1Z6cDJiQjMtRW9TQUhBR21NbkVzNWhWbUxtZlN4TWdOQ1QzbnVyS0xfbjJ0TnpWREdvUnFOalc1dV95THdUbDNiTkJpTTJJSGNQeUFRcVgyS0RGSjJINlRJbjVoQXQtU3cxaVp3blgzbFN3d05uQ1ZmU3BMdlJmSXNSc1VPOHBiaUtKWUE?oc=5,Clinical Lab Products,2026-05-29 14:38:28,True,neutral,,0,0,0.0,lexicon
2d434b4f17d3,MU,"Memory Semiconductor Stocks Continue to Rise, Micron Technology (MU.US) Up Over 5%, Hitting a Record High - 富途牛牛",https://news.google.com/rss/articles/CBMiqwFBVV95cUxPZzQ4bFdUWlc1dEt6MlFwa3BsTjZDdF9qdDhJMk5Mb1VFZS1uLUJCQjQwZlo2Q2lULURWNHpScFh2dUd0dTlyZ3hkMjNtYVdBT0xjUFRWNTVtckJlZkJ0TnMwb3JHUlEwT3RMeUxuaDl5MmUweEpsd215NHhNbGhIZzRUYTVxZ042b3ZDMEtJN3lrbUotR2xGcmNpNXo5bFZ1Qkk3bV9OYld4dTg?oc=5,富途牛牛,2026-05-29 14:38:15,True,bullish,,0,2,2.0,lexicon
a032de8e1866,UNH,UnitedHealth sued by Massachusetts over alleged $100M Medicaid overpayments - Seeking Alpha,https://news.google.com/rss/articles/CBMiugFBVV95cUxObk1DbWdyWGhuemp4MU0zMHp5Vy1mRmZveU9weW9ZaGhoZEkwOHZYWm5sdXZWY195X1hGbUd4bmN4RVJycERxQmNOTS1YWTBLcms5dTdkTFNMRk9aNHg0T0RRUDJqQ0lCdDkyYU9wSjFhUHdaVTRoZVg2d09zMlp1S09ja3NoaGJjMzlpOWJna1gtS1NIM21zZnk1VWNPQnhkRW54dHNfMWtITzlPRDk5MDVmcTU2X3I5b2c?oc=5,Seeking Alpha,2026-05-29 14:38:10,True,neutral,,0,0,0.0,lexicon
6e1da859cf79,WMT,"Tigress Financial Maintains Walmart(WMT.US) With Buy Rating, Raises Target Price to $155 - 富途牛牛",https://news.google.com/rss/articles/CBMisgFBVV95cUxOVFRhVzFrUWxxUEtBTjRZQVRHREdrRW1HaVNwTFg4YjlmN0N4RlhncWVTdmhxMXdFdzhvOF9wU2Z4UUo2Y080SHlKc3NTSHZKSUtNTGppeDhPeWJrdXo0MGdETThKTWgybVJsdHZCb2ZQcEZkeUtUMjNxQUp5Q1loWGpvNjZNVkNmZlRCQVEwUW9tX1c4dFZjTlNocXU0QUY3STRpZmlkS3pLLWpyR2F4V3pB?oc=5,富途牛牛,2026-05-29 14:36:13,True,bullish,,0,1,1.0,lexicon
c8ea3a8662cc,COST,Costco Stock Drops Despite Earnings Beat: Is It Time to Buy? - Zacks Investment Research,https://news.google.com/rss/articles/CBMioAFBVV95cUxQQUYyQUdKT21hOVo2R0VKNXVhVWxneHplUTNRbjN6Q01oeUhhb3NqcnJOb21Xak5KbjFjWjF1MXJLTVN2WEpGOHh5MFhwWGhQRkw3VnpGbjdLM1F2MktVc2xKS3JzQU9UUy1jbDJVRUtXUTRtbTByemJwaEtCV0QyR1NJT1dMZy11RFdDc01kZUlaOGUzcEF4M3NtRjVuWnI5?oc=5,Zacks Investment Research,2026-05-29 14:31:07,True,neutral,,0,0,0.0,lexicon
cf149b236a95,F,Ford Stock Set for Best Month Since 2009 Financial Crisis - Transport Topics,https://news.google.com/rss/articles/CBMiaEFVX3lxTE5aaERDSkpkb0hTeXlIWEhWNGtra2xUZkVmUHBUUVFxRi1jemZaVUlSektISXFqdDVEZ3NuTGJKajJETjJaWmJBck5hdDFmNlhpdDVvbnZHeUNCbHg4ZVZrMjFSdkpUcmho?oc=5,Transport Topics,2026-05-29 14:29:00,True,neutral,,0,0,0.0,lexicon
e3dcc28997cc,BLK,BlackRock Scales Back Equities After ‘Generational’ Earnings - Bloomberg.com,https://news.google.com/rss/articles/CBMirgFBVV95cUxOcC1SUnRNTUdxN0JYaEUzT2pvb08xVHFvYVRQQVVSa0cxdUtvc1pZVnBJY3M1c0NObmtDcEhaYjRvZXNnWF9JSUVCa1lON0Z5ODh1V05zdlBlT3RVWkpUbHBhY0tKT0taMTVfcWlhbU1ZUWVSUXVFejN4b1JqSGd5ZTBKWEdYU0p6NTVIcGV5UVR0eXhlc1lJUkxFdmlIbmx6TDZKb0VLVVc5YnJoQVE?oc=5,Bloomberg.com,2026-05-29 14:28:23,True,neutral,,0,0,0.0,lexicon
d4d380065d1b,BLK,BlackRock Scales Back Equities After ‘Generational’ Earnings - Yahoo Finance,https://news.google.com/rss/articles/CBMirAFBVV95cUxNQWhwcTlyTkFLSGlpZWphUFZDU0hIaEstZUJFZS1ZUnpzUmk0ems0Q2UxWHVpNS1pMTBISUhNMjNlamd0cllPUTZzdnpJWF8yY1JqaExBU3lIRjZ0bmtfOGlXSVByYUc3UVpIOFl0NUpLYWdmSjd3ZEk4SHU4X2hMNjlnYXl6dDlLWmJUWVR5OXdYczJhX29SRFM1NnFUTXQ4bDRUWmZVbVBOam9S?oc=5,Yahoo Finance,2026-05-29 14:28:23,True,neutral,,0,0,0.0,lexicon
f24085d02bf9,BLK,BlackRock Scales Back Equities After ‘Generational’ Earnings,https://finance.yahoo.com/markets/stocks/articles/blackrock-scales-back-equities-generational-142823320.html?.tsrc=rss,Yahoo,2026-05-29 14:28:23,True,neutral,,0,0,0.0,lexicon
73a67862ea3d,IBM,"Quantum Computing Stocks: Quantinuum IPO Valuation Versus IonQ, D-Wave",https://finance.yahoo.com/m/6b8e3921-700f-3264-add6-91ce76af15b7/quantum-computing-stocks%3A.html?.tsrc=rss,Yahoo,2026-05-29 14:28:18,True,neutral,,0,0,0.0,lexicon
b2c1b963bc68,AXP,Q1 Earnings Roundup: American Express Global Business Travel (NYSE:GBTG) And The Rest Of The Finance and HR Software Segment - Yahoo Finance,https://news.google.com/rss/articles/CBMiowFBVV95cUxOd1ZpVGNhSjI1MGNtdGEwSXlzOG00QndVZE81bmxFNFE1dnUxa0NkcTNfREVCU0R3dUVfUjFnbjBCRVdsQzQtdFlIZW56QVZMZ183MWNxZ1lPYS1zMnl3ZmlHS2otb2t6M1Q2eEJZemkxaXl3eHZrY0s0YTQtbzk0SmRuTUlxcVV4ZTZvYzYwa21qdk9iVDFCUkxzQXdZUWFOdHNV?oc=5,Yahoo Finance,2026-05-29 14:24:38,True,neutral,,0,0,0.0,lexicon
c1d60d4b94c7,DIS,Is Walt Disney Stock Underperforming the Nasdaq? - Barchart.com,https://news.google.com/rss/articles/CBMilgFBVV95cUxQVW5yZVdFdFhhTTU2bnJ5bzU0U1R5VW1tZ3VQNS1FUEhQTmxoMGZUZ1FYU1ZiajFVbmliTFB0N0cwUE5kVDJHWTg1ekdMVXVZRWE4N3BtZGlKTGg1ZzB2WW5jN1ZtSmZzeGJ2Vk1abXNOU3h0WVo4Z0Zia250NlBmR1dZU2VEY3REZ0E4azY4aUUtaTJza1E?oc=5,Barchart.com,2026-05-29 14:24:17,True,neutral,,0,0,0.0,lexicon
2bebb7d572f0,DIS,Is Walt Disney Stock Underperforming the Nasdaq?,https://www.barchart.com/story/news/2201653/is-walt-disney-stock-underperforming-the-nasdaq?.tsrc=rss,Yahoo,2026-05-29 14:24:17,True,neutral,,0,0,0.0,lexicon
3a0b60ad4174,MS,MongoDB climbs after first-quarter beat and stronger full-year guidance (MDB),https://investorshub.advfn.com/market-news/article/29309/mongodb-climbs-after-first-quarter-beat-and-stronger-full-year-guidance-mdb?.tsrc=rss,Yahoo,2026-05-29 14:23:52,True,bullish,,0,1,1.0,lexicon
09783f04d8f9,LLY,Lilly Reopens Zepbound Access For 10 Million US Patients,https://finance.yahoo.com/sectors/healthcare/articles/lilly-reopens-zepbound-access-10-142216007.html?.tsrc=rss,Yahoo,2026-05-29 14:22:16,True,neutral,,0,0,0.0,lexicon
08e78edc20ba,UBER,Tesla Prepares To Use Cybercabs As Robotaxis. Here's How Big Its Fleet Is.,https://finance.yahoo.com/m/7bf3d4d9-10c9-3601-b348-7864fee82175/tesla-prepares-to-use.html?.tsrc=rss,Yahoo,2026-05-29 14:22:15,True,neutral,,0,0,0.0,lexicon
08686050031d,AMD,AMD Takes Quieter China Path,https://finance.yahoo.com/markets/stocks/articles/amd-takes-quieter-china-path-142209850.html?.tsrc=rss,Yahoo,2026-05-29 14:22:09,True,neutral,,0,0,0.0,lexicon
4e43089f7e50,TSLA,Tesla Prepares To Use Cybercabs As Robotaxis. Here's How Big Its Fleet Is. - Investor's Business Daily,https://news.google.com/rss/articles/CBMisAFBVV95cUxOWU41bmpVSm9CbnRvbV84UzJUeC03b0dtVW9JWDd0TGRKOEM3ekY2UW00c2REcmRCX1dtUHFmNlFFd0Nka0V4SmluVzAyM29yaEhWakJab0RZUkFJN2M5N0cxeC1obHIxX1BOX3kyVnRFSlUxVnZVOHVveHRFd0pkMHJmNG9SdHZDc2Rad0REcGVUZTRBYzc1M1Q1WF9weTFRRUR6MmdGeENOTjUyTUNtZA?oc=5,Investor's Business Daily,2026-05-29 14:22:00,True,neutral,,0,0,0.0,lexicon
62fa96e29d93,UBER,Tesla Stock Fans Just Got Worrying News From Texas,https://finance.yahoo.com/markets/stocks/articles/tesla-stock-fans-just-got-142148114.html?.tsrc=rss,Yahoo,2026-05-29 14:21:48,True,neutral,,0,0,0.0,lexicon
cbf4087841ff,UNH,UnitedHealth Cuts Pediatric Prior Authorizations,https://finance.yahoo.com/sectors/healthcare/articles/unitedhealth-cuts-pediatric-prior-authorizations-142141445.html?.tsrc=rss,Yahoo,2026-05-29 14:21:41,True,bearish,,0,-1,-1.0,lexicon
d8a4ef77d663,MS,RealTek sees mixed demand trends as second-half visibility remains limited (RLTQY),https://investorshub.advfn.com/market-news/article/29305/realtek-sees-mixed-demand-trends-as-second-half-visibility-remains-limited-rltqy?.tsrc=rss,Yahoo,2026-05-29 14:21:31,True,neutral,,0,0,0.0,lexicon
751fc73f69f0,ADBE,How Is Adobe's Stock Performance Compared to Other Tech-Software Stocks? - Yahoo Finance,https://news.google.com/rss/articles/CBMipwFBVV95cUxQZjBLY214UThtcF9aOXBySHlNb0VKOGFsSFB5UWtKbE01WmtlaU1KRGQ2SFhqdmU1UlhjZXpDUUZrN1huMmllZm95djFNYWdwZy1QNjJ2aEJEamtwU2VQY1hQVkg3UDVVWUxrOExyTS1RS21vaE9FcmdhWFA5eE9KWmVjMkpNWkNVMlpuTU9wZGZWNjc4bWpwRDY2OXI1UVVGbng0aExzWQ?oc=5,Yahoo Finance,2026-05-29 14:20:32,True,neutral,,0,0,0.0,lexicon
b21edc0603bb,ADBE,How Is Adobe's Stock Performance Compared to Other Tech-Software Stocks?,https://www.barchart.com/story/news/2201567/how-is-adobe-s-stock-performance-compared-to-other-tech-software-stocks?.tsrc=rss,Yahoo,2026-05-29 14:20:32,True,neutral,,0,0,0.0,lexicon
3b7bb3fc3642,NVDA,Forget Nvidia! This Under-the-Radar Supercharged Growth Stock is a Much Smarter Buy for 2026 - 24/7 Wall St.,https://news.google.com/rss/articles/CBMi0AFBVV95cUxNSmVuR08zdmQ3TmN6bzZUMU1lb1dhOVozMFJER05PQmZ4SnNCTUpITXl6b2RoOXozNlhtZ1JrU0N6c3ZXYjRfc2QwVXFUODRXMVoyaG5hb2lVYm1kU0IzWUJRelB5ZGNOM3VuMGRQY0phaXdhcnkxVWJjaHFxaUMyOTdBbUdEMnJ6SW05TFJ1ZG8tRGtWNXVYUEFaelBlaTMtaVI3RlpWUndoNmF6Q1V0b2dUM0x6RWpHVEJWS2JHWmVQTTJDdFZzdTJSM1FtaXBp?oc=5,24/7 Wall St.,2026-05-29 14:20:28,True,bullish,,0,1,1.0,lexicon
3505d896f399,QCOM,Can CRUS' Audio Converter Launch Diversify Revenue Streams & Boost Sales?,https://finance.yahoo.com/markets/stocks/articles/crus-audio-converter-launch-diversify-142000607.html?.tsrc=rss,Yahoo,2026-05-29 14:20:00,True,bullish,,0,1,1.0,lexicon
cd071dbd8c6b,JPM,"Hershey Bull Sees World Cup, America 250 Lifting Sales",https://finance.yahoo.com/markets/stocks/articles/hershey-bull-sees-world-cup-141731161.html?.tsrc=rss,Yahoo,2026-05-29 14:17:31,True,neutral,,0,0,0.0,lexicon
13a1f2624123,IBM,Is Accenture Stock Underperforming the Dow?,https://www.barchart.com/story/news/2201469/is-accenture-stock-underperforming-the-dow?.tsrc=rss,Yahoo,2026-05-29 14:15:52,True,neutral,,0,0,0.0,lexicon
133eace0bb74,ORCL,Oracle Corp Stock (ORCL) Moved Up by 6.39% on May 29: Facts Behind the Movement - TradingKey,https://news.google.com/rss/articles/CBMiiwFBVV95cUxNWTZ5X2VBODlxSzktMTVkeUpsUUNlNkJsb1NhaVFNSi1jcDRzSFpRQjJoWllDUUxCMmZWemRwUGF6UndLVFJuV3lZVTBudC1fRlA2eUs0MXNucTJSUEJSbVlCajNXVEFSUEZVU2YzTkhvMVJGYXRkc0tqU2ZYd0JTZGhsRklBY3FmaTBN?oc=5,TradingKey,2026-05-29 14:15:23,True,neutral,,0,0,0.0,lexicon
fc13de4e8af3,COST,Costco Q3 Earnings Beat on Strong Membership and Digital Growth,https://finance.yahoo.com/markets/stocks/articles/costco-q3-earnings-beat-strong-141500358.html?.tsrc=rss,Yahoo,2026-05-29 14:15:00,True,bullish,,0,3,3.0,lexicon
ac0c615cdfa6,AVGO,Market Minute 5-29-26- Dell Soars as AI Party Keeps Raging,https://finance.yahoo.com/markets/stocks/articles/market-minute-5-29-26-141500285.html?.tsrc=rss,Yahoo,2026-05-29 14:15:00,True,bullish,,0,1,1.0,lexicon
fd868e2dc5a4,ORCL,Buy Or Sell Microsoft Stock At $425?,https://www.trefis.com/articles/600803/buy-or-sell-microsoft-stock-at-425/2026-05-29?.tsrc=rss,Yahoo,2026-05-29 14:14:42,True,neutral,,0,0,0.0,lexicon
30f912111116,MSFT,Buy Or Sell Microsoft Stock At $425? - Trefis,https://news.google.com/rss/articles/CBMimwFBVV95cUxOZ3pTd0VLNVFFeUExS1p5TGsxWVphM1dDWTVIVU1WOGpnRVFYazVkVV8xTVRLTktULWhmY3VaYzAtUm1xRDdkamNUbWZxZHhXY2J1T094bUZZOEJrbk43X0ZuVjBIaFRHM2REeFFVQkFCUWg0QVpqUWdHNG5RSTg5Tlk5U19MVHh4TGdIdmYxeDBDQnRrOHRIeDlnSQ?oc=5,Trefis,2026-05-29 14:14:18,True,neutral,,0,0,0.0,lexicon
973f32d92b56,AVGO,The Chip Rally Has Gone Parabolic. It’s Time to Separate the Pillars From the Pretenders.,https://finance.yahoo.com/m/a7a5f8ca-cd6b-3fbc-91c5-ccca53a5eccb/the-chip-rally-has-gone.html?.tsrc=rss,Yahoo,2026-05-29 14:14:00,True,bullish,,0,1,1.0,lexicon
5eb7766fbdb4,AMD,The Chip Rally Has Gone Parabolic. It’s Time to Separate the Pillars From the Pretenders.,https://finance.yahoo.com/m/a7a5f8ca-cd6b-3fbc-91c5-ccca53a5eccb/the-chip-rally-has-gone.html?.tsrc=rss,Yahoo,2026-05-29 14:14:00,True,bullish,,0,1,1.0,lexicon
24fee473360a,MA,"If You'd Put $1,000 Into Mastercard Stock 20 Years Ago, Here's What You'd Have Today - Kiplinger",https://news.google.com/rss/articles/CBMikgFBVV95cUxNUzJ0cVBRVC1fc2hidWlUUDZud25sUGVaMWdJRTk4Q1ZWSkJLMmJ1ZlZ3ZlV1X2JsdHpUQ3JFVmdwbzMybXZ1UE5MdFljMjhnLVVXcmdwNko0UjhJLU5UUzU4X0U0Sm0tZXhYcFhoTnR5NUdJVm92c3pWYnZjNVlqN2xVLTRsUG5fMGxIaUd6UkZBZw?oc=5,Kiplinger,2026-05-29 14:13:12,True,neutral,,0,0,0.0,lexicon
e480e8d0176a,WMT,MAMA Stock: The One-Stop-Shop Deli Strategy Could Be a 2027 Theme,https://finance.yahoo.com/markets/stocks/articles/mama-stock-one-stop-shop-141300624.html?.tsrc=rss,Yahoo,2026-05-29 14:13:00,True,neutral,,0,0,0.0,lexicon
56ec9f19b2b5,CRM,How Is Salesforce's Stock Performance Compared to Other Technology Stocks?,https://www.barchart.com/story/news/2201439/how-is-salesforce-s-stock-performance-compared-to-other-technology-stocks?.tsrc=rss,Yahoo,2026-05-29 14:12:56,True,neutral,,0,0,0.0,lexicon
ecc86815fc48,CVX,"Chevron (NYSE: CVX) investors back board, reject ESG proposals - Stock Titan",https://news.google.com/rss/articles/CBMiogFBVV95cUxQS09FZVFtM2RlM2JuR0VuVDNDTXpmRzdsLWdqZHZFTFBwRzZaRXN5dmdlcG1nNGxpUVRxa0k1SENhbGxUZjZKal9ZNFh5djhtTHdJNDBFYXg3SUtTakh3REJjMm5UUGtwSW5EdDBvSnItX1UzSlE1MWZfcVgyVDFFZ1Y5c1NQdnpaV0tDWmx2NVZMZXFYUktsTmRhcG91cHNGQVE?oc=5,Stock Titan,2026-05-29 14:12:25,True,neutral,,0,0,0.0,lexicon
f665aaeb51b3,CSCO,Cisco Systems Stock: Is CSCO Outperforming the Technology Sector? - Barchart.com,https://news.google.com/rss/articles/CBMiqwFBVV95cUxQYlVvS0Y5NmdVWnZKbHk5MUVWRVpvMTVZZ1QyMzhicV9WRnBadEhKR19aaXJ3OElBcUdjS0VQOVJHWVVudlNXUXRMZkQ2MzhOUXVhRG0zTXQyRnZIRlJwcHpvdHJFYVEwR1FqY2hLNjNZNS05LWgyNEdTVmJCR1BHYXpxTl9XSW14X1JmZUpPV3lQNzIxR3Rka2txWnhrNTAzS3hwWV80YmJLY2s?oc=5,Barchart.com,2026-05-29 14:11:02,True,neutral,,0,0,0.0,lexicon
9c341a87f007,CSCO,Cisco Systems Stock: Is CSCO Outperforming the Technology Sector?,https://www.barchart.com/story/news/2201357/cisco-systems-stock-is-csco-outperforming-the-technology-sector?.tsrc=rss,Yahoo,2026-05-29 14:11:02,True,neutral,,0,0,0.0,lexicon
390b771e5892,CSCO,"This Tech Stock Joins Intel, Cisco Smashing Dot-Com Records",https://finance.yahoo.com/m/4089e90b-956c-38c5-87f1-61c285d231f8/this-tech-stock-joins-intel%2C.html?.tsrc=rss,Yahoo,2026-05-29 14:11:00,True,neutral,,0,0,0.0,lexicon
3e3791450b03,MRK,Can MRK's New Drugs & Pipeline Aid Long-Term Growth Post Keytruda LOE? - Yahoo! Finance Canada,https://news.google.com/rss/articles/CBMigwFBVV95cUxQS0N1cG9tbmRBODlQdHNIOVRPWlBtV0pLcm9ua2tXS0c3cXJyTHNlVzQxXzEwV3hCTXFKSmRIaUswUkdSUWt1cXNHRURqb3BXeVZnRGhGb2NsbXZUZ1ZzVzZPRy1uNVZ3X0dQam90c05TTTRiVDVaa0xNb0ZmSXpPeFdCNA?oc=5,Yahoo! Finance Canada,2026-05-29 14:10:00,True,bullish,,0,1,1.0,lexicon
dbb94636f4fa,MRK,Can MRK's New Drugs & Pipeline Aid Long-Term Growth Post Keytruda LOE?,https://finance.yahoo.com/sectors/healthcare/articles/mrks-drugs-pipeline-aid-long-141000265.html?.tsrc=rss,Yahoo,2026-05-29 14:10:00,True,bullish,,0,1,1.0,lexicon
ac51a68d473a,AVGO,Strong Q1 Says Marvell Is Becoming Broadcom's Most Credible Rival,https://www.trefis.com/articles/600750/strong-q1-says-marvell-is-becoming-broadcoms-most-credible-rival/2026-05-29?.tsrc=rss,Yahoo,2026-05-29 14:08:34,True,bullish,,0,1,1.0,lexicon
7acff134b301,AVGO,Strong Q1 Says Marvell Is Becoming Broadcom’s Most Credible Rival - Trefis,https://news.google.com/rss/articles/CBMiwwFBVV95cUxOaWRQR1VqR2dZVWloOW1kUmJMZElYU1poZ1A2Yjltc3hiN1pFR3daQWJSYWFua19wcGRqTXRqVmhJM3R0RklJREptR0VlZHhDNERKbUVuMFU3aTRBakF1aEQ0VzYtMWNDMFpqVHZ2bmtwd0pqaHBIZF81TzB4TGJDU0MybE11ZUlCOEtTQ28xR2pqbzdFQU5ndVZzWUxTaWJDNVAxdXhrM1AzYTQ4M0gxbVhlZkRXcXJpZGNNZ2dtUjkyaVU?oc=5,Trefis,2026-05-29 14:08:09,True,bullish,,0,1,1.0,lexicon
4fe1d860fcbf,BAC,Bank of America sends tough message on HP stock,https://www.thestreet.com/investing/stocks/bank-of-america-sends-tough-message-on-hp-stock?.tsrc=rss,Yahoo,2026-05-29 14:07:00,True,neutral,,0,0,0.0,lexicon
bd162e462403,ABBV,AbbVie (ABBV) Expands Venclyxto Label for Chronic Lymphocytic Le - GuruFocus,https://news.google.com/rss/articles/CBMiuAFBVV95cUxPT0J0ZGFISGxNRFk4UmUzVWIyWHRQeWdjVXZzRjcwblpZaU5hb2gxYmh2azNXdzlHVDdEbWh6Und6ek9kZFUza2dpS3A1Q3VnOURNM2pCQkpiVXd4bjRIR2dTNWJCM2dFYTVyQ3lUSkRBYTJpOG9lY3I5VlVISnlWUnVNbUtEaWk5cUVNOS1fT0MwS2V1QTFzXzNVd1F6Q0JyY3ZJYzVFdU15OExJUHZaZlhTOGFJYkhW?oc=5,GuruFocus,2026-05-29 14:06:12,True,bullish,,0,1,1.0,lexicon
c4dcdfd5aea6,ADBE,Stock Indexes Rally to Record Highs on Peace Deal Hopes and AI Spending,https://www.barchart.com/story/news/2201213/stock-indexes-rally-to-record-highs-on-peace-deal-hopes-and-ai-spending?.tsrc=rss,Yahoo,2026-05-29 14:05:45,True,bullish,,0,3,3.0,lexicon
012a297b8dee,ORCL,Stock Indexes Rally to Record Highs on Peace Deal Hopes and AI Spending,https://www.barchart.com/story/news/2201213/stock-indexes-rally-to-record-highs-on-peace-deal-hopes-and-ai-spending?.tsrc=rss,Yahoo,2026-05-29 14:05:45,True,bullish,,0,3,3.0,lexicon
bc723ed0272a,CRM,Stock Indexes Rally to Record Highs on Peace Deal Hopes and AI Spending,https://www.barchart.com/story/news/2201213/stock-indexes-rally-to-record-highs-on-peace-deal-hopes-and-ai-spending?.tsrc=rss,Yahoo,2026-05-29 14:05:45,True,bullish,,0,3,3.0,lexicon
d20d6bbc4e45,QCOM,Stock Indexes Rally to Record Highs on Peace Deal Hopes and AI Spending,https://www.barchart.com/story/news/2201213/stock-indexes-rally-to-record-highs-on-peace-deal-hopes-and-ai-spending?.tsrc=rss,Yahoo,2026-05-29 14:05:45,True,bullish,,0,3,3.0,lexicon
7a17faaf24f8,IBM,Stock Indexes Rally to Record Highs on Peace Deal Hopes and AI Spending,https://www.barchart.com/story/news/2201213/stock-indexes-rally-to-record-highs-on-peace-deal-hopes-and-ai-spending?.tsrc=rss,Yahoo,2026-05-29 14:05:45,True,bullish,,0,3,3.0,lexicon
5de466c14860,AVGO,Stock Indexes Rally to Record Highs on Peace Deal Hopes and AI Spending,https://www.barchart.com/story/news/2201213/stock-indexes-rally-to-record-highs-on-peace-deal-hopes-and-ai-spending?.tsrc=rss,Yahoo,2026-05-29 14:05:45,True,bullish,,0,3,3.0,lexicon
72b4b62319fb,WMT,"MAMA Stock: Buy, Hold, or Watch? A Risk-Reward Checklist",https://finance.yahoo.com/markets/stocks/articles/mama-stock-buy-hold-watch-140400798.html?.tsrc=rss,Yahoo,2026-05-29 14:04:00,True,neutral,,0,0,0.0,lexicon
748a3f3c845f,ABBV,VYM Climbs 26% In a Year While Its Core Dividend Payers Extend Their Streaks,https://247wallst.com/investing/2026/05/29/vym-climbs-26-in-a-year-while-its-core-dividend-payers-extend-their-streaks/?.tsrc=rss,Yahoo,2026-05-29 14:01:38,True,bullish,,0,1,1.0,lexicon
6f8db3fb2240,PG,VYM Climbs 26% In a Year While Its Core Dividend Payers Extend Their Streaks,https://247wallst.com/investing/2026/05/29/vym-climbs-26-in-a-year-while-its-core-dividend-payers-extend-their-streaks/?.tsrc=rss,Yahoo,2026-05-29 14:01:38,True,bullish,,0,1,1.0,lexicon
5bea26432bfe,XOM,VYM Climbs 26% In a Year While Its Core Dividend Payers Extend Their Streaks,https://247wallst.com/investing/2026/05/29/vym-climbs-26-in-a-year-while-its-core-dividend-payers-extend-their-streaks/?.tsrc=rss,Yahoo,2026-05-29 14:01:38,True,bullish,,0,1,1.0,lexicon
cfa5fe6bc6fa,JNJ,VYM Climbs 26% In a Year While Its Core Dividend Payers Extend Their Streaks,https://247wallst.com/investing/2026/05/29/vym-climbs-26-in-a-year-while-its-core-dividend-payers-extend-their-streaks/?.tsrc=rss,Yahoo,2026-05-29 14:01:38,True,bullish,,0,1,1.0,lexicon
5aa15ac095fc,KO,VYM Climbs 26% In a Year While Its Core Dividend Payers Extend Their Streaks,https://247wallst.com/investing/2026/05/29/vym-climbs-26-in-a-year-while-its-core-dividend-payers-extend-their-streaks/?.tsrc=rss,Yahoo,2026-05-29 14:01:38,True,bullish,,0,1,1.0,lexicon
1cd29154749f,BAC,DigitalOcean CFO joins fireside chat at Bank of America tech event - Stock Titan,https://news.google.com/rss/articles/CBMivAFBVV95cUxQekV1eGRpdGhtMUVMb0U3ZC1jRnJWbmdtNTVXb2F1Q21SUVZmeG15SjZvaWowZW9EY3BSTW8zNFVoQjJYa1J3VGsydFRVQllKaC1vNGpQQ2ZvcHBGbk9JVThjNWJkcFl3cGlmTzZBYjZJWFJwOU5DcnZVYy1YVC00bmV5cGJKUjBoWGZvUmpvY1lCeHo3VUNrTEpKa2p2SXNUaW9leHdTRW0tZUxuVWhBUUp4SlNYUFhQZ0ttMQ?oc=5,Stock Titan,2026-05-29 14:00:00,True,neutral,,0,0,0.0,lexicon
4b8e13cb0ee3,F,The AI Play Nobody Saw Coming -- and It Comes With a Lucrative Dividend,https://www.fool.com/investing/2026/05/29/ai-play-nobody-saw-coming-dividend-ford/?.tsrc=rss,Yahoo,2026-05-29 13:55:00,True,bullish,,0,1,1.0,lexicon
bf28c1238a26,MCD,Will Accelerating Store Openings Strengthen Dutch Bros' Growth Path?,https://finance.yahoo.com/markets/stocks/articles/accelerating-store-openings-strengthen-dutch-135100849.html?.tsrc=rss,Yahoo,2026-05-29 13:51:00,True,bullish,,0,1,1.0,lexicon
ca76e53cd21d,GM,GM Authorized $6 Billion in Buybacks. Will Ford Match the Move?,https://247wallst.com/investing/2026/05/29/gm-authorized-6-billion-in-buybacks-will-ford-match-the-move/?.tsrc=rss,Yahoo,2026-05-29 13:50:47,True,neutral,,0,0,0.0,lexicon
fbaae4412f1a,F,GM Authorized $6 Billion in Buybacks. Will Ford Match the Move?,https://247wallst.com/investing/2026/05/29/gm-authorized-6-billion-in-buybacks-will-ford-match-the-move/?.tsrc=rss,Yahoo,2026-05-29 13:50:47,True,neutral,,0,0,0.0,lexicon
c74b7ac909db,GM,GM Authorized $6 Billion in Buybacks. Will Ford Match the Move? - 24/7 Wall St.,https://news.google.com/rss/articles/CBMipwFBVV95cUxOejBSTV9nU1BBR0JVYzktcG81bnVVV29KZzFHbGxWSmd5dGlMR1JzT1cyVUJVSTRJdDZoa1FoanJXZVNDeVdBT3gzd0VpeDZaamd0c1Y2c3lwSzJydHdPMEVoNTkxek9RSFlqemU5dENkLUFWTWxha0pweHBCbm5RVWJ4SVBJOTNUTVh1YmxNTXJub1BCTmt2YmVUZFdxNmRUS2ViTkZMOA?oc=5,24/7 Wall St.,2026-05-29 13:50:47,True,neutral,,0,0,0.0,lexicon
a2adbe2a3d39,JPM,SpaceX Said to Cut IPO Value Goal to at Least $1.8 Trillion,https://finance.yahoo.com/markets/stocks/articles/spacex-lowers-ipo-valuation-target-012204740.html?.tsrc=rss,Yahoo,2026-05-29 13:47:45,True,bearish,,0,-1,-1.0,lexicon
3d4ca7fb09db,BAC,SpaceX Said to Cut IPO Value Goal to at Least $1.8 Trillion,https://finance.yahoo.com/markets/stocks/articles/spacex-lowers-ipo-valuation-target-012204740.html?.tsrc=rss,Yahoo,2026-05-29 13:47:45,True,bearish,,0,-1,-1.0,lexicon
4436859a610c,MS,SpaceX Said to Cut IPO Value Goal to at Least $1.8 Trillion,https://finance.yahoo.com/markets/stocks/articles/spacex-lowers-ipo-valuation-target-012204740.html?.tsrc=rss,Yahoo,2026-05-29 13:47:45,True,bearish,,0,-1,-1.0,lexicon
834262f7ceb2,GS,SpaceX Said to Cut IPO Value Goal to at Least $1.8 Trillion,https://finance.yahoo.com/markets/stocks/articles/spacex-lowers-ipo-valuation-target-012204740.html?.tsrc=rss,Yahoo,2026-05-29 13:47:45,True,bearish,,0,-1,-1.0,lexicon
10825cbed6c4,PFE,Pfizer Expands Oncology Pipeline in $10.5B Innovent Deal,https://finance.yahoo.com/sectors/healthcare/articles/pfizer-expands-oncology-pipeline-10-134548129.html?.tsrc=rss,Yahoo,2026-05-29 13:45:48,True,bullish,,0,2,2.0,lexicon
01902bde19da,PFE,These 10 large-cap U.S. stocks rank among the market's cheapest names (PFE:NYSE) - Seeking Alpha,https://news.google.com/rss/articles/CBMiqAFBVV95cUxNTHc2TGpIejF5Y1ZIeFhxOW9lZWYtdU9qWE9PbHRYMUlvTG9wMkxscXFhUHRZeUtMZ2NIeEY0NnBqSVp2Nk1acmhMZGdKOGx3a1JWazVxY2lIZGJJYTNPcUMwM216dXJNOVhTdnJTY1d3X05tMTV1MTdjbUZLRFgxVEdGeFVqcE5zamttZ0JsSFNwblBzRmdVd0lLVTViNDRoOExQY1BmeFQ?oc=5,Seeking Alpha,2026-05-29 13:45:26,True,neutral,,0,0,0.0,lexicon
4f6a22288d93,F,Why Ford Stock Reached a 3-Year High This Week - The Motley Fool,https://news.google.com/rss/articles/CBMikwFBVV95cUxORGVzYmlPdDRNaUV4d1hKc18yMENRR09pdElSZWtJM3VkR2FCS2ZQSlZYeWFnRDhRVDBxVlpaSDZfc1VpSTdmQjlEUVFMUGxkRFV5Sko5WUp0MTIyTVB0WHpDU0RPSzdILVRvNUFJUXpNMW95M3NJcTlEaGk2aUgxa2hhSUJyRVZwMm9uMFpMd3JxY0U?oc=5,The Motley Fool,2026-05-29 13:41:00,True,neutral,,0,0,0.0,lexicon
1474fd9402f9,WMT,Walmart Worth Less Than Anthropic,https://247wallst.com/investing/2026/05/29/walmart-worth-less-than-anthropic/?.tsrc=rss,Yahoo,2026-05-29 13:40:19,True,neutral,,0,0,0.0,lexicon
0c644e952bb1,CRM,AI server sales push Dell stock to new heights: Earnings takeaways,https://finance.yahoo.com/video/ai-server-sales-push-dell-133827549.html?.tsrc=rss,Yahoo,2026-05-29 13:38:27,True,neutral,,0,0,0.0,lexicon
aed36a5a4889,ABBV,AbbVie Stock: Is ABBV Outperforming the Healthcare Sector? - Yahoo Finance,https://news.google.com/rss/articles/CBMiqwFBVV95cUxQM2ptSlZEX0RUWlprX2plUmUtaEhkZjVrVGlwQk42QkhJV1dacHQyclFKeTJEMGxIS2tIQVhQZi14SzZrM3ZjTzJiQjloZER5dFVMaHU2bmFKdlA1ajFMbUZTSGRqN0ZrRXVaZnA2VlVidGE1anduYnliTzRacmpMbjFpNHZXZHprMGF1bUxmcjIzamFMVmRBQ2VOQzZuY18xSm8tcEc3RzFlQVk?oc=5,Yahoo Finance,2026-05-29 13:33:18,True,neutral,,0,0,0.0,lexicon
6c44f1e61dff,ORCL,OpenAI Needs 1.4 Gigawatts of Power. It Called a Michigan Utility Nobody’s Ever Heard Of. That Stock Could Beat the Nasdaq,https://247wallst.com/investing/2026/05/29/openai-needs-1-4-gigawatts-of-power-it-called-a-michigan-utility-nobodys-ever-heard-of-that-stock-could-beat-the-nasdaq/?.tsrc=rss,Yahoo,2026-05-29 13:30:59,True,bullish,,0,1,1.0,lexicon
310ec45a6a49,ORCL,Concerns Over Debt Weigh on Oracle (ORCL) Amid AI Data Center Expansion,https://finance.yahoo.com/markets/stocks/articles/concerns-over-debt-weigh-oracle-132925618.html?.tsrc=rss,Yahoo,2026-05-29 13:29:25,True,bullish,,0,1,1.0,lexicon
e7228bf79f81,CVX,"Exxon warns oil inventories near record lows, price spike ahead",https://qz.com/exxon-oil-inventory-record-low-price-spike-052926?.tsrc=rss,Yahoo,2026-05-29 13:27:43,True,neutral,,0,0,0.0,lexicon
18882f929297,XOM,"Exxon warns oil inventories near record lows, price spike ahead",https://qz.com/exxon-oil-inventory-record-low-price-spike-052926?.tsrc=rss,Yahoo,2026-05-29 13:27:43,True,neutral,,0,0,0.0,lexicon
c3d4f874e127,AVGO,"TSM vs Broadcom: Both Nearing 52-Week High, Only One is a Buy - 24/7 Wall St.",https://news.google.com/rss/articles/CBMipgFBVV95cUxOVEVyc2szd2NCRy01REJ3VC1MZmVnWHdMWjU2RHNhNnpldF9mT0J3YnphamxmdzZiOURjdkMtZkJKcXlVMzBmRXZhSHp6Yjh0NHRORUZlMUU5eExpaHlyZFMxM21tZ285SXVBS1Q3Y0s5Y2FmUml6QUJDbFRCeW1mNUg1cFZsaUk3WThhMkdudUNhQTc4SlVUQ0c5OXhCbzB1UVJhOEZ3?oc=5,24/7 Wall St.,2026-05-29 13:27:01,True,neutral,,0,0,0.0,lexicon
1c0cc5e6dbe1,CVX,Sector Update: Energy Stocks Decline Premarket Friday,https://finance.yahoo.com/sectors/energy/articles/sector-energy-stocks-decline-premarket-132414900.html?.tsrc=rss,Yahoo,2026-05-29 13:24:14,True,bearish,,0,-1,-1.0,lexicon
f02b3495d7e9,UBER,"Uber wants to answer the hotel industry’s most asked question. Now it’s integrating into 15,000 hotels globally",https://finance.yahoo.com/sectors/technology/articles/uber-wants-answer-hotel-industry-132358858.html?.tsrc=rss,Yahoo,2026-05-29 13:23:58,True,neutral,,0,0,0.0,lexicon
287a4c39d368,MA,"SoFi Technologies Surges 12% on Stablecoin Launch; Robinhood, Upstart Extend Fintech Bounce",https://247wallst.com/investing/2026/05/29/sofi-technologies-surges-12-on-stablecoin-launch-robinhood-upstart-extend-fintech-bounce/?.tsrc=rss,Yahoo,2026-05-29 13:23:19,True,bullish,,0,1,1.0,lexicon
dac786bdb746,QCOM,Apple’s In-House Modem Chips Threaten Qualcomm’s (QCOM) Major Customer Base.,https://finance.yahoo.com/markets/stocks/articles/apple-house-modem-chips-threaten-132313888.html?.tsrc=rss,Yahoo,2026-05-29 13:23:13,True,neutral,,0,0,0.0,lexicon
e9aa452881be,TMO,Thermo Fisher (TMO) Surges 6.8%: Is This an Indication of Further Gains? - Yahoo Finance,https://news.google.com/rss/articles/CBMilgFBVV95cUxQNVEyTTduNjhESmQtZTFteldUQXZpdVRsRWZqaHJ3bEtaTElUSTZaVWNNNlBmQk9Pc3RuMkNxVXJYNmdSNmJiVDJvX3NPZkhEaHN4b0ZNaE4yWTNMRmgxZ3NoMkVhQlhXYW5GQktPc0cyLU0wYlpmNmplTnJVdVRzb0tYNDRaNXFfeHh1QjZIWkh5U2N2X1E?oc=5,Yahoo Finance,2026-05-29 13:23:00,True,bullish,,0,2,2.0,lexicon
582e89083361,TMO,Thermo Fisher (TMO) Surges 6.8%: Is This an Indication of Further Gains?,https://finance.yahoo.com/markets/stocks/articles/thermo-fisher-tmo-surges-6-132300609.html?.tsrc=rss,Yahoo,2026-05-29 13:23:00,True,bullish,,0,2,2.0,lexicon
c2dfea639a6a,PFE,Healthcare ETFs to Buy as Eli Lily Steps Into Vaccine Market With $4B Bet,https://finance.yahoo.com/sectors/healthcare/articles/healthcare-etfs-buy-eli-lily-132200444.html?.tsrc=rss,Yahoo,2026-05-29 13:22:00,True,neutral,,0,0,0.0,lexicon
2649c01835cd,LLY,Healthcare ETFs to Buy as Eli Lily Steps Into Vaccine Market With $4B Bet,https://finance.yahoo.com/sectors/healthcare/articles/healthcare-etfs-buy-eli-lily-132200444.html?.tsrc=rss,Yahoo,2026-05-29 13:22:00,True,neutral,,0,0,0.0,lexicon
4e13e7afebb1,CVX,"Chevron CEO Wirth on Oil Prices, Strait of Hormuz, Venezuela",https://finance.yahoo.com/video/chevron-ceo-wirth-oil-prices-132145412.html?.tsrc=rss,Yahoo,2026-05-29 13:21:45,True,neutral,,0,0,0.0,lexicon
b7e069c3d7dc,LLY,"Stock Market News for May 29, 2026",https://finance.yahoo.com/markets/stocks/articles/stock-market-news-may-29-132100817.html?.tsrc=rss,Yahoo,2026-05-29 13:21:00,True,neutral,,0,0,0.0,lexicon
1e483bf72b47,UBER,Uber’s finance team overtaken by engineering in AI use,https://www.cfodive.com/news/ubers-finance-team-overtaken-engineering-ai-use/821513/?.tsrc=rss,Yahoo,2026-05-29 13:17:39,True,neutral,,0,0,0.0,lexicon
d629ebd52f91,TMO,Is QGEN Stock a Hold After the 2026 Outlook Cut and Q1 Miss?,https://finance.yahoo.com/markets/stocks/articles/qgen-stock-hold-2026-outlook-131600293.html?.tsrc=rss,Yahoo,2026-05-29 13:16:00,True,bearish,,0,-2,-2.0,lexicon
97dec6dfab04,GS,Equity Data Science (EDS) Appoints Sebastian Lonza as Chief Revenue Officer to Accelerate Growth Across Institutional Markets,https://finance.yahoo.com/markets/stocks/articles/equity-data-science-eds-appoints-131500490.html?.tsrc=rss,Yahoo,2026-05-29 13:15:00,True,bullish,,0,1,1.0,lexicon
e641183da614,ORCL,Hunting for Alpha: Time to Play the AI Software Surge Through These ETFs,https://finance.yahoo.com/markets/stocks/articles/hunting-alpha-time-play-ai-131400439.html?.tsrc=rss,Yahoo,2026-05-29 13:14:00,True,bullish,,0,1,1.0,lexicon
b2fa7e01a181,CVX,Chevron (NYSE: CVX) Chief Legal Officer to retire in 2027 - Stock Titan,https://news.google.com/rss/articles/CBMiogFBVV95cUxQM0lpanRZMXZIWTIyT0lpSURLTm1PbEcxVzRaOTI4VklhTTBCRmFSUUF1M1VPM0lib09kRFYtc0tjTmZFUHNyb2paTmU0UjFhYXNRZDNyYVNwY3FuSEw3MTRTOXVDTVZtaWpHSnp6Qk92ZnBVMlc1N25zT2VfUEJCS1Zfc2UwenQ2YnZjZXc1b19EeUVQVC12Ykk1R1FnMDhVcEE?oc=5,Stock Titan,2026-05-29 13:13:55,True,neutral,,0,0,0.0,lexicon
f9dc54037408,COP,Unpacking Q1 Earnings: ConocoPhillips (NYSE:COP) In The Context Of Other Diversified Upstream E&P Stocks,https://finance.yahoo.com/markets/stocks/articles/unpacking-q1-earnings-conocophillips-nyse-131238539.html?.tsrc=rss,Yahoo,2026-05-29 13:12:38,True,neutral,,0,0,0.0,lexicon
8cfb19c8d637,COP,Unpacking Q1 Earnings: ConocoPhillips (NYSE:COP) In The Context Of Other Diversified Upstream E&P Stocks - Yahoo Finance,https://news.google.com/rss/articles/CBMiqgFBVV95cUxPVXdMUk9Nb2xpeHNGQko2ekRGRTQxbVlVRVByMEVEQjZzc1lXZjlIMll4dmV5azZwN3NJcTZYVTA3bXd0QWs1Qm9RMFduTW1YRUVHbm9PZ0FTb2NEY1BwcS1HOGNsVWVZeFRURVZTbEFrM2JyeV9BOTByd2ZGN1dOT1ZzZFA3WERqZGJjMXl4dGZ2Nm1VTTQwcVh1WDhrd2lmVzlXeHpwRndmdw?oc=5,Yahoo Finance,2026-05-29 13:12:38,True,neutral,,0,0,0.0,lexicon
65e817159357,CVX,Is Chevron Stock Outperforming the Dow? - Barchart.com,https://news.google.com/rss/articles/CBMiigFBVV95cUxOXzVxaUZrM1NPS05SODJTMjJPeFpFN1FsVmhSSjFPak5WM1ZET2YtcmlfbWpsQXBwM0xwRGNuc2xPRVQzVEdIS2FTdFdmUnc0eGVwQXV3YzdUbUV6TzVKcDBtMVBnMTZTNlBRdTMzZG9nVm1YWVVtbE9rRjVJR1RZZE5vRU5DbFZjcHc?oc=5,Barchart.com,2026-05-29 13:11:46,True,neutral,,0,0,0.0,lexicon
6fb30b554725,XOM,Is Chevron Stock Outperforming the Dow?,https://www.barchart.com/story/news/2199944/is-chevron-stock-outperforming-the-dow?.tsrc=rss,Yahoo,2026-05-29 13:11:46,True,neutral,,0,0,0.0,lexicon
ad82cb5511b0,CVX,Is Chevron Stock Outperforming the Dow?,https://www.barchart.com/story/news/2199944/is-chevron-stock-outperforming-the-dow?.tsrc=rss,Yahoo,2026-05-29 13:11:46,True,neutral,,0,0,0.0,lexicon
cd215b562eab,AMD,"Palantir at $136, AMD at $167: Buy, Sell or Hold?",https://247wallst.com/investing/2026/05/29/palantir-at-136-amd-at-167-buy-sell-or-hold/?.tsrc=rss,Yahoo,2026-05-29 13:10:35,True,neutral,,0,0,0.0,lexicon
21e10adfe8b4,F,Ford stock is powering up as the automaker dives into energy storage - Yahoo Finance,https://news.google.com/rss/articles/CBMizAFBVV95cUxPbFBOS1BtNWk3ZmFsTVVWSllHQ2stcjBTeFNKSEJ0eFRJWTZVZDgtdlhITTZMbFJ6aTRDU2ItamJLZWJoVEhabHlZdk42dnF0V1dKR0ZiWFNoYXRPWkMtcVNxQnNZSEZMSkRrVXVIZzZjOGk4UE5ybGZ4bUJTVnVteGpEd0R1MERjUzJnYlhiRElCXzdEX0R2XzdGTGpIUGdzYzFKTzNMY09MblZrNzlOREdrbS1Ncml3MFNzRlVfM0FRRThaY21LOEl3V3c?oc=5,Yahoo Finance,2026-05-29 13:10:29,True,neutral,,0,0,0.0,lexicon
3f46b9596c3f,GM,Ford stock is powering up as the automaker dives into energy storage,https://finance.yahoo.com/markets/stocks/article/ford-stock-is-powering-up-as-the-automaker-dives-into-energy-storage-131029139.html?.tsrc=rss,Yahoo,2026-05-29 13:10:29,True,neutral,,0,0,0.0,lexicon
6fe5eae3e3b4,F,Ford stock is powering up as the automaker dives into energy storage,https://finance.yahoo.com/markets/stocks/article/ford-stock-is-powering-up-as-the-automaker-dives-into-energy-storage-131029139.html?.tsrc=rss,Yahoo,2026-05-29 13:10:29,True,neutral,,0,0,0.0,lexicon
c67398df1b02,V,Trip.com’s AI Travel Push And New Global Partnerships Might Change The Case For Investing In Trip.com Group (TCOM),https://finance.yahoo.com/markets/stocks/articles/trip-com-ai-travel-push-130927273.html?.tsrc=rss,Yahoo,2026-05-29 13:09:27,True,neutral,,0,0,0.0,lexicon
3fba6c472ca5,UNH,Here’s Why UnitedHealth (UNH) Slid in Q1 - Yahoo Finance,https://news.google.com/rss/articles/CBMimAFBVV95cUxORC1aT08xODRGN3VTTW11dC1heFhzSl92aWtTUk9yRVh3ZDhQTWpUNTZKSmJtNjhDU3NCcmJBdE5WSkgzRXRTNVVoX2hSMy1pNGFHaFN0Vkt3Ty14OFhCUzl4dU4tZ0hnWHU2MmFCUGtEaTlsSG01V19SUGUxQ2J4NkhkWWk2STJrTUFORy1MRVZEZnVBdkM3Yg?oc=5,Yahoo Finance,2026-05-29 13:06:49,True,neutral,,0,0,0.0,lexicon
2ce37b999257,UNH,Here’s Why UnitedHealth (UNH) Slid in Q1,https://finance.yahoo.com/markets/stocks/articles/why-unitedhealth-unh-slid-q1-130649391.html?.tsrc=rss,Yahoo,2026-05-29 13:06:49,True,neutral,,0,0,0.0,lexicon
6ca6e714890f,AMD,Acer Expands Lineup of Aspire AI Copilot+ PCs With New Laptops and All-in-Ones,https://finance.yahoo.com/sectors/technology/articles/acer-expands-lineup-aspire-ai-130500733.html?.tsrc=rss,Yahoo,2026-05-29 13:05:00,True,bullish,,0,1,1.0,lexicon
d1355aafe565,COST,Costco’s Premium Valuation Makes More Sense Than You Think - Trefis,https://news.google.com/rss/articles/CBMiugFBVV95cUxOdllQOHVnTTZVdzM1WmNPZlpxdlpQbFhubVprUl8ya3JXNjFMdGR1N1ZEQVozV1cyMFhpRTAyS1pMaWdkRUlMMVVGTG1ZSVY4dlFuaGNKSDVKbEJJNHpXeWY5NG1TcEdCSWNLZDJ3UktmZEtJenpxS0VjWXUyeUVYVS15YkxVdUJETm1Zc2ZEMEJjR2R6ZzdsU1MzUlJXZm1xd0pXd0RNUVlBYS1lbkd5N1hYWm91N1h6Nnc?oc=5,Trefis,2026-05-29 13:03:29,True,neutral,,0,0,0.0,lexicon
daa71417154c,BA,"Tema ETFs launches $NASA, the first pure-play space fund with SpaceX exposure",https://finance.yahoo.com/video/tema-etfs-launches-nasa-first-130243134.html?.tsrc=rss,Yahoo,2026-05-29 13:02:43,True,neutral,,0,0,0.0,lexicon
463d73237c42,ADBE,Adobe (ADBE) is Future Proofing with AI Agents,https://finance.yahoo.com/markets/stocks/articles/adobe-adbe-future-proofing-ai-130228422.html?.tsrc=rss,Yahoo,2026-05-29 13:02:28,True,neutral,,0,0,0.0,lexicon
1fec3fb995c8,CVX,Supreme Court veteran Scott Keller to steer Chevron’s legal fights - Stock Titan,https://news.google.com/rss/articles/CBMihgFBVV95cUxQRkdvMVJibXBDaGhhMWJKZy1mT3M0cWlidjdtQU5iajBXOG5CNGNiNUFRSVR3MEE0ZjJ4X014OExvUGhCMl94RWxVMUtIcGNZajBOWkZYdS1vY0t2dUZRbEJ4Y0c2S1JqN21BbXp3ejJrTU5DUXd6UDBaSkJMZExhdFNJR1I2UQ?oc=5,Stock Titan,2026-05-29 13:02:05,True,neutral,,0,0,0.0,lexicon
e447b8a439ab,F,Why Ford Stock Reached a 3-Year High This Week,https://www.fool.com/investing/2026/05/29/why-ford-stock-reached-a-3-year-high-this-week/?.tsrc=rss,Yahoo,2026-05-29 13:01:47,True,neutral,,0,0,0.0,lexicon
b0486ee51707,V,Visa Inc. (V) is Attracting Investor Attention: Here is What You Should Know,https://finance.yahoo.com/markets/stocks/articles/visa-inc-v-attracting-investor-130006793.html?.tsrc=rss,Yahoo,2026-05-29 13:00:06,True,neutral,,0,0,0.0,lexicon
012cf1090a6a,CAT,Investors Heavily Search Caterpillar Inc. (CAT): Here is What You Need to Know,https://finance.yahoo.com/markets/stocks/articles/investors-heavily-search-caterpillar-inc-130006227.html?.tsrc=rss,Yahoo,2026-05-29 13:00:06,True,neutral,,0,0,0.0,lexicon
a6c3ecd5aec6,XOM,Here is What to Know Beyond Why Exxon Mobil Corporation (XOM) is a Trending Stock,https://finance.yahoo.com/markets/stocks/articles/know-beyond-why-exxon-mobil-130005393.html?.tsrc=rss,Yahoo,2026-05-29 13:00:05,True,neutral,,0,0,0.0,lexicon
1d973bb1a747,XOM,Here is What to Know Beyond Why Exxon Mobil Corporation (XOM) is a Trending Stock - Yahoo Finance,https://news.google.com/rss/articles/CBMilwFBVV95cUxPZHRXR2daeFFvOW1hUDMxeGp6YVdGUmN5R0VaYlFRdENydXNFOGJaZk80RWFwb1ZmNjVtMzlkWXVlZk1iQm16QUg1NnNYaklTWFIzS09BWm9XNW5PQlA3SGxZUnRYamJnY2xEU3I2dnlNcEFDck5jRnFQaldzOE54WVRiUHlBd09ONmt4OXE2dEhBRW1OdkNB?oc=5,Yahoo Finance,2026-05-29 13:00:05,True,neutral,,0,0,0.0,lexicon
36e846e219bc,CVX,Chevron Corporation (CVX) is Attracting Investor Attention: Here is What You Should Know - Yahoo Finance,https://news.google.com/rss/articles/CBMirAFBVV95cUxQcGRUQnNybEJyaE95SUFTU0NoYmxuOEEzR3ZILXpaR091bzZ1ajNfaXdoUk9FbmJaWjJtWnRtNmF4WHpOMG5jUkd6LUJ1UElsa0VQa1pUajAyODBhNGwxaURvb3pmQ2RxcTFSbXlNTmFUOFlrLThIbEZaNU9tMVhkLVE5YjBxOWpSVVN5OU9scGNWWlRkelRkOG1ESXg4eFRTdWJxQWJab2x6QWVS?oc=5,Yahoo Finance,2026-05-29 13:00:05,True,neutral,,0,0,0.0,lexicon
de92acbf5ca6,CVX,Chevron Corporation (CVX) is Attracting Investor Attention: Here is What You Should Know,https://finance.yahoo.com/markets/stocks/articles/chevron-corporation-cvx-attracting-investor-130005333.html?.tsrc=rss,Yahoo,2026-05-29 13:00:05,True,neutral,,0,0,0.0,lexicon
f3ebe938ca3b,GM,Investors Heavily Search General Motors Company (GM): Here is What You Need to Know,https://finance.yahoo.com/markets/stocks/articles/investors-heavily-search-general-motors-130003705.html?.tsrc=rss,Yahoo,2026-05-29 13:00:03,True,neutral,,0,0,0.0,lexicon
79406a766f82,CVX,Chevron Names New General Counsel,https://finance.yahoo.com/sectors/energy/articles/chevron-names-general-counsel-130000350.html?.tsrc=rss,Yahoo,2026-05-29 13:00:00,True,neutral,,0,0,0.0,lexicon
85a8a3d55d0c,BAC,Bank of America Deepens Support for the Arts in Canada,https://finance.yahoo.com/sectors/technology/articles/bank-america-deepens-support-arts-130000701.html?.tsrc=rss,Yahoo,2026-05-29 13:00:00,True,neutral,,0,0,0.0,lexicon
50d0230ed13a,JNJ,"4 stocks to watch on Friday: JNJ, UNH, COST, and ADSK - Seeking Alpha",https://news.google.com/rss/articles/CBMiiwFBVV95cUxPNm8yTmNERXRJN2tHREJHX2JBZnJ1NkFrSWhXTk81c0ZBUE9IblA2dXhYa2hLZHZLSkpwX3hyVWp0RmFVSVI3WGJ1S1VibFIzUnNIT1lzQkRmX3FzZllKaDNnYXpBLS1oVUhlMEtiU0JTOGFnYzd5T2VHTG1tR3NWYUxKc1Vld1B3Z3dF?oc=5,Seeking Alpha,2026-05-29 12:59:44,True,neutral,,0,0,0.0,lexicon
44ec58383d65,CRM,POSSIBLE: Salesforce Exec John Zissimos on its MrBeast Big Game Brand Moment,https://finance.yahoo.com/video/possible-salesforce-exec-john-zissimos-125729174.html?.tsrc=rss,Yahoo,2026-05-29 12:57:29,True,neutral,,0,0,0.0,lexicon
4d898f5ac149,BAC,Is Bank of America Stock Underperforming the Nasdaq? - Barchart.com,https://news.google.com/rss/articles/CBMimwFBVV95cUxOc2Z6aktGZ0FXdXZ4cWIyeVdtVm1HWXBXYnh2emY0Qm9kR0pKaV9WRTBZTkhUWWpNYURnN2FaMXVZQ2ZIeW1iMnR0ZW9YNEdpbEhLaFRJRVhVbWZZV3RRbmxDQ25Yd2pkWEpHSnpNLWNQdjB1eEg3bUxJYzZ0NEVTd0xZQ1gyQ2FMVGVReWtzbWt3Yzk5S2s3SFFIMA?oc=5,Barchart.com,2026-05-29 12:56:51,True,neutral,,0,0,0.0,lexicon
94aefc57bcb3,CVX,Update: Market Chatter: Chevron's Tengiz Oilfield Output Drops After Accident,https://finance.yahoo.com/sectors/energy/articles/market-chatter-chevron-apos-tengiz-125109156.html?.tsrc=rss,Yahoo,2026-05-29 12:51:09,True,bearish,,0,-1,-1.0,lexicon
aa555c7492ad,XOM,Update: Market Chatter: Chevron's Tengiz Oilfield Output Drops After Accident,https://finance.yahoo.com/sectors/energy/articles/market-chatter-chevron-apos-tengiz-125109156.html?.tsrc=rss,Yahoo,2026-05-29 12:51:09,True,bearish,,0,-1,-1.0,lexicon
3764bd5203ab,QCOM,LG Electronics stock surges on Google-powered car software,https://qz.com/lg-electronics-stock-google-android-automotive-in-car-software-052926?.tsrc=rss,Yahoo,2026-05-29 12:51:06,True,bullish,,0,1,1.0,lexicon
e0e307f66903,CVX,Chevron moves into Greek offshore gas exploration as Europe's energy focus shifts east,https://www.euronews.com/2026/05/29/chevron-moves-into-greek-offshore-gas-exploration-as-europes-energy-focus-shifts-east?utm_source=yahoo&utm_campaign=feeds_business_articles_2024&utm_medium=referral&.tsrc=rss,Yahoo,2026-05-29 12:51:05,True,neutral,,0,0,0.0,lexicon
884335b68dc7,IBM,Tentative US-Iran Ceasefire Extension Agreement Nudges US Equity Futures Higher Pre-Bell,https://finance.yahoo.com/markets/stocks/articles/tentative-us-iran-ceasefire-extension-125050978.html?.tsrc=rss,Yahoo,2026-05-29 12:50:50,True,neutral,,0,0,0.0,lexicon
6c26f3257895,NFLX,"If Spider-Man Wins 2026’s Box Office Crown, These Stocks Win Too",https://247wallst.com/investing/2026/05/29/if-spider-man-wins-2026s-box-office-crown-these-stocks-win-too/?.tsrc=rss,Yahoo,2026-05-29 12:50:03,True,bullish,,0,2,2.0,lexicon
d423cba0d28d,DIS,"If Spider-Man Wins 2026’s Box Office Crown, These Stocks Win Too",https://247wallst.com/investing/2026/05/29/if-spider-man-wins-2026s-box-office-crown-these-stocks-win-too/?.tsrc=rss,Yahoo,2026-05-29 12:50:03,True,bullish,,0,2,2.0,lexicon
154229db5b13,XOM,Occidental Petroleum is Making a High Upside Bet With ExxonMobil. Here's What it Could Mean for Investors.,https://www.fool.com/investing/2026/05/29/occidental-petroleum-is-making-a-high-upside-bet-w/?.tsrc=rss,Yahoo,2026-05-29 12:50:00,True,neutral,,0,0,0.0,lexicon
9ab074b24bde,F,Larry Kudlow: The ‘Trumpian Economy’ Is Booming Despite the Gas Price Noise,https://247wallst.com/investing/2026/05/29/larry-kudlow-the-trumpian-economy-is-booming-despite-the-gas-price-noise/?.tsrc=rss,Yahoo,2026-05-29 12:45:35,True,neutral,,0,0,0.0,lexicon
edfb7d66016b,GE,Larry Kudlow: The ‘Trumpian Economy’ Is Booming Despite the Gas Price Noise,https://247wallst.com/investing/2026/05/29/larry-kudlow-the-trumpian-economy-is-booming-despite-the-gas-price-noise/?.tsrc=rss,Yahoo,2026-05-29 12:45:35,True,neutral,,0,0,0.0,lexicon
b119e4bc920a,QCOM,5 Stocks With Real Revenue From Physical AI Today (Not 2030 Promises),https://247wallst.com/investing/2026/05/29/5-stocks-with-real-revenue-from-physical-ai-today-not-2030-promises/?.tsrc=rss,Yahoo,2026-05-29 12:43:26,True,neutral,,0,0,0.0,lexicon
adb52a7a1c73,BRK-B,Why Berkshire Hathaway Is Now My Favorite Stock for 2026 and Beyond - Yahoo Finance,https://news.google.com/rss/articles/CBMiogFBVV95cUxOSUR6Q0w4RjZ0Y3JmZE9RSXZ5clc5S3hVWmdQUHpFak1zcEp4YjV1STlTdFpBTzhLYWEwUWp1X05NOUVQWk5oN0ZBM3RxamFOc2ZMQkVEb2gzTDhRTWgyajFVWWltMzFsMzNmZG1aWm9Uc3ZpSk4tRVA2dVlrejRIZG5UNWRQR09qUnVsQUN4Qm43emFyYnJ0T3BGZTFHLVFBYUE?oc=5,Yahoo Finance,2026-05-29 12:40:31,True,neutral,,0,0,0.0,lexicon
944661ccf4e9,BRK-B,Why Berkshire Hathaway Is Now My Favorite Stock for 2026 and Beyond - 24/7 Wall St.,https://news.google.com/rss/articles/CBMisAFBVV95cUxPQ2tPOW1maEFlVzFoTFl5NnhXZUt0WmE0cHFPeVp6SW90djRTVmQ0YkFrcXFTb0p6VVhjMnNMQ1dSdDlGdXQxOVJUbDdRUlJLbFNUQ2tSQkRuMUdveXR4VW5qNmtDTGdPQllXc0RxOUc1SVJPa1ZMNWt0Z1Z6VlVUb0xyaGpkLW1vZDBPZXR1Y0JOV3RRQ216UVhKS3NDbFlKblVkZ21wMWlkNFNra2xUNQ?oc=5,24/7 Wall St.,2026-05-29 12:40:31,True,neutral,,0,0,0.0,lexicon
d2b822b996de,BRK-B,Why Berkshire Hathaway Is Now My Favorite Stock for 2026 and Beyond,https://247wallst.com/investing/2026/05/29/why-berkshire-hathaway-is-now-my-favorite-stock-for-2026-and-beyond/?.tsrc=rss,Yahoo,2026-05-29 12:40:31,True,neutral,,0,0,0.0,lexicon
156c9652b3b7,GS,GS Expects Record Global M&A in 2026: Will This Boost Its IB Business? - Yahoo Finance,https://news.google.com/rss/articles/CBMilgFBVV95cUxNM1BPODE2MG90VUl4a0VTZUxJeUhZeWZjeEw3Um9TODVDT2RSRjMtOGhHWGM5U0NuNVluSUlza0hPMzBZY1NJVHZLMDBBOUp2Zl94YzROVThfeW9oWDg1bm1qZ0gwZWlXZ3NxTWxpSHJlUnk1cVBJbDJKRDBBdDUyZ3JtWVQxdGlZV0tWSllGVzMtZHRxeHc?oc=5,Yahoo Finance,2026-05-29 12:38:00,True,bullish,,0,2,2.0,lexicon
7c4f1ba59fb1,GS,GS Expects Record Global M&A in 2026: Will This Boost Its IB Business?,https://finance.yahoo.com/markets/stocks/articles/gs-expects-record-global-m-123800304.html?.tsrc=rss,Yahoo,2026-05-29 12:38:00,True,bullish,,0,2,2.0,lexicon
a4ae0198ae7a,WFC,GS Expects Record Global M&A in 2026: Will This Boost Its IB Business?,https://finance.yahoo.com/markets/stocks/articles/gs-expects-record-global-m-123800304.html?.tsrc=rss,Yahoo,2026-05-29 12:38:00,True,bullish,,0,2,2.0,lexicon
33633cf0f7f1,XOM,Chevron Expands Mediterranean Push With 70% Greek Offshore Stake,https://finance.yahoo.com/sectors/energy/articles/chevron-expands-mediterranean-push-70-123200545.html?.tsrc=rss,Yahoo,2026-05-29 12:32:00,True,bullish,,0,1,1.0,lexicon
acf6dc4118f5,KO,"Want $1,400 in Passive Income? Invest $10,000 Into These 4 Dividend Stocks",https://247wallst.com/investing/2026/05/29/want-1400-in-passive-income-invest-10000-into-these-4-dividend-stocks/?.tsrc=rss,Yahoo,2026-05-29 12:30:01,True,bullish,,0,1,1.0,lexicon
200af582495a,JNJ,"Want $1,400 in Passive Income? Invest $10,000 Into These 4 Dividend Stocks",https://247wallst.com/investing/2026/05/29/want-1400-in-passive-income-invest-10000-into-these-4-dividend-stocks/?.tsrc=rss,Yahoo,2026-05-29 12:30:01,True,bullish,,0,1,1.0,lexicon
3742f81de6d4,AXP,Do Options Traders Know Something About American Express Stock We Don't?,https://finance.yahoo.com/markets/options/articles/options-traders-know-something-american-123000947.html?.tsrc=rss,Yahoo,2026-05-29 12:30:00,True,neutral,,0,0,0.0,lexicon
65c21b550150,AMD,AMD Stock: A Guidance Raise The Market Is Still Rewarding - Trefis,https://news.google.com/rss/articles/CBMitwFBVV95cUxOUVNBa0NLR1JseDBfakdVYWtEZGR0V2VzLURfb3RWSFJDemtwX0hSd2xFNEhUZlpTcmxRa2JpVTVHalpSa2JVTFNOT242TUtzckJMcG4tMnRfWFRuRHI4MzE5bGZGNFlIblItZW03Ni1fMVZJaVdUOF9VTnVreS16aW9MWEJiZkVuMWRjY1V3QTMzM0R6dXV1MFpROTU0bktJcEFfZEY3X0Mwc2hRaE5tRmRnQVRUams?oc=5,Trefis,2026-05-29 12:26:52,True,bullish,,0,1,1.0,lexicon
1d7d778c570e,TXN,Cantor Fitzgerald reiterates Texas Instruments stock rating on data center growth - Investing.com,https://news.google.com/rss/articles/CBMi2AFBVV95cUxQbW9XUWJRRkFMQ3lNT0lZdXBTUWJQRHZNT3FHWFM3bjBNSk1URlJIbDlqV0RTeHJNZ2Nwd1o4aVRHY2t1U1gyeThsRHpEcmMxWllrWnhPcWY4X3JFNGZTU1dGbnJwSWZ0bkhOc3NZSldUMDlrZVBOdTFOZldsU25QMVd1YkFnRDA3NVljQ3ZPQnJJZl96MGVfaTdtWlNYZDZTdUtRYV9nZVM3cjBTdEJVTGdtdm5MWmpER091LVBVU2FmSUVEXzVhQmtCbzJVQm9uLVVEZ0hmYjc?oc=5,Investing.com,2026-05-29 12:24:47,True,bullish,,0,1,1.0,lexicon
fcf1b309671b,AVGO,AVGO Stock: The Math Hidden In Its Price - Trefis,https://news.google.com/rss/articles/CBMiogFBVV95cUxQeFdheHhoVWV4cUg2Y0c5TmtmY0RYbVc4NTdseW52UlQ0OXR0Y3lvalVXT1BSOWMzV2R5YUpHUVBhR3I1aTdUY3V0YWtWZ19YSjJzVnlpbGRMTUxxR1pMSHQwZW96WFZiVklCakY2Rmh2MVB5eUlZbUJCTzl4OXNiaEdHd3o2dGdIWWJUYmdQSnVtY1ZlZ2hJMUNYYW5PT2g5b2c?oc=5,Trefis,2026-05-29 12:24:34,True,neutral,,0,0,0.0,lexicon
83c3c2b8ba59,JNJ,New TECVAYLI®▼ (teclistamab) data demonstrate superior progression-free and overall survival versus standard of care as early as first relapse in multiple myeloma,https://finance.yahoo.com/sectors/healthcare/articles/tecvayli-teclistamab-data-demonstrate-superior-122400419.html?.tsrc=rss,Yahoo,2026-05-29 12:24:00,True,neutral,,0,0,0.0,lexicon
c46a7f1381a8,ABBV,Assessing AbbVie (ABBV) Valuation After FDA Approval Of Decnupaz For Ultra Rare Blood Cancer - simplywall.st,https://news.google.com/rss/articles/CBMi1AFBVV95cUxQWnJHaENielA2RW1FbG1STVMzbUI3SVlJQ1YyblE3MWZFbHJFOHloVVlvbDh1WGRRZ0NYdnYzcXdlQ1FnN2ZiNDQwcExlOEhUb2hiT3FZaHdYNlZNQ2dzRW5fWGt1S081VGxVUHhVSnJPWXplSkl3STJKNTRqOUp4MmpvYlltTkxBdEhGX08zQTJKc01xYTlGZTk5WGVfMkR4ZGV1aDV2cnVlVkcyQUVNSUNPQ25WdWVPdk9BXzdoeG8tVXVzNzVZcTFramtrVGdsY2FJaNIB2gFBVV95cUxNLUNXdTJsQXR1OG5fMmRRWVdDZ2xHMHJpVzI2dm1nM0d0cnFuNTFXazJwc05lS2ZaTURhRDVnX0p5QlFTSWg4WGt5Wk1sMl9UMnRIS0p3ZjBJeHdoTV9oOU5zV1RmMmQ5SEQ4MHd1NVVfd1NNWmY4Z1dMRHBPc2lYMDk0ZWc2dVdEU1RTZnRLWG9SeDVkQ29qSEwtRWdjVUttZ2tKZUEtX3ZsZWRSOExrSXpaSmswSjFfUXpCSUVnSk90T3lEa3hiVHJDU3hlM2M3bXJPdXNXNHZJZw?oc=5,simplywall.st,2026-05-29 12:17:43,True,bullish,,0,1,1.0,lexicon
2413292b1f61,JNJ,New TECVAYLI® (teclistamab-cqyv) data demonstrate superior progression-free and overall survival as early as first relapse in multiple myeloma,https://finance.yahoo.com/sectors/healthcare/articles/tecvayli-teclistamab-cqyv-data-demonstrate-121700530.html?.tsrc=rss,Yahoo,2026-05-29 12:17:00,True,neutral,,0,0,0.0,lexicon
52e1bfd006d8,XOM,Trump Holds the Line on Iran: No Sanctions Relief as Oil Slides Below $89,https://247wallst.com/investing/2026/05/29/trump-holds-the-line-on-iran-no-sanctions-relief-as-oil-slides-below-89/?.tsrc=rss,Yahoo,2026-05-29 12:15:15,True,bearish,,0,-1,-1.0,lexicon
9fce52950ef8,CRM,Data layer emerges as the defining battleground of the AI revolution,https://www.proactiveinvestors.com/companies/news/1093121/data-layer-emerges-as-the-defining-battleground-of-the-ai-revolution-1093121.html?.tsrc=rss,Yahoo,2026-05-29 12:08:00,True,neutral,,0,0,0.0,lexicon
9df13ba75d7a,MS,Morgan Stanley raises Commercial Metals stock price target on spread outlook - Investing.com,https://news.google.com/rss/articles/CBMi0gFBVV95cUxOdFRHbEV5S01QRzhwT3lzUllCOXdVcGd4OTlFdWtBZEhZR1Nac0x2U3N5S3VORHFqZzNMeE5FbFd6NUlRMHYycU9rNWhTX0lWektLb0RSSE1kcE1SZnF0SWszZEQ1LTVKSndUamVLVTlIMWp2Mnl0QmxGV1owSk15N2x1OVFDLXRweTlWV2JnQmxvYmIyQm1LQWZFemV4Tzh5Y19OSF9LRXhEalJWY0ZmeTFkOURNV1VXV19aaVRTMFFPV0hpRFk2aUM3QU9Ba1RnMWc?oc=5,Investing.com,2026-05-29 12:05:16,True,bullish,,0,1,1.0,lexicon
a077eadd39d4,ABBV,"CooperVision Names Muru Annamalai as President, Asia-Pacific",https://finance.yahoo.com/sectors/healthcare/articles/coopervision-names-muru-annamalai-president-120500983.html?.tsrc=rss,Yahoo,2026-05-29 12:05:00,True,neutral,,0,0,0.0,lexicon
2ac8b8f40c2b,AMZN,Amazon Chases $3 Trillion Market Cap As Prime Day 2026 Looms - Investor's Business Daily,https://news.google.com/rss/articles/CBMipAFBVV95cUxPZ0RSQk5oUkwyQ080M3JzbEJzUkZtaWp6Wl9kaW1KMVRFVnkxVG9SZndmSnF0b0N1aWJabkNFS3ZoakNCYl9RbkxaUklLUXFZME44NTVzM3Zsb2lOckw2dXktZXRBMU1aT0JqU3hDNHlfZVFUNU1CMjhNaXM5T1VKNHo2NkM0ZGtwOXNCSndoaFhqbHFVYm4wSVlReFVGR3daenNDUA?oc=5,Investor's Business Daily,2026-05-29 12:00:00,True,neutral,,0,0,0.0,lexicon
2f662e5a6622,ABBV,AbbVie Announces European Commission Authorization of Expanded Label for VENCLYXTO® (venetoclax) to Include Additional Combinations in Previously Untreated Chronic Lymphocytic Leukemia,https://finance.yahoo.com/sectors/healthcare/articles/abbvie-announces-european-commission-authorization-120000368.html?.tsrc=rss,Yahoo,2026-05-29 12:00:00,True,neutral,,0,0,0.0,lexicon
a7c4e8fb89fd,ABBV,European Commission okays all-oral VENCLYXTO combos with time off treatment - Stock Titan,https://news.google.com/rss/articles/CBMiugFBVV95cUxNYXk1MXJOVWpWalZsZXdpY0F5QXRxRUZZYlhmUEFMZEktTzkxUFB3b0xfZE5nOXlBdFYyR3psMC00ek9DRHZvSmpKX3ZJd1RTWWVxWVh1TmM5aGFvejBoT0d2VE42SVk4WTE5QlVHZHV5WjNzU0JtUDZJNU02Nm1qV0NMS0tEWHJubUwtM2E1ZXlXakdMVmc2VXRyUUZlOFZ6VzkxYU1NbzQtMnNFbVZsd1pOUE56WFZ6akE?oc=5,Stock Titan,2026-05-29 12:00:00,True,neutral,,0,0,0.0,lexicon
4f57e0600656,SBUX,SunPower Achieves High NPS Score from Starbucks,https://finance.yahoo.com/sectors/energy/articles/sunpower-achieves-high-nps-score-120000127.html?.tsrc=rss,Yahoo,2026-05-29 12:00:00,True,neutral,,0,0,0.0,lexicon
7e2cdb9b6a6c,PFE,Seven-Year Analysis from Pfizer’s LORBRENA CROWN Trial Shows Longest Progression-Free Survival Reported to Date in Advanced Non-Small Cell Lung Cancer,https://finance.yahoo.com/sectors/healthcare/articles/seven-analysis-pfizer-lorbrena-crown-120000569.html?.tsrc=rss,Yahoo,2026-05-29 12:00:00,True,neutral,,0,0,0.0,lexicon
6bfd0feb60ce,ADBE,Adobe’s Own AI Tool Is Destroying Its Own Stock Photo Business. Management Just Admitted It,https://247wallst.com/investing/2026/05/29/adobes-own-ai-tool-is-destroying-its-own-stock-photo-business-management-just-admitted-it/?.tsrc=rss,Yahoo,2026-05-29 11:50:29,True,neutral,,0,0,0.0,lexicon
4bfde2663ff6,TXN,Texas Instruments Stock: Is TXN Outperforming the Technology Sector?,https://www.barchart.com/story/news/2197404/texas-instruments-stock-is-txn-outperforming-the-technology-sector?.tsrc=rss,Yahoo,2026-05-29 11:40:11,True,neutral,,0,0,0.0,lexicon
bb7ca38eb41a,TXN,Texas Instruments Stock: Is TXN Outperforming the Technology Sector? - Yahoo Finance,https://news.google.com/rss/articles/CBMiqgFBVV95cUxQRU85ZFAwNzRQcGwzT1NoU1JjUEFFMi00TmsxMHFteUpDQWFpeGJZUTVhUjJ6eDVLT01aQ2J6aDNUNzRESlRXTkFxMFV1Z0ViRkw3WjliNmJYVG9UeS1lbEVXeEo5X25nWUxfOHpGWldMbVRaMk83TWxKOElkaV9DZjRfbUdvNFFkRWdZVi1qd2VBUVNjbXYtamVjRUxYdEZDUWxTRnJ2ZTlrZw?oc=5,Yahoo Finance,2026-05-29 11:40:11,True,neutral,,0,0,0.0,lexicon
047e33c7c615,ABBV,Discover May 2026's Stocks That Could Be Trading Below Estimated Value,https://finance.yahoo.com/markets/stocks/articles/discover-may-2026s-stocks-could-113757074.html?.tsrc=rss,Yahoo,2026-05-29 11:37:57,True,neutral,,0,0,0.0,lexicon
f087eac51f8d,PFE,Pfizer and Innovent Biologics sign $10.5B cancer drug deal,https://qz.com/pfizer-innovent-biologics-cancer-drug-deal-052926?.tsrc=rss,Yahoo,2026-05-29 11:37:16,True,bullish,,0,1,1.0,lexicon
037f0f93ea89,MCD,How Is McDonald' Stock Performance Compared to Other Consumer Discretionary Stocks? - Yahoo Finance,https://news.google.com/rss/articles/CBMiqgFBVV95cUxNZ2tCbjE2MkhQV2FwMTRoV2xVdTdqTlFhNndEOGdBUjZydTFyeVBWTEQzWHExcWdtSDRKVVM1V01OS0FuR2hmMHo5N3ZCOE9pclJrNlh0Y0o0N0ZaUVhpRVJrMXZfSnVsdy03aWsxLVlHUnltZEcwSzhZeC1XWWN4dGt0V1ZXNG0xS21SU21CQ3d2am5kSVM4ZzZBTXQtWDM2ZW5yMi0yNDFOQQ?oc=5,Yahoo Finance,2026-05-29 11:33:29,True,neutral,,0,0,0.0,lexicon
35b16e2c4066,AMZN,Why AMZN Stock Is Rising Today - Stocktwits,https://news.google.com/rss/articles/CBMitgFBVV95cUxPYnlLNHgwSi1mZVgySHpQZkl0QzhFb05sQUpqSFROeGNtQmoxQzFKT09PbHBTRy1fdFBZRUJNeTBaa04xZ2d2YWJEYUNZSk8zT2FfbUVDandRaE4weVZtTjQ3M3NTTWdLalFXRnpfRi1rdTFNNnpQVEZSV01VbzRtajlnTTR5RmxZLWdZd2RrQzFNYXJKeTRBUDNIUjIzT1pDMHFGYVcwZDBqTDBJZ3BuNm5SNENEdw?oc=5,Stocktwits,2026-05-29 11:27:59,True,neutral,,0,0,0.0,lexicon
9635b4746100,GE,Is GE Aerospace Stock Outperforming the S&P 500? - Barchart.com,https://news.google.com/rss/articles/CBMilgFBVV95cUxPbUg3amp4Q3lwQnNtZWNDb2JOSnZjZG5vR3VVYkZjaS03ekVpc1VSWTM0UWNNcjR2Y3RRN2xWNWVWNDZFX1hJbHJQd3UxRzRKR3ppLWxiZWIwTlVrMnIwTGNaNHBHWk91a2dmN0tMUG93REtDOERGVGFjWDRQX0U4UnN4ZlBGNnlJM25XVlQ5QjBnbnVRTnc?oc=5,Barchart.com,2026-05-29 11:27:11,True,neutral,,0,0,0.0,lexicon
ae16a7a31bb3,GE,Is GE Aerospace Stock Outperforming the S&P 500?,https://www.barchart.com/story/news/2197106/is-ge-aerospace-stock-outperforming-the-s-p-500?.tsrc=rss,Yahoo,2026-05-29 11:27:11,True,neutral,,0,0,0.0,lexicon
5a9b1913de26,V,South Street Advisors LLC Cuts Stock Holdings in Visa Inc. $V - MarketBeat,https://news.google.com/rss/articles/CBMivAFBVV95cUxPaU0zUEVmSF8yLXA2U3ZPcE9aWE5ZdzV3OWFSNzhTYUItMW1DSFlzTmZadlY1X1pKa2JjYmxhX0F5NU1jUFR1RnZobElFQkxHaExfdm5aZHNNMHpQX0hxSXRXdXZGVFVxenNGTTF2bUs1NG5NUnVVeE1lVkdTa3R2QzVWQzJUVlZ5OEtzMVNWRzBnR1FRV2VENE40YWg0OU9NVTczcWxlbGZGNkh4U2hIMlpEUjR0MXdQM052Mg?oc=5,MarketBeat,2026-05-29 11:26:54,True,bearish,,0,-1,-1.0,lexicon
261ac73f5c49,UNH,UnitedHealth cuts many prior authorizations in childcare (UNH:NYSE) - Seeking Alpha,https://news.google.com/rss/articles/CBMilgFBVV95cUxPaTNhRGZ1MmFSa1JhbkpRSlhvOHQzX3d0ZkZKV2JFeHI2cmR4NHJ1b2pEMzFjblNPcTBNZW5YQzNPbEpCWnBNREw5RUlxS1U5aWV4U0tzVzIwdTI0eDV6Z0g2aFVXcUxQZjAxUHZBWi1EaHdfNjM3dTZ0eXZsUlBQVFVuSlRKMmM0bHZmdllPR2dOTmhuNUE?oc=5,Seeking Alpha,2026-05-29 11:23:44,True,bearish,,0,-1,-1.0,lexicon
8cbf05bf54d9,KO,CocaCola Company (The) $KO Shares Sold by Savant Capital LLC - MarketBeat,https://news.google.com/rss/articles/CBMiugFBVV95cUxPZUxqaUxoZnMwMHljX0tIMFBJeUNUM3ZwREpqMDFjMTgtMjRPbVpER0M5VG0tdEZfMHR6cHV5YTlDNE02bk9nNTNmNGZzYndveHFYcFR0WE5lQmNsa3ZGY1Q4aWkwQ2VoT2tYLVpnS2hiamYzbGRiNE5YVUhQOGVwLTRWQWZIcEZfaVRWaEREaWJpeEd4YkJtYkExZVFrTDlqdDBuVkRraVFHdFdoT29Ucm90bzlMczVPVWc?oc=5,MarketBeat,2026-05-29 11:18:04,True,neutral,,0,0,0.0,lexicon
288b3215afd6,TXN,Assessing Texas Instruments (TXN) Valuation After A Powerful Share Price Run - simplywall.st,https://news.google.com/rss/articles/CBMi2AFBVV95cUxPMklobTktNHg4VFAzcjhmaHNza3QydjhFTDlfYXM4OGlqOGg1bGRoM0NPMm5XM1Fxa1Q4UUdWUWduUXVIQ3hmUTJmM2tWelRBWUg0WEs4V1dCWFNvLWJ1TGQxOXNNcVplclFuaXc4R0FyWlZqaXNLb2tleUF6TkU5Sm1MNHY0ZE9TMkNhcjJqUE5MSGR5ak5pYXRlWUE0ZDlGUHMxeWFNQWxabmJ4bXJoV2Q5aGNxaFhlNXRhYXJkcWNVUGFyQlVoU0RTTHEyZmJ5b01GUURsWEjSAd4BQVVfeXFMUHg1RFlfY2hPNGJFWFJoRWdCVWt5MWpfbUZzTXF6Z3l2SkdjYXZmZldxeUo4Q3JBd1dJVGdHbUZhUDlvVUpuUlc2Z2dzTlZLeHd4OWlKZG9nMVVFRm1xQ05QUTM1LXUzREJXcTJ1Ylh4eXhWSUVKUXNJYVV1OHdMTWtid1pBRDV2Ums4em1hSmpaNVNFU1VFT2FzZUR2QzYtaVVtUHlyVHVkNkkwNmtHU1pkYjNuVjhEWlNvN3lTZGNxeXNEaVB4alpUallRVFMzd2xZQS16akQybnhpeDR3?oc=5,simplywall.st,2026-05-29 11:17:44,True,neutral,,0,0,0.0,lexicon
514c1199826b,BRK-B,Is Berkshire Hathaway (BRK.B) Undervalued After Recent Share Price Weakness - simplywall.st,https://news.google.com/rss/articles/CBMi5AFBVV95cUxNUTdBWUhPNjYxd3owbjh4eGNNQ3dDQVBjYWkyZEwxR0JCUm03Y0ZOLTJ0a1lqMlBQY0N1S2Vqd01yMThzbm1BeTZnUWNZLVoyZlZMMzdsUVVybjJKNVhpUFZUaFp3M2l0UUN3dlE5ckU1eW1yUXNKQ29FckVXd0pyVGtnSHVFVlZabW1nYTZaXzU5dUtybUZxREhOTC1BU0RweWpyNkl0bFdhQlFMYVBsMnItQnZmTDJubE4xMGVSWm1mZ2tURFFGQndfUG11TWxDR3poc1RQcW5ld0ZOdk5RTU9DTEHSAeoBQVVfeXFMTmpBNzNsOWFzbTE1QXRhdXZtSlJJM3dYVm5JNFRuT1FZSGwzVU5VYzBCaHFpbWFZRndNMnpOekhxVVBMSnpoTnp4Yzh5WGdiLW1FQ3hLQ19vZUQzRGhJQ1FLdEg3czNpbzFsUEctMEZ3MERMdjFvT2VVdzdqaWFQVjdreDlkblpNTkw3N1VBZWtITlMwWGx0Uk5DbGdwTkVPSThKeDBBWEo1RVBad1RjVGR3OUtsa0h2WlVubkRTTHRpWlVXUEV5bWhlcVNEV2hYejBBbG80M2hCOVM2REZDRlhvVlpuUldyWWxB?oc=5,simplywall.st,2026-05-29 11:17:43,True,neutral,,0,0,0.0,lexicon
4df237d02ba1,BA,China Deal Ignites Boeing's Financial Afterburners - MarketBeat,https://news.google.com/rss/articles/CBMikAFBVV95cUxOV0JiZlFPUWtlWnFQT3pkLTIzWWFnU2VGbElsT3pJLTl4S0tmUk40MWJQWVRsd1JFa2VhUlFRLTBqTE00OEpuTjJrcDhza256Y2dDa2gzOTNmQmdZWkVPR1MydG9oUy1EWUZqREdCRjFHQWg0NFNqOFRDQzJwVE9fOGdSb3Fmd0p4dFVpUXNXSXg?oc=5,MarketBeat,2026-05-29 11:16:53,True,bullish,,0,1,1.0,lexicon
d368c23c8518,IBM,What's Going On With IBM Stock Friday? - Benzinga,https://news.google.com/rss/articles/CBMingFBVV95cUxOaXN4YkU2WXF4c2ZPYW1Ua1dMb3dybmJycXd3YUdrYVpRdjJHdFEyamlVb1loQjg4aFh1N1lTRmxoRVZEUU1wSWpob3JzS25JLWtIeHc3ODZzbEhKVVRzV2FYbG9nUER2X0R6RVcxeFhCQzlBdUVzalJibmNxUkNxZUktQTBNeDZkZmJJeDBqOHAxeExGcEh3Q1VFb0pyQQ?oc=5,Benzinga,2026-05-29 11:15:35,True,neutral,,0,0,0.0,lexicon
1ab793fe6032,BA,China Deal Ignites Boeing's Financial Afterburners,https://www.marketbeat.com/originals/china-deal-ignites-boeings-financial-afterburners/?utm_source=yahoofinance&utm_medium=yahoofinance&.tsrc=rss,Yahoo,2026-05-29 11:15:00,True,bullish,,0,1,1.0,lexicon
1ece2993a431,GE,China Deal Ignites Boeing's Financial Afterburners,https://www.marketbeat.com/originals/china-deal-ignites-boeings-financial-afterburners/?utm_source=yahoofinance&utm_medium=yahoofinance&.tsrc=rss,Yahoo,2026-05-29 11:15:00,True,bullish,,0,1,1.0,lexicon
6bcdc54f45e0,LLY,5 Catalysts to Monitor Over In The Next 2 Quarters For LLY Stock - Trefis,https://news.google.com/rss/articles/CBMixAFBVV95cUxPejJGSjBHcnRkSHNoSzNVekpudGVOZjc3V2R5bE5Pa2syTHhtMzhScUpPUkZnbEo1alhtNU1oa1Z2SmhuT3JiaHhRZG85RXNBcEl2RzNXeXhaZV84QUdpeXFyT2hwTFVMTV9qY3NRLVA0MHVoakVwTUJzUHZYRlBFOGFrVDI4aWhXVnY4X0Zsbi1PQlduN0pYWF9oVFRTcmMtNUxZUHp2QXdGaF9FUl9UbXJDZFZaQk5KYlh3T3JGemEzMHQ2?oc=5,Trefis,2026-05-29 11:13:42,True,neutral,,0,0,0.0,lexicon
dfa717eecd7b,ORCL,Equity Futures Rise Amid US-Iran Deal Optimism,https://finance.yahoo.com/markets/stocks/articles/equity-futures-rise-amid-us-111320309.html?.tsrc=rss,Yahoo,2026-05-29 11:13:20,True,bullish,,0,2,2.0,lexicon
d07d6e82a6aa,BAC,Bank of America sends tough message on HP stock - thestreet.com,https://news.google.com/rss/articles/CBMilAFBVV95cUxNZWhqaXdadURHTVpFNmZQMzluWXZNQ3NmMkVRNEdfdFJtNGdzdzdXQS1GSDRaV3cxNVlPZVJHTkdfR1JVUjluMm9sV2QyYTRzb3kwZnh0Z1B3dmZtTHpXWmlkbmRtc0JJajk1M3pfWFQ2dUtBektZWFJCOEFpVkhpUmxGWEFrdlJjWXZDY0Vaa3FVWWYw?oc=5,thestreet.com,2026-05-29 11:07:00,True,neutral,,0,0,0.0,lexicon
0d55618757a1,UBER,Citizens reiterates Uber stock rating on Waymo expansion outlook - Investing.com,https://news.google.com/rss/articles/CBMiwgFBVV95cUxPOHpuSWRydVE4bnQ5MWhWRGIwa3dNTlFENEZGeGVTcWJjNjBJREQ2QlpnalJNNFdKUkZQdV9CLWg3V0preUVVaUZ0cEIzMjF3ZE1oODNRa1B0d0JZT1liYkV2RmJCSWdkS1I1U0RnNThKQU9qSlhfTDQ1TGJORHpiblJCc2hnTFlHR1lXWkRNZkZBbTh5c3JhOXZ5eHdiVXBPM01nYnhTVm1NLVcybUNxNTlVTTFHbUQ0dXV5V2ozaXNNUQ?oc=5,Investing.com,2026-05-29 11:05:47,True,bullish,,0,1,1.0,lexicon
51878cd3232a,CRM,CVS Health Expands Integrated Care With Virtual Mental Health AI And GLP 1,https://finance.yahoo.com/sectors/healthcare/articles/cvs-health-expands-integrated-care-110420084.html?.tsrc=rss,Yahoo,2026-05-29 11:04:20,True,bullish,,0,1,1.0,lexicon
df0f6356fb54,NFLX,KnowBe4 Launches a New Family Hub Providing Cyber Safety Training for Children and Adults,https://finance.yahoo.com/sectors/technology/articles/knowbe4-launches-family-hub-providing-110000054.html?.tsrc=rss,Yahoo,2026-05-29 11:00:00,True,neutral,,0,0,0.0,lexicon
973dbd4d9b43,UBER,Uber Plans $49 Shuttle for New York-New Jersey World Cup Matches,https://finance.yahoo.com/economy/policy/articles/uber-plans-49-shuttle-york-110000167.html?.tsrc=rss,Yahoo,2026-05-29 11:00:00,True,neutral,,0,0,0.0,lexicon
174be28aa7e0,UNH,UnitedHealthcare Eliminates Nearly Two-Thirds of Prior Authorization Requirements for Pediatric Care,https://finance.yahoo.com/sectors/healthcare/articles/unitedhealthcare-eliminates-nearly-two-thirds-110000257.html?.tsrc=rss,Yahoo,2026-05-29 11:00:00,True,neutral,,0,0,0.0,lexicon
13af9a5dcfb0,GS,"Social Security benefits capped at $50,000 under new, painful proposal. Shockproof your portfolio before it gets signed",https://finance.yahoo.com/economy/policy/articles/social-security-benefits-capped-50-105500843.html?.tsrc=rss,Yahoo,2026-05-29 10:55:00,True,neutral,,0,0,0.0,lexicon
be511d466b5b,IBM,AI and Space Stocks Are Going Stellar. One Play Is a Safer Bet.,https://finance.yahoo.com/m/4b6c6343-0d12-37eb-bd75-36035a055595/ai-and-space-stocks-are-going.html?.tsrc=rss,Yahoo,2026-05-29 10:55:00,True,neutral,,0,0,0.0,lexicon
ef5952972e12,MRK,Is Merck & Co. Stock Outperforming the S&P 500?,https://www.barchart.com/story/news/2196318/is-merck-co-stock-outperforming-the-s-p-500?.tsrc=rss,Yahoo,2026-05-29 10:50:30,True,neutral,,0,0,0.0,lexicon
85455418c320,MRK,Is Merck & Co. Stock Outperforming the S&P 500? - Barchart.com,https://news.google.com/rss/articles/CBMikAFBVV95cUxNM2liX093NDR5RE1JQ1ZMR19wZGpvSHUtR1YyeExTTkJLTk1vTEcyOHh5MURYWnJwRE9Jb3ZndDRVeVRmWmVBaGFiZTVsSGhsWmJmdmU4X3hqM0F5a0NnNUNLME5rZHcySkV5dlFxYk9ZYkRlSXhidk5FNlFtMU5SV3RyYkgwNEtkbVEtWENMMzY?oc=5,Barchart.com,2026-05-29 10:50:30,True,neutral,,0,0,0.0,lexicon
e2b1e6e69f9b,UBER,Jim Cramer Says He Thinks “DoorDash Is a Buy”,https://finance.yahoo.com/markets/stocks/articles/jim-cramer-says-thinks-doordash-105012810.html?.tsrc=rss,Yahoo,2026-05-29 10:50:12,True,neutral,,0,0,0.0,lexicon
132c751346f5,LLY,Jim Cramer on Eli Lilly: “Brilliant Management”,https://finance.yahoo.com/markets/stocks/articles/jim-cramer-eli-lilly-brilliant-105007538.html?.tsrc=rss,Yahoo,2026-05-29 10:50:07,True,neutral,,0,0,0.0,lexicon
3aa800acaaa4,BRK-B,Jim Cramer on Berkshire Hathaway: “People Are Going to Get Bored With Owning This Stock”,https://finance.yahoo.com/markets/stocks/articles/jim-cramer-berkshire-hathaway-people-105006603.html?.tsrc=rss,Yahoo,2026-05-29 10:50:06,True,neutral,,0,0,0.0,lexicon
5b89e051f501,AVGO,Jim Cramer Explains “Why We’ve Stuck With Broadcom” - Yahoo Finance,https://news.google.com/rss/articles/CBMilgFBVV95cUxNcTcxWUhlMWJ3TjhkLUNGV2RKdWItaVRBQk1mbF9QZ2NBdDhJbGwteEs5dGRvbHpwb0tnVThYM2xSUUJCdXNqdVVPWng0UFA5dWxDVlJhaFZKUDV4MkNaOFc0LVRtc1BwMkgtSllKdGZsYzhMMmhUbDM3MTFOYy1icWd6SVhOLTUwZXkxS3NtZk4xdW9va3c?oc=5,Yahoo Finance,2026-05-29 10:50:03,True,neutral,,0,0,0.0,lexicon
b041f7321c6e,AMZN,Jim Cramer Explains One of the Reasons “Amazon Stock Has Been Going Ever Higher” - Yahoo Finance,https://news.google.com/rss/articles/CBMinAFBVV95cUxNemh1SE4wT3RfVU9JNlpjWHlRU1p1MnlvdWFHSWlCWEQyYktKa1p6SFIyU005RTlYY0tLYS01RWdySzIwQzhPSVpqdWt4cXM5NkVMaUZ6aENWWW00Mk11RnBxRnQ1TC1QeFRsQ3o1MTk3cFUyRWF6azdxN196WTEyVHNfZmxkMGY0X0ZJTDhLeW9HTFpja002UDNYYy0?oc=5,Yahoo Finance,2026-05-29 10:50:01,True,neutral,,0,0,0.0,lexicon
0f2ebfc648c9,BRK-B,Jim Cramer Says Meta “Has Not Excelled in a Visible Way”,https://finance.yahoo.com/markets/stocks/articles/jim-cramer-says-meta-not-104951387.html?.tsrc=rss,Yahoo,2026-05-29 10:49:51,True,neutral,,0,0,0.0,lexicon
0ab679d02407,NFLX,Go Figure: 3 big marketing numbers from May,https://www.marketingdive.com/news/go-figure-3-big-marketing-numbers-from-may/821432/?.tsrc=rss,Yahoo,2026-05-29 10:45:00,True,neutral,,0,0,0.0,lexicon
b29521a20066,TSLA,Tesla Stock Could Soar in the Second Half of 2026. Here's Why. - The Motley Fool,https://news.google.com/rss/articles/CBMilwFBVV95cUxQNVpPZU5Lc0dVcDducWNCdEtRbW1YNXhWRmZFbk1TN054aDQ4dlpWTkVCVGtlQndyWVhtTlR4bDF5b0l6cWsyb0hDV003d0gwWjNHNnk4ZHp4SUlEd1l4eTVfQzg1dFdVR3REclNpVlNuZnVma1g3aHdJNVRJa2xSeGV3Mkt2QmVoUVBuM0xUOVpzVHN3M25R?oc=5,The Motley Fool,2026-05-29 10:45:00,True,bullish,,0,1,1.0,lexicon
a70f7c22edbc,MRK,"FDA Grants Breakthrough Therapy Designation for Calderasib (MK-1084), an Investigational KRAS G12C Inhibitor, for Certain Patients with Newly Diagnosed Metastatic KRAS G12C-Mutant Non-Small Cell Lung Cancer (NSCLC)",https://finance.yahoo.com/sectors/healthcare/articles/fda-grants-breakthrough-therapy-designation-104500013.html?.tsrc=rss,Yahoo,2026-05-29 10:45:00,True,bullish,,0,1,1.0,lexicon
812592285434,BLK,"National Pension Service Purchases 11,425 Shares of BlackRock $BLK - MarketBeat",https://news.google.com/rss/articles/CBMiwwFBVV95cUxNamVyWWMwbmU4MVJNZ3lDbm5LcGUzOENJX3JjREt2MlVBWnlqaFRnd1pzZ3MtaFJ5MnBtUkNjem9ZZ0FqSzVsRlZxUzlyRTZFZ2lBQXNTamg5bDRNNXMxSFM1WnljMzV1R1g4QmY5MjZvNjZyekc2MEV3cXIzTFcxOWgxS2tSeWYwR0ZlR1B3a2NXNEtTWGtLZjZMeEk4OWhXNjBuaThNY0xyVU5GSXdWWTNqWnBMVHlsQ0k5ZUpZU05vU0U?oc=5,MarketBeat,2026-05-29 10:43:08,True,neutral,,0,0,0.0,lexicon
6e7c8a88329f,MRK,"National Pension Service Has $609.40 Million Stock Holdings in Merck & Co., Inc. $MRK - MarketBeat",https://news.google.com/rss/articles/CBMi1AFBVV95cUxNQ0sxMXVwajN2Y0pnSk5iamZ1cUluSUF6WlVRSTJ1ZDhDMnVwMlBEZHhya3lLaWt5ZnF0TEVhM196clJ0V3cyU1U4TGd6SXFZdmdfcGtNRWhKTmpFWVNFdGdCaVVOTlZVWVBwcWVmc0VqNzN5QV9RQ2pQV3dxNmVBenQ3WjY2dTFzWk9DQjA5UzhYWEhpZWpSVmctYkU5QzNkR1h0TjNuSHBZSGFGdWp6NEd5Sy1ONXd1cTFKU3I1enBpS3VPZTB1dWV1OWF4R1VkWVI1Mw?oc=5,MarketBeat,2026-05-29 10:43:08,True,neutral,,0,0,0.0,lexicon
bbab2d2b96e8,GM,3 Cash-Producing Stocks That Concern Us - StockStory,https://news.google.com/rss/articles/CBMingFBVV95cUxNYTBYNnotNzRidjNWZ1VzWk4xdWNQNTB0WUQ5NE83eG8wUnZjTXlnR1Z2Q2Voallrc0Q5a0I0VHFPSlFzVGVubGpYQUhOZmlUNUlNWGpwM0RWdy1QNURYT2NxQk00R3ZORkI1U2dEWXZ1MWRiVlVMOGlQdjdSRHNvNkppamJrYjF1ZGRhcTRfVGIzY1JQZzBVTElLTlJuUQ?oc=5,StockStory,2026-05-29 10:42:58,True,neutral,,0,0,0.0,lexicon
4eed30f6238d,AXP,American Express Company $AXP Shares Purchased by National Pension Service - MarketBeat,https://news.google.com/rss/articles/CBMizwFBVV95cUxPQjUzMllsYTFMcUZFVXNtVGF3ZVRZNXBqOEZTMFp0clV1cUs1VXZCQU05NHlMMXF1eXpHZUNwU0FUQkdEaGgtZ2JDaDFTb00wUnBSTGU2c29LVjZwV1dwM0FjQW1wU1ZxT3lleFRxaVNDaExzTnVCNnAtUVVxSVlHeXRhR1V2SXFZeG84Q1Rnc195NFBWbDFfbFdBa2Raa1RiM1ZrZUNnb1l4Q0k0UXhrcHVrOUtOVlB6cnBEU2F5UGJONmRZZXFuWjUycGtGMHM?oc=5,MarketBeat,2026-05-29 10:42:49,True,neutral,,0,0,0.0,lexicon
7d9189f25fc0,MCD,National Pension Service Raises Stock Position in McDonald's Corporation $MCD - MarketBeat,https://news.google.com/rss/articles/CBMi0gFBVV95cUxOb3hpbHJKQ0lBXzg5OWViVFNCajR2azR3YkoyeG81UzFhVzhKbUw2THVENkdjeXVyQzV3VTg5SjdCM2hJZHFpZWxIcTF6RjNONmRfMmRwZUdVb3Z3ZmM2Sm1LbFhGVWxPcDgtcWhMaXFHcExiZDN2OTM4OE5TdjU3V0lDVUFSU2t1eFFybFBlVmNQNjVhdlZRSUZYbmdZaE5fd1JBN3RId2VSQlNOYzJyQnMxS0swbUJfUElsTmIwY3ZKNWhRNTNNd1N0a0Uwdkdmdnc?oc=5,MarketBeat,2026-05-29 10:42:42,True,bullish,,0,1,1.0,lexicon
f21cd222ae9f,PEP,"National Pension Service Purchases 77,051 Shares of PepsiCo, Inc. $PEP - MarketBeat",https://news.google.com/rss/articles/CBMixgFBVV95cUxQeHdfOVFzU01fSGpia196UFF4NTRCNko2ZURzOU9xd00tOEJGLVV6ZC1zeHBiQmEwRFExYkltY05hTEtZZG9vUGhYWTlkRUN2QXVWNTkyc1BiTXF0U240WE9od3FWaVBIbEFCQ2U0VWc0d3VrQVlHSVFrbzJDdU1hYzJQcHNsOUhPRDdLaWdBTEllVVJiandjTzRPN3laZEpKQlhUTFYzb1EyeWFaMWVLYl80dV81dXB2VkJiUFllUDQ0Wmh4NlE?oc=5,MarketBeat,2026-05-29 10:42:39,True,neutral,,0,0,0.0,lexicon
715a03945231,UBER,Is Uber Technologies Stock Poised for a Rally? - Trefis,https://news.google.com/rss/articles/CBMirAFBVV95cUxNY1FOdF95SVJwTmJld2QwdDREOUNVV3ExZTVpYkRSWTg2UHo3OXlNN0RRTHRtVTdFYkhXajBOc0ZGc2ZYQ19tcjlmcXV3T1k0ZWZrTHBxcEt6MDFOSXN2ZFp2eEtlaFhWMFlEVHhwMnA4QnhnV2pyT3FjNkhxM0lXMzFHMVJiRU5naF9kTDVXQ3NnWGN2QlI0TnE2OXd5eHlOYWZuVnRybjg0VkN0?oc=5,Trefis,2026-05-29 10:41:48,True,bullish,,0,1,1.0,lexicon
0c0c81aacd4d,MU,What's Going On With Micron Stock Friday? - Micron Technology (NASDAQ:MU) - Benzinga,https://news.google.com/rss/articles/CBMipAFBVV95cUxNcnJ5NGYzcHIwY2lXOHlKbTZrUG9wNmNNN0ZXYWUtUVl1alhhQl9yekJXcXV0UnpEdGk2ajAxWHlUTlR4U3ltai04UHNSOGZ6bTdUWlh3TDd0Nk4xVHFQVjlfeFlPYWRLSWdqVGdLU1pFY050Z1cwUW55M3dMemdRWlhzcHAwLXI5bi1sb0JMdnFUMmpiOHpkR3lqZ0pyLXBaQmk0UQ?oc=5,Benzinga,2026-05-29 10:27:58,True,neutral,,0,0,0.0,lexicon
3e11f697da66,SBUX,Inspire Trust Co. N.A. Acquires New Position in Starbucks Corporation $SBUX - MarketBeat,https://news.google.com/rss/articles/CBMizAFBVV95cUxNMENtSnZBdXRORk9rdEJDdEtDUjRwOVR5d2pEekpOSHpQSDJSbkNJYW1iZTFCQXZFakh4N1YyNmJvQTJLZjRsVHFTNVQ5MENMUGFWVVlQbFV3aXBtRjZQbXhJVWxhclUya0pKeXc3c3lmNlVEZ2VjU1pnbVdzS1ZXN3pySWs4NXNQdWRBc2xOTkhpdzFfUDlyeFFoY1dvTzBneFpmLW9nQlh2RUlESFktQnRnNnF3NnU5WC1ZUzVRZGdWOUxVV1lfZWlyVEs?oc=5,MarketBeat,2026-05-29 10:20:50,True,neutral,,0,0,0.0,lexicon
c34a3c4cf36c,DIS,The Walt Disney Company $DIS Shares Purchased by Inspire Trust Co. N.A. - MarketBeat,https://news.google.com/rss/articles/CBMixwFBVV95cUxOSXFCNGZTRW4tYXM5YWZLY2pNdDZLZUc2cEs5bmhPTXV5ZUVpTWJFLXdIWFVsa2RaVld4MW1GVjdLT3M3UWgyS003VFdiWF81ejlJU1E4amFyanEtWGJPWFhSYk9oOHlYaGxWTFpDak1tWC1MWGNadDl2Mk9DNG5aQXdBeDVKNVk1VXdqdENIelFwN04yY3JyWkZVYURjM1YzSzlheTBaXzJCNnFHSXVXVGh3OVhPS215N29hWkRfQ3k2bldYVW1Z?oc=5,MarketBeat,2026-05-29 10:20:49,True,neutral,,0,0,0.0,lexicon
85b3da345240,JNJ,Inspire Trust Co. N.A. Decreases Stock Holdings in Johnson & Johnson $JNJ - MarketBeat,https://news.google.com/rss/articles/CBMixwFBVV95cUxPaUk1Qjc1WHdmRHVEWVBvVmJ0bVFLbUJHXzNCLVRVT0dqNUhJdllLdHpYWFJXWDhCTFNRZE5LRkRtanVHa1lhRU55UGhQaFdCR2I5SnNOUnhYenZqbzhUSnpVSExfcDNxSnVEUzlvb0gtRHRmTzB3bjVVQ1pJYmlmeU5fUTJFaXJoOEd1cGlXN0lXZDdJQktGZExMZ3JNc3pqb3MtenM5Q1lNWHRSTmtSSnN1a0NrSkxsUjNIT1dDTjFPenRSWXNv?oc=5,MarketBeat,2026-05-29 10:20:49,True,neutral,,0,0,0.0,lexicon
80423c82bae3,V,Inspire Trust Co. N.A. Increases Stock Position in Visa Inc. $V - MarketBeat,https://news.google.com/rss/articles/CBMiuwFBVV95cUxNVlE5TjhOU3EyY1N6UkZQUV9ic2JkX293QTlBelEtQW1Pc3BtbnduN3RwM0dhQzFLdlhQWFptMEZGb3NOSnNNYUlGUzBkU0V5LXlvSjhhd1owWU8wMDlyVXYzYzVNbm96MTlTRTZKNFJSVWtZcWx1U3VlLV9HVlZnQmVtUGh2eFR5NldweWdNVkF1Mjc2QTM2cDZoemlyYUJuZ0t5eXVLd2xJczFYZ2lGcG1iYkk3bDJzZUdJ?oc=5,MarketBeat,2026-05-29 10:20:37,True,neutral,,0,0,0.0,lexicon
f9fdc73274e4,PEP,"Intech Investment Management LLC Acquires 48,260 Shares of PepsiCo, Inc. $PEP - MarketBeat",https://news.google.com/rss/articles/CBMizwFBVV95cUxNT1N6XzlENUg2UXc0Zm1nYTN6TlVmanpHdF9rRmxkQ3hzSzVQTklzVmQ3MU9kTE1iRkZvVEN4LWtEb3IycjhEa3hScEpwc1B5N29QZ2VxQzZONE9ldC1XbkozWE5NS2k2Nk40YkFEVVBwX3lKbVExdlNLNWlLOVRqOVk5S3E4RThla2ZjaV9DMXRWbmRBbjVSMTQtaVR3M0prRU8wUlRDcnlSSjdHLXNjd0c2NXhtZ3ZMOEtwbmVIbkotVGJrWU1oUnRTczFRZzA?oc=5,MarketBeat,2026-05-29 10:19:00,True,neutral,,0,0,0.0,lexicon
c2e59657f5b0,ABBV,Allogene CEO to step down; Agios drug fails key test,https://www.biopharmadive.com/news/allogene-chang-agios-decnupaz-imfinzi-bridgebio/821367/?.tsrc=rss,Yahoo,2026-05-29 10:17:00,True,neutral,,0,0,0.0,lexicon
ceaee6ed6874,MS,Ciena stock price target maintained at $405 by Morgan Stanley - Investing.com,https://news.google.com/rss/articles/CBMivAFBVV95cUxNN2dxTFpna2RGbGtjQ0lfX0JhT0xnU1I2RmRwZHRSZlJVRUtnR3U2MlJUSEdTaWg3cFRSaUJXMWZZRlFDUVpmX29wNWhkcXpjUXRLNXdoeU1rVVF0dHlhRHkxVlphSWNRQVd1d1hFeGJlQms1NloxNHNEUFJkTEg4UEV6OGdLNFlrRk9KbWRIZFBNR1RRaEFGY2tWZVJZQUEyYmNDQXFWc0hpTGt4MFUtcFl4ajExVkh6bUZwSw?oc=5,Investing.com,2026-05-29 10:15:30,True,neutral,,0,0,0.0,lexicon
3432d2408a9d,MS,Morgan Stanley raises MongoDB stock price target on margin growth - Investing.com,https://news.google.com/rss/articles/CBMiwwFBVV95cUxPNWdXZEJUUVBTOFp4MWhoQXZjdlNadEszeHd5Mms1ZXc4cnhFWklqZ3JwdU82cVhoMzVObEZ5M2JsRVh0cENHVW54OWM3akxqSVd1czV1NXVtaUVtRjg2SGxhTmhMWEdPam90XzJEN1Z4UGpEUXFscVNrMEYtUmF4cTBtWTZvWE5RemFYNnNXcmZhNy1KSzZaWXJqMklZOE85djJiX2cxd2wzU2R2ZVJ1SnhSVkpGVWN3dWtsUnRKR3pKa0k?oc=5,Investing.com,2026-05-29 10:13:28,True,bullish,,0,2,2.0,lexicon
352d5904eeb5,PFE,Pfizer and Innovent Biologics sign $10.5bn cancer drug development deal,https://www.pharmaceutical-technology.com/news/pfizer-innovent-biologics-10bn-deal/?.tsrc=rss,Yahoo,2026-05-29 10:07:36,True,bullish,,0,1,1.0,lexicon
5e04813306e4,NFLX,Netflix Buys Affleck AI Startup InterPositive To Reshape Content Economics,https://finance.yahoo.com/markets/stocks/articles/netflix-buys-affleck-ai-startup-100527867.html?.tsrc=rss,Yahoo,2026-05-29 10:05:27,True,neutral,,0,0,0.0,lexicon
df458df8608b,PYPL,"Tencent rolls out inbound payments upgrades, adds PayPal QR support",https://www.electronicpaymentsinternational.com/news/tencent-rolls-out-inbound-payments-upgrades/?.tsrc=rss,Yahoo,2026-05-29 10:04:59,True,bullish,,0,1,1.0,lexicon
d0477256e953,WFC,How The Varonis Systems (VRNS) Story Is Shifting With AI Security And SaaS Execution Questions,https://finance.yahoo.com/markets/stocks/articles/varonis-systems-vrns-story-shifting-100329478.html?.tsrc=rss,Yahoo,2026-05-29 10:03:29,True,neutral,,0,0,0.0,lexicon
632f0324e7a7,LLY,Eli Lilly's $1 trillion valuation cements its status as Wall Street's ultimate weight-loss play,https://finance.yahoo.com/markets/article/eli-lillys-1-trillion-valuation-cements-its-status-as-wall-streets-ultimate-weight-loss-play-100000788.html?.tsrc=rss,Yahoo,2026-05-29 10:00:00,True,bearish,,0,-1,-1.0,lexicon
f68edac7b07f,COP,GOP lawmakers' portfolios are migrating to Trump favorites like Intel and bitcoin,https://finance.yahoo.com/economy/policy/article/gop-lawmakers-portfolios-are-migrating-to-trump-favorites-like-intel-and-bitcoin-100000503.html?.tsrc=rss,Yahoo,2026-05-29 10:00:00,True,neutral,,0,0,0.0,lexicon
4b54189bb940,DIS,Intech Investment Management LLC Grows Stock Position in The Walt Disney Company $DIS - MarketBeat,https://news.google.com/rss/articles/CBMi3gFBVV95cUxPMkRVVDRfUjNaSjJ2VVY1ZHQ3RXN4MGR0bG5UTl9lZ0U0Tlp3dVBGY1V6aEdGYVJ4ODRiX2pGVXVkZGdSMDZKNmJmSmhxVUFXR09PdDBpQVJGdFlGLWp5VEdmb1NBY2hORFR4UmUtbVhyZ0VOaVY4UHVuLXJjZGkwS2NyVjYtRV9RVklXSGJFTWtjM1pMa1NYbFFxNDUyRlVwc21MTlJCNWxINU5oSTJWN3FCeUtSNzZXaUR2SC1KaEFMSW9kbjZMbVY1Z0JGY1F3MzUxS2I0NmRqZk12SkE?oc=5,MarketBeat,2026-05-29 09:59:09,True,neutral,,0,0,0.0,lexicon
7a9084c7f769,AXP,Intech Investment Management LLC Has $29.42 Million Stake in American Express Company $AXP - MarketBeat,https://news.google.com/rss/articles/CBMi4gFBVV95cUxPdTM4X2QwNzlaWEE1RllZdWRwaEZnWnNwUlRqTWFIVW0tQ0NDX1lxM3hFLU1YYnZRQjdKNnlHbjBrYnJBQmtSXzQteTBHZFJGc3MwWFhtd3V3WDdqX2ZVaTJwd1BEZElxd3NtWkx0U2NUWjNXRG0yYXlZNXVheHFCTHpDbS1HcUNaYjJQdUd3N0RCUXNGTjN0UnNIMW9PVU4tYkdSU1UxYnZOVVRqamlwdG0yYTU2TkktRDNmNmNScDBUNlRUbmxOZEFkTGtzNEswUDJCRWlJcHRnUXMyZEhqSHVn?oc=5,MarketBeat,2026-05-29 09:58:45,True,neutral,,0,0,0.0,lexicon
41d4a0810fc3,COP,"Republican lawmakers are trading like Trump, piling into Big Tech stocks",https://finance.yahoo.com/video/republican-lawmakers-trading-trump-piling-095800463.html?.tsrc=rss,Yahoo,2026-05-29 09:58:00,True,neutral,,0,0,0.0,lexicon
cf1b79137a9f,IBM,Why is International Business Machines stock up 5% today? - Investing.com,https://news.google.com/rss/articles/CBMiuAFBVV95cUxNVkhMZzhINlBCbXpyM0FhX0pNaERxdVljU0txeFRHdTJBNWIyTHR5N3hkRE1Jc3ZsQ1A4aVpQM0RueTdtR0RyQ3NyRGxfd1dwcWF6akx6Q05MRmxFdkc5eTBfM01zb213Y2NTN05RMWw5bUFVMzZVeTVsMHM5UU1MNklfTGpfdFRrdlYwakQ4aHdVNlJ3ZEl4RTJ0ZWl2ak5POGJlUUFQTG9TSzZqQnNuWnAtVmU5cFZp?oc=5,Investing.com,2026-05-29 09:51:32,True,neutral,,0,0,0.0,lexicon
d528cd34b91e,SBUX,"Huntington National Bank Sells 10,729 Shares of Starbucks Corporation $SBUX - MarketBeat",https://news.google.com/rss/articles/CBMizwFBVV95cUxQLUFWcXJjc1lpRmN1VVVpYXhrVUZKNllLelpHTVZaRkozdGphVUphRUx6VGtqOThGbkVjRnVWQVBhRXkzOGdUX0d3YTlKMjUzdjBlSmZfR2tYY0VEY0pkVS1fcXhLYjExZ3RJRVVUcW5xLVN2RjJ3MU0zblk3WmhQcGtvUk9VdXNKZUFmeVY3eTRUalhDZF9yZFlVTzlFYXdyc2hzVzNRbkNEYUxIN3ZWWVlHUUNpMnNFbVN4R2tOS1dYR3dYdUx3bzd1QzJyVkk?oc=5,MarketBeat,2026-05-29 09:46:44,True,neutral,,0,0,0.0,lexicon
7413052f38b4,BRK-B,5 Warren Buffett Stocks to Hold Forever,https://www.fool.com/investing/2026/05/29/5-warren-buffett-stocks-to-hold-forever/?.tsrc=rss,Yahoo,2026-05-29 09:45:00,True,neutral,,0,0,0.0,lexicon
9da046e6579f,AXP,5 Warren Buffett Stocks to Hold Forever,https://www.fool.com/investing/2026/05/29/5-warren-buffett-stocks-to-hold-forever/?.tsrc=rss,Yahoo,2026-05-29 09:45:00,True,neutral,,0,0,0.0,lexicon
40e69bcc3470,KO,5 Warren Buffett Stocks to Hold Forever,https://www.fool.com/investing/2026/05/29/5-warren-buffett-stocks-to-hold-forever/?.tsrc=rss,Yahoo,2026-05-29 09:45:00,True,neutral,,0,0,0.0,lexicon
8928a8b03bf8,BRK-B,"The No. 1 Holding in Warren Buffett's $786 Million ""Secret"" Portfolio Is a Bona Fide Millionaire-Maker (but There's a Catch)",https://www.fool.com/investing/2026/05/29/no-1-holding-in-warren-buffett-secret-portfolio/?.tsrc=rss,Yahoo,2026-05-29 09:26:00,True,neutral,,0,0,0.0,lexicon
ce6ff5ef5643,ORCL,"The No. 1 Holding in Warren Buffett's $786 Million ""Secret"" Portfolio Is a Bona Fide Millionaire-Maker (but There's a Catch)",https://www.fool.com/investing/2026/05/29/no-1-holding-in-warren-buffett-secret-portfolio/?.tsrc=rss,Yahoo,2026-05-29 09:26:00,True,neutral,,0,0,0.0,lexicon
c914d38296a8,MCD,Final Sponsorship Opportunities for Sustainability LIVE @ London Climate Action Week,https://finance.yahoo.com/sectors/energy/articles/final-sponsorship-opportunities-sustainability-live-091300764.html?.tsrc=rss,Yahoo,2026-05-29 09:13:00,True,neutral,,0,0,0.0,lexicon
9f93d5d4c7f1,SBUX,Alsea launches first Starbucks Smart Lounge in Chile,https://www.verdictfoodservice.com/news/alsea-launches-first-starbucks-smart-lounge-in-chile/?.tsrc=rss,Yahoo,2026-05-29 09:09:57,True,neutral,,0,0,0.0,lexicon
72e716082f0c,MA,AI-driven scam stores put retailers on alert,https://www.retail-insight-network.com/features/ai-driven-scam-stores-put-retailers-on-alert/?.tsrc=rss,Yahoo,2026-05-29 09:04:04,True,neutral,,0,0,0.0,lexicon
a3ca87406634,ORCL,"Zacks Industry Outlook Highlights Oracle, Intuit and Progress Software",https://finance.yahoo.com/markets/stocks/articles/zacks-industry-outlook-highlights-oracle-090400440.html?.tsrc=rss,Yahoo,2026-05-29 09:04:00,True,neutral,,0,0,0.0,lexicon
8ae7d3d1001a,PFE,Can AI crack pharma’s drug repurposing goldmine?,https://www.pharmavoice.com/news/ai-pharma-fda-drug-repurposing-research/821436/?.tsrc=rss,Yahoo,2026-05-29 08:54:30,True,neutral,,0,0,0.0,lexicon
b25e256b866d,COST,"Costco Wholesale Sees a Mixed Quarter, Misses Earnings Estimates - Barron's",https://news.google.com/rss/articles/CBMihgFBVV95cUxQd2llU285NHFxSGRMNkVGWDVRZFNBcnJIdGhNdXhvZ0wzakV5cmNjU2JubTNXYmczQ2hVWGlvWmhsQTNiT29NQ0IybTFZNWZxVXh5cUtUZG1aeENTQTF3SUhlZXJFSU13Yng1U2RVakFGQ0VZTjd6cG8xZThPcHNfemlYMXBnUQ?oc=5,Barron's,2026-05-29 08:50:00,True,bearish,,0,-1,-1.0,lexicon
57a0d96772de,QCOM,Key Themes to Watch at Asia’s Biggest AI Tech Show,https://finance.yahoo.com/sectors/technology/articles/key-themes-watch-asia-biggest-084911131.html?.tsrc=rss,Yahoo,2026-05-29 08:49:11,True,neutral,,0,0,0.0,lexicon
fc7fc159c6c3,GS,Transaction in Own Shares,https://finance.yahoo.com/markets/stocks/articles/transaction-own-shares-084200345.html?.tsrc=rss,Yahoo,2026-05-29 08:42:00,True,neutral,,0,0,0.0,lexicon
da611777d2a3,GS,Lenovo Doubles in Best Month Since 1999 on AI-Fueled Rally,https://finance.yahoo.com/markets/stocks/articles/lenovo-doubles-best-month-since-035714212.html?.tsrc=rss,Yahoo,2026-05-29 08:19:59,True,bullish,,0,1,1.0,lexicon
8e8700815997,SBUX,Geode Capital Management LLC Increases Stock Holdings in Starbucks Corporation $SBUX - MarketBeat,https://news.google.com/rss/articles/CBMi3AFBVV95cUxOakQweHhnWE9nZTZ5MkJpVE50b2lJb3JPLVdJeTFlQnpVOHJmTVZ6UEFVWmo0WnRkYmpwSWN4cnBPVEF3RElEQnBjSW5SendiUEJBMncyZDlqOWhQcENOUzRLUERCN2JkRVFhNkMyVEU0N1IzWmtQSG1RX2U5U3VQTHBUUGs1NGcwNzhFcGc3SkxrODZNMmYwVGpvYTZQZXlGUFE3bktXVFNoU0l6Z3hPLVVlaEJRdVRtc3FkVUNxdVptSEFQMlBOczYxZGVhRno2MHJRSzUtVWZ6UTdm?oc=5,MarketBeat,2026-05-29 08:17:17,True,neutral,,0,0,0.0,lexicon
282662bba866,GS,War and AI Demand Break China’s Record of Falling Export Prices,https://finance.yahoo.com/economy/articles/war-ai-demand-break-china-080758750.html?.tsrc=rss,Yahoo,2026-05-29 08:07:58,True,bullish,,0,1,1.0,lexicon
535b47e0f5ce,TXN,"Zacks Investment Ideas feature highlights: Micron Technologies, Sandisk, Vishay Intertechnology, ON Semiconductor, Texas Instruments and Analog Devices",https://finance.yahoo.com/markets/stocks/articles/zacks-investment-ideas-feature-highlights-075600929.html?.tsrc=rss,Yahoo,2026-05-29 07:56:00,True,neutral,,0,0,0.0,lexicon
2ec7f1aac7a3,PYPL,What PayPal Holdings (PYPL)'s New Travel and WeChat Pay Features Mean for Shareholders - simplywall.st,https://news.google.com/rss/articles/CBMi4gFBVV95cUxNeURwdU9CWkZmOWozU19UVmxTQlNiNFN3SVJqQ2ktV2dJRFJvUnNub2EwVFZLOEtrMERoUjdObEJ4SzFJN2FKYmlHRzVZOW9mTTJ2ZkpVakVFUjBoRXJVOFVxUTBxQkZCaGZrZU1Wd2hNXy1nNEU2Z2FPTEhlalNtNEQ1RlhsOWxfYVB5WGQyRXUyNjlpVXBLNTRPd1JmQnFha1VBNEhoT2NqRTZJRWxhR3hJbU1fdUR5MWg1QUx6MklHeWkzRlA0V2FYVnYzeEloamctRGJvNFJHOGlRYm9jZnRR0gHnAUFVX3lxTE41SjRBM20zeXdJbFVhbnVJYzZVbWk5S3RJRER2eml0Rk00anp5d2NQYXk3VmlHdGk5VmxNMHB3T0dDM1JPWEc1ZEE1ZDJ1YmxjQmM0X0ZGcDF1V1pYS194U3JtNklGYkUyUDIwS01xWWdGOXJQbU5ZeUdkN1lMOXFzUUh6Q1g4UXJWNlo3VEcwTzIzNFFrd2ppeEtadncwQTJXOEJDVnA4a3czZkd4N1JZQlVOVnZrQUwzOVZfamN6VVZ4VlhoSWVpLXNlM1FwSW1TVHQyckQzcXp6SlFGMEwtZkkxZ0tlTQ?oc=5,simplywall.st,2026-05-29 07:25:18,True,neutral,,0,0,0.0,lexicon
ff0847d5f4d6,CVX,"Exxon, Chevron heads warn of higher oil prices amid falling inventories (CVX:NYSE) - Seeking Alpha",https://news.google.com/rss/articles/CBMirAFBVV95cUxPaGxlanB5S0dPVUN0b2ZrMVFvSkMzLUZEeWNaWkhXYXM2MUNvOFd3WURxM0pZN0JJaTh1aHlxZzV1eUhibDItT1lURjhpN1lQbklkeW81VEtOQXdlVjNudXB5MnZWQTBHVl80Q1pVSWFvVFhSd09OSkJUNlNKUnJrUlRTZFhQdjctLUZrQW5lVVRwd1FPN2N4eDNzdG90MENWWFpNVjNlaHEtZ3Rv?oc=5,Seeking Alpha,2026-05-29 07:23:16,True,neutral,,0,0,0.0,lexicon
23bef7ead08c,UBER,UBER Stock Analysis - Cost Cutting & @UberEats Enough To Make The Stock A Buy? Reform Policies 2026 (1yWhDdjD30) - Mshale,https://news.google.com/rss/articles/CBMiW0FVX3lxTE0wR3JJdE9IR3J6VXc1LUYwWXFvVlJJTVRHMjRKV0h5V0hDMXNiMGVDaDJzWVlKbkdtOG1PZE1TUGVKbWZpTlN1Nl9ZSDlzVjF1TUR0a3RhTE16VFk?oc=5,Mshale,2026-05-29 07:19:26,True,neutral,,0,0,0.0,lexicon
b5fc7cf5f23a,PFE,"Pfizer, Innovent strike $10B cancer drug deal",https://www.biopharmadive.com/news/pfizer-innovent-china-adc-cancer-drug-deal/821444/?.tsrc=rss,Yahoo,2026-05-29 07:14:00,True,bullish,,0,1,1.0,lexicon
c8e3052b7a01,CAT,Is Caterpillar’s Blowout Quarter And Data Center Demand Altering The Investment Case For CAT? - Yahoo Finance,https://news.google.com/rss/articles/CBMipwFBVV95cUxQMEhOcnZ6M0FfQTlURzYwNGxVakp2Z0tVSVl5ZlNBcVVkcGxCUFljR2xnLS16OWtTeWFjNlA3bkJ1VVVaQ0F6YkZpWTZxLVlIdVk5aVEyZ0FVLUR2M3JRWGpxMXpUMDRyZVJQN1F3Zm4wQ3kzdFplNlgwV1JfWjRrcmFsbGhqRGI0ZlR5TXhJU29pRm9jTzB2VHEwWW51cW9LR2xxdFgxYw?oc=5,Yahoo Finance,2026-05-29 07:06:22,True,neutral,,0,0,0.0,lexicon
63febe9ed394,CAT,Is Caterpillar’s Blowout Quarter And Data Center Demand Altering The Investment Case For CAT?,https://finance.yahoo.com/markets/stocks/articles/caterpillar-blowout-quarter-data-center-070622991.html?.tsrc=rss,Yahoo,2026-05-29 07:06:22,True,neutral,,0,0,0.0,lexicon
854e72b5d252,V,Visa invests in Replit as companies plan payments integration,https://www.electronicpaymentsinternational.com/news/visa-invests-in-replit/?.tsrc=rss,Yahoo,2026-05-29 07:00:47,True,neutral,,0,0,0.0,lexicon
c63eebf956c0,PFE,Pfizer signs up to $10.5B oncology deal with China’s Innovent (PFE:NYSE) - Seeking Alpha,https://news.google.com/rss/articles/CBMinAFBVV95cUxOTWFjOHYxYXFYWjlqX0xMVUFNaEQySWh2WFBtVzBsQWlJUFozSFh2U1pBd1dEVndncmJrSVE2am9wWlpHSUhDOFpYQk1LU0xmVVA2Ulg1NFJMVkJTRlhkbWxvYmNlV1l0bk1YenRMNnE1ZDZmTXM5Q2tDVnAzUGZhVldPX0t5Q0NUdlhPLUxpazNhdzJ4eENacDd6S2s?oc=5,Seeking Alpha,2026-05-29 06:56:18,True,bullish,,0,1,1.0,lexicon
0252960ad718,ADBE,"Michael Burry Calls Adobe A ‘Fat Pitch’ In Latest Saas Analysis – Backs Firefly And AI Tie-Ups With OpenAI, Google",https://stocktwits.com/news-articles/markets/equity/michael-burry-calls-adobe-a-fat-pitch-in-latest-saas-analysis-backs-firefly-and-ai-tie-ups-with-open-ai-google/cZgSWDzRet8?.tsrc=rss,Yahoo,2026-05-29 06:39:09,True,neutral,,0,0,0.0,lexicon
8ac96754bcd1,NFLX,How Is Netflix’s Stock Performance Compared to Other Entertainment Stocks? - Barchart.com,https://news.google.com/rss/articles/CBMitwFBVV95cUxNY1hXQ1NHRlVuZmRXT25XSTRUNTZnMTdlZWd0QkRVVzRrQ0JJS2trM21WX1BIcUpSemVUeHRNUlpBTm55ekd0YU0weFc1aWd1OVViMVZNNk5vRWx3RGg1UmNXQnlCcE5iQ1pCM09tSktNaXZFWi1jMkg0U0x6SFJ2b24zV2YwMEZSOUN6blIzSTVnVFRvdTFZeHVDVURQeEJ5UUNlXzlTaGlzYWpaRTlxMUJZX0ZXMVE?oc=5,Barchart.com,2026-05-29 06:28:07,True,neutral,,0,0,0.0,lexicon
fdf4cf6f1f1d,NFLX,How Is Netflix’s Stock Performance Compared to Other Entertainment Stocks?,https://www.barchart.com/story/news/2192688/how-is-netflixs-stock-performance-compared-to-other-entertainment-stocks?.tsrc=rss,Yahoo,2026-05-29 06:28:07,True,neutral,,0,0,0.0,lexicon
ba3d08646711,NVDA,Is NVIDIA (NVDA) the Most Profitable Stock to Invest In? - Yahoo Finance,https://news.google.com/rss/articles/CBMinwFBVV95cUxNLWo3bHhoendKdjhiQWVqS1B6YU1YUHkzUkh4b0wtM2gxVkFNTlV5VFBGTkFBbkMxVXRCNWtvUjBVblNqeHU3QS1UYVUxbzdqdzVSdHE5bF9Edld0MGx3TVY3cFR0allLeWJyekZsYkhMZkszWlFoMmNLanlXOXYwY3FjSVZsZHZpenZKdDcxX01tQXFCd2s3Rll5NDFFUjA?oc=5,Yahoo Finance,2026-05-29 06:06:00,True,neutral,,0,0,0.0,lexicon
d9f0f77c3678,TXN,BofA Raises its Price Target on Texas Instruments (TXN),https://finance.yahoo.com/markets/stocks/articles/bofa-raises-price-target-texas-060444146.html?.tsrc=rss,Yahoo,2026-05-29 06:04:44,True,bullish,,0,1,1.0,lexicon
1e9b7eb0e5c5,LLY,Eli Lilly (LLY) Reports Positive Phase 1b Verve-102 Study Results,https://finance.yahoo.com/sectors/healthcare/articles/eli-lilly-lly-reports-positive-060437591.html?.tsrc=rss,Yahoo,2026-05-29 06:04:37,True,neutral,,0,0,0.0,lexicon
1ae639787a04,LLY,Eli Lilly (LLY) Reports Positive Phase 1b Verve-102 Study Results - Yahoo Finance,https://news.google.com/rss/articles/CBMioAFBVV95cUxOdmhMY3R0eVZPbVpyZ1ZQM2xRM3pFcnB6eHJ3RmRhbGpjUDFlQ05uVmhKMmZVdUFXUHFBMXZMZzY5NkFhZjd4b2hlTEEwU0UxUEUta3NBa0Z2dEI4ZWt0NnQxSE1zd3UyUm5BWExCZk5TTEZHVzBlcVZFd2xuWXp1NUcyam1YMkVLU3VTYV9nQ01mbk1kY0RlVXA3c1Y0T2p0?oc=5,Yahoo Finance,2026-05-29 06:04:00,True,neutral,,0,0,0.0,lexicon
0201b9f42fbd,MSFT,How Much Upside Can MSFT Stock's Growth Deliver? - Trefis,https://news.google.com/rss/articles/CBMiugFBVV95cUxOcVBKZkJpUzRhMHBXMGZpekJ5aG93c200U0VNRW42aU9PaV9uZGZaNDFmbGdhcmR5bVJUMTY4VTRiMXdNWUszaFJjSWpxLXBzU0xlanh6cmZ4dGxldHJMN3pkd3hkVnNRNlEtdjBXUm1MYXliYktwRm1obG1ZUktuTS0tLVY5VEZqNlBPSzg0LTl6T0lwTk5xaUdRN1doa25yZVAzVnVLdVJPTkd2Z3c4SlN0MlFIR1RqdEE?oc=5,Trefis,2026-05-29 05:59:22,True,bullish,,0,1,1.0,lexicon
8cf6236a55ef,GS,"Samsung, SK Rally Sparks Forced Selling as Funds Hit Limits",https://finance.yahoo.com/markets/stocks/articles/samsung-sk-rally-sparks-forced-002523980.html?.tsrc=rss,Yahoo,2026-05-29 05:46:05,True,bullish,,0,1,1.0,lexicon
e1cf4f6c2b5c,ORCL,"If It Walks Like a Bubble and Quacks Like a Bubble, Then It’s Probably a Bubble",https://finance.yahoo.com/m/e6a988c6-fba7-35ee-9991-7f7e168ffe62/if-it-walks-like-a-bubble-and.html?.tsrc=rss,Yahoo,2026-05-29 05:30:00,True,neutral,,0,0,0.0,lexicon
872091d3bbcb,F,"If It Walks Like a Bubble and Quacks Like a Bubble, Then It’s Probably a Bubble",https://finance.yahoo.com/m/e6a988c6-fba7-35ee-9991-7f7e168ffe62/if-it-walks-like-a-bubble-and.html?.tsrc=rss,Yahoo,2026-05-29 05:30:00,True,neutral,,0,0,0.0,lexicon
5322a5a59520,BLK,"TSS Stock Jumps 11% After Hours: Here's What Is Going On - BlackRock (NYSE:BLK), Dell Technologies (NYSE - Benzinga",https://news.google.com/rss/articles/CBMirwFBVV95cUxNekt6ZDN6RVlrdFNzMHo5X2lwWG1ONTdaQ0tmcmJQTEt0cUJNbFVFdFVPelhKV1VsUGE3Z3Y0cFpySzM4cnJiNVNSek9waV9mYWJZWDFjSG10WDQ1TXF6ZEtCMi1veTd2QzV2Q25IdWx1VWVhVUVXdWhyeW0wM19mc0s3TEQ5M3RUVzJvc1FibkttRHpZR3lsb2VXTDVWUC1IN3dOTHFzdWw5MXJwb2p3?oc=5,Benzinga,2026-05-29 05:26:35,True,bullish,,0,1,1.0,lexicon
a3f9629fdb29,ORCL,"Guidewire Software and Varonis Systems Shares Are Soaring, What You Need To Know",https://finance.yahoo.com/markets/stocks/articles/guidewire-software-varonis-systems-shares-052600034.html?.tsrc=rss,Yahoo,2026-05-29 05:26:00,True,neutral,,0,0,0.0,lexicon
069d038b19c4,ORCL,Why SoundHound AI (SOUN) Stock Is Up Today,https://finance.yahoo.com/markets/stocks/articles/why-soundhound-ai-soun-stock-051800605.html?.tsrc=rss,Yahoo,2026-05-29 05:18:00,True,neutral,,0,0,0.0,lexicon
ed4f4d371c47,CRM,EC-Council Launches ADG AI Framework and Self-Assessment Tool to Help Organizations Secure and Govern AI at Scale,https://finance.yahoo.com/sectors/technology/articles/ec-council-launches-adg-ai-051500188.html?.tsrc=rss,Yahoo,2026-05-29 05:15:00,True,neutral,,0,0,0.0,lexicon
5a09125ecf0e,ORCL,"Oracle (ORCL) Shares Skyrocket, What You Need To Know",https://finance.yahoo.com/markets/stocks/articles/oracle-orcl-shares-skyrocket-what-you-need-to-know-051000990.html?.tsrc=rss,Yahoo,2026-05-29 05:10:00,True,neutral,,0,0,0.0,lexicon
b4bb85edfaa3,ORCL,"Oracle Stock Jumps 6.7% In A Day, Things To Be Wary Of When Buying The Stock - Trefis",https://news.google.com/rss/articles/CBMi3AFBVV95cUxQU3VTXzctZEJhU0lXN09iNl94aDRhWTZFX3MzY1dyaFkyMlR1eUc1a3Bvakx4aG5kS0lZUjRaUDBWVGlIOEdwNHI4NDBVSXgycTJCY1VTT2hRMEVMdmRGYmg1YnREVVgwZmpwR2RHS2tyQmEwYmU3RThhRmMxLTA3WFBBckRDby1SR0NkQnNhSlZfbXlzZ1ctcXpqYjdlQ0ZkQzVmYWVNeWhNSXQ5TXd2LTVoR3FGeHpneWlFRDVWWjJORy03UmtMXzB0VTh4SDl5b3dyNFFKU2RLQWZq?oc=5,Trefis,2026-05-29 05:09:32,True,bullish,,0,1,1.0,lexicon
b008ee054a03,COP,BW LPG Limited Announces New Board Member,https://finance.yahoo.com/sectors/energy/articles/bw-lpg-limited-announces-board-050400620.html?.tsrc=rss,Yahoo,2026-05-29 05:04:00,True,neutral,,0,0,0.0,lexicon
22d6956ef8e2,BAC,A Look At Bank Of America (BAC) Valuation As CEO Eyes 15% Q2 Trading Revenue Growth,https://finance.yahoo.com/markets/stocks/articles/look-bank-america-bac-valuation-050331329.html?.tsrc=rss,Yahoo,2026-05-29 05:03:31,True,bullish,,0,1,1.0,lexicon
b09997a19319,MRK,How Investors Are Reacting To Exelixis (EXEL) Expanding Beyond CABOMETYX With New Colorectal Cancer Trials,https://finance.yahoo.com/sectors/healthcare/articles/investors-reacting-exelixis-exel-expanding-050313073.html?.tsrc=rss,Yahoo,2026-05-29 05:03:13,True,neutral,,0,0,0.0,lexicon
0fb505aa7694,BAC,A Look At Bank Of America (BAC) Valuation As CEO Eyes 15% Q2 Trading Revenue Growth - Yahoo Finance,https://news.google.com/rss/articles/CBMinAFBVV95cUxQeUZRbGtNNHBJMzRzZzk1UHBrMGZxaW5pMExDalMtRWt0TGM3d2lLSkxFV3UwcXlEM21YQkJJbFF4NzZwT0h4ek1BZE9CVURYTllfbHVqR0F0VWVxXy1SUDFHN0VnRUkwWElQeG82cl9EanNwMHNSZU81TVhTLWp2U0R4amF2WVBTRC1zSEM2MGc5N1RraHpRRGkzdzU?oc=5,Yahoo Finance,2026-05-29 05:03:00,True,bullish,,0,1,1.0,lexicon
0b733bd4531a,ORCL,"Workday and Doximity Shares Are Soaring, What You Need To Know",https://finance.yahoo.com/markets/stocks/articles/workday-doximity-shares-soaring-know-050200003.html?.tsrc=rss,Yahoo,2026-05-29 05:02:00,True,neutral,,0,0,0.0,lexicon
da0270acf4cd,IBM,IBM Stock Gains Amid Plan To Invest $10B For Large-Scale Quantum Computer By 2029 - Stocktwits,https://news.google.com/rss/articles/CBMi3gFBVV95cUxNUjlyZU1URzNDam96Zy0xSDAtdTNVU1gyZVZBdU9rcVNhZWpCNHQ2djZOYnRuaFlTTl9fa291U2dmemNEUnYtcEF0T0tCTVBzODltSURJbFE3X3R4YW9raEdpOVNUVlFsVzIxMjQ5djlpa2RnTy1nZ1NXTUR3Zk9INVhWOUl5cmxsZDBNSGRlcm1yMzl6WnRTdWF5UE12ekY4cWF5Z2laOF90OXc0Vmk5SS1WUHNFc21TUmpDcmtqanZwQUZJVHM2T0N5SUZ2d3B4RHRqaTRPQmhOV3g4bkE?oc=5,Stocktwits,2026-05-29 05:01:16,True,bullish,,0,1,1.0,lexicon
97e848a87c33,BA,Park Aerospace Corp (PKE) Q4 2026 Earnings Call Highlights: Strong Partnerships and Financial ...,https://finance.yahoo.com/markets/stocks/articles/park-aerospace-corp-pke-q4-050111609.html?.tsrc=rss,Yahoo,2026-05-29 05:01:11,True,bullish,,0,1,1.0,lexicon
d022bbe0808f,MSFT,Best 3 Blue Chip Stocks to Buy After a Market Pullback -- Including Microsoft (MSFT) Stock - The Motley Fool,https://news.google.com/rss/articles/CBMimAFBVV95cUxNR3VORW1LOUpFS1NtWkdjcTNHYnUwVUtNbExiZW1fN3FlczBCT2J0UVlXeS15VzJ2OWlvNFJqWDNpdHduVTFHVVhyRFpPOGhWdjg5aGprRTdlVTNVTzdLRGdwLWVnVVFGdm44bmpHVWFiajVkN3dZQlRLMmFkck1jQnoxT0p5STM2UnE4NzB1ZmtMb1g1bUZpRQ?oc=5,The Motley Fool,2026-05-29 05:00:00,True,neutral,,0,0,0.0,lexicon
5fef7178fdd4,ORCL,Why Shopify (SHOP) Stock Is Up Today,https://finance.yahoo.com/markets/stocks/articles/why-shopify-shop-stock-today-045400859.html?.tsrc=rss,Yahoo,2026-05-29 04:54:00,True,neutral,,0,0,0.0,lexicon
8235ff584c36,GS,The S&P 500 Is Forecast to Climb as Earnings Growth Powers Stocks Higher - Goldman Sachs,https://news.google.com/rss/articles/CBMitwFBVV95cUxOT21BbEYyM2ZUU1h5XzV5R2NBY1pOa056MUc5Q0xqbTFwYzg4cFFrMnk5bVBLcm4wQlhGb3lqTUJGYnlzLWRBZ0x5VXVJNWpHU0hIaEFxM2YtV1JJVHJxVTR4YUQtT3FzNXpWeTNYb29fTi1oQ295aDdyQXZlMjlXVmRMNkxBTTdtZjFKcHg5c1JKb0N5YTQzN0QtY2Y3YTF6R0R3bnpveHpjX25KRFBIVWJtbi1BTVE?oc=5,Goldman Sachs,2026-05-29 04:46:08,True,bullish,,0,1,1.0,lexicon
c051923901c0,PG,Is Procter & Gamble Stock Underperforming the S&P 500?,https://www.barchart.com/story/news/2191606/is-procter-gamble-stock-underperforming-the-s-p-500?.tsrc=rss,Yahoo,2026-05-29 04:36:42,True,neutral,,0,0,0.0,lexicon
707d3a0a61f3,PG,Is Procter & Gamble Stock Underperforming the S&P 500? - Yahoo Finance,https://news.google.com/rss/articles/CBMipgFBVV95cUxNTHhwdHpiU0JZMmRvVExoaWU3RzVqNFhJeU9FN0RZR0ZmTm9nN0dOSnIxcTREYlVWSjFwNWFKT19SWHg3SENvUGFWWGp4TXRaR1gtYUFqZUFzSUxpUHlEQkhPLW83azQ2eXlLby1URHhhTFBNMEVsYlNYREZSLWY5YTlLTmtwdTZKd0Y2eTd3UTkycFlGaVdnd01hWEZTbVJVV3d2U0Z3?oc=5,Yahoo Finance,2026-05-29 04:36:00,True,neutral,,0,0,0.0,lexicon
f1c2f6926aa1,MA,How Is Mastercard's Stock Performance Compared to Other FinTech Stocks?,https://www.barchart.com/story/news/2191425/how-is-mastercard-s-stock-performance-compared-to-other-fintech-stocks?.tsrc=rss,Yahoo,2026-05-29 04:05:30,True,neutral,,0,0,0.0,lexicon
bb226fd5af44,MA,How Is Mastercard's Stock Performance Compared to Other FinTech Stocks? - Barchart.com,https://news.google.com/rss/articles/CBMiswFBVV95cUxON0pvRnM1ZE10M1IxWU5KQjhRODJOTXhMbldZc2I4MUpZU2J4dklmdFd2TDdQUThDQVpwdE54NW5PMDZlR2N4MW5tQ1RmN29HamRodFFOdU9wOXozNUFMaXZDWDlLdmljMXhsMUlwVzNDRkpIV0pTV3dTdlBDQzFDTkJYak9lMFBWREZsdWpSYlJRYUd5MUNOcnJ0SUtFR1VuSHdDWVFReU9xQnR5SU9KX0xUVQ?oc=5,Barchart.com,2026-05-29 04:05:30,True,neutral,,0,0,0.0,lexicon
0850e637d531,UNH,UnitedHealth Beats Q1 2026 and Raises Guidance - Is UNH Stock a Buy After Jumping 8%? - TradingKey,https://news.google.com/rss/articles/CBMitwFBVV95cUxNeVh0WFN6TXVzUmhmdTNvWGdpOXJxdmFLUml1V09vZi1zSHZTMDduOUhZUXdWc2h1d3U5QnJUZDl4aHJqZXplcndqZnlIYmlvb0x0eVdSaHFEN1FrcENkV0s3N3BYM0g2NndDUmtJeVZnZnlOcDh6NXJXLVB0ZE1UVjZYLXBXRUt1WXAxQ1FMY1YwbmVpMWhkaV8wb2swaGs2VFVKekkySHVyT2hKYzNrcnJ2X3UwZEE?oc=5,TradingKey,2026-05-29 03:53:03,True,bullish,,0,2,2.0,lexicon
422f2f636867,MSFT,"Microsoft (MSFT) Stock Trades Up, Here Is Why - Yahoo Finance",https://news.google.com/rss/articles/CBMinAFBVV95cUxPRExCemFOOV9Wd1NBXzUweVhRSExocFF2NzBvR2VabjdvSFJUd3ZqeGd6aTBPc2V0Y05wWUloTVJwMFJTZ1hvSC05RUlLMmJFTmhWOGYydnRjazBPOFEzeG5Ec1hDUTVwUU1JV0R1WkJqRU5zT05BZGJmSTZ5Y2Uzb0h1Tm13MUNrUC1Da0p6WXd0WVF6YWpTY3JnUWI?oc=5,Yahoo Finance,2026-05-29 03:34:00,True,neutral,,0,0,0.0,lexicon
6a6af3cd492c,WFC,"Wells Fargo Keeps Improving, But The Upside Looks Weak (NYSE:WFC) - Seeking Alpha",https://news.google.com/rss/articles/CBMimgFBVV95cUxNMUVWNkcyXzhObUxCc3V3SzlBTlQ5S3R3LU5lSDhQQzhzRDFSTkpCYmZCNkVIVkpEenBOTC05bk5qaU1OU0UybHRjSEoxdU4zVTRsZi1GSmlYNGRpVHdmem9iRWpqckhJTUducDlQaE9uU3lSZ0c3TjA5TmZiNTNMZkFlMkpQbFBqdkctZEc2Y1hoSmRWNkJobk1B?oc=5,Seeking Alpha,2026-05-29 03:31:14,True,bearish,,0,-1,-1.0,lexicon
dca869d4743e,MRK,Merck Rose 6% This Week. Here’s What Could Drive the Stock in 2026 - TIKR.com,https://news.google.com/rss/articles/CBMikwFBVV95cUxNNmswUkJOMHo0YWxtTHB3NnZWV1NvMnMxYmk3SnFRZkNhQzJDbGRPaTZHQ05OWUpVVGduaHREVU90bHcxaTVQaE4zZC1adDNPS2ZFNWxmSFNwcUsyQm8tTEVwdGpwbm9lYzRwV1lLODB5cFZDN19zMzZMMnU3dmNvb2E4Z3VzZTgySmREaXVXOXlrMWc?oc=5,TIKR.com,2026-05-29 03:14:21,True,neutral,,0,0,0.0,lexicon
72a236fbdb9f,BA,Boeing’s SkyGrid Moves Into U Space And Advanced Air Mobility,https://finance.yahoo.com/markets/stocks/articles/boeing-skygrid-moves-u-space-031002854.html?.tsrc=rss,Yahoo,2026-05-29 03:10:02,True,neutral,,0,0,0.0,lexicon
03bcb0012e12,PEP,Pepsi makes big change to counter Coca-Cola,https://www.thestreet.com/retail/pepsi-makes-big-change-to-counter-coca-cola-smaller-portion?.tsrc=rss,Yahoo,2026-05-29 03:07:00,True,neutral,,0,0,0.0,lexicon
6877cc2e53aa,KO,Pepsi makes big change to counter Coca-Cola,https://www.thestreet.com/retail/pepsi-makes-big-change-to-counter-coca-cola-smaller-portion?.tsrc=rss,Yahoo,2026-05-29 03:07:00,True,neutral,,0,0,0.0,lexicon
b7730bdf8b54,CRM,Analyst warns Salesforce has an AI problem,https://www.thestreet.com/investing/stocks/analyst-warns-salesforce-has-an-ai-problem?.tsrc=rss,Yahoo,2026-05-29 02:33:00,True,bearish,,0,-1,-1.0,lexicon
52a27e7b10ca,UBER,Progressive vs. Lemonade: Which Financial Stock Is a Better Buy in 2026?,https://www.fool.com/coverage/better-buy/2026/05/28/progressive-vs-lemonade-which-financial-stock-is-a-better-buy-in-2026/?.tsrc=rss,Yahoo,2026-05-29 02:32:31,True,neutral,,0,0,0.0,lexicon
d57f64725a07,V,Is Visa Stock Underperforming the Nasdaq?,https://www.barchart.com/story/news/2190970/is-visa-stock-underperforming-the-nasdaq?.tsrc=rss,Yahoo,2026-05-29 02:28:33,True,neutral,,0,0,0.0,lexicon
b301cffdce6f,V,Is Visa Stock Underperforming the Nasdaq? - Yahoo Finance,https://news.google.com/rss/articles/CBMinwFBVV95cUxOMEdWbUU0ejNMMVNfY2NHVV9URldXUW84NG5sNlcxUV9JQnl5WmxUcHJWSEl2Z3k5SXlZRS04dU9TeFRIcWpNcjd3WUtDVUwwdG5SeWVGdElEZVJGQ3IyWGtubnhoU3N3S29PY3BSemYxSDFTTVFYMVROREVsS2pHUjhSaUlVMlVJbHJqNkFkUTZ5NEhFYTNoWGduV0NXQ1E?oc=5,Yahoo Finance,2026-05-29 02:28:00,True,neutral,,0,0,0.0,lexicon
cc6951c69acb,QCOM,Stellantis Deepens Global Tech Alliances To Advance Software Defined EV Platforms,https://finance.yahoo.com/markets/stocks/articles/stellantis-deepens-global-tech-alliances-020659913.html?.tsrc=rss,Yahoo,2026-05-29 02:06:59,True,neutral,,0,0,0.0,lexicon
3c84f244ee7d,ADBE,Adobe Analytics Praise And UK AI Sales Data Shape Investor Story,https://finance.yahoo.com/markets/stocks/articles/adobe-analytics-praise-uk-ai-020414144.html?.tsrc=rss,Yahoo,2026-05-29 02:04:14,True,neutral,,0,0,0.0,lexicon
782bddb09812,WMT,Is Walmart Stock Underperforming the S&P 500? - Barchart.com,https://news.google.com/rss/articles/CBMikgFBVV95cUxPQ0xKMkVZZElDTFZ2SWl4aDBiMjJJZE9fRDJ5a1k2TXJrQjYxbHJjMGhJeTRkeF9wc09qRnpjQmIwUllnZ2ZreWpUcWg3aTFoS01faGRqd2ZMTzFIaFRpeU0xRFh5TXFhTVkxYi1ENXMtZk5hcU9oSFc1M1ZrNE1lbkF1VURsTWlFS3RsRWdhbTZ1Zw?oc=5,Barchart.com,2026-05-29 02:04:07,True,neutral,,0,0,0.0,lexicon
75d19a4cf79b,TSLA,TSLA Stock Slips After-Hours: Waymo's Massive Robotaxi Lead Casts New Shadow Over Tesla's FSD Push - Stocktwits,https://news.google.com/rss/articles/CBMiswFBVV95cUxQMU9XUWdfQ05IbC1DcVdnTjVtcldQazlLT1AycXdaNUFYT2pXSmw3TDhSY3N0OHRwV1Qzc09NTTdMaE8zYmFxQ0g3SUxQVEswMXlmRS1sdmt4Q0NJazluWWR6ay0wdmZYOHAxN2JRX282YjNENjN3alp5d1Q2b21feFFFUXRtSWdPUjZWTjRTbE15QkxfS0JqcW1kSjRjY1p6eTVxTjJMSmxTeEJDNWVfd2ZrVQ?oc=5,Stocktwits,2026-05-29 01:51:59,True,neutral,,0,0,0.0,lexicon
203aa549b281,LLY,Why Eli Lilly (LLY) Stock Is Trading Up Today,https://finance.yahoo.com/markets/stocks/articles/why-eli-lilly-lly-stock-015000135.html?.tsrc=rss,Yahoo,2026-05-29 01:50:00,True,neutral,,0,0,0.0,lexicon
21aeea0097de,LLY,Why Eli Lilly (LLY) Stock Is Trading Up Today - Yahoo Finance,https://news.google.com/rss/articles/CBMikgFBVV95cUxOVG9xa2s0OEFOMFJZcDlkVTZVeXVDdVBXN3pacnFIdlpmcVFtbE1lRGZxeW5NXzNvSEVpZDhXcTdmYkducF9nQ1dxaGZhODJVYWoySWtVZ0NwZUtwSkppdUk3TmRvdmowRC0wVWlZeFg2TDNhRGtyM20yakJCTmN5SGl1eXJQeDVSS1k5aU15TXZ3QQ?oc=5,Yahoo Finance,2026-05-29 01:50:00,True,neutral,,0,0,0.0,lexicon
97b86c5a5146,BAC,5-star analyst sets jaw-dropping Nvidia stock price target,https://www.thestreet.com/investing/stocks/5-star-analyst-sets-jaw-dropping-nvidia-stock-price-target?.tsrc=rss,Yahoo,2026-05-29 01:37:00,True,neutral,,0,0,0.0,lexicon
d0c712b87169,BAC,Analyst resets Workday stock forecast on hidden AI risk,https://www.thestreet.com/investing/stocks/analyst-resets-workday-stock-forecast-on-hidden-ai-risk?.tsrc=rss,Yahoo,2026-05-29 01:03:00,True,neutral,,0,0,0.0,lexicon
f6fad0d533d7,GOOGL,Alphabet (GOOGL): The Best Strong Buy Stock to Buy and Hold for the Next 5 Years - Yahoo Finance,https://news.google.com/rss/articles/CBMimwFBVV95cUxNYnBiZGpjS3lDbjM5eFJmNXNuVUhZREp1ZDJTVzZEbDRQYnBEWHJZWWdMWHFsRzRubmJTY1BRVGtzSlJRSWRjTHVBUmo1VGhrN2tFOUNjc3EycEtGZ1Yya19PTFlBdEtFajZ3UWx5YkZyYXA0c3ZxQjNYWENKZmxYNkR0UWtEV2NVZTN2VE8yOGVUbUI0MFJydmJLcw?oc=5,Yahoo Finance,2026-05-29 00:52:00,True,bullish,,0,1,1.0,lexicon
06988476bcd9,UBER,Uber Technologies (UBER) Explores Delivery Hero Takeover,https://finance.yahoo.com/markets/stocks/articles/uber-technologies-uber-explores-delivery-005113880.html?.tsrc=rss,Yahoo,2026-05-29 00:51:13,True,neutral,,0,0,0.0,lexicon
c0ff84efb146,UBER,Uber Technologies (UBER) Explores Delivery Hero Takeover - Yahoo Finance,https://news.google.com/rss/articles/CBMiqAFBVV95cUxQSzI5M3MxNm1EanpiLTlqamR3VGxuekpGMXRPWkZJWXZqaU9MLWZwbzFzOXV3dEwyVzRVSzEzSUdKTk44WGROMUN3c0d2OVRWZmZJamwxN05LZC1BdXNPRkNFbjVqSmVQc2NLV3FxcnZIdEJ0T3BSOVV0WGpITlVPLVo1NFkxTElyYzU3Vmc5ZzBBU2RSYXZpYnptUnozMmkyeTIyQnlIYnc?oc=5,Yahoo Finance,2026-05-29 00:51:00,True,neutral,,0,0,0.0,lexicon
03431d849b89,MSFT,Here’s Why Microsoft (MSFT) is Among the 12 Strong Buy Stocks to Buy and Hold for the Next 5 Years - Yahoo Finance,https://news.google.com/rss/articles/CBMilwFBVV95cUxNZFJXYTcxN2xBSHBZLXBxRFNwdVhtSHdiVkN5VTVVX1gtX1doWFVQaUZITDhERWwtZ1dGam9nbXVYTEtsS3lPa2RiVlBBbHZGMTdQajZHUWZSR1J0V2g0c2pqc0lPcHJiWE5HTnFhWDJlRHV4VmFvay03eWdFY0RSaUNpcVFmRzB3cDJtakt4czZuQzFKUU84?oc=5,Yahoo Finance,2026-05-29 00:50:00,True,bullish,,0,1,1.0,lexicon
895ef045cc63,CRM,Glean’s top line crosses $300M as AI budget cutting becomes its major selling point,https://finance.yahoo.com/sectors/technology/articles/glean-top-line-crosses-300m-004437964.html?.tsrc=rss,Yahoo,2026-05-29 00:44:37,True,neutral,,0,0,0.0,lexicon
0db57d3e2f58,AXP,Amex Announces Filing of Feasibility Phase 1 Technical Report for the Perron Gold Mine,https://finance.yahoo.com/markets/commodities/articles/amex-announces-filing-feasibility-phase-003500363.html?.tsrc=rss,Yahoo,2026-05-29 00:35:00,True,neutral,,0,0,0.0,lexicon
3157ff3d5fce,BLK,BlackRock’s Record Bitcoin ETF Block Trade Highlights Shifting Institutional Positioning - simplywall.st,https://news.google.com/rss/articles/CBMi1gFBVV95cUxPcTFxc3ItWG1yVzNNT3NYOW81SWFIQnJVQnhYWVYxT0UwSi03NTdWOUZMZzRIRDZjMzl4a1ZOdmY2UV9PQWtCWGE0VEYxamsxenhSVW40RXI3TmkwNGF6QjY1TWlFdlNDWUxoYy1WY2hsQVJWSHZZTEhpWTlOMy0tblJ6NlFQTFJTNUZwMDhjb1FSUVN5eTI1cFU5RW1nUF9Dc3NKSUx6YWFCOWUyTFJLeUhacVNGVWZuSTFJbVhuRGxObWJYdzhhUG1uTklSeGhVdDF2dlNn0gHbAUFVX3lxTFB3alN2aUh4R2NfS3ZCay1yczlGa3lLSy1EekdVaUlfQi1ySjlSdk1qS0VKaVN2clBoZldEYkpPNkc5dDhEM00xWU9hTmJwQmZuMUZjWVFsVnRiVjNxQ1J6Zm9MXzdXRXNNTlhJcTF0YlRXNDdCVW9seU81QnA1YURwNllyM2RYeVA0TVNkbE5pVFNScTJkS1VSX0wwa2l6THFpcmd4cmR2ZEtfem1kNVFxM3RobDlEaTM2UGVzOTRnT01hLXcxc29xd2pQMlVsT3FUSnVWaXNqT21tZw?oc=5,simplywall.st,2026-05-29 00:33:47,True,bullish,,0,1,1.0,lexicon
9d964f2f60e8,UNH,Berkshire Exit Tests Confidence In UnitedHealth Turnaround And Earnings Story - simplywall.st,https://news.google.com/rss/articles/CBMi0gFBVV95cUxNaHNUSjJ5b19nNHl1dGsxSGhSSGRONzREUkVySWlXSV9CVEJxanFGT1JLUFBTXzE4ejhaZFlfQ1VkMm5UcGtQREtzZVdveHZBU0RxSnhXc2FVanBiNTZpRXdDZVhsRkJWY2thM2REUTFESE1zVDg4X0dWT042VmFlOE5uZG9lSWxzaVNvd1VPeFBaVzFkb1QyOHA5OHE5WXFzc3ktb1pjSmtUWTdIYWktQkhjYUxiUHk2REdSODBYM2pUZkhMckhGNURyak5xbXppYlHSAdcBQVVfeXFMTzZzeWRLS190bV9JdDkzb1JOWlRrOG16OWZwdjcwYVhSaXlHbjZJWEhqZFVaVjBybnV3RlVqcXd2UnA0emhFTUJJR0hsM0RsMTVNXzl6eE9nRFVUX0ZNLWhmcXE0STJncVN4WDRyS2dWRDU4dnhqSUJpQ3FuOXZkc0FCLXlkX2xmRkRwMDVrcHc2RENjT1cxcUZEc3k3WVNJcU9jZ2VtUWs0MWctMDdQRUdLd0Y4Vnl5LUhWVTdXUlI4UUI0UmpQZEFuOUItZDhENXN5ZzluZXM?oc=5,simplywall.st,2026-05-29 00:27:42,False,neutral,,0,0,0.0,lexicon
5a1e893b29b8,CSCO,ePlus inc. Q4 2026 Earnings Call Summary,https://app.moby.co/home/research/tools/earningsCalendar/earnings-eplus-inc-q4-2026-earnings-call-summary?utm_source=yahoo_finance&utm_medium=rss&.tsrc=rss,Yahoo,2026-05-29 00:15:43,False,neutral,,0,0,0.0,lexicon
559015fab282,AXP,History of American Express: Company timeline & facts,https://www.thestreet.com/investing/stocks/history-of-american-express-company-timeline-facts?.tsrc=rss,Yahoo,2026-05-29 00:03:51,False,neutral,,0,0,0.0,lexicon
8e8d1a851625,BA,"Think Together Awarded $125,000 Grant from Boeing to Expand STEM and Workforce Readiness Programs in Afterschool and Expanded Learning Programs",https://finance.yahoo.com/economy/policy/articles/think-together-awarded-125-000-235000487.html?.tsrc=rss,Yahoo,2026-05-28 23:50:00,False,neutral,,0,0,0.0,lexicon
cc67247193c3,XOM,"NextEra Energy, Inc. (NEE) Sets Sights on Growing Data Center Opportunity on Dominion Energy Acquisition",https://finance.yahoo.com/sectors/energy/articles/nextera-energy-inc-nee-sets-234858811.html?.tsrc=rss,Yahoo,2026-05-28 23:48:58,False,bullish,,0,1,1.0,lexicon
2026741243e6,MS,"Morgan Stanley Raises ADT Price Target, Keeps Equal Weight Rating",https://finance.yahoo.com/markets/stocks/articles/morgan-stanley-raises-adt-price-234824730.html?.tsrc=rss,Yahoo,2026-05-28 23:48:24,False,bullish,,0,1,1.0,lexicon
a7757cb66e05,GOOGL,Anthropic Just Delivered Spectacular News For Amazon and Alphabet - The Motley Fool,https://news.google.com/rss/articles/CBMimAFBVV95cUxPYVF0d0NLTF9aNTBKT2VLMG5yd1EtOU9jOWlqZDg5b0hmYVZYMEZtOFo0UEw5QmxRaGcyalJkU25HYmx4MVkyQ1laa040LWlQZ3VsQVR0bzVGLWwtdFNPMF9oMVVOV2NtZk8tVEpUWV9oWEhUakRVTHdRdkVOaHU5RzlaMVh4SV9QYVdCR1JYRk1GZGZWWkVNaQ?oc=5,The Motley Fool,2026-05-28 23:45:00,False,neutral,,0,0,0.0,lexicon
641cdee24378,CRM,Analyst warns Salesforce has an AI problem - thestreet.com,https://news.google.com/rss/articles/CBMijgFBVV95cUxOZFRPTzBkRHpIamwzZlMzQXpydjhfVHpjTlVrSTBNSTBJdjQ2allLaURpSDE4ek5SUy13bmkzQ2Z2Sm1BWEFxLTN0ckJlSnlhTVBkcHVQb0c0MUF5SnlGTldCTmN2NkVmbHZuTHNhQlJsTVB3LWs0MUtYdmZKT0tqLTRidy1pNzVtOWhGRVZ3?oc=5,thestreet.com,2026-05-28 23:33:00,False,bearish,,0,-1,-1.0,lexicon
ce059687e8ee,INTC,Intel Has Tripled in 2026. Here's 1 Reason It Could Keep Going. - The Motley Fool,https://news.google.com/rss/articles/CBMilwFBVV95cUxNUXF2blVfZWJPazZPcG5UOXdiUW1NVS1aMEtmQkU4RngtWUJxM0NfRW8yTDlZSjlUb1QzUVl6TE5NZ25LMzlxMVJYNXAxMGNrTXdKZ1ZFOE5zOWJHOEtJcE40VVlxU3EzbFEtLXRCRDd2ejZDWVg4Wk85NGhudnNHNnlCbktmQXZGZUt4akNxdHU4elBCbVpN?oc=5,The Motley Fool,2026-05-28 23:31:00,False,neutral,,0,0,0.0,lexicon
3c0780fc064e,F,Ford Stock Is Moving Like Tesla Now. Its Results Can’t Justify the Premium. - Yahoo Finance,https://news.google.com/rss/articles/CBMilwFBVV95cUxPcVhiSEpsOFk5MXFqMnBRcEZuV3pkNXhZQU5qd1lJNUVzVXFwcVhRVlZFM3IwVWhJMGpHelJ0aEZjTEJJUm9QMmJRSklIbjdGUjdhN051UHlOZnhnaHVpdkdpcUlaYmhHSkstdU83VWhTZ2VSUHRzNnNzQVNDemNjQjJ1ckZDNzVuY09xTVpQWmlmeHpqbnRn?oc=5,Yahoo Finance,2026-05-28 23:30:02,False,neutral,,0,0,0.0,lexicon
3d9aa7877b0a,F,Ford Stock Is Moving Like Tesla Now. Its Results Can’t Justify the Premium.,https://www.barchart.com/story/news/2189318/ford-stock-is-moving-like-tesla-now-its-results-cant-justify-the-premium?.tsrc=rss,Yahoo,2026-05-28 23:30:02,False,neutral,,0,0,0.0,lexicon
aefb090321c2,F,Ford Stock Is Moving Like Tesla Now. Its Results Can’t Justify the Premium. - Barchart.com,https://news.google.com/rss/articles/CBMitwFBVV95cUxPcG54bHR4aXZ5SExsR2o0STVFX1dRQ2hqbTF2R3VIX0d1dWtlRnNlUjk4Tm5OM2Q0eUFPazhZN2h5OU5MeEVQaTVIN2ZyQ2piNkM2cXptcFBLTU9aVWhjeW4tSXVSNzByR29qcHlxNjNlajlSWVFlUHJqd2dnRldzU1hMcVRmazA2bzFoaVNPNVBkNzEyeUZaNko4UXFKMGVDUGdwcHlOalZpRUZEMkhQNFVRZWVYcWc?oc=5,Barchart.com,2026-05-28 23:30:02,False,neutral,,0,0,0.0,lexicon
cbb69915039c,GS,Ares Management Corporation to Present at the Goldman Sachs European Financials Conference,https://finance.yahoo.com/markets/stocks/articles/ares-management-corporation-present-goldman-233000299.html?.tsrc=rss,Yahoo,2026-05-28 23:30:00,False,neutral,,0,0,0.0,lexicon
dd43bf6a0e5f,QCOM,Massive News for Qualcomm Stock Investors - The Motley Fool,https://news.google.com/rss/articles/CBMijAFBVV95cUxQQVktNWNDdUFDS2k2NVY0akVUNmdlUXcwbnl0ODJiVWhYbnprUUZPUTI5allqRlB5akNNaFdfclhRWlVGdVQ4Vk9MRE5vZExNY2VuWXUxLTFPZVhCb2RjRlFvNHlkU0FzRE5JbEI0ZUJaN2lvTE5zOTZOME9hc0tTSXVzdG9mdWw1Sjc1ZQ?oc=5,The Motley Fool,2026-05-28 23:23:37,False,neutral,,0,0,0.0,lexicon
b3afd60b6643,COST,Costco: A Retail Giant's Stock Worth Considering? - The Motley Fool,https://news.google.com/rss/articles/CBMikwFBVV95cUxOdVh2a0NVaHYxd3ZQZ3kweHVMd0JvMUd1QjVTR2g3YzU0UmlYMlVMTF8yQ1Ffd0w4NDRLUFJ5SDNDcnBicWNuaUJ6dXZuSzdLc0VKZmJYVW1PdHNpYWlzdWdQYnlwR2d5WkZNTEhDZVhxSG9BT1NYZW1vSVhJY1BnVXkxQk5KYXdlNWdmY2daR29xWk0?oc=5,The Motley Fool,2026-05-28 23:21:39,False,neutral,,0,0,0.0,lexicon
6934c5c7f3b2,PFE,Should Pfizer’s (PFE) New 25‑Valent Vaccine Data and Oncology Alliance Require Action From Investors? - simplywall.st,https://news.google.com/rss/articles/CBMi0wFBVV95cUxQZl94UFV2TklVNWY1eERxNkZQOHZzX2FXNjJTaWp1dWZjazBrSHM5UXVaenZQSlRfOUUtelFwSC1VWFVESGdCSDFXRVdya2d3Mmt0aW82R2lCTUZMUXFtWEtsaHViRjlwc3NMUlB6VjNfVVNESm85WWJpSzJBeFBrYmVGWDhBYlBLaXk3eThOSmc5REVpdHVEQS1xOWJKTlI2TkZWSFJ3WW5CUElwRjE4LU53dlFkWGdUaUhhYklhWXU3cTlyLWdxZ1dUMGVId2M1MDdB0gHYAUFVX3lxTFBfMEhaWDJfc0Y5WDJLT1JRX2RsVWN6VzFXMVV0Vm1CV3BxeTRMR3RRVXZtTnRNZURsU3ktY1A0RUJGZUREUkxXQlVOWlBEWnhKTjJRN3NTUE1mOUd5RklEWndsMXdnWGNCMDBvcGdNNWF5VmxhcU9rMHI0ZWxSMFJqdGJmYTBFbzdWTmJPTEhIWDJ2RGtCeS1TOFNsWUwzdlg4OEhna2dlOG0td0NUd3BuYllpSVI1VVdjMW13TjFZNFJLUE5TeDZsMExFVmFjUTYzbjd6SUotUQ?oc=5,simplywall.st,2026-05-28 23:19:20,False,neutral,,0,0,0.0,lexicon
168602b48b3b,GM,GM CEO Mary Barra sells $37.2 million in company stock - Investing.com,https://news.google.com/rss/articles/CBMiuAFBVV95cUxOb2w4SmlhN2cydmNUc0NaNHFpaEQ3dGRaWmg4X3YycnotSTl5bjhFbER4MlQweFhlamlfX01ZVzlyQzNEc1R1YlVGb3FzT3VuSTN0UWhJekUwQkVzdHQzREt1eFdxbWo4SlVScTRONGJ2S0Uxc3hjb2xNUjNjVjdrd3otYjliWEM1SzVlb3hldm01S2hWaW5RU1RfcG5jZ1RzUVZZeGVxcUVVa3U3RWZoQmZZd0N1cXNP?oc=5,Investing.com,2026-05-28 23:11:19,False,neutral,,0,0,0.0,lexicon
46fba0472522,JNJ,"FDA approves label expansion, cementing TREMFYA® as the only IL‑23 inhibitor proven to help stop further joint damage",https://finance.yahoo.com/sectors/healthcare/articles/fda-approves-label-expansion-cementing-231000415.html?.tsrc=rss,Yahoo,2026-05-28 23:10:00,False,bullish,,0,1,1.0,lexicon
269319c78fbf,JNJ,FDA backs TREMFYA to help stop joint damage in psoriatic arthritis - Stock Titan,https://news.google.com/rss/articles/CBMiugFBVV95cUxQWEZXbUtDWHVMYXM0SWlLZkVYbDA5WnpKLWJVZFA5ZF9sSDZsVVdnQUpYUG1uSTRaa1IzWWc2NVZaRUhTZ2l2TkFpVFRFUmFRS09MaXNKbXZsYjNmeUFRTExCenAxSVBCNFpHaE1qNmg0UC1SdjJ1elctQUZBWkhKNnRqaXhEbzVhTHdJMlNPSnQ0MGNxZXhNbTdBSXVGdTNPVm1KbWJTWmNUaTQ3UDRuclRIYjlaVU1Sanc?oc=5,Stock Titan,2026-05-28 23:10:00,False,neutral,,0,0,0.0,lexicon
2dc3671cd765,V,How The Visa (V) Investment Story Is Shifting As Analyst Targets Rebalance,https://finance.yahoo.com/markets/stocks/articles/visa-v-investment-story-shifting-230720356.html?.tsrc=rss,Yahoo,2026-05-28 23:07:20,False,neutral,,0,0,0.0,lexicon
8060681c2052,BRK-B,Berkshire Exit Puts Spotlight On UnitedHealth Risks Rewards And Valuation,https://finance.yahoo.com/markets/stocks/articles/berkshire-exit-puts-spotlight-unitedhealth-230614282.html?.tsrc=rss,Yahoo,2026-05-28 23:06:14,False,neutral,,0,0,0.0,lexicon
7021df0148db,UNH,Berkshire Exit Puts Spotlight On UnitedHealth Risks Rewards And Valuation - Yahoo Finance,https://news.google.com/rss/articles/CBMiqwFBVV95cUxPajJfZmFqLUdzSk5Qd3JUWnFwa2UydWdaY0k1N2tWYUhuVHg2RnVfMzBBaE1xbTFsSWZ0Vy1vNDAxRl8wT2xER2piYVNzcDd5eFJtWHdoNWx2dHlXdWluZm9rSVNUYjJQTDkzLVNBMFN3OEFQdFExRTF5MGRmdVYzS1NXczRuTmtWbjNPcElFNTBZSk5kNHB3eDQ1cWRtX2d2bTlVQ3NOcnFfWFE?oc=5,Yahoo Finance,2026-05-28 23:06:14,False,neutral,,0,0,0.0,lexicon
0aaded14f511,UNH,Berkshire Exit Puts Spotlight On UnitedHealth Risks Rewards And Valuation,https://finance.yahoo.com/markets/stocks/articles/berkshire-exit-puts-spotlight-unitedhealth-230614282.html?.tsrc=rss,Yahoo,2026-05-28 23:06:14,False,neutral,,0,0,0.0,lexicon
f472e2282836,IBM,IBM’s US$5b Project Lightwell Aims To Reframe Open Source Security,https://finance.yahoo.com/markets/stocks/articles/ibm-us-5b-project-lightwell-230524188.html?.tsrc=rss,Yahoo,2026-05-28 23:05:24,False,neutral,,0,0,0.0,lexicon
2ec64a7455c5,ADBE,Shopping with AI leads to more sales than by traditional online searches – Adobe,https://uk.finance.yahoo.com/news/shopping-ai-leads-more-sales-230100378.html?.tsrc=rss,Yahoo,2026-05-28 23:01:00,False,neutral,,0,0,0.0,lexicon
a8e27bd8be85,PFE,Pfizer and Innovent Biologics Enter Global Strategic Collaboration to Accelerate Development of Innovative Oncology Medicines,https://finance.yahoo.com/sectors/healthcare/articles/pfizer-innovent-biologics-enter-global-230000662.html?.tsrc=rss,Yahoo,2026-05-28 23:00:00,False,neutral,,0,0,0.0,lexicon
74b394294fa2,PFE,Innovent Biologics and Pfizer Enter Global Strategic Collaboration to Accelerate Development of Innovative Oncology Medicines,https://finance.yahoo.com/sectors/healthcare/articles/innovent-biologics-pfizer-enter-global-230000507.html?.tsrc=rss,Yahoo,2026-05-28 23:00:00,False,neutral,,0,0,0.0,lexicon
b165d572e120,NVDA,"NVIDIA Corporation (NVDA) Stock Price, News, Quote & History - Yahoo Finance",https://news.google.com/rss/articles/CBMiTkFVX3lxTFBpVTJIYnhWcW1kNFFKTHNoajhPeE9zSW9lTElhZkZvcEo3MExtQnpIZjBRek95cWJ0XzRKMzBtMHh0Ty1SYVRESUxfRTJ4Zw?oc=5,Yahoo Finance,2026-05-28 22:57:42,False,neutral,,0,0,0.0,lexicon
b27fd331d34a,GE,Cramer's lightning round: Buy GE Aerospace - CNBC,https://news.google.com/rss/articles/CBMigwFBVV95cUxOajhiVDVCQ0pjaVg4cEVQYXNBOTltNTlDRzJ0WDY4aHdhZXlITkxpZGRfdVE3M3lNMFpJLVdXbEw2TFlJSjFvYmJpSFV3ZDZ1dFBmVFBwVlN3enFldnhpTTdDQ29mMVFsWlFUbkF1Tnl3WDkxcUZIeEpDNTlqblJQS2tCTdIBiAFBVV95cUxQRWZNa2lMQWlrS3o0aVZQLTlGOXVjYzZpVjFMaDZpNWpJczFQWDJyQ0ZCZ28xSlhadGFTaW5SWlpZUFdFTjdmeVZXOGlQQzlMaTloTXBTNTVsM0JqNEFlQWxIUzM3SElvcFBlR0ZMZE9MTmV6THMzYTFxOTFsU1RndHA0QVRjZEx3?oc=5,CNBC,2026-05-28 22:57:01,False,neutral,,0,0,0.0,lexicon
8fc0cf4849f6,ABBV,Akari Therapeutics Highlights 1st ASCO Abstract Acceptance,https://finance.yahoo.com/sectors/healthcare/articles/akari-therapeutics-highlights-1st-asco-223346398.html?.tsrc=rss,Yahoo,2026-05-28 22:33:46,False,neutral,,0,0,0.0,lexicon
bcb167ebed69,V,"PreAxia(TM) Health Care Payment Systems Inc. Announces Soft Launch of Zane, a Groundbreaking AI-Enabled Personal Finance Platform",https://finance.yahoo.com/sectors/technology/articles/preaxia-tm-health-care-payment-222411755.html?.tsrc=rss,Yahoo,2026-05-28 22:24:11,False,neutral,,0,0,0.0,lexicon
527dab5de93e,MSFT,Microsoft stock rises 3% on push for in-house AI models - Investing.com,https://news.google.com/rss/articles/CBMirwFBVV95cUxQb3FMSGFlR1g3VFc5LUsxaVhjZWJjZVM5eE5aRVExMFRVRFZUdDdFMmYyTlE3elBjb1MzVjA2azNIMFhZSWxmcV9qRi1IQXpKUmR6QjhsYnNRUGlLalk5VGU3cm5RM1ZFWG05emgyOVBFWElBM3J2eVA0dHJaSVhRYVg1U21LSDVxOFAzME5DMWc3dFk5S2tBTGpCRHFKMktkTmRuOFNPSUdmYldmVUVj?oc=5,Investing.com,2026-05-28 22:17:22,False,bullish,,0,1,1.0,lexicon
1e5eeb53dc25,UNH,UnitedHealth Group Stock: Is UNH Outperforming the Healthcare Sector? - Yahoo Finance,https://news.google.com/rss/articles/CBMiqwFBVV95cUxORFM5M1VVbzNhRFpoZXhHaFZjdmllbWtfRmpZUHNZM2dnRlFxN2daYmY0YV8xVjFyeVJqQ0UwT0hNSjVucEZ2cDVzOVRtMGdPUU43TWJlczdwSFd4TDVmYzdIMF9oMWRZb0hBMTZfNVpTdDVva0lmUHc5TG5YWkRTd2laSTctcUx5QzlJcm9aSVlrZHpESnZHT0p0clo1blE0dTFfUDZYRFdyWkk?oc=5,Yahoo Finance,2026-05-28 22:15:10,False,neutral,,0,0,0.0,lexicon
1bf0a1e43882,UNH,UnitedHealth Group Stock: Is UNH Outperforming the Healthcare Sector?,https://www.barchart.com/story/news/2188440/unitedhealth-group-stock-is-unh-outperforming-the-healthcare-sector?.tsrc=rss,Yahoo,2026-05-28 22:15:10,False,neutral,,0,0,0.0,lexicon
41b80713c053,BLK,BlackRock (BLK) Stock Sinks As Market Gains: What You Should Know - Yahoo Finance,https://news.google.com/rss/articles/CBMingFBVV95cUxPbURNV3IwenBELVEwcDM1NGJ1MXFnSVFWY3dMZWFIcDAxb2s4bm9IUVVfZU9rblZqRlMyOXVDNGJZWFRKTXJwMERDaTluWmpNeU5uZFdEdDhTWkJQNmVYODlCLWpaVVdZWlhMcTgzcDQ0MHVhUHZCTnRhTUJHeDNlQ2V5bWFFZGFBX2NNX19ldE1oblY1ZkxlRmZaZHFhdw?oc=5,Yahoo Finance,2026-05-28 22:15:01,False,neutral,,0,0,0.0,lexicon
d8e5e8793e8e,BLK,BlackRock (BLK) Stock Sinks As Market Gains: What You Should Know,https://finance.yahoo.com/markets/stocks/articles/blackrock-blk-stock-sinks-market-221501893.html?.tsrc=rss,Yahoo,2026-05-28 22:15:01,False,neutral,,0,0,0.0,lexicon
97de4ed14242,LLY,Eli Lilly Jumps as CVS Expands Weight-Loss Drug Coverage,https://finance.yahoo.com/sectors/healthcare/articles/eli-lilly-jumps-cvs-expands-221445298.html?.tsrc=rss,Yahoo,2026-05-28 22:14:45,False,bullish,,0,1,1.0,lexicon
1cc2e54734d3,GM,GM CFO Paul Jacobson sells $3.2m in NYSE:GM stock - Investing.com,https://news.google.com/rss/articles/CBMisAFBVV95cUxPT1hqZmJRaWFXVjAzNHFOUVBDYlNzZkNMR1o4TW5ncE00SzFybE16UVhQYVFpcXFjMHRkWE8yQlVCblhOTUx5SFU1cXRsc2NhYzA4a1p3LXBtY090bHN2RmRTdkNDRkNKQnhIbGVNbmFabWptcEVmbG9SUWpXOTNoVjNsOVZza25qc3F3TUw0RG42dHNxUUhja2lKcXp1VWU3VkhjTDhvSG5HLVU3TzhvZw?oc=5,Investing.com,2026-05-28 22:13:18,False,neutral,,0,0,0.0,lexicon
8102c1c6398f,ADBE,"If It's People You Want To See, You're in the Right Place; North Texas Nears 9 Million Residents - Fort Worth Inc.",https://news.google.com/rss/articles/CBMingFBVV95cUxOUGhidVR6WHVPRFozQjRDY2FXbEZGdWx4bnpvSUhWVk1MbDdKWGl4ZjloTEVZc3A1MXpzRkUtUHlZdDhwNmVUV3l4cUZLeGJtdk5TZnpGVkVBN19UMkZ1aGRrX19lM21RWktTa1VjQ0JmTm9ldnN0NnVxWXhCZFNHOEs0YzFUZzFKRXhaeXZ3WWNKOU1LaU16aHlCZlE1Zw?oc=5,Fort Worth Inc.,2026-05-28 22:10:10,False,neutral,,0,0,0.0,lexicon
9776497b75ae,GM,General Motors(GM.US) Officer Sells US$37.19 Million in Common Stock - Moomoo,https://news.google.com/rss/articles/CBMimwFBVV95cUxOaVkwci1BOHU0Q2lKOUdpcld0blJRZGxCdHRWN0laZm4xeXBjSWtNYllvMy1jbWl6RGFsdXkxeXlTTlF1UTA5ZnZXZGhGZXhwalVfUW56dGJZUnZreVBFcFlpMi1mbmRYNG1UdHUxemJZd0Y0ZlhRb1RLUU5KUEpFUmk5SlBiRHVzZkpISVgtSGJDdldzc29DUDd1Zw?oc=5,Moomoo,2026-05-28 22:10:09,False,neutral,,0,0,0.0,lexicon
f1cdd8f6b9a0,GM,Mary Barra trims GM (NYSE: GM) stake and exercises vested options - Stock Titan,https://news.google.com/rss/articles/CBMirgFBVV95cUxOLW8zakotY0kwaVQ5SmZXbGw3S2JZVjVkeVJqelZNZUx0RU9qOFRSWjdzQ3h6cFRpazN1NkU3c1RTQ0IzS1lkdjBzemNUaTNWVWgwMHZ4TTBFSVVJV3BzaEVQVzZTYmhnT0hzV1F6ekZITS1Xd0lxX1lTdmNnU0g3Y0dfa1hncEdKWERUWWF4OUViS2tVR1U4X1hzTTV6eXM2SlhRcDBRc3VTbHFxUnc?oc=5,Stock Titan,2026-05-28 22:08:37,False,neutral,,0,0,0.0,lexicon
90e5cd6d624e,META,Meta Announces Quarterly Cash Dividend - Meta Investor Relations,https://news.google.com/rss/articles/CBMiygFBVV95cUxPY2dMXzFtNm11RjNSOEhiT0FZSmplb1dIYk9FSk9JRGhGNjBzeVBldXBtY2VCazJ1UFdLRkVoVVFyQXlqV1dMU3hUUDY2dTdzXzZHYXk5TXRmRFUyTlVsTlZBOWpkUlNCV0F4am4xSHRURzkxeTJtdWxRajhTeU1BUXlNQ2Ruc1FPMWEzNTJhZXQ5SzNzRHdLYmFtSEpuaWFTakxzZEtwLWZuZ3FCRVYxUXZyUXJUam8yWTNvek5lRkJMVmtscEk5Zk5n?oc=5,Meta Investor Relations,2026-05-28 22:08:26,False,bullish,,0,1,1.0,lexicon
f521fcf669e8,GM,"GM CFO Paul Jacobson sells 40,000 GM shares (NYSE: GM) - Stock Titan",https://news.google.com/rss/articles/CBMirgFBVV95cUxQaFBYa0lyak45UFljRGhybEs4WVV6RENpUnhtZEJGRTR3VHJNYlBiSGJnT0Q3OTNFbm16cGd2ZkQyQ3dLb0tkRi1YSnRFa2RZdFJiRDBDeGJucGlOdFh2cTNtNlVNSUFrOENxaW1hVGt1RWdRLTRHQzRnZzRNem1EZVo5QUxTVExiVTRfcHlsWHJDOG1UaC12cDZNYWppSy1wbHVSd0h2VjdPMmJGX2c?oc=5,Stock Titan,2026-05-28 22:07:09,False,neutral,,0,0,0.0,lexicon
3358842be810,LLY,CVS Restores Coverage for Lilly's Zepbound,https://finance.yahoo.com/sectors/healthcare/articles/cvs-restores-coverage-lillys-zepbound-220703093.html?.tsrc=rss,Yahoo,2026-05-28 22:07:03,False,neutral,,0,0,0.0,lexicon
21bb332d5795,CRM,Salesforce CEO delivers blunt message on AI agents,https://www.thestreet.com/investing/stocks/salesforce-ceo-delivers-blunt-message-on-ai-agents?.tsrc=rss,Yahoo,2026-05-28 22:07:00,False,neutral,,0,0,0.0,lexicon
1f652ee04371,GOOGL,Famed Investor Stanley Druckenmiller Sold Every Share of Alphabet. He Just Bought 5 AI Hardware Stocks Instead. - The Motley Fool,https://news.google.com/rss/articles/CBMimAFBVV95cUxOMGVGa0NMdWxBa1ZOX2ROaFNCMDlJWHFqNFl1QWd3WlRFR3dCUVF6WUEweVk4aEFSSjBpaWlyY0h6b2l0YW1laERNQ3NpbjZTbFNMc1JfWnJzRHNsSmswcjltTlZ4UWI3TFM1dXpTeDVTNmlCNEFZQ19iLWtPMmNZLVN5X191M2pCa0ZqSkluaUJiWjE1Y1E4Tw?oc=5,The Motley Fool,2026-05-28 22:06:00,False,neutral,,0,0,0.0,lexicon
df540a638fc4,GE,GE Vernova (GEV) Stock Sinks As Market Gains: What You Should Know - Yahoo Finance,https://news.google.com/rss/articles/CBMilgFBVV95cUxNYl9yMnVlMlhrZWpVOFpBeG1aMzA4M0w5M0d5Rk9CN3ZEZGtBU2JpQ1I1YzU5SXJrWkFJb3c1b3lkQkMzNXZWWm4yRGtGRVJxU0I5OWZnZDNtNkJ2clFjVEFXWXZVeldkZlQ0dE9LS3p2SUUzc3V1RzhMeURSMVVnNm4wcUZOSjdOWkUyS3dqczFWdkJ1YlE?oc=5,Yahoo Finance,2026-05-28 21:50:02,False,neutral,,0,0,0.0,lexicon
742d189c6f75,MS,Morgan Stanley (MS) Beats Stock Market Upswing: What Investors Need to Know - Yahoo Finance,https://news.google.com/rss/articles/CBMimgFBVV95cUxQQk5CVEE1cDB6X3NrNE9WWGV6V2ttcjd6WlpMbDQ2cDQ5QklHUWhFcFp5SXNJa1dSd19TSlpTZG1OVjExOHl2RGtQbE5ja21pVHJNNGtMZWxDa3p5c3ZFX2ViUjdIOTZ1MXU5X01QVzk1Snc0ZmJhOTlOY3h6bGtZRmdjVm9fSXNYWFZrZ3h4MzV2S2E1c2FmYnZn?oc=5,Yahoo Finance,2026-05-28 21:50:02,False,bullish,,0,1,1.0,lexicon
be9f47432cd8,GE,GE Vernova (GEV) Stock Sinks As Market Gains: What You Should Know,https://finance.yahoo.com/markets/stocks/articles/ge-vernova-gev-stock-sinks-215002393.html?.tsrc=rss,Yahoo,2026-05-28 21:50:02,False,neutral,,0,0,0.0,lexicon
0b4ec53d2fcc,MS,Morgan Stanley (MS) Beats Stock Market Upswing: What Investors Need to Know,https://finance.yahoo.com/markets/stocks/articles/morgan-stanley-ms-beats-stock-215002101.html?.tsrc=rss,Yahoo,2026-05-28 21:50:02,False,bullish,,0,1,1.0,lexicon
29aa2c22085b,NVDA,Nvidia Stock Is Now a Chip Laggard - Barron's,https://news.google.com/rss/articles/CBMieEFVX3lxTE93UTltSnM3QzM4MUxESzh0WWlDMFl2SlUwaDNOUlFPVUZrSElGQUxXeWVnMENsQjVOTjBhT0FVUmRwMjg2NTU0a2VTdlhzaWVwTnhZVnpVcG9OTDk5d2N3ek1hQ2ZkWUd2NHRMUzV0WGRVajBrQWRPOA?oc=5,Barron's,2026-05-28 21:49:00,False,neutral,,0,0,0.0,lexicon
e1166a852128,IBM,"Americans to recieve $3,500 each after doughnut chain settles lawsuit",https://finance.yahoo.com/markets/stocks/articles/americans-to-recieve-3500-each-after-doughnut-chain-settles-lawsuit-214644072.html?.tsrc=rss,Yahoo,2026-05-28 21:46:44,False,bearish,,0,-1,-1.0,lexicon
4076eeca8f07,PEP,PepsiCo (PEP) Stock Slides as Market Rises: Facts to Know Before You Trade,https://finance.yahoo.com/markets/stocks/articles/pepsico-pep-stock-slides-market-214502321.html?.tsrc=rss,Yahoo,2026-05-28 21:45:02,False,neutral,,0,0,0.0,lexicon
e94f614ac885,GS,Goldman Sachs (GS) Surpasses Market Returns: Some Facts Worth Knowing,https://finance.yahoo.com/markets/stocks/articles/goldman-sachs-gs-surpasses-market-214502051.html?.tsrc=rss,Yahoo,2026-05-28 21:45:02,False,neutral,,0,0,0.0,lexicon
319207b7ef3a,PEP,PepsiCo (PEP) Stock Slides as Market Rises: Facts to Know Before You Trade - Yahoo! Finance Canada,https://news.google.com/rss/articles/CBMihwFBVV95cUxOM3h5WVg0TmQyNF9yeUpVU3RmZFlmV0RSQTVaSWIxZ3k3bjFYVUJ3RnF1Q3BVaXdtMWtjZHZJWlVsSWFUUEQyY0J0akRIUGt0WURpcmZlZG1ua0FsekdjaU1hdmV0aWo0ZkNMbFpDOTRCWTJicUpzalpIVEVrdnJDcEJ6bWNVcTg?oc=5,Yahoo! Finance Canada,2026-05-28 21:45:02,False,neutral,,0,0,0.0,lexicon
00c570a33840,ADBE,Adobe Systems (ADBE) Beats Stock Market Upswing: What Investors Need to Know - Yahoo Finance,https://news.google.com/rss/articles/CBMimwFBVV95cUxNYmxfc09pV1JaQ0tJNFVsUGItM2FTVVYyYlR5WWtfa21tLWRHOUxTOWh3M29yYmczOTNhZktHME5MQXZQZm5pdnpMOHZuQUNLRkpMMG14cUVwSGlEcmRzV0xTeTd5TGFqenp4UkZrcXJmZVlTTjdIZHNGX0hBTG82cWxhSi1idXFGbmoyekVFc0tpdHYzRFBfQnN1bw?oc=5,Yahoo Finance,2026-05-28 21:45:01,False,bullish,,0,1,1.0,lexicon
a44b1d82923a,ADBE,Adobe Systems (ADBE) Beats Stock Market Upswing: What Investors Need to Know,https://finance.yahoo.com/markets/stocks/articles/adobe-systems-adbe-beats-stock-214501319.html?.tsrc=rss,Yahoo,2026-05-28 21:45:01,False,bullish,,0,1,1.0,lexicon
9ea831f91c92,GE,GE Aerospace (GE) Rises Higher Than Market: Key Facts,https://finance.yahoo.com/markets/stocks/articles/ge-aerospace-ge-rises-higher-214501569.html?.tsrc=rss,Yahoo,2026-05-28 21:45:01,False,bullish,,0,1,1.0,lexicon
267cede10347,MA,Mastercard: The Perfect Hedge Against Currency Debasement And Inflation (NYSE:MA) - Seeking Alpha,https://news.google.com/rss/articles/CBMiqwFBVV95cUxNVllhZ3pzS09mTW5VYkhjZTktZHNTSzRpRmtNczI3Y3pUSG1uNjB0dEZ1aXBJODF3TTdmS1lNb0RIdWVaRDJ4VkpvMDBQclVhOWZCa2VuSy1uai0xdnBXRFlkMGpSVUJKOW1nUDdYTVE0LThrSU0wM1JtMUVxanJCWllDdHJQQV9CYUhpdVVmSFI1VzhPaDJwVzA3ZXVuQkhlZVRnSlZmTzZxX0U?oc=5,Seeking Alpha,2026-05-28 21:42:32,False,neutral,,0,0,0.0,lexicon
80dfd3b3a656,XOM,Is Exxon Mobil Stock Underperforming the Dow?,https://www.barchart.com/story/news/2187910/is-exxon-mobil-stock-underperforming-the-dow?.tsrc=rss,Yahoo,2026-05-28 21:39:13,False,neutral,,0,0,0.0,lexicon
52d5916fcd14,XOM,Is Exxon Mobil Stock Underperforming the Dow? - Barchart.com,https://news.google.com/rss/articles/CBMikgFBVV95cUxNZXpYZDhBMEJ4ZTNMTnFOMFROVmZ0djhfTWRIOG9DMFlEOTZlbG93TnltSmFlY2N4cGxoVXU5WTV3bURFUnVwS1JMakU4aXhrWkNsVVdJdnliWmtHZWlBZ3FZM3VLeE1rc1lqcG5NTUdQYnBMeW5jOV9xT0E1c0U0M3A3dXhBYUFKYUNYUThuaVNQQQ?oc=5,Barchart.com,2026-05-28 21:39:13,False,neutral,,0,0,0.0,lexicon
8d7fa273ae0a,ORCL,Oracle (NYSE:ORCL) Stock Price Up 6.5% - What's Next? - MarketBeat,https://news.google.com/rss/articles/CBMinwFBVV95cUxQdGtqbmVuOGMtYW9IbkRBenpJOUhmNVR4clN2UHdVWDlGT2tBMHdfc09JUFRmcDlOaDFhRFphZlpRei1Ka0VSLTRaYkl5TEF4R2d5Y3ktUGJIMGdEV2NmMFZ2bmJ3azhTbW02LTZ2VWs0X2s1M3ZlbElBVnRQWVlzeU1qeUJtOGN4MkVYRWRiUlEtQjFzWXAzMmtSQ2pBOVE?oc=5,MarketBeat,2026-05-28 21:33:17,False,neutral,,0,0,0.0,lexicon
00dc4f3aad89,KO,Bank of America says Coca-Cola is hard for consumers to quit,https://www.thestreet.com/retail/bank-of-america-says-one-soda-giant-is-hard-for-shoppers-to-cut-coca-cola?.tsrc=rss,Yahoo,2026-05-28 21:33:00,False,neutral,,0,0,0.0,lexicon
a1fae7ece7ec,KO,CocaCola (NYSE:KO) Shares Down 1.4% - Here's What Happened - MarketBeat,https://news.google.com/rss/articles/CBMipwFBVV95cUxPTHpLYXZtS01sNFQ5a212YnBMNW9qOGNjdktZQ1J3Q1MtX3JvaklfNkl4U2tsS0RkYmVtZTNOZm5QM3NlZjlJMnJhWlRja2E0anpabzlTSEFPSC16N2hPY3dOLUpIckNQeldMZTFQSlZQTS11VW5MWmR4SndkeTFpcHU5RGhNWl83NjU0djJaZUZ3YjlncVhyenowWThzVnRPUEF2Z0pmVQ?oc=5,MarketBeat,2026-05-28 21:30:54,False,neutral,,0,0,0.0,lexicon
e58d597a6567,ADBE,"Wearable biometric sensors may help identify racehorses at risk of injury, AAEP study finds - DVM360",https://news.google.com/rss/articles/CBMiugFBVV95cUxPTmNYODlnRHBKYkZ5SzA5bTFaWHlZSVVQYndCQXZ0ZDZ5RkhGa3dSclJrOVk2OE9mbWlwaDFqeXVHVV9xXzhuWEZHbjQtWndLYVV1N0Q2NGZnd3ZfcTBOR2JtcnpLZFF4eFp2TUhDSnA5R1ZHZl9SR1VWY3c5UEFoX2diREpoU3pIS3VqcVJKMFZZTm9PenVDV09YMmhVbGtSX0xnUU9JcDNfUEhnTXVXdWhiZ3JVNW1jSWc?oc=5,DVM360,2026-05-28 21:26:02,False,neutral,,0,0,0.0,lexicon
e5e6d1e01482,TMO,Thermo Fisher Scientific Inc (TMO) Stock Up 6.8% and Still Under - GuruFocus,https://news.google.com/rss/articles/CBMizAFBVV95cUxOUm1Rc3o0bnJOT3Y0Z3A1QkFqX3I4S0ZvT1l0NEJ4LTI0cU1CY2loSElFSlQzS2RteVRjNGJnaTFodDZGcEV5ZF95TUp3VWZ2U0k4SjdaNkhIZ3h4LUJsWUJrXzhrZk00SC1ndUgtc0h4VmNhRHZETGZzODZJWFpnUy1EdVlMSXh3WE51cExIdVBzdjJPaXRyYnNBX0JZcm14bHlQLS0xMk5TSlNra0Z4NGVCbkVEcFhzT0tzUUtQd2tOWm5qTmkwNnlkRGg?oc=5,GuruFocus,2026-05-28 21:22:29,False,neutral,,0,0,0.0,lexicon
8b1c3efc006a,LLY,Lilly Presses Ahead As $529 Billion Drug Pricing Fight Looms,https://finance.yahoo.com/sectors/healthcare/articles/lilly-presses-ahead-529-billion-211739443.html?.tsrc=rss,Yahoo,2026-05-28 21:17:39,False,neutral,,0,0,0.0,lexicon
f143733d7148,XOM,Top Big Oil Stocks to Buy Now,https://finance.yahoo.com/sectors/energy/articles/top-big-oil-stocks-buy-211300698.html?.tsrc=rss,Yahoo,2026-05-28 21:13:00,False,neutral,,0,0,0.0,lexicon
57b4ea340beb,ABBV,J&J Mastered Cancer Biotech Deals on the Cheap. Can It Stay on the Cutting Edge?,https://www.wsj.com/health/pharma/j-j-mastered-cancer-biotech-deals-on-the-cheap-can-it-stay-on-the-cutting-edge-bc1bab56?.tsrc=rss,Yahoo,2026-05-28 21:11:00,False,neutral,,0,0,0.0,lexicon
e0a9c25cdc77,JNJ,J&J Mastered Cancer Biotech Deals on the Cheap. Can It Stay on the Cutting Edge?,https://www.wsj.com/health/pharma/j-j-mastered-cancer-biotech-deals-on-the-cheap-can-it-stay-on-the-cutting-edge-bc1bab56?.tsrc=rss,Yahoo,2026-05-28 21:11:00,False,neutral,,0,0,0.0,lexicon
ac1427dfc98c,MA,Mastercard (MA) Valuation Check After Recent Pullback And Premium P/E Multiple,https://finance.yahoo.com/markets/stocks/articles/mastercard-ma-valuation-check-recent-211010223.html?.tsrc=rss,Yahoo,2026-05-28 21:10:10,False,neutral,,0,0,0.0,lexicon
97a6351f8fe0,MA,Mastercard (MA) Valuation Check After Recent Pullback And Premium P/E Multiple - Yahoo Finance,https://news.google.com/rss/articles/CBMiowFBVV95cUxPeGVyR1NkYXpvcXBudkFpRnl0S19mRUJmRDJNVHM1YkxTZGFKdmRLUDNFSnBZc0IxTk5jUjlieWRtcHZEY3N0bGVGVVFkNkh6YmQ5dWZqdTNiRFFQNXBRQjJQaU9Bd2VpSFYxb0lBZDVLWkpYOHFVeE9pc054OTAtaEdWbk5GSktlTUlmbDZQNlJjdTl0S1VLYTY0dEVnV2U4WEtr?oc=5,Yahoo Finance,2026-05-28 21:10:10,False,neutral,,0,0,0.0,lexicon
5b90c5504789,MU,"Micron Technology, Inc. (MU.MX) Stock Price, News, Quote & History - Yahoo Finance",https://news.google.com/rss/articles/CBMiT0FVX3lxTE5mOUVOckpfbGg1M2txSjNYWFpzeWpnSlNVTm5nbEV1T3V0MEFDUlZ4cDRXMHhfVEZ3cG15bWNldFJZNDdMZVp1NWNXNUM3Rms?oc=5,Yahoo Finance,2026-05-28 21:07:31,False,neutral,,0,0,0.0,lexicon
b0772e998dc6,NVDA,3 Reasons to Buy Nvidia Stock in June - The Motley Fool,https://news.google.com/rss/articles/CBMihwFBVV95cUxQNERxUVpQUWVBblU0cnVsc3d5Q1pTN0N6LVBRZWEtWjROdjlkYXI2ZjhWdkF3TURRR2R1ZjZ0Z3lnUXd5MFJDamhIY1IwR3hhRW5CQ1VHWFltRFVlRWlqZGpUZEdieUtnZUk2ejVmU2VxUk44bmtza1RVenZtdFZtdk9DNXA2ZlE?oc=5,The Motley Fool,2026-05-28 21:07:00,False,neutral,,0,0,0.0,lexicon
5cdbc9eda492,NKE,NIKE to post Q4 2026 results June 30 after market close - Stock Titan,https://news.google.com/rss/articles/CBMisgFBVV95cUxPZGxKdURKNVFsT3V6UFJidDZ3RjAzM19KTFBCenREQVNHVWRLbTIxVFB5d1ZIdmNfblZGdmZPZExJeWpYMG5XdXpVVTdqUGVKelpkRFpMbzhCUWV4WXZXZjlmVW5JSGthR2U0NTZoS3ZlNkdJdDYtODRpRHl3RDhYQW45OUlGY0tYcGlTaFV4S2ZHaVExdGctb3NHSjUwLXpDRTFqeXlEZURHX1Zoa0lYUW93?oc=5,Stock Titan,2026-05-28 21:03:00,False,neutral,,0,0,0.0,lexicon
ed90810ba426,SBUX,Starbucks Suffers Significant Drop in Sales in South Korea,https://finance.yahoo.com/markets/stocks/articles/starbucks-suffers-significant-drop-sales-210244079.html?.tsrc=rss,Yahoo,2026-05-28 21:02:44,False,bearish,,0,-1,-1.0,lexicon
503917a6db37,PEP,Here is Why PepsiCo (PEP) is Among the Best Dividend-Paying Beverage Stocks to Buy Now - Yahoo Finance,https://news.google.com/rss/articles/CBMilgFBVV95cUxQVVRVOW0tRHZGTXFxeXN0Z3I1STBnWmprRVBDck9CSTUxV2hBZ3JJWHhERzYwWFdLTHF3bmpCSWE5REFiNUNQSm5RN0sxTENpNHJ4ZzA4aGJaUklBODB0bURPS3htd0JhNGt3cHRteWE0cGNPY1psbnZNS09vMmoxZklMYjA1TW0xeWxOUFdIT0lsYkFHVlE?oc=5,Yahoo Finance,2026-05-28 21:01:56,False,bullish,,0,1,1.0,lexicon
bba95cf03c95,PEP,Here is Why PepsiCo (PEP) is Among the Best Dividend-Paying Beverage Stocks to Buy Now,https://finance.yahoo.com/markets/stocks/articles/why-pepsico-pep-among-best-210156693.html?.tsrc=rss,Yahoo,2026-05-28 21:01:56,False,bullish,,0,1,1.0,lexicon
3c181fea1c9a,KO,Analysts Express Bullish Sentiment on Coca-Cola (KO) - Yahoo Finance UK,https://news.google.com/rss/articles/CBMikgFBVV95cUxOZU51NnJHYVBlaS1kd2RNVFBGVWV4SFBNRDlVX2RiTnhlNUZZUHEtXzctRllSdWI0SUl2SjJvWVJNYWppUmVFSkk0Q0JCeGFkQ281N3BVb1poZWp6d1VrMkFPbVo4ZTlUOTdoZFA2alhkODBPenZiMDZFWkVkbDI4c3E1RHFpeVljdjdqN3UzRUh6UQ?oc=5,Yahoo Finance UK,2026-05-28 21:01:40,False,bullish,,0,1,1.0,lexicon
37ef174a57e3,KO,Analysts Express Bullish Sentiment on Coca-Cola (KO),https://finance.yahoo.com/markets/stocks/articles/analysts-express-bullish-sentiment-coca-210140984.html?.tsrc=rss,Yahoo,2026-05-28 21:01:40,False,bullish,,0,1,1.0,lexicon
bd10e60b5373,BA,9 ‘Hidden’ Space Stocks Haven’t Joined SpaceX IPO Bubble Yet,https://finance.yahoo.com/m/1e4210ca-09c4-3135-bfea-ea63478eb0ac/9-%E2%80%98hidden%E2%80%99-space-stocks.html?.tsrc=rss,Yahoo,2026-05-28 21:00:00,False,neutral,,0,0,0.0,lexicon
68231752b0ce,NKE,"NIKE, Inc. Announces Fourth Quarter Fiscal 2026 Earnings and Conference Call",https://finance.yahoo.com/markets/stocks/articles/nike-inc-announces-fourth-quarter-210000291.html?.tsrc=rss,Yahoo,2026-05-28 21:00:00,False,neutral,,0,0,0.0,lexicon
cd4e3ef2fdd5,CRM,"Down More Than 30% This Year, Could Salesforce Be an Underrated Artificial Intelligence Stock to Buy Right Now? - The Motley Fool",https://news.google.com/rss/articles/CBMimAFBVV95cUxONHpvVVNDZFd0ekRuMUU3cjZucWdVdVNEdU5ldFZYUEN6SFZoaS12ck1Md2syN0tsOUJ2QzV2NVh4eFBUc0FnYnEwYS1pQTU4eHRCWHJnejQwN0dqVDg0cGNHMV9RVG5GenM5Q0JBYWI3ekR4Q3h1aUt3UmlDR3AyRjA1bURvc1Zpa2RJa0tCUFQ0X0tmSFZNQQ?oc=5,The Motley Fool,2026-05-28 21:00:00,False,neutral,,0,0,0.0,lexicon
7081422477f3,BA,Lockheed Martin vs. Boeing: Which Industrials Stock Is a Better Buy in 2026? - The Motley Fool,https://news.google.com/rss/articles/CBMixAFBVV95cUxNb1plRTNuZnV6ZUxfWXg5X1BMUE5fYVVETVF2S19ncHhOeHA5a2U2cXFZcm5JVjlKV1RqMXJEVnY5Ymd5WEJNWTgzemFSVUNPUUlveURTU01NWHpYZTBfVTZaSWpmdmtEQkV2djlOd1RmbUJiQ0M2WGF5OThyYmRYbk5oQlYySjFjeVFPZTRtZTdOZmk2SnJKdHpMTGxNVTNOZXcyZ05idFE2MzhIYnE3aHNFZUJadi1JcGdEdXhVYllsYXVY?oc=5,The Motley Fool,2026-05-28 20:59:00,False,neutral,,0,0,0.0,lexicon
125b28aa63aa,INTC,Micron or Intel Stock? One Is a Better AI Play. - Barron's,https://news.google.com/rss/articles/CBMigAFBVV95cUxQNE51NHR3UEFMT0I2T3RrRHkyUmVPRmJ3VDJaSWJvMS1RNzRCMk1qaU80ZWJFY0VtY3RmZUFfM0RrQV9sTHRyQTRMYzB4Q0VuMDhVMTBaa3hGcHpMWTVBSVN6YlY5VnoyRDZtVGtiOWxqUUtpVjBrR0N4dXZsbWs2Rg?oc=5,Barron's,2026-05-28 20:57:00,False,neutral,,0,0,0.0,lexicon
93f46adcabd6,HD,2 Mega-Cap Stocks on Our Buy List and 1 We Find Risky,https://finance.yahoo.com/markets/stocks/articles/2-mega-cap-stocks-buy-205427489.html?.tsrc=rss,Yahoo,2026-05-28 20:54:27,False,neutral,,0,0,0.0,lexicon
8269e448d733,MS,MongoDB stock rises 4% pre-market after Q1 beat and raised outlook,https://finance.yahoo.com/markets/stocks/articles/mongodb-raises-guidance-ai-demand-204848762.html?.tsrc=rss,Yahoo,2026-05-28 20:48:48,False,bullish,,0,2,2.0,lexicon
90c4dd4d4f0c,COST,Costco Stock Rises After Adjusted Earnings Beat Estimates - Transport Topics,https://news.google.com/rss/articles/CBMiZkFVX3lxTE41SVF2ZmVXeG84eTlQalczRmc0cWVKWXliZ09NeWVlTlh2UXFpYmFBaERudmxfQWJCX0Y0bTBFdkFSbHJsenRDbFlsSnp0R3A0VXhuemNURWxpN1dSR3BHMFpxUkRSQQ?oc=5,Transport Topics,2026-05-28 20:45:00,False,bullish,,0,2,2.0,lexicon
13689629fc08,TSLA,Tesla Marks 6-Day Winning Streak as Buyers Wait for Big AI Updates - Barron's,https://news.google.com/rss/articles/CBMib0FVX3lxTE44d3F3anh3VS1ud3k4SWN0OHNfclgxaV9iTlFoZzNYNklBcWtXT2doYTVlbXdMYTFPXy1LMU1rUkpraG5Zc0pzbTZxQkY2MmNqdTZPdWtGOGdsWWpaQmdVdUZqZDdLWFV4WXhPNHYxWQ?oc=5,Barron's,2026-05-28 20:42:00,False,neutral,,0,0,0.0,lexicon
e7860e726084,ORCL,"Snowflake, Unusual Machines, Nvidia, and More Stocks That Explain the Market Today - Barron's",https://news.google.com/rss/articles/CBMiZEFVX3lxTE1rYndGalQtRVNfV2JYOHE0eHJjMWh5cl9Ja01oRWlqbUFwYnlmM0lVaDkxZ0U2dEhLM1F4cjUyNDRPQXhGQWdWNV9CdEFTUVdfYmVSSDhlbDRiaXNYMi0wWmRaZ18?oc=5,Barron's,2026-05-28 20:39:00,False,neutral,,0,0,0.0,lexicon
43e19cb08463,BA,China Doesn’t Matter for Boeing. This Does.,https://finance.yahoo.com/m/f03bcab0-15f2-3204-be95-3f99be86e81a/china-doesn%E2%80%99t-matter-for.html?.tsrc=rss,Yahoo,2026-05-28 20:38:00,False,neutral,,0,0,0.0,lexicon
65c8b9885ac3,QCOM,S&P 500 and Nasdaq 100 Post Record Highs on US-Iran Truce Reports,https://www.barchart.com/story/news/2186291/s-p-500-and-nasdaq-100-post-record-highs-on-us-iran-truce-reports?.tsrc=rss,Yahoo,2026-05-28 20:36:38,False,bullish,,0,1,1.0,lexicon
5aa4fab4ada2,BA,Boeing CEO signals massive new FAA move for 737 jets,https://www.thestreet.com/investing/boeing-ceo-kelly-ortberg-flags-rare-update-for-investors-on-vital-737-production-rise-to-47-per-month-after-faa-consultation?.tsrc=rss,Yahoo,2026-05-28 20:33:00,False,neutral,,0,0,0.0,lexicon
7acae92034ab,COST,"Costco Tops Sales Views But Earnings, Membership Numbers Fall Short - Investor's Business Daily",https://news.google.com/rss/articles/CBMipgFBVV95cUxNdjhEQ3JFbTJzY3FrNGYzdTlaZ0N2TVhBYTg3S29UamhmQ2NHYUtBMW52RktEZ2NDSjFJRHBweW03TDdCemF3Q1JGMTJ4WGlXa2tfcXliX0tLaktRNUlfWmNycUdhcTFuUUVXV0tCU3k5TWljM3BnZEs4ZU51SjE3elJ0eVpqR3BGc3FWZl9SRndaTTJIdXB4a0pVWDE5MVJmUjJIMHdR?oc=5,Investor's Business Daily,2026-05-28 20:33:00,False,neutral,,0,0,0.0,lexicon
20d4a0a7b609,COST,Costco says it saw 'record-breaking' gas volumes amid rising prices - CNBC,https://news.google.com/rss/articles/CBMic0FVX3lxTE0zYVJyV1BlMC1FcGZwZUhlbXo2ZUZIaDZKN1d1ejJWWldrQUZ1WC1CbVpBUlcwSXhKeHUwcnVleXdodlZxekpKbXF2SmNtdGlTa1lCVG5oV2pOQm1tOVBaeUhZQzB6VEJ5UTlaT1pxc2VDdUHSAXhBVV95cUxPcHZwcVVuMlI4VmszdzRza01ibTlDOVp5ODBHWTNhTENVLTJ1M1JidjJxRjJXMVFlSExTeWpua1gwMVc4djcyNy1zbHFQYUh5WjFub0x6YUpzNHlzMEZMWXJuR3Q3Z0VyMkV4a1NaUEJHeGlJSkFaamg?oc=5,CNBC,2026-05-28 20:32:22,False,neutral,,0,0,0.0,lexicon
d0442650fc75,GM,[144] General Motors Co SEC Filing - Stock Titan,https://news.google.com/rss/articles/CBMilwFBVV95cUxPSHZyZWRmdUVCM0F0LVN2UGZJdmJ1MmNlWGZfMkFnZjFja3FRVFJEUzRiWTFTSmNJWWpRLWdFbVpoaXljWTFBZzA2MjlMZ1Rsc0lJeVpEeXB0XzNtU09sTkRLamU0c18wSlJBUGpNc3RacUd3eldWSjF2Qkh6NEpCWlBZTEVOdlVrM0J1Q1JFek50S0JnTktr?oc=5,Stock Titan,2026-05-28 20:32:04,False,neutral,,0,0,0.0,lexicon
397290fde168,TMO,"Thermo Fisher Scientific Inc. stock rises Thursday, outperforms market - MarketWatch",https://news.google.com/rss/articles/CBMixwFBVV95cUxNLXNFZlByRW82ejZfcnhmVDNXVDRaay15cGMwOUNPQ3NvTmVMMWVhakxPSS1oQk1GWUtRdEY1V1ZtYkJVZnl3R0dJUlFGVUNDVEtuWGFvVnBkR0RrN0lKX0ZFRExGMVlEVVVtUDUwNWVuU05VSW5kZ054Nl85NDE1aTZTcWVnUEd4eHg1SXNhQlY3NTVPUVhITmhrQS04WlE2X2ozOGE2eno1dnc1RjROanlJY01pR3pYSEZEM2Y2QngxeFFpTlU0?oc=5,MarketWatch,2026-05-28 20:30:00,False,bullish,,0,1,1.0,lexicon
fbdbc05fc2a3,MS,Travel + Leisure Co. to Present at the Morgan Stanley 4th Annual Travel & Leisure Conference,https://finance.yahoo.com/markets/stocks/articles/travel-leisure-co-present-morgan-203000490.html?.tsrc=rss,Yahoo,2026-05-28 20:30:00,False,neutral,,0,0,0.0,lexicon
80188ed678ec,IBM,IBM Has a $10 Billion Plan to Build the Ultimate Quantum Computer - Barron's,https://news.google.com/rss/articles/CBMieEFVX3lxTFBNaV9nSnhnRkRfTkEtdXpDdjBUTENoek1lWXpXM0Uxc3YySWwzUGd3cTQzdEVGRjlBQjZqUmhrUEx4cEIwR0xhTEMyWElweExuN1lkYU1hTkdUbXRGbG51RDRzYVNVNDJRWEU1SFN4dmI3a1NEOFV2eA?oc=5,Barron's,2026-05-28 20:28:00,False,neutral,,0,0,0.0,lexicon
e32e0d103b4f,MCD,Is McDonald's (MCD) Stock Pricing In Long Term Strength After Recent Share Price Weakness - simplywall.st,https://news.google.com/rss/articles/CBMi1AFBVV95cUxNUWNoYTNGODVEVFpCb3dZd2c3eHYwUVZhckVyakJoMkx2d1FTaXZyS2l1SGt0UzRMOTVxdnJzOWtsdFRQcDFyRVA0cGQzY3JNaDNMWDRSY2h2THk4U3Vzd2RRcjU3eVQzT0ZMNTU3SEJxVnZCWjhDVlhYRVh0eElVUUJVenV5b1hQb0FmcDc5VGFlcWUxQ283MHZCamRvZjJQWDZ1Nk9DZ2s5Y3pBVWNjbnphc21ZOXFvY0paY2tDRlBpOUlDa0hMeEtlb3F1RGxFekFYatIB1AFBVV95cUxNUWNoYTNGODVEVFpCb3dZd2c3eHYwUVZhckVyakJoMkx2d1FTaXZyS2l1SGt0UzRMOTVxdnJzOWtsdFRQcDFyRVA0cGQzY3JNaDNMWDRSY2h2THk4U3Vzd2RRcjU3eVQzT0ZMNTU3SEJxVnZCWjhDVlhYRVh0eElVUUJVenV5b1hQb0FmcDc5VGFlcWUxQ283MHZCamRvZjJQWDZ1Nk9DZ2s5Y3pBVWNjbnphc21ZOXFvY0paY2tDRlBpOUlDa0hMeEtlb3F1RGxFekFYag?oc=5,simplywall.st,2026-05-28 20:24:47,False,neutral,,0,0,0.0,lexicon
9265630c591c,BA,Lockheed Martin vs. Boeing: Which Industrials Stock Is a Better Buy in 2026?,https://www.fool.com/coverage/better-buy/2026/05/28/lockheed-martin-vs-boeing-which-industrials-stock-is-a-better-buy-in-2026/?.tsrc=rss,Yahoo,2026-05-28 20:19:23,False,neutral,,0,0,0.0,lexicon
4a6bf48d8033,META,META Stock Quote Price and Forecast - CNN,https://news.google.com/rss/articles/CBMiUEFVX3lxTFB6MTBTRVJOWEZmLUltcHFiVV9kTkdHRF80N1lHYXFqcm9NS3ZYRzR0TGVqdXY4Qy1JVHBNdE5OZlpBX1ZhaVQ1LVpxMFFCV1F1?oc=5,CNN,2026-05-28 20:15:23,False,neutral,,0,0,0.0,lexicon
49639a66407a,AMD,Is AMD About to Pop Like Micron? Here’s Why You Shouldn’t Underestimate It - 24/7 Wall St.,https://news.google.com/rss/articles/CBMitgFBVV95cUxPUG9LclVTZlZfWXd2dU4zSlBtUkhndk1RaE54UzFabzJnQ1NYckdpVGsweFFuRHlPOGh1QnE4ZmZrMHlST05yRWNYTGpNbkRfeG5TSGtWUU5tSXliWFdSOEs1UUpVRGdKVVhTZ2RoWkNoU2ctZXBHekFaV1EydkNObENUTlBRQjJ5Y2lHMHJkRUR5NF9zV3Q4VlBsR29mR2dOMk1iYVJtdjZob1BvMU9ickt0UUtzdw?oc=5,24/7 Wall St.,2026-05-28 20:15:15,False,neutral,,0,0,0.0,lexicon
7b6e98ee5d5b,GM,Car Sales Stink. Why GM and Ford Are Soaring.,https://finance.yahoo.com/m/cb036526-1186-304c-8fa1-48a0467a89ad/car-sales-stink.-why-gm-and.html?.tsrc=rss,Yahoo,2026-05-28 20:15:00,False,neutral,,0,0,0.0,lexicon
1182e30c067c,COST,Costco books $69B in 12 weeks as digital sales climb 22% - Stock Titan,https://news.google.com/rss/articles/CBMivwFBVV95cUxNcEtfb1VrYmw0YkdaMUFQbEJnU3d1U0NpWWUxbDFuRmJIcnc5cGx1Y1NxQ1UxbnFUOXZyT25zSmlkOFBMeHhoS3M3NGxRSXM3SHZVUE5nZFRLdEgwRXQ5MUd5WnliU3RBbTdUUVRHWkVROHByTDI3ZVJiSnFYYWxiVDFUTi1kM2pDcUpLQ1hjMFRJTXBkUmRhYUVzLUpkTHdPNndLNXB2bXFUTmFDVlg4ZVp2NU5PNXJPR2gzYzZoTQ?oc=5,Stock Titan,2026-05-28 20:15:00,False,neutral,,0,0,0.0,lexicon
8fb516d72e41,F,Car Sales Stink. Why GM and Ford Are Soaring.,https://finance.yahoo.com/m/cb036526-1186-304c-8fa1-48a0467a89ad/car-sales-stink.-why-gm-and.html?.tsrc=rss,Yahoo,2026-05-28 20:15:00,False,neutral,,0,0,0.0,lexicon
223d12afc7c0,GM,New Car Sales Stink. Why GM and Ford Are Soaring. - Barron's,https://news.google.com/rss/articles/CBMifEFVX3lxTFBiaVowTWFfOUFlVmoxVjZyLUl6V0ZwdW5sTFlRb3IxNkUyRjRDd2NyR0l4RDRPMkFQTWRVVkc5VGxFNGtFQU1RR19tbDJnQWdENnYzTFVHc3JjRTdJYUZsZlVKU3p1MmNjS1FyMEg0REt0dkZkLVhucmRqaDE?oc=5,Barron's,2026-05-28 20:15:00,False,neutral,,0,0,0.0,lexicon
27ccdcd71f63,CAT,Car Sales Stink. Why GM and Ford Are Soaring.,https://finance.yahoo.com/m/cb036526-1186-304c-8fa1-48a0467a89ad/car-sales-stink.-why-gm-and.html?.tsrc=rss,Yahoo,2026-05-28 20:15:00,False,neutral,,0,0,0.0,lexicon
efce1b064f36,F,New Car Sales Stink. Why GM and Ford Are Soaring. - Barron's,https://news.google.com/rss/articles/CBMifEFVX3lxTFBiaVowTWFfOUFlVmoxVjZyLUl6V0ZwdW5sTFlRb3IxNkUyRjRDd2NyR0l4RDRPMkFQTWRVVkc5VGxFNGtFQU1RR19tbDJnQWdENnYzTFVHc3JjRTdJYUZsZlVKU3p1MmNjS1FyMEg0REt0dkZkLVhucmRqaDE?oc=5,Barron's,2026-05-28 20:15:00,False,neutral,,0,0,0.0,lexicon
33a742516cad,WFC,AeroVironment leaders in June 11 fireside chat webcast from Chicago - Stock Titan,https://news.google.com/rss/articles/CBMiwAFBVV95cUxQN2pKemZCdjcyZ0dKdXBBcC1qX0N1TUMxSnp2bjdWNHdlZVY4MnR3UjVzZ1FvLVQwc0w3Zm9PR01md0ZIWXEwR0c0SnozazZPcXdVZ2UwY1dmenF0OG14Zk1vZDRKRnRNZ1JyMVFmd2NNQ2hCODdPNDNHZ2R4V3d2VGUwSWQ4SGJrc3MtSlJRekZKQmJfU1B3bkxDeUJ3TGgtYlZzZHNRSFBmVmt5eHVFSmxrM3Bhbjltb2ZMaGdJYW0?oc=5,Stock Titan,2026-05-28 20:12:39,False,neutral,,0,0,0.0,lexicon
73add25123fe,MSFT,Why Microsoft Stock Is Surging Today - The Motley Fool,https://news.google.com/rss/articles/CBMihgFBVV95cUxOU2czUWdtSGlEU3VwaTEwWmR0bEhhdUx0U2pKeWM4b2NBc01jVWlMd1BLNGIzcHQwY1FrVk9KNzBNRWFqQjJZOXlkbUM2ZnFzUWlkSzdicGNWOU9QdHFZTnRxV3h6Um1TUTV6akptTVRsRTNSWGkwX2lPMDBONHgtNF9qbWNodw?oc=5,The Motley Fool,2026-05-28 20:08:00,False,neutral,,0,0,0.0,lexicon
974fc1303ea7,MU,"Micron, Sandisk Score Price-Target Hikes Amid Record Climbs - Investor's Business Daily",https://news.google.com/rss/articles/CBMilAFBVV95cUxQeElPOVhIY2lwMUZLY0lQcXQtWmYwWWJHSnh5UF8xUzR6Q2ZRS0o3V2xJMmtHdk5JTlM1UkhJdmRiSVpPWnVYeWJtT25sVXB2NmxSMjlwbFZqQkQ2UHV5TERoTXByb0ctZTRkUHNVXzJkMm1YZlNueHFHOEZ5ZzY0N2dmVmJCUDR1N2Zia2p5cnlEQlJK?oc=5,Investor's Business Daily,2026-05-28 20:05:00,False,bullish,,0,1,1.0,lexicon
0f42d8518034,QCOM,Qualcomm Stock Just Hit New Record Highs. Investors Can Thank a ByteDance Deal.,https://www.barchart.com/story/news/2185014/qualcomm-stock-just-hit-new-record-highs-investors-can-thank-a-bytedance-deal?.tsrc=rss,Yahoo,2026-05-28 20:02:27,False,bullish,,0,2,2.0,lexicon
2e249dd69a20,QCOM,Qualcomm Stock Just Hit New Record Highs. Investors Can Thank a ByteDance Deal. - Yahoo Finance,https://news.google.com/rss/articles/CBMimwFBVV95cUxOZFVNbHpIdHZobHN5VHo3cG41bkI0VkczbUVQSUxxRjNSMTNoNUg2MWpqZXBVMXI4QjQ3MS13cWxPTU1QNTUxR3c1ZlFobWZIR0g4NFlFbDRoMHc0U0Q0dVIybjA2bWRQSkE3WTJzU3NGUkE0SnRLQXd2RFRMSzJ6U00wMENiUDRXOVhsVU5sTzVnc19oSWtNcE9LQQ?oc=5,Yahoo Finance,2026-05-28 20:02:27,False,bullish,,0,2,2.0,lexicon
2033cc1f9b7e,BAC,Analyst resets Twilio stock forecast on hidden profit lever,https://www.thestreet.com/investing/stocks/analyst-resets-twilio-stock-forecast-on-hidden-profit-lever?.tsrc=rss,Yahoo,2026-05-28 19:47:00,False,bullish,,0,1,1.0,lexicon
6c5ad2cd44ee,TXN,"Texas Instruments (TXN) proposed sale: 10,000 shares via RBC Capital Markets - Stock Titan",https://news.google.com/rss/articles/CBMingFBVV95cUxPcWJVbXBOUmZlZTZCYUhQcVJhLWxleDdvNXFGT29nNk5sYXNIXzVYVC1mbS1QQWJRZms2Nkd2dGJ3a1pleFVMR1JQQWNKb245eTJnWmZNaGR1N2pqTGhkdHFuaEcyVXFTZWZWQ1pRVTd1ZUYwb2k2dTdOU0E0Y3p0RHRDMm11RTcwc1ZVdlBFbU9nVThnQXltaDlzdUhadw?oc=5,Stock Titan,2026-05-28 19:41:45,False,neutral,,0,0,0.0,lexicon
9b88ace44934,PG,Procter & Gamble: A Solid 'Buy' With Some Caveats (NYSE:PG) - Seeking Alpha,https://news.google.com/rss/articles/CBMikwFBVV95cUxQa0ZrSm9PeFhoZEFHR0xzWl84VkJuX0pjUkpOeS0yVUZIeEdLajJQSXZqWDJUSjk0WGdDVjI2OHdVSkk4dklSNUFWalk4U1JEMVQzamFjdC15WkFDYXhHMy0zRkRnVjlYMXYzVmpVUmlOVFhLX21aWE5vczFFRjJ6SW4tdTFVc1hXSnV6cnpkZDdtTjA?oc=5,Seeking Alpha,2026-05-28 19:29:27,False,neutral,,0,0,0.0,lexicon
51f238eb55cc,MSFT,Why Microsoft Stock Is Surging Today - Yahoo Finance,https://news.google.com/rss/articles/CBMinwFBVV95cUxPbnE0X3dYTHoxelJDcEVmN0lwMEdfYmRiVW1BWVhPTlp3TmdvZkZjdWVBOW9PVDdNUEdRWGdzMS1nM3JmZE9WVkc1dTRHUmtHSGh2aTR6dHVwSHczS0lhUE1yUWFKTlNYdHpSVGFHYllncDY3dG14c2NXbUl4RnhWQnRZYkxZN3BLMVFmTExVVmlzd0Ezb05YVDJyQ1ltYXM?oc=5,Yahoo Finance,2026-05-28 19:28:02,False,neutral,,0,0,0.0,lexicon
b908ac4763f7,GS,Goldman Sachs says on track for near-record M&A volumes in 2026 - Reuters,https://news.google.com/rss/articles/CBMirAFBVV95cUxOcXE2SDAyYlFZQThubUlDaG05bUl6TlpCekMwb1BUd2hCbHJNbElfNXFELUNRQUExNHpnMlNEWnN3VlVfaElYR0NHMlBMakRUSXFacVllcTBwRTZvTVhQdlk4d2ZoN3oycTc4am9VaE55WGpxeUw1S0pBaWlXZFFMVkJUSUx6R3ZEY3hDaFRFdUV2LXhaU0FZWTEyZkNlR3NxcDhsNXZCZlFzcVlq?oc=5,Reuters,2026-05-28 19:26:17,False,bullish,,0,1,1.0,lexicon
0ebfde83929e,CAT,Why Red Cat Stock Is Skyrocketing Today - The Motley Fool,https://news.google.com/rss/articles/CBMiigFBVV95cUxPMHQwcTlhbFQ4eW9iT041VnJKQzJEUktCc3dLeXdRdGVCU2UzSXVxSWNzUjM3T3hTblRCa1o3ZzNlN0hhblFpS3BXWXM5dWdFdlg0MGdvWnVldjNrbUVnMHdXU3FfMGNjUFFOUlNmaFpWWFkxT1ZEVUxXRUxRQ2RoYnY3dG1tWm5hQmc?oc=5,The Motley Fool,2026-05-28 19:23:00,False,neutral,,0,0,0.0,lexicon
6288c6206f63,SBUX,Starbucks quietly retired its AI agent just months after deployment after it miscounted coffee shop inventories and slowed down baristas,https://finance.yahoo.com/sectors/technology/articles/starbucks-quietly-retired-ai-agent-192259096.html?.tsrc=rss,Yahoo,2026-05-28 19:22:59,False,neutral,,0,0,0.0,lexicon
005fc7ee8373,BA,Analysts Name Best Picks In Industrials. One Is Topping A Buy Point Today.,https://finance.yahoo.com/m/8155f6e6-6e56-3370-a548-36afc22a7359/analysts-name-best-picks-in.html?.tsrc=rss,Yahoo,2026-05-28 19:22:28,False,neutral,,0,0,0.0,lexicon
a475ca4f7740,BA,Analysts Name Best Picks In Industrials. One Is Topping A Buy Point Today. - Investor's Business Daily,https://news.google.com/rss/articles/CBMimgFBVV95cUxQNlp6X3FMSjBUdGdfSFpZd3ZhLW9KOGdmOUZ5Z01ERGVwcG5xSzlnTjZkZkFJTFFoQnhFa2laRktUYlNMT2ptS0dmV1p2dHJ6UXVEUDhTLUVIWU84cm1VcGRRaDNrcGNCV3NWSGdPUEo2R3F4NnF3aGw2QlltLXhyTlMwRm5iRzJ6ZVlLcGNCUlJROVlkUl9MOVdn?oc=5,Investor's Business Daily,2026-05-28 19:22:00,False,neutral,,0,0,0.0,lexicon
2500174f0104,KO,How to Buy and Sell Coca-Cola Stock - FOREX.com,https://news.google.com/rss/articles/CBMihgFBVV95cUxPVjVtS0txWkpNamltUHdqbWFTdlFMWFdkdDVvSjQwelR1NUVTV3o4YXo2MElPUnRZV3U4MDlwLW9tRE1ILWMzMERyWTFsRlktZDc3VnRIQjlhTEZNeERDWC15d3RBWnMxN1hQNWtLdWRHMk5iVU9lVjY5eUdTZmk0NDVkWHg0Zw?oc=5,FOREX.com,2026-05-28 19:13:24,False,neutral,,0,0,0.0,lexicon
04f5fa1c3545,MA,"Barbara Stock Obituary (2026) - Needham, MA - Burke & Blackington Funeral Home - West Newton - Post and Courier",https://news.google.com/rss/articles/CBMijwFBVV95cUxOWDY5cDRSMnduamRPWDlTWjRjSFplSmk0WmRyNXRmeXFGZ3ljMVdJbTh1VnhFTzRqbERMQWhnMFFDTXdWUjN2MlFsaDVHSlNYckxrcXUxTUwxN1k2bXN5ZXdZT3VFM3ZLQ3E2MGlobVREVnctSTk5a1RkazVsdzhWc3g0bjg5YTV0dzdZcmF1VQ?oc=5,Post and Courier,2026-05-28 19:12:38,False,neutral,,0,0,0.0,lexicon
a969a5df63b6,ADBE,Raw dog food recall grows to more than 180 lots amid contamination concerns and reported illnesses - DVM360,https://news.google.com/rss/articles/CBMivwFBVV95cUxONjVjRWJKaDhDQ1BNaFZTZU9tNHNvbnJlOTBsZ091YjEyNXo4NGJ2UGZJQl9VZi13V3RXaTNKbnluemFJLUEzZl92YVA1UTFBcm1SYWV5RjgtYk15V0pNTFZOYk8xOHNIVHVuUUdSbDNyN01BTUR0YU9IUFMtdE5zTWFaZEcxdC1xVnEtZkZEOEs5TEJOT0k2ZWpzMUh4WU9OLVVLdUR3UEdfdGVmOFpaQUk5TUVYR3I5ejZiRWJkNA?oc=5,DVM360,2026-05-28 19:10:58,False,bearish,,0,-1,-1.0,lexicon
032f6f7ec6b2,AAPL,Tim Cook Has Never Hyped AI. Apple Stock Is at an All-Time High Anyway - 24/7 Wall St.,https://news.google.com/rss/articles/CBMiswFBVV95cUxQb3FNQVl4YzR5eVg4Y1N0ZDR5b0U3anRHdlBlWGNUVTItcllRaWNRMThmZF9IX1dmb3M5eTJWZktjbjB4Ul9Gb2t6SHo1MHE5NjhRVGZXQmF2ZGZ4M1NsUVZfcTdVaE8wOTlnSEdVQmdGRkdSQVRFSWl3ajlFUU1PWkJybnY3SFhrVVoxcmg4cGFNNEMwcVBJRGI3TXV5bnMzekFyd1MtdXRMUzkxU3dOd2puTQ?oc=5,24/7 Wall St.,2026-05-28 19:05:38,False,neutral,,0,0,0.0,lexicon
04a8bef0091d,PG,AAF 75th Hall of Fame: Former P&G CMO Jim Stengel Honored for Advertising Impact,https://finance.yahoo.com/video/aaf-75th-hall-fame-former-185531424.html?.tsrc=rss,Yahoo,2026-05-28 18:55:31,False,neutral,,0,0,0.0,lexicon
8b73646b14ae,MS,Former Wells Fargo Team Rejoins the Firm From Ameriprise,https://finance.yahoo.com/m/6b6ea171-7a06-3a19-9878-ae062986fd14/former-wells-fargo-team.html?.tsrc=rss,Yahoo,2026-05-28 18:55:00,False,neutral,,0,0,0.0,lexicon
0f17b622644d,WFC,Former Wells Fargo Team Rejoins the Firm From Ameriprise,https://finance.yahoo.com/m/6b6ea171-7a06-3a19-9878-ae062986fd14/former-wells-fargo-team.html?.tsrc=rss,Yahoo,2026-05-28 18:55:00,False,neutral,,0,0,0.0,lexicon
fcb5f416fa6c,GM,How Is Tesla's Stock Performance Compared to Other Consumer Cyclical Stocks?,https://www.barchart.com/story/news/2184059/how-is-tesla-s-stock-performance-compared-to-other-consumer-cyclical-stocks?.tsrc=rss,Yahoo,2026-05-28 18:54:19,False,neutral,,0,0,0.0,lexicon
14a6efdee33c,TSLA,How Is Tesla's Stock Performance Compared to Other Consumer Cyclical Stocks? - Yahoo Finance,https://news.google.com/rss/articles/CBMipwFBVV95cUxOeUxTREZiMjdrcUJxNDlXblE2cTU5aG04dUFpZTl3LS16azNwZ2VlZF92YzY3NmFUdTE4cUhDdnZ1LVJ1amtMbDVDRjNEczZPdlo4ZG1zYmhGQkdKd1lBMnNveWk3M3ZNWTZyd3ctZ2EwLWxaMFVHeFZxYjNnc0IyVVZROUJwUmFUX1dpbXVQZ2t5R1d3SVE2RzIteWxSeWQ2ajRTUTRSNA?oc=5,Yahoo Finance,2026-05-28 18:54:19,False,neutral,,0,0,0.0,lexicon
adb939f63366,UBER,Dollar Tree Stock Surges After Earnings. The Retailer Has a Big New Delivery Partner.,https://finance.yahoo.com/m/170972ec-752c-35b4-b707-c74b1ea1bd5a/dollar-tree-stock-surges.html?.tsrc=rss,Yahoo,2026-05-28 18:54:00,False,bullish,,0,1,1.0,lexicon
6fa22a768e2d,CAT,Why Red Cat Stock Is Skyrocketing Today - The Globe and Mail,https://news.google.com/rss/articles/CBMiwgFBVV95cUxPdDJzOS15RzBWMExpZUFHMm5oeUc4NFVwV1Z3c1gzdmppT0UxbnFidTAtTVpTTE0tNXVvYnlRT2MwUE5kQXd6RlhWb1JNdm1QSENMcmRzRXZCUXN2ajRncE55ZVRUUVlkaWxzb05tdFpES3JxZUNVYVhnd2l6N0huVkxIVXlPZ2RQcmFqN0lTVUxrYUlQbGdaNjB4MTU1dy0zY1hJSEJueXZhUEN3RnJMZEhIdXN5NS1Pb25jY0laMnJhZw?oc=5,The Globe and Mail,2026-05-28 18:52:09,False,neutral,,0,0,0.0,lexicon
d591a4b9ccf4,GS,Goldman Sachs Sees Two Risks Facing the Stock Market—Here's What To Know - Investopedia,https://news.google.com/rss/articles/CBMirwFBVV95cUxPaE9GWHVGeGkyRHJSRF9vek81M0hGdW8zMzhaandpdU1YLU5CRlBUUHgwczBzLWd1eW5jMXExMERadXI3NDB4cldUbTFpV21wRTVHZnE5Q2NDanRWbFdTRENqdzZXeHk1MnR4NTByYW9TQ0x0SjZNbVlpQjJxY0lKMGdmX1hVeldwdnJyVmRfdERDYThTNFB4c1Z1a1AxejNtMElPTm5rRWpQVFR1Qjdj?oc=5,Investopedia,2026-05-28 18:47:28,False,neutral,,0,0,0.0,lexicon
d210aec940da,BAC,Bank of America CEO flags massive Wall Street surge,https://www.thestreet.com/investing/stocks/bank-of-america-ceo-brian-moynihan-flags-massive-wall-street-surge-expects-q22026-quarter-trading-revenue-to-grow-15-year-over-year?.tsrc=rss,Yahoo,2026-05-28 18:47:00,False,bullish,,0,1,1.0,lexicon
1e2960b6b817,IBM,IBM Stock Climbs As Tech Giant Pledges $10 Billion In Quantum Investment - Investor's Business Daily,https://news.google.com/rss/articles/CBMiiAFBVV95cUxPNEdscUNydUpHSkJpQWF2akRLSFhmRHczaFFxMDdhMS0tU1NUcDdmampfc19MTlRKTUdYeFB4aDV1TGQ4WGxlUkUzVXNGdG5jQUN5dVN0VzhKWUgxTlhqbHNERUVLMWNvMWJVRmJLM0Rsd2RIVkFoNDNkMlUzd1piVWNXWmNVNnQ5?oc=5,Investor's Business Daily,2026-05-28 18:47:00,False,neutral,,0,0,0.0,lexicon
5441c60adea9,UBER,UBER Stock Quote Price and Forecast - CNN,https://news.google.com/rss/articles/CBMiUEFVX3lxTE5RVm5Qa183UW9qSWoxSktibFcyRloxRHZaU1dPWUFQZTdmQkJBRGFmNVJGNnR2Y3RyTEFwOVNGbEFIdWllcHdnRDlIeEpIUjFv?oc=5,CNN,2026-05-28 18:44:40,False,neutral,,0,0,0.0,lexicon
6e7277ac5155,TXN,Missing Congressman Tom Kean Jr.’s Lone Texas Instruments Stock Purchase Is Already Up 45% - Quiver Quantitative,https://news.google.com/rss/articles/CBMizgFBVV95cUxOX19MQzZrOFJtZTBnX3FsUFZPcmltLTcxNlpZM3VPVGdrX29nS2FnbEF5RUhYT2lRanFkYWJraW1SVUZKQ2F0aTJzU0JNa08xcGg2SlNxbnotLUx0V3EzWU5GRzVRbllsS1hPbTdCSE5LdjRYYjdkRjNaTEJJQmNZeENTblBOQ25XVThsVW1uNzdNaktjLXBXcThTYzA4Nlh1bWpDSEQ3LTVMaG5EVkJTaTVoTm1zMnR0QWhPYmlwdjNUR1E0X0FhTW1oMnZtQQ?oc=5,Quiver Quantitative,2026-05-28 18:43:00,False,neutral,,0,0,0.0,lexicon
11ce1270ce15,IBM,Why IBM Stock Jumped 5.3% This Morning - The Motley Fool,https://news.google.com/rss/articles/CBMihgFBVV95cUxPdDNQU2M2Q0k5VjlTRWlUM1dVX2JWS0FMWEt5MndNbUZLUjgyek5UbUltZTRwS1k1ZHVFdDZyZGl2MnI4UW93cThCeGNZMTJWTmZNYjRNWXZ1dzVSVktyeFhVeVNvSEFxYXFQNzlTSE1EYk45aldZalVlcTNiMUlMTm9JajF0UQ?oc=5,The Motley Fool,2026-05-28 18:35:00,False,neutral,,0,0,0.0,lexicon
ea130413536f,COST,"Costco Nearing All-Time High: Buy, Sell or Hold? - 24/7 Wall St.",https://news.google.com/rss/articles/CBMikwFBVV95cUxNM3Z4RDRhLVdJZkl2WmV5NUZ6RmEwQnQ4enNpSHU3OTFoRlhGWEV6NzRJcUxobWhvNDM1Tm1PelYycEc1R1hDdjJSYy1KeGhuV2JOamtzM3hqSnY1M3lpcF96c3RqcXExR3FLTWN0dkZWSU5HSGJ2d25qNHhaeDdpdGZMWVVsSDJLT1Z5VDZFdExCdmc?oc=5,24/7 Wall St.,2026-05-28 18:28:04,False,neutral,,0,0,0.0,lexicon
0997068b5186,ADBE,Figma Gets an Activist Investor. Exhibit A on Why Companies Don’t Want to Go Public.,https://finance.yahoo.com/m/eb61decd-0a8e-3a2d-9ce6-250f099e3cbb/figma-gets-an-activist.html?.tsrc=rss,Yahoo,2026-05-28 18:17:00,False,neutral,,0,0,0.0,lexicon
38f89297938d,MSFT,Microsoft Corp Stock (MSFT) Moved Up by 3.57% on May 28: Drivers Behind the Movement - TradingKey,https://news.google.com/rss/articles/CBMiiwFBVV95cUxNWDgxYzVKazhOM2x6X2hOc0Vrdm92LTlVMElVdUhfTU93U2hCSTJ6S2lobDBDX19qSEtjdjRwWGdyRkNDd0RXV2xTRTZBMmx1VUQwOVlUQkNfTkl2V01rY0stQ1ZXNHJvMG55YlpuWUlLZVoxemRtUFU2SThKWFRyUm83MjJTY2JPRjZN?oc=5,TradingKey,2026-05-28 18:15:37,False,neutral,,0,0,0.0,lexicon
e5d8d2970832,AMZN,Amazon plans to make SpaceX's Grok models available on its flagship AI service - Business Insider,https://news.google.com/rss/articles/CBMijAFBVV95cUxPQUhnY0wyS3M5SDlINEtTU1pmUHhNOS1YNFNfLWZSbEc1akJWeUpXb3pSMzZoS1lUTF9hOG02SkF0RzNRQU5XUUJUbnRBSVNNazZrbE02WkRtVlNER0Q2RjhvVVhuY3NLVVJPMFBkd0o3STVTZldqTktYYmRRT2h4OGFjN2pqREx4R2NqTQ?oc=5,Business Insider,2026-05-28 18:14:00,False,neutral,,0,0,0.0,lexicon
fd2f79d75182,TXN,The AI Trade Is Getting Overcrowded. Here’s Why You Should Opt for the iShares Semiconductor ETF Instead.,https://www.barchart.com/story/news/2183501/the-ai-trade-is-getting-overcrowded-heres-why-you-should-opt-for-the-ishares-semiconductor-etf-instead?.tsrc=rss,Yahoo,2026-05-28 18:09:36,False,neutral,,0,0,0.0,lexicon
22bedaede7fd,IBM,"Mythos was the critical trigger for IBM's open-source cybersecurity push, Krishna says - CNBC",https://news.google.com/rss/articles/CBMifkFVX3lxTFAyb0JEMjRSLVdMclBJcWVOeklPTkNYNGJrWnJNTzBpQ0VNS0g0TlgyQmVYMHAxRFl4UjJYbXJnSG5DQ05PWlRVRUNJLWctTmlYSFlGRTBYTHg1UTY0NVVGX3JERE5GbjBwNlNFaENCZWpHMkppT1h0d3BNdW1JUdIBgwFBVV95cUxNTEJtdXljcS1uZ0d3dUs0MndsdVJvNlkyR2o4UFlsS0c4dm50ZGRYaWR6NDZMVXU3ZnFyUVZ0U29HQmpua2xQTDY0Z3hFVUpVWklEaGdJSDYzZTlMVFZYcnBkWWJGbm1DWW5qS0U5OTMwbG1KM254M1JrSndjaGtTcGtsSQ?oc=5,CNBC,2026-05-28 18:02:43,False,neutral,,0,0,0.0,lexicon
1b6803775a80,UBER,Boston Seizes on California Billionaire Tax to Lure AI Jobs,https://finance.yahoo.com/sectors/technology/articles/boston-seizes-california-billionaire-tax-120000210.html?.tsrc=rss,Yahoo,2026-05-28 18:00:14,False,neutral,,0,0,0.0,lexicon
50a2a66828fa,INTC,"Opinion | Please take your Intel winnings, sir, and exit the casino - The Washington Post",https://news.google.com/rss/articles/CBMipwFBVV95cUxPT1c0aEhiOFJjUldWbUoxdlVzQktaSUpDcmgzT295NW5LUE5zeWlNV3ByODRxLVV0Q182N0dKMWVJVUljMkVpM1ljS2diVVlCOGh1ZFFDQ0ZOYWxoUEV0Qk1rZkpFdEZuUG0yV1o2WGtJNUhZWFA2SEFONjRON1lKMzZiemhTVXRzX0pnT1p5Z1BFTmU5RGFSaTh5c3d2NE8xT0padkszdw?oc=5,The Washington Post,2026-05-28 18:00:00,False,neutral,,0,0,0.0,lexicon
7bce3cef2550,MU,Micron Stock (MU): Top D.A. Davidson Analyst Sees Another 60% Upside Potential – Here’s Why - TipRanks,https://news.google.com/rss/articles/CBMinwFBVV95cUxQTDZIRTQzZ2t5WU1yTFo3UE1QWXZ4WUNWYUhCblZ3dERqZzBYcHhkMWp4YUhWTldqU09ZcnVDbG1KOE5mZi1tUzFYX25WZ2dRUFBFT0dJbTludU1rOENyMDRfQVVhd2FJSDlDZlEtaWQyVlBIazExZGtLdnROei0xMnFXd0lxSzdZdnBwVDg4eXdQQVVkekpSRTRzdXVPdEE?oc=5,TipRanks,2026-05-28 17:58:35,False,neutral,,0,0,0.0,lexicon
b347a70d27b4,ADBE,The best grills as Father’s Day gifts - CBS 42,https://news.google.com/rss/articles/CBMilwFBVV95cUxNSnpQOEZhTDB1cEhmMGdMbnFXMUdNYzExY2ZYT1J0TUVSb2ZpWmpBS1doRkhzTFJvN25DREpCRi1YYll0UWp2NEFxdmtJVlc5cTRjUFJqM0gzcWcyanBvZVdsMTkxa0JXQ2pyeGk5ZThzc1NTbC1lSnlBdWQ5OEdsVUszeUV1QmlHSTBKQ3lfTi1ITTd3X2dV0gGcAUFVX3lxTE9vdmdjRm5CakdVbFJvRFRFRVFDT3dTMVJ2NE9Bc3N3VWtOU2ZBQ0pmVkctVm5YTkRvaW1QaTZFSE04QUN4aVVnNm5qYzB5Q2NSamhPbHRkbmhwanp4bnJ4WGlRVE5wM2FkdGdnRHQyYlZjMkV2ZHpRS0piaElBVEo3b3pnNXhWM2ZxeUFNMnJWWnU2ZTVRZ0JlMDJNNw?oc=5,CBS 42,2026-05-28 17:57:24,False,neutral,,0,0,0.0,lexicon
382618aee5af,AMD,Why is AMD stock surging today? - Investing.com,https://news.google.com/rss/articles/CBMilwFBVV95cUxOQ2NKM3Q0WFZhT0JoRExlZ010b3gwTTZvamNpVGN1cU1xUVBFTGxMOHpkSE1LTXZZMHpXLWtBcXZ0SnFmbnVQTmNsUHU1bkZQYnN6elZQdE1IZ3JQaDBPSURwM19rb2ZrejN6MzhxRXlrcU5qMEd5d3Y2LU5seUxBNm1pdzBJdTUxc3B3VkVJb1k3ejFoTzNF?oc=5,Investing.com,2026-05-28 17:55:55,False,neutral,,0,0,0.0,lexicon
d9072ae3e946,TXN,AI’s Biggest Bottleneck Could Make These 2 Stocks Soar,https://www.marketbeat.com/originals/ais-biggest-bottleneck-could-make-these-2-stocks-soar/?utm_source=yahoofinance&utm_medium=yahoofinance&.tsrc=rss,Yahoo,2026-05-28 17:55:00,False,bullish,,0,1,1.0,lexicon
1b584392777c,QCOM,"While Nvidia Battles AMD, Qualcomm Quietly Signed the Biggest AI Deal in Its History. With ByteDance",https://247wallst.com/investing/2026/05/28/while-nvidia-battles-amd-qualcomm-quietly-signed-the-biggest-ai-deal-in-its-history-with-bytedance/?.tsrc=rss,Yahoo,2026-05-28 17:50:59,False,bullish,,0,1,1.0,lexicon
07d2bf908353,QCOM,"While Nvidia Battles AMD, Qualcomm Quietly Signed the Biggest AI Deal in Its History. With ByteDance - 24/7 Wall St.",https://news.google.com/rss/articles/CBMi2gFBVV95cUxOd3Q0bkgtN2ZWdzhaVUxaUU1kdnJzbWNqd3dzWE1xdzdMTEdubTdxSE5lYWE2LXN0TkZyTkdRMWttcjVYN0pGQmlSdnMzellKa3pOQjZTMk1YdXpBcFZPLWVKc0xJTzBPVjRMalh2RWZrR1RkblRfb3FWNm1WbUotcV9vTGdNaTBaTmk4XzV2OF9iTU5kWUdnLU9YQS1vdzF5czc4ZVlYcE8tQjJMeXl4MVNoRElpeEV3MVA5VDhhNkFVS0ROV0lxemJtSmcwbktWM3hBNFUxeEVRUQ?oc=5,24/7 Wall St.,2026-05-28 17:50:59,False,bullish,,0,1,1.0,lexicon
583bdd8ab1da,META,Meta Platforms: A Stock to Avoid or a Once-in-a-Decade Buying Opportunity? - The Motley Fool,https://news.google.com/rss/articles/CBMilwFBVV95cUxPS2RHTC1WUjhVQmlTSF9vZEx5ejVZX0RVM2R5NEhEMlk2NVZ4b2dJUHdhdTZfUk1sZUlTRVlSM0t6aXc5Qm5EV2dZZUFNbXBmVmRIOXpkV3RzdXZRZW5jcDd1QVRRTXNjblh0V09SandpYXNiWlpuQllNdHNjQnVYUnJfMGlfN0ZYWnJUOWhGcERsSEU2Vk04?oc=5,The Motley Fool,2026-05-28 17:45:00,False,neutral,,0,0,0.0,lexicon
99a57920a09d,CSCO,Wix layoffs today: Tech developer is the latest to cut 20% of jobs while citing AI,https://www.fastcompany.com/91549928/wix-layoffs-today-job-cuts-latest-tech-company-to-cite-ai-israel?.tsrc=rss,Yahoo,2026-05-28 17:45:00,False,bearish,,0,-2,-2.0,lexicon
7d5d343dc91f,COP,Cenovus or ConocoPhillips: Which Stock Is a Smarter Energy Bet?,https://finance.yahoo.com/sectors/energy/articles/cenovus-conocophillips-stock-smarter-energy-174300086.html?.tsrc=rss,Yahoo,2026-05-28 17:43:00,False,neutral,,0,0,0.0,lexicon
d69c0fe0fc57,NVDA,"Stocks In AI Bottleneck Soar 1,000%. Now Nvidia Is Demanding 20X More Supply - 24/7 Wall St.",https://news.google.com/rss/articles/CBMiuAFBVV95cUxORE03UmFSWlRiSHpibTFsSjlJVkZ2S05oUzBXTFNxdWJHeUcyc3JaNjFuTHd3WnVFY2hKa0NmeDA1LWE5Uk9tLS1vZVJSY3dvYXc4M2JzbnVBNkwtTVNWa2RleTZ6dzlia2ZQVlc4MU5ZOUR1ZE1EaVBhalZSUE1Sc2pqRC1NNFp2UGZhWU1vUGxPMmtlWXNfaGRGSF9Eb1JCQUUtZ0lJTU1aZFZ4Z2RNRnBBdklRVUNK?oc=5,24/7 Wall St.,2026-05-28 17:40:28,False,bullish,,0,1,1.0,lexicon
9737300fa49b,ABBV,3 Stocks That Could Be Trading Below Their Estimated Value In May 2026,https://finance.yahoo.com/markets/stocks/articles/3-stocks-could-trading-below-173803500.html?.tsrc=rss,Yahoo,2026-05-28 17:38:03,False,neutral,,0,0,0.0,lexicon
506dfe41ce0e,BA,Stifel Canada on Opportunities For CAE Under New Defence Industrial Strategy,https://finance.yahoo.com/sectors/technology/articles/stifel-canada-opportunities-cae-under-173722738.html?.tsrc=rss,Yahoo,2026-05-28 17:37:22,False,neutral,,0,0,0.0,lexicon
aec866c4327e,AVGO,Broadcom Stock (AVGO) Opinions on AI Partnerships and Earnings Outlook - Quiver Quantitative,https://news.google.com/rss/articles/CBMiqwFBVV95cUxQeHBsWFFLQ3ZnZGNLZjhNdk02NXBvLWxZLW9VdE50VUlTcU9QbENtUzl3UzBLYTg4Z2EzZU9HLVBOZGduaW9zRTY3S0JqazQyeDhpRWdaZ0dnbUwxNGFaazM2aXRwZmVHbnBrT0ZScVR0dndiQVB2bTFiLVNpTXpObmN1SnBjRkhaZ3Nac0JYWjUwcFhsVDN5LWFiWFBNMldrSjl1anpWMk4zdmc?oc=5,Quiver Quantitative,2026-05-28 17:33:00,False,neutral,,0,0,0.0,lexicon
17690f7984eb,SBUX,Starbucks sees a lift in afternoon traffic after a strategy shift (SBUX:NASDAQ) - Seeking Alpha,https://news.google.com/rss/articles/CBMiowFBVV95cUxNYmk1U3dZV0JDbnR2YUpPNG9RdkFidmZWR3A2aGpCbm9Fel84Ty1pbHVKc0NZQWYwNjdnYmdMOVNWZGRmYmduVF9SVDBsZTlQNXM5NjdUSzFyWXJuZFJTdWZpRUlXWUY5X3pUM0RCenZkSzV0QXVjTHFiQy1xUGhUb1JtcUtaVWVFQUZZeVNTczdMSFRwWTE1MXRuOUpDc19sVjdN?oc=5,Seeking Alpha,2026-05-28 17:32:03,False,neutral,,0,0,0.0,lexicon
ba265474cb17,LLY,Why Is Eli Lilly Stock Surging On Thursday? - Eli Lilly (NYSE:LLY) - Benzinga,https://news.google.com/rss/articles/CBMipgFBVV95cUxOVkxhLU1ybWh6RXBub2JnM3hCS0U5RTQtZ2lnRmM5V3c4WHc0emdrSzhCQkxEWjN2TGM4QXVQZ1VWVE15aDd6S0ZlMkdOZGtnSTVkcnFZUWhWUk9DUjNhekJncmF0YTlnZWIybWM1XzBsRmtaeUx1UEZmZWt5SG4wUzhRQ2hpdUR6OFdDSU1hd0FOY3p6Nmh5cFZqTGFWRkd5Z2wxREFR?oc=5,Benzinga,2026-05-28 17:29:56,False,neutral,,0,0,0.0,lexicon
a8884099b860,WFC,"Bank of America Signals Solid Q2 Boost From Trading, IB and Wealth Fees",https://finance.yahoo.com/markets/stocks/articles/bank-america-signals-solid-q2-172400842.html?.tsrc=rss,Yahoo,2026-05-28 17:24:00,False,bullish,,0,1,1.0,lexicon
7dbadfc30741,BLK,JPMorgan Says Bitcoin ETF Outflows A Sign Of ‘Cooling’ Trade,https://www.cryptoprowl.com/releases/jpmorgan-says-bitcoin-etf-outflows-a-sign-of-cooling-trade-5700?.tsrc=rss,Yahoo,2026-05-28 17:19:00,False,neutral,,0,0,0.0,lexicon
76eb3e25f54d,WFC,3 of Wall Street’s Favorite Stocks We’re Skeptical Of,https://finance.yahoo.com/markets/stocks/articles/3-wall-street-favorite-stocks-171827463.html?.tsrc=rss,Yahoo,2026-05-28 17:18:27,False,neutral,,0,0,0.0,lexicon
19480e566297,PG,Procter & Gamble vs. Clorox: Which Consumer Goods Stock Is a Better Buy in 2026? - The Motley Fool,https://news.google.com/rss/articles/CBMizAFBVV95cUxPQXR2LTB2VjN0RkEyR2RBWjdtOTV6c09WbUpqdnYyUmh6Q0ljbV9tVkN0T2Z6cllVVm9fd2otSjVna3RRcEhESEk2NS1LMG16OWxBaWlubm53NEt2WmwzYW1RTG91NDdqVHYyaE9ZT0c1NFo0bTdmcDk0NTdQVklMTW1BZWFtUnlrclZYNHRfMkU1WFUyNFhBRmZ2OEtJeV83alJ3VWtxVmg0UllkU1k3UHRFRGZ0QUFnMFAyRF9ObE5tYUIyWlNfRGxGeTk?oc=5,The Motley Fool,2026-05-28 17:17:00,False,neutral,,0,0,0.0,lexicon
70f5224220a6,UNH,UnitedHealth vs. Molina: Which Managed Care Stock Is the Better Bet?,https://finance.yahoo.com/sectors/healthcare/articles/unitedhealth-vs-molina-managed-care-171600243.html?.tsrc=rss,Yahoo,2026-05-28 17:16:00,False,neutral,,0,0,0.0,lexicon
2762b3c84644,MSFT,MSFT Stock Quote Price and Forecast - CNN,https://news.google.com/rss/articles/CBMiUEFVX3lxTFBQX3dUSG5UYjhqVm1nRmNzS2pFY0VvMjFRVlQ0WWk0RzFlM2NQZ1lnR2M0b1JKOUlFRU1KZTllYnJfODBUd0RKQ0FzT2o2SmFJ?oc=5,CNN,2026-05-28 17:14:56,False,neutral,,0,0,0.0,lexicon
ab2a219e48bf,CAT,"Caterpillar Rallies 59% Amid AI Trade Boost, Offers Buy Point",https://finance.yahoo.com/m/097c93bc-9278-31a9-b73f-e809a24e799f/caterpillar-rallies-59%25-amid.html?.tsrc=rss,Yahoo,2026-05-28 17:02:51,False,bullish,,0,2,2.0,lexicon
9245d0858b15,CAT,"Caterpillar Rallies 59% Amid AI Trade Boost, Offers Buy Point - Investor's Business Daily",https://news.google.com/rss/articles/CBMifEFVX3lxTE42aFN6RS16WTF2d3VZQ2lzQ2pmY1JCRi11RmxUVlJWYnF3cEVEX2E5YjZRU1cxVHh1TWxFcVdKUzJmNjNkQVlTVHE3dEpfTHJQMmNyMV9pdV9PaTZOSkpIaVdPSlNtWDJnSjdFeURCR2pJdC1fay0tVkc4ZW0?oc=5,Investor's Business Daily,2026-05-28 17:02:00,False,bullish,,0,2,2.0,lexicon
626a1bd2ff0f,BLK,DTCC picks Stellar to help in tokenization push for $114T in assets,https://finance.yahoo.com/video/dtcc-picks-stellar-help-tokenization-170000559.html?.tsrc=rss,Yahoo,2026-05-28 17:00:00,False,neutral,,0,0,0.0,lexicon
b2a55541725d,ABBV,"VERAXA Biotech Secures $27.5M Financing, to Go Public Via SPAC",https://finance.yahoo.com/sectors/healthcare/articles/veraxa-biotech-secures-27-5m-165350989.html?.tsrc=rss,Yahoo,2026-05-28 16:53:50,False,neutral,,0,0,0.0,lexicon
021ee4c87d01,KO,3 Dividend Kings to Buy Now to Replace the Social Security Income You're About to Lose,https://www.barchart.com/story/news/2182001/3-dividend-kings-to-buy-now-to-replace-the-social-security-income-you-re-about-to-lose?.tsrc=rss,Yahoo,2026-05-28 16:52:18,False,bullish,,0,1,1.0,lexicon
fe214c996cd7,PG,3 Dividend Kings to Buy Now to Replace the Social Security Income You're About to Lose,https://www.barchart.com/story/news/2182001/3-dividend-kings-to-buy-now-to-replace-the-social-security-income-you-re-about-to-lose?.tsrc=rss,Yahoo,2026-05-28 16:52:18,False,bullish,,0,1,1.0,lexicon
6e92bcb0855a,JNJ,3 Dividend Kings to Buy Now to Replace the Social Security Income You're About to Lose,https://www.barchart.com/story/news/2182001/3-dividend-kings-to-buy-now-to-replace-the-social-security-income-you-re-about-to-lose?.tsrc=rss,Yahoo,2026-05-28 16:52:18,False,bullish,,0,1,1.0,lexicon
6280078cc78f,UBER,Uber CFO sees driverless tech progressing in ‘fits and starts’,https://www.cfo.com/news/uber-cfo-balaji-krishnamurthy-sees-driverless-tech-progressing-bernstein-strategic-conference-/821430/?.tsrc=rss,Yahoo,2026-05-28 16:52:03,False,neutral,,0,0,0.0,lexicon
52ecae964e91,DIS,3 Reasons to Buy Disney Stock in June - The Motley Fool,https://news.google.com/rss/articles/CBMihwFBVV95cUxNSi03WXFyLVhKcFd5bnNfbU5EV3Z6dmVVZmRucjM3T2FUUFFSaE85aFE4ZXV6bTR0VzZqM0QtODJzZEJ6VGpUX1AzMm95T3d4ZFlINEFlZ1FvUkdMTGtnNHNlckJWbUlGMmxCV05QRjN2d0VtRzNPNHJwSkI2WEN2c09NaDRQeUE?oc=5,The Motley Fool,2026-05-28 16:52:00,False,neutral,,0,0,0.0,lexicon
b4ff448e84cf,JPM,JPMorgan Chase Stock: Is JPM Outperforming the Financial Sector? - Barchart.com,https://news.google.com/rss/articles/CBMiqgFBVV95cUxPN2Izb2t3S195R21QMlFnd3lad3I3elg1dVlyWTIwRW1pbTJESE1PQnhmSzZKSFhnV2dwT3FxU2o5VERQRWx6MlBXVGR6S3JzTmhRTG50eW9vSGhpVHRVVVk4cFdSZ0VselZEb214RWJyLUc3WWRuYloxMVpoLWhPRFFvb3BqRnVlTUpBaFh1WWtrOXprZ0NXYU9fcmlyUU5jRHdTekh5OVdXdw?oc=5,Barchart.com,2026-05-28 16:44:46,False,neutral,,0,0,0.0,lexicon
61b51ea17acb,TXN,"SA analyst upgrades/downgrades: NVDA, TXN, LITE, ZS - Seeking Alpha",https://news.google.com/rss/articles/CBMijgFBVV95cUxPdWszLWJFeVhWOFdTeUNNLTlRd0JrMU9RcWs1eWRMVUhWSWljd2Z5cktaLWl2S2FMVm1pSTkzUTZpT0tsVTZNaXozUUxrNUJBQkpmMEZ2S1E2Q2RKclNCcW8weW9KVEtpOVpPS0xjS3hGYUhfV2xiLUM0SFdrOFBNVWxpQ0djakNRTEU0TmZB?oc=5,Seeking Alpha,2026-05-28 16:41:42,False,neutral,,0,0,0.0,lexicon
2715ed8336fe,ORCL,$ORCL stock is up 6% today. Here's what we see in our data. - Quiver Quantitative,https://news.google.com/rss/articles/CBMinwFBVV95cUxOVzJMZmpuNGFmYnN5YW9XYXZBaUtCMTVoYVRyN0Z3VkFzX1dheVdoRFBYZXdtU0lrdFV0YUREUlQzb1BhUV9pRUpBOW1MWG9KUUdTLXg0Yjd3RFdEVWttOElEVVZPc01VY09ZWTAyWUJkX0VUT1lPOVh3VFhiSDdYRFcxTk5yY1VILVNtQXktM3Y2WGVubml5bUo5Zmw2QjQ?oc=5,Quiver Quantitative,2026-05-28 16:41:00,False,neutral,,0,0,0.0,lexicon
9b0df9fcf1d0,PG,Procter & Gamble vs. Clorox: Which Consumer Goods Stock Is a Better Buy in 2026?,https://www.fool.com/coverage/better-buy/2026/05/28/procter-and-gamble-vs-clorox-which-consumer-goods-stock-is-a-better-buy-in-2026/?.tsrc=rss,Yahoo,2026-05-28 16:37:15,False,neutral,,0,0,0.0,lexicon
971b75bedf5c,LLY,Eli Lilly Stock Heads for Record Close. CVS Weight-Loss Drug Coverage Drives It Higher. - Barron's,https://news.google.com/rss/articles/CBMihgFBVV95cUxPWWpMenVfdmdfeC1hd2dsSUFSRnNNS0JaR0N5YVBCUHFRTnZTYUFiMTBWcHBFUi1JbU8wdDRBZFlDOGJ1TExJbURkMVp3N2J3YnBNVnpWbWpEQWszNlhzUjlUMlRkX1dFRzZPcXBjTXlFVlE5bzVrU3RCWnVkdFA1QUhPQ2VTQQ?oc=5,Barron's,2026-05-28 16:37:00,False,neutral,,0,0,0.0,lexicon
8b9564e8809d,MA,Traditional banks take the lead in the stablecoin arms race,https://finance.yahoo.com/video/traditional-banks-take-the-lead-in-the-stablecoin-arms-race-162205447.html?.tsrc=rss,Yahoo,2026-05-28 16:22:05,False,neutral,,0,0,0.0,lexicon
75bffb151ba7,BLK,Traditional banks take the lead in the stablecoin arms race,https://finance.yahoo.com/video/traditional-banks-take-the-lead-in-the-stablecoin-arms-race-162205447.html?.tsrc=rss,Yahoo,2026-05-28 16:22:05,False,neutral,,0,0,0.0,lexicon
f387ac821907,META,2 major developments at Meta may have just put a floor in on the struggling stock - CNBC,https://news.google.com/rss/articles/CBMiugFBVV95cUxOamgzUHUwdUVmMTAwRUtqLWRsM1ZMay11VTcyODU3TkI0dTBmQVBpQmlKTXdKV2JfLXRZdGNsT2pDclpsVWJHUFY3ODVSb2NOdFA5RGhzZ1FqZ2Z5V3hVYlBYaGVJbmJ2MlE2bUt5aFRiWFp2c3dzT3FyMUdicFRSUVFrOGhWR25tVDZ2X1lKbnY3WV9pR1ByUGZXNVRTNmJGb3RGLUhuMWNKZkg2QURyVVZUZHJmNFdNOHc?oc=5,CNBC,2026-05-28 16:21:55,False,neutral,,0,0,0.0,lexicon
83b81287b9de,CSCO,Cisco's Security Revenue Growth Set to Pick Up: What's Ahead?,https://finance.yahoo.com/sectors/technology/articles/ciscos-security-revenue-growth-set-162100416.html?.tsrc=rss,Yahoo,2026-05-28 16:21:00,False,bullish,,0,1,1.0,lexicon
6fdfeab74fb0,MA,"How Mastercard, SoFi, Block are heating up the stablecoin battle",https://finance.yahoo.com/video/mastercard-sofi-block-heating-stablecoin-162000455.html?.tsrc=rss,Yahoo,2026-05-28 16:20:00,False,neutral,,0,0,0.0,lexicon
cf8e063caf0a,NKE,Persistent Demand Weakness And Margin Strains Could Be A Game Changer For NIKE (NKE) - simplywall.st,https://news.google.com/rss/articles/CBMiyAFBVV95cUxQOWFuSGVRdW9aMWhzWHIxeVNDS284bzl0eEJMY3ZybDl2QVZGSnFBbjBZYkxxeDUtdlR4WXFzOXdxY2dfaTd4SFpaekY2eEZZVERzMXRDeDJnVVNYTlZSZk5PaGE1bkJzM3NyYTVkZ3FHclkyaGxhcmx0cm5NWEh2QjRlTGcxVEJqQTItblk1c0JZY0hqU3dGd3UzbHZkd25NNmY4Z3Uzc0UtbDZLRERSWVNoVEhZQ1N0ckF4YWVFcU1Hakl6S3ZBMNIBzgFBVV95cUxPUEtGLVdKQ1pORzdOakJ3NVFDMEo1Y2F4amFCU1dFcVVkQTVIdXR0UmlCUU9Rd0hRajJ6NnFuNWxNTHROYnlOM2ZJSmtIT1Y1U3d3a3BpSTJBRkV2djlyYkdlRjZtbWhZTUFSOEhGaFFOTmdrV3JqRmY3R0pjTnJTX0loTlZCNkFLaGpzX2dlVWJWWEYyVlZqYUdmbFNiaW51dnhsTV9qYkFiRWFOa0NlUWdsVWM5Uy1KbHJxZnU4bi1mVkNXQ3VXSV9nWGJ3dw?oc=5,simplywall.st,2026-05-28 16:18:18,False,neutral,,0,0,0.0,lexicon
aeacf7ccbbde,TMO,Thermo Fisher Scientific Inc Stock (TMO) Moved Up by 5.14% on May 28: Drivers Behind the Movement - TradingKey,https://news.google.com/rss/articles/CBMiigFBVV95cUxNUVhvbGpxRy0xYWFGcGg1aWFUVDQ2Qk9iTVF1U0NBbzBIOHZiZTVnX2lvbmFQWUdTeW5oNHQxM2c4RXo3QnVZTXowZlkxbU5qVzJBZnFyQjg1Q1lESklwLXQxeWVKcmhfTU9iNFhGcWI1OTlMWmRRQVU4UDJqZ0VlR000UnNadm91ZkE?oc=5,TradingKey,2026-05-28 16:15:27,False,neutral,,0,0,0.0,lexicon
c71439bda498,MS,Wall Street giant’s ETF suffers second-worst outflow ever,https://www.thestreet.com/crypto/markets/iconic-blackrock-etf-posts-second-worst-outflow-ever?.tsrc=rss,Yahoo,2026-05-28 16:15:00,False,neutral,,0,0,0.0,lexicon
8fe784e8b2a9,MS,Agilent Stock Is Having Its Best Day Since 2002. Earnings Leave Wall Street With ‘Little to Pick At.’,https://finance.yahoo.com/m/ca89816c-2316-3d9f-ad9d-ec2706d0fdfe/agilent-stock-is-having-its.html?.tsrc=rss,Yahoo,2026-05-28 16:12:00,False,neutral,,0,0,0.0,lexicon
8c222955d86c,DIS,3 Reasons to Buy Disney Stock in June,https://www.fool.com/investing/2026/05/28/3-reasons-to-buy-disney-stock-in-june/?.tsrc=rss,Yahoo,2026-05-28 16:12:00,False,neutral,,0,0,0.0,lexicon
c4b9ebef522d,WFC,Agilent Stock Is Having Its Best Day Since 2002. Earnings Leave Wall Street With ‘Little to Pick At.’,https://finance.yahoo.com/m/ca89816c-2316-3d9f-ad9d-ec2706d0fdfe/agilent-stock-is-having-its.html?.tsrc=rss,Yahoo,2026-05-28 16:12:00,False,neutral,,0,0,0.0,lexicon
dbf0a7bf6048,AMZN,Amazon's dividends & stock splits: What you need to know - Yahoo Finance,https://news.google.com/rss/articles/CBMiogFBVV95cUxPYUtNdzREMFNzRkZzeUxvcC1kTGtGNXhNSWN1YkJfb2pJemdCVzE2WVVZWEhjdEdnZHFoUndXTzRlSjdub253OUR1VWxPcUV3d3UzQUpLUGhIa1lEXzRrN0RVTm1Ca3U1VkpEdHJHVXJKQk9fTzhmeTlrOVJfMjRoMDJuNkVBdkl3SUZuWWllRGswa0pTTE12NjB0OWExZlZablE?oc=5,Yahoo Finance,2026-05-28 16:12:00,False,neutral,,0,0,0.0,lexicon
1f75654c9521,CRM,Daniel Ives Gives His Verdict on Snowflake (SNOW) and Salesforce (CRM) Stocks After Earnings - TipRanks,https://news.google.com/rss/articles/CBMiugFBVV95cUxOSEtzVmZOQjdZVGRQbk0zcFhBUGlSXzhEZ1JDOTJWY0tDWjg1SXRlaTkxWGNFVXhfNnhKbDJYd1l2Vzczd3NGeFV4SFZsOEk2YXJfNUlEY3NEMVdhbkFLMkRLWGVkSllaSS0weGltMGpWWU8tV200T0tqQ3hpWVN4RmdzZkdaLTlObGxsQV9GRUFoVFNkY0xlY1RMRmVNanE3RlVpQlFsdUNyQXVLcTRUUUw0V0U3U1VwT1E?oc=5,TipRanks,2026-05-28 16:11:46,False,neutral,,0,0,0.0,lexicon
4e3af49fa673,HD,“HD Will Hold”: Jim Cramer’s Upbeat Outlook Gives Home Depot Stock (NYSE:HD) a Boost - TipRanks,https://news.google.com/rss/articles/CBMiqwFBVV95cUxPQ1Q3T21CejFjWGY1R3pNY3ZELUJadmw0akRiLUx3NXhGWnBwUFFYY2FwRHFsREJYdURfMHpZUEh3SGdSWkJqQjlPQmVCN1QyejN2NHlVZEh2NWF0eEZPMEY3SDVGcC1GZFBnRzRIeFY1MGs2NWZNbEFYajBvUTNXMmk5RF9SYVFHT2RabE1XTjhOUVdqc2doWm5sN0VKbFh0S1dtQVJVUEN3NjQ?oc=5,TipRanks,2026-05-28 16:11:43,False,bullish,,0,1,1.0,lexicon
ada4393609be,MU,"Will Micron Stock Reach $2,000 in 2027? - The Motley Fool",https://news.google.com/rss/articles/CBMihgFBVV95cUxOTXIzMTRKZEdVVGt0ajdBYWJ1ajRfb05iUkhUTm9pdllrazh6WGp5Tk1TR2lBUk5FdmVPUXQyLTFQS2Q3Uzh2X1hEeHpRNlE2aWlTZTUxS1YxanpMVGFCNzhwTlhfRF9haVdpOXdnSGxRLW1PSW92V0hnZUlOSUc1QTZxQjU0Zw?oc=5,The Motley Fool,2026-05-28 16:11:00,False,neutral,,0,0,0.0,lexicon
5d0526f09806,PYPL,"PAYPAL HOLDINGS, INC. (PYPL) - MSN",https://news.google.com/rss/articles/CBMid0FVX3lxTE4zdmFMTlBzZXM0cXZrZVh5N29KekZZVmQ0Z3hKbUZGV2F0SWhXRDFobVNGc1BEaDVveG9HQ1lfOWxRamJ0dHFuTFFRM040Zk1EQnpFLXZ0bDVfbl9tOFhobk1VQ0RMS0VqRldXY2RFRHpIb0ZxNWJR?oc=5,MSN,2026-05-28 16:09:47,False,neutral,,0,0,0.0,lexicon
117a323a99d3,INTC,Trump Invested in Intel And it Soared 500%. Here’s the Next Industry the Government is Buying. - Yahoo Finance,https://news.google.com/rss/articles/CBMinAFBVV95cUxNcjNreTZtTFNRaDZPek5xaFdhRW5wLThNTExuZ0xZOXdRdHlVQ1R4Z2FXYWlySlA4YXpoYXdhZGJzV2w0S1JHZVlmMThfQ19PTlgtNUtLVFdqcVM0RlZqUGk1YVFYNmVGSnlhcmZZWGhLNTNsb1V1ZUVJVHJodklQVzlyR1dRNHJPbFVJeFBxWmE1RGcyMTdaSFltZTc?oc=5,Yahoo Finance,2026-05-28 16:09:30,False,neutral,,0,0,0.0,lexicon
0dd828b3e10c,ORCL,"Oracle at $192: Buy, Sell or Hold? - 24/7 Wall St.",https://news.google.com/rss/articles/CBMif0FVX3lxTFB3TEZqazZxZkpERGZPd2FHLW56QmRxVjRoeElCa003c0JTUlpIZ2ppSjRtMmxmcFlDX1R0ZVYzMjdTRUpBVjVpODNUQmhGMnJCNUI4a3hoTkR3SmxHdDQ3eGFyeXNlcDZCbDRhSE5GY3dLcWlmajNRS21OM0VkYW8?oc=5,24/7 Wall St.,2026-05-28 16:06:52,False,neutral,,0,0,0.0,lexicon
bd023f999c1b,GOOGL,"Alphabet (GOOGL) Stock Quotes, Company News And Chart Analysis - Investor's Business Daily",https://news.google.com/rss/articles/CBMisAFBVV95cUxQZ3RHcWtkOUszb3lIUjQ3ZndGU05XWDlWeU5IQVJJMEJsUjh6NnFUaFdwVGR0QjVadkFOcm9IbkVsejNxUlJieEdzekQ4TXRsQmQ0ejVZMkpHRkw4TnQwWnB5MnJDLTBrSXBzTTVzdlpOc1ZnNEZpcDdBVWhDNG5wcF9NTVZHYVcxR3hCMVpvVU9OeVJhMko0Ym1qMDNiM1R2Wk9qREoyeUVOdGcwNjh2Qg?oc=5,Investor's Business Daily,2026-05-28 16:04:00,False,neutral,,0,0,0.0,lexicon
44159934ebad,MS,Analyst resets AppLovin stock forecast on hidden metric,https://www.thestreet.com/investing/stocks/analyst-resets-applovin-stock-forecast-on-hidden-metric?.tsrc=rss,Yahoo,2026-05-28 16:03:00,False,neutral,,0,0,0.0,lexicon
5be74d3c06fe,AXP,What Mastercard's BitLicense Means for Its Digital Payments Future,https://finance.yahoo.com/markets/crypto/articles/mastercards-bitlicense-means-digital-payments-160000551.html?.tsrc=rss,Yahoo,2026-05-28 16:00:00,False,neutral,,0,0,0.0,lexicon
4fde1af75771,MA,What Mastercard's BitLicense Means for Its Digital Payments Future,https://finance.yahoo.com/markets/crypto/articles/mastercards-bitlicense-means-digital-payments-160000551.html?.tsrc=rss,Yahoo,2026-05-28 16:00:00,False,neutral,,0,0,0.0,lexicon
2ca7bd14db4e,V,What Mastercard's BitLicense Means for Its Digital Payments Future,https://finance.yahoo.com/markets/crypto/articles/mastercards-bitlicense-means-digital-payments-160000551.html?.tsrc=rss,Yahoo,2026-05-28 16:00:00,False,neutral,,0,0,0.0,lexicon
6e4c05e6f0d0,MSFT,Billionaire Bill Ackman Just Loaded Up on Microsoft Stock. Should You Follow? - The Motley Fool,https://news.google.com/rss/articles/CBMikwFBVV95cUxQbHNZOWF6Nk10YjV4ZmdPVkFnczQtSnk2eU1zVlA0UXVGVDVib1hoSURMeFVZQzMwMW9WMXYxcUhaYmZvTzdhOXZwVl9mWkhvNUVxczVMUV9aWFBVVGtNblQ3NWxaWkZpajY4WjRrWFhVSGl2R3JxZ2xXQ3dSTmZxaFpnQmhiNzNJLUh6WFF1ekN3V28?oc=5,The Motley Fool,2026-05-28 15:58:00,False,neutral,,0,0,0.0,lexicon
0a56d4fc35af,ADBE,Salesforce Gives Lukewarm Outlook That Fails to Ease AI Fear,https://finance.yahoo.com/markets/stocks/articles/salesforce-gives-lukewarm-outlook-fuels-200630699.html?.tsrc=rss,Yahoo,2026-05-28 15:52:45,False,neutral,,0,0,0.0,lexicon
d810bf5154df,PFE,1 Stock Under $50 with Solid Fundamentals and 2 We Ignore,https://finance.yahoo.com/markets/stocks/articles/1-stock-under-50-solid-155027996.html?.tsrc=rss,Yahoo,2026-05-28 15:50:27,False,neutral,,0,0,0.0,lexicon
eeab438b0a38,AVGO,Broadcom's BCM68850 Boosts AVGO's Edge AI Push: More Upside Ahead? - Zacks Investment Research,https://news.google.com/rss/articles/CBMipgFBVV95cUxOTnB4eXpuSUctVmxFLXRkR0hXRUJDNGhHNlJjXzZwcG5GczVtWmR0d09vMTU5VmZMLW9yOFhnaFZNU3JPbW5BVnZyaFZoeXRzbURheXFERGltTUtuMVp0blNFVzJ4VGpBWmoyZHFsV1AycVc4dGMwODU4SXVwSF82NWY3LW1razVXcTZ5bi1FOGVJQ3ZOV2pXa3hVOVlOZTJqVXFvZ1Fn?oc=5,Zacks Investment Research,2026-05-28 15:49:06,False,neutral,,0,0,0.0,lexicon
a531285ef2b7,JPM,Why JPMorgan Chase & Co. (JPM) is a Top Dividend Stock for Your Portfolio - Yahoo Finance,https://news.google.com/rss/articles/CBMilAFBVV95cUxPUVV4T0Vkd3JpLVZqRTVfYlo3eXJSZ0NEaVRKdGJZclZrb2NvWTVXR3I3cksyaHlsWXFqa2R1OVVBQTdaVkNkUEFMRGZJN0M2bVFIVFNwMzJpV0Y5UUg4cHFqWnZlVkhqV1U5Y0FlNDRRX3ZfbmcxX1hyYjlSZF9yQnFBZUU3aDliakJCb0djbjQ4LWd5?oc=5,Yahoo Finance,2026-05-28 15:45:01,False,bullish,,0,1,1.0,lexicon
de586087f013,PFE,Valneva to Participate at U.S. and European Investor Conferences in June,https://finance.yahoo.com/sectors/healthcare/articles/valneva-participate-u-european-investor-154500213.html?.tsrc=rss,Yahoo,2026-05-28 15:45:00,False,neutral,,0,0,0.0,lexicon
93bfff0896e1,ABBV,SCHD’s $71.6 Billion Portfolio Delivers 20% Gains Plus 3.3% Yield This Year,https://247wallst.com/investing/2026/05/28/schds-71-6-billion-portfolio-delivers-20-gains-plus-3-3-yield-this-year/?.tsrc=rss,Yahoo,2026-05-28 15:44:58,False,bullish,,0,1,1.0,lexicon
ee9186cdaa5c,KO,SCHD’s $71.6 Billion Portfolio Delivers 20% Gains Plus 3.3% Yield This Year,https://247wallst.com/investing/2026/05/28/schds-71-6-billion-portfolio-delivers-20-gains-plus-3-3-yield-this-year/?.tsrc=rss,Yahoo,2026-05-28 15:44:58,False,bullish,,0,1,1.0,lexicon
72039d1c0a51,SBUX,Six Flags hires Hot Topic CFO for finance chief,https://www.cfodive.com/news/six-flags-hires-hot-topic-cfo-finance-chief/821409/?.tsrc=rss,Yahoo,2026-05-28 15:37:09,False,neutral,,0,0,0.0,lexicon
a81dca27ba7c,V,Visa (V) Down 2.2% Since Last Earnings Report: Can It Rebound?,https://finance.yahoo.com/markets/stocks/articles/visa-v-down-2-2-153019999.html?.tsrc=rss,Yahoo,2026-05-28 15:30:19,False,neutral,,0,0,0.0,lexicon
778bba560c3b,SBUX,Why Is Starbucks (SBUX) Down 3.2% Since Last Earnings Report? - Yahoo Finance,https://news.google.com/rss/articles/CBMilAFBVV95cUxNUlM3MmIycC11d1JJZ1NrYkJCbE14QXlrNmgyblhDeXVybUk3Njc0YTl2V3FsUTROSC1xeUx1QUh2VEhEOGV2SWNUdU5UT2FBSWJHY2dVQUdKZmJ6NUZkT3NHQlZHM1pOYVdzREdpUUEzLTg0WXdsQmdmT29WcXgzbi1uMTVlWG8zSllsdU9peW5SLUFZ?oc=5,Yahoo Finance,2026-05-28 15:30:16,False,neutral,,0,0,0.0,lexicon
c2beda10c774,SBUX,Why Is Starbucks (SBUX) Down 3.2% Since Last Earnings Report?,https://finance.yahoo.com/markets/stocks/articles/why-starbucks-sbux-down-3-153016999.html?.tsrc=rss,Yahoo,2026-05-28 15:30:16,False,neutral,,0,0,0.0,lexicon
2a1ad1fd3862,KO,Coca-Cola (KO) Up 3.5% Since Last Earnings Report: Can It Continue? - Yahoo Finance,https://news.google.com/rss/articles/CBMiiAFBVV95cUxNRVVqX0dOZkNNdUY3SnlfQVFjMFFxbmp3cjhGNDV0ZVdPS25vWVZZNmQtaUw4bWxTN3VJTVVTWVZ2YVpFRHlheFlfcVlrYW5UaFd2TU9IM3hRTDBkYmJ0ZzV6MnZrZHZlbFJZb040RkF4REFBN1YxemxpR2MwTkVrd29VZkJzbmp2?oc=5,Yahoo Finance,2026-05-28 15:30:12,False,neutral,,0,0,0.0,lexicon
64bbb8d6477e,KO,Coca-Cola (KO) Up 3.5% Since Last Earnings Report: Can It Continue?,https://finance.yahoo.com/markets/stocks/articles/coca-cola-ko-3-5-153012862.html?.tsrc=rss,Yahoo,2026-05-28 15:30:12,False,neutral,,0,0,0.0,lexicon
3fdfb4860c1e,GM,General Motors (GM) Up 9.8% Since Last Earnings Report: Can It Continue?,https://finance.yahoo.com/markets/stocks/articles/general-motors-gm-9-8-153009145.html?.tsrc=rss,Yahoo,2026-05-28 15:30:09,False,neutral,,0,0,0.0,lexicon
8ac8c2d961b5,UNH,Centene (CNC) Up 9% Since Last Earnings Report: Can It Continue?,https://finance.yahoo.com/markets/stocks/articles/centene-cnc-9-since-last-153006844.html?.tsrc=rss,Yahoo,2026-05-28 15:30:06,False,neutral,,0,0,0.0,lexicon
c327719e4acb,MU,Retail traders are pouring money into the memory-stock craze - Business Insider,https://news.google.com/rss/articles/CBMipAFBVV95cUxOazF0X3IyaXhJeVluVlU1Umg0QzZsQVIySFo1Q0dCQUhnWWl0NjI5aVZuVlZabENjTUplYU5ka1gwbmx3a2hCdDhjXzVLMG4tTHAyUUVKbVNaV2FJVlVNYlMyUHZIWjVRb0ZtOU9aZkNSOUtQdGpWNHdmN3NkSW1ZTk1BaEdXRlNGS2dQMTJPU3Vya29UT2g4azVPMGtmSUVEbFJZcQ?oc=5,Business Insider,2026-05-28 15:26:00,False,neutral,,0,0,0.0,lexicon
808d3abc48e6,AAPL,What Could Push AAPL Stock Higher From Here? - Trefis,https://news.google.com/rss/articles/CBMipwFBVV95cUxPYThHWDdxTTJRNEJEbmxnOUctMjBXV3pxS204SXpHTmJ5OHFPSUR2YUhyZFJOZVcxSTJxcmdGRW9Dd2Y2akdSamktc0NLMFVYY1FMeFhxcU52RG1sVUdoOThQTlJDdThXblp3bkszQWdRcGpWdGY5S1BwX3c0dndFQlVwWVlBTVQtcTVOdWh3ZWdzbndiWWxzOFN3RmJDZ1B6bV9qQ2FWTQ?oc=5,Trefis,2026-05-28 15:18:21,False,neutral,,0,0,0.0,lexicon
9c67b0c76273,AMD,Advanced Micro Devices Inc Stock (AMD) Moved Up by 3.17% on May 28: Facts Behind the Movement - TradingKey,https://news.google.com/rss/articles/CBMiigFBVV95cUxQdno3c3hZMENfZnFleWhFZnFhcFhHNF94eGhfNTIwR1JacFpIMXhwUW9NYkZFbHBpVWFHdzRYTXJSbHpIeDU4em1MNTUtcUxiV3FoR28yeGdSX1RYMWg5eXNBN3EwOC1rc1RYcUlOaGVLQUlSWVhjT0xpRGNUVWh2b09DRWc4TkNhN1E?oc=5,TradingKey,2026-05-28 15:15:21,False,neutral,,0,0,0.0,lexicon
f9beef338beb,MSFT,The $43 Billion Reason to Buy Microsoft Stock Here - Yahoo Finance,https://news.google.com/rss/articles/CBMinAFBVV95cUxNbVRoNW9fbjJWR1FJbk9RQmk3VWhTV2cxMlFpVTNDUjRyS1FDUFVTSEFuTXdVZjVkaW01dUVZdkxSZWdhd21ZODcyc091WDNHSjFmZjdVaHZlVlI3bHNGeXNOMHZkTU04UEY5RFBwNTA1cXFybU4zTGY2QVh1c0dZMEh5OW5DUFJTTG9QdFpaNVJhWC1MWlRBaEhBTl8?oc=5,Yahoo Finance,2026-05-28 15:14:35,False,neutral,,0,0,0.0,lexicon
933e62e48d21,AVGO,Is Broadcom Stock Outperforming the Dow? - Barchart.com,https://news.google.com/rss/articles/CBMiiwFBVV95cUxOeWROWnFGVDROeVJTREN2b2tJREVMSmR3U0x0clJhRGdTdUxybE9hNkhuMDBxeGhFd0huX0Zuamh1REgyblRWc0JNdGw2aXpNZEpCMEVnMkFUQ0ZIZGJXYlRkV2VnMUtreDBlYWJFQnFyNVB3LWVaTkt2dE1iUTBBbVRzMlF5OV9Yc0tn?oc=5,Barchart.com,2026-05-28 15:13:02,False,neutral,,0,0,0.0,lexicon
9f3b44942a5c,TXN,1 Semiconductor Stock to Research Further and 2 That Underwhelm,https://finance.yahoo.com/markets/stocks/articles/1-semiconductor-stock-research-further-151027296.html?.tsrc=rss,Yahoo,2026-05-28 15:10:27,False,neutral,,0,0,0.0,lexicon
f1259bf765df,V,A Congress Member Sold Up To $180K In Visa Stock: Here's What You Need To Know - Benzinga,https://news.google.com/rss/articles/CBMi0AFBVV95cUxPQ09YdEFfa2RFaTZOejlNaV96X2dzZ2xxY2NWVmpMYjh5TF9Lb1VzS1Z4bmI5TnBiTVdJWlF4cHphajVTMHcwVUpFZEFPNGZzNWRtM2dUTmFYTnF5N2xiclV2UFJjMVJIVXZSY2hJYlhjdzBxbkR2bUd3SjA4dE9Qdmd5eXFUcmJrOEJxU3o2VVR5U25FNVp4YW11SlplaFdBbEs5UkwxSElLVndDVmNrRVpRdVctSi1zSm12X0N2LTZwbFZjNnZYYV9OTDVEeTZO?oc=5,Benzinga,2026-05-28 15:00:09,False,neutral,,0,0,0.0,lexicon
af765227e366,F,Ford’s hottest business right now has absolutely nothing to do with cars,https://www.fastcompany.com/91549201/fords-hottest-business-right-now-has-absolutely-nothing-to-do-with-cars?.tsrc=rss,Yahoo,2026-05-28 15:00:00,False,neutral,,0,0,0.0,lexicon
4768c0bd82fd,NVDA,Nvidia Stock Trades Flat Despite $1 Trillion Sales Target as ‘Market Expects Nvidia to Keep Beating Expectations’ - Yahoo Finance,https://news.google.com/rss/articles/CBMingFBVV95cUxQbjNDX2ZSTF9McEtucXhNWjd5QmpURUs1S3FvaGJaX0VuQUpZTDBzOC01clVIRUxndVh1aTk2cVJVVkpwM2szXzVnTTVoSVlPUW5uV3dZMGl0OFQ2eXpIUzR0ZU9pNXlJLUNSc3N6QkhwUU9YSC1fbFB5bFdtWFRYS0tNejJCMnRtQ3VyLXJhYU5SQWd4Z1FnZjhDbjg3dw?oc=5,Yahoo Finance,2026-05-28 14:59:33,False,neutral,,0,0,0.0,lexicon
e3c9e0f6e77c,NFLX,Netflix Could Be One of the Market’s Biggest Comebacks With 250% Upside,https://247wallst.com/investing/2026/05/28/netflix-could-be-one-of-the-markets-biggest-comebacks-with-250-upside/?.tsrc=rss,Yahoo,2026-05-28 14:58:37,False,neutral,,0,0,0.0,lexicon
2929b1cf554b,NFLX,Netflix Could Be One of the Market’s Biggest Comebacks With 250% Upside - 24/7 Wall St.,https://news.google.com/rss/articles/CBMiswFBVV95cUxPVFRyeDBJWkFkbWpHS3QzWkZabkFrMEFjaUZhNUJjUDhIQlRvOUUyTnJwS01nWi1Jd3FEQklNUmw1WnBIampjaEVoRjR5akYwcUFYbGJoanlfQkh4VkZHZElkZmY0NTR3ektUeGxwUEUybU9xR2hqVjFjcGdWeE05dFkwbUpzVUpTT21vV3ZhcGlSRXN2Rm1QQWFsOHkyQnlvOHZwc2Y2Mks5YWJwRVYwcnZaWQ?oc=5,24/7 Wall St.,2026-05-28 14:58:37,False,neutral,,0,0,0.0,lexicon
cd41460de0fb,PG,Tyson Foods names Jeff Schomburger CEO to replace Donnie King,https://qz.com/tyson-foods-ceo-jeff-schomburger-donnie-king-052826?.tsrc=rss,Yahoo,2026-05-28 14:55:20,False,neutral,,0,0,0.0,lexicon
73c6cae86757,COST,Costco Stock Pauses Ahead Of Q3 Earnings: What Investors Need To Know - Benzinga,https://news.google.com/rss/articles/CBMiyAFBVV95cUxNdzYtcDlnc0RRbkJYYmlfZ09QN0VnbXdaeEVNVVZ2S3loTVZsa1JCVGEtSmU0a2ZlaFRSUVhFTkJEYnlLODYwQVdodU83R3lzLWl6R2M5NUkwR2NiMVJuTnZTZWhwUGl1eFFqUjNWZE9FSzNQTElXU0gwNmZIcnRDdDliUV9LUVpYN3RqX3N1YWdJMTZYeEpyRlRuOHhfdVhpSHM4ajlSMDJaSkRCeFVDRF9fT0tXWkcwY2ZLNVRFalB0bTNHMVEyNQ?oc=5,Benzinga,2026-05-28 14:54:12,False,neutral,,0,0,0.0,lexicon
8ab51683bd20,MRK,Merck Stock After a 60% Rally From Its Lows: Is It Still Worth Buying at $120? - TIKR.com,https://news.google.com/rss/articles/CBMiogFBVV95cUxPblVJMXc5SFdGYlZwZkNEdUl5RlIxTzlqYnFib0tKXzU0UmFxd1h1cEk0VUtJaWI1b2pzRlNUTVZDNlhtNlFReVFBUHpyemFYYmZQM1BuV2ZvVFpqakJsejd5TGhSSW9ncG0xWWRnemtIWmVVOHFqN1RzSzBIWktRSDl0b3J1akxaRFdDX2s3LWVHdTBKY1JDYU5lQk1PWDI0U2c?oc=5,TIKR.com,2026-05-28 14:49:26,False,bullish,,0,1,1.0,lexicon
268827080540,MRK,AGEN vs. IOVA: Which Cancer Biotech Stock Has More Upside Potential?,https://finance.yahoo.com/sectors/healthcare/articles/agen-vs-iova-cancer-biotech-144900528.html?.tsrc=rss,Yahoo,2026-05-28 14:49:00,False,neutral,,0,0,0.0,lexicon
2853740db925,INTC,Prediction. Intel Has Run 492% and Its Own Insiders Are Selling - Yahoo Finance,https://news.google.com/rss/articles/CBMimAFBVV95cUxPUW8xZ2ZqbVN1eXF2ZFM0cTN6bXhSbVJHWHhFVndQYmVQWTB3RDF6YUstNHFhUDJIMWxtR19paGVsUWpDVGxoU3J0ZG5ITkRSaXFza3ZjcHh4S0FCVGlFMUZSZTByTXRGZ0ZFY2NlSVhuYXNadEdqOTJ2dm9haGVGV1c5ZW5xcVgyWlhhbFJFekNiOEtzb1hfVA?oc=5,Yahoo Finance,2026-05-28 14:48:23,False,neutral,,0,0,0.0,lexicon
59c649da835d,MSFT,Why Microsoft Stock Could Be A Massive AI Buying Opportunity - Seeking Alpha,https://news.google.com/rss/articles/CBMiowFBVV95cUxONTVwQmxXNjN3akZ2aU95U1hJaEx2Q3d5S21COFgxWm9FM3hKbXAzak1aVnBJODFmMWphYnFwYzFoaklQX244bmFoXzVJRXZmX294Y2hoNG5tQ1VQeDA4bzMyUFJORjhvOVRRZHZZY056cVR6aXZUZDNfb1lPOFJWdjdxVFg2M3FVdW0wU0ZRM1phNVZzVFd1cGw1Z1FyR0MxRXFN?oc=5,Seeking Alpha,2026-05-28 14:45:00,False,neutral,,0,0,0.0,lexicon
2195772c5ea8,GOOGL,Meta vs. Alphabet: Which Stock Is The Better Buy Today - 24/7 Wall St.,https://news.google.com/rss/articles/CBMinAFBVV95cUxOYzZmSWZqdktMcEtKRVc2Z2kwOUF2b09FaF82THp1MmlhUDRlSEtvMnVKRm1MS0lLN0RUa1I1MWUyLTlLQzhhb0pyLWdvc1lIaGhidy1tRmpoNXlKWTVGVk1IOTU3UDVRa3JiMzB0WXFuS2Zzc1ktMWJpN3hfTVUxZUtHbEM0cXJXMkwyTzJhUWxUemJIVU9JcV9EbVE?oc=5,24/7 Wall St.,2026-05-28 14:42:21,False,neutral,,0,0,0.0,lexicon
9811d88d1cae,UBER,"Why Gen Z is ditching internships for Uber, GoPuff this summer",https://www.thestreet.com/employment/why-gen-z-is-ditching-internships-for-uber-gopuff-this-summer?.tsrc=rss,Yahoo,2026-05-28 14:37:00,False,neutral,,0,0,0.0,lexicon
2d7caa202df7,HD,"Which retail giant — Walmart, Costco, or Best Buy — is built to win 2026?",https://finance.yahoo.com/video/which-retail-giant--walmart-costco-or-best-buy--is-built-to-win-2026-143629881.html?.tsrc=rss,Yahoo,2026-05-28 14:36:29,False,bullish,,0,1,1.0,lexicon
04f826b5b214,UNH,"OBERNDORF WILLIAM E Dumps 74,000 monday.com Shares in Q1 Exit",https://www.fool.com/coverage/filings/2026/05/28/oberndorf-william-e-dumps-74-000-monday-com-shares-in-q1-exit/?.tsrc=rss,Yahoo,2026-05-28 14:29:15,False,neutral,,0,0,0.0,lexicon
40c847a876a3,LLY,Why is Eli Lilly stock surging today? - Investing.com,https://news.google.com/rss/articles/CBMinwFBVV95cUxPbWh4Z0tpOWdpYVJBbUZIa3hDc2luSnBkQ2YwQUhyVzFhTHFTcVZWQnZLak5qQVZIV1NjZmVfWFpwM0E4Zlc0Ni1fbF8wT3lfeDItS3hQVklDTnhldUs1NFdoNkFwS0NualZDWlRFSzZMc0xCRjcybVB4Vzk0MUFNTmFUcklrb3RuM2ZZSlVzMFpMalY1dDdycXJtWTcwUVk?oc=5,Investing.com,2026-05-28 14:29:08,False,neutral,,0,0,0.0,lexicon
0998ede47fce,BA,"GE Vernova, Boeing lead UBS’s highest-conviction industrial calls (BA:NYSE) - Seeking Alpha",https://news.google.com/rss/articles/CBMipAFBVV95cUxOUGwtX3dlbzJiUmpXTzJXbkM1S3FOd0pCTjZMWkNCX1ZfS2NFeW1xTVFWUThYSHBUTWlNVDgxQXRKX3BhWnRidjZ0UTZKdlg2N052NjVXMTktakRaYUtnZEs2azlITTJwaEFNd1NyU2FwTHlYcG11cW5PSzhsazNHVWx6Zk9kYWVtQVJ4TGxCSTBDSHdaOFprVFdmcVdYQ21TQmVMcA?oc=5,Seeking Alpha,2026-05-28 14:28:08,False,neutral,,0,0,0.0,lexicon
0bf6b70d6434,F,Ford Stock Tests Critical Resistance: Why Shares Are Climbing Thursday - Benzinga,https://news.google.com/rss/articles/CBMiygFBVV95cUxPS3lkM1YzcDFsMXJxR2dNUmVSbm1mUDBMZG9YdUdFcVNrQTRMNTFpWFpySFlXR1p3VUwzQW5lRUYwVzA0RTJSbFo2NUkzM2F3MTJ2Yi14NFVkWFNzUlhueDhDYTc3OV9NSzlMbHZwWjlITWlNbFFUY3REUFlOV1VNV1hwX2FoaktsWmZuYTY2RnJDclVvUUdlOEtSdUctRWVReFd6blNncnIyeE8wQlBhaDJaQ2c3dVRYSzJpUktJeUVUR2hwZkJVWTZB?oc=5,Benzinga,2026-05-28 14:26:18,False,neutral,,0,0,0.0,lexicon
394a2cbc25f2,ORCL,How Is Oracle's Stock Performance Compared to Other Software Stocks - Barchart.com,https://news.google.com/rss/articles/CBMisAFBVV95cUxNVkpOM0hFNHoxcHlDcVJXc2duQXBHbF8zN1RRYUJ4TW5WZEtidTlLbjh4VlBKLURoVTg5MTNnYjFaU055WmhXT0kxTE9jWVBvOV90d3BkbnYzb01RMnB2bk84UkJnZnBtc2ZwT0V0LWlyeDBkNXlDNkRTaVh1U050a1RRRS1mMHh5Yzg5ZENzUThSbnJ1U3ZpTmhvb09oOXNWR1lyREFwR3U2djhocy0yMg?oc=5,Barchart.com,2026-05-28 14:25:07,False,neutral,,0,0,0.0,lexicon
f1ac4b3713bf,AAPL,Is Nvidia the Next Apple? - Yahoo Finance,https://news.google.com/rss/articles/CBMiigFBVV95cUxQQ0dpMW5nb1lGYktELXE2ZThYM2YwRUZBd1hWWVBoY0dqaGJ1MkZBOTJCNWFNbl9aYzEyM3VmV2dNazUwTjNYZGY2ZmoxeWtRNERORnhNMHhmbGpPaVAzaDRiN1dfWk1oVmdkVlhOc001SEx6TGlPRjFnaElxd2lzalVoVXBVeERvSFE?oc=5,Yahoo Finance,2026-05-28 14:23:00,False,neutral,,0,0,0.0,lexicon
630b374f3c55,NFLX,Netflix criticises German plan to make streamers invest more locally,https://finance.yahoo.com/economy/policy/articles/netflix-criticises-german-plan-streamers-141815413.html?.tsrc=rss,Yahoo,2026-05-28 14:18:15,False,neutral,,0,0,0.0,lexicon
b89bb25af072,F,Ferrari’s Big Selloff Has Investors Asking: What’s The Floor?,https://www.trefis.com/articles/600496/ferraris-big-selloff-has-investors-asking-whats-the-floor/2026-05-28?.tsrc=rss,Yahoo,2026-05-28 14:17:35,False,bearish,,0,-1,-1.0,lexicon
64a292e42f21,HD,Home Depot Rose 5% This Week. Here’s What to Expect in 2026 - TIKR.com,https://news.google.com/rss/articles/CBMiigFBVV95cUxNZUExU3BTUmVLXzV1RzRuMFR4MVFXY1hpQVA1MXo4LW53TXczdW85QzNvY0MtVGwxUzhJcDNxM3BvYjBmRW56bEY2Tkt4aUpwN01faVhkSTBGUmwwekRBdDh1VmJIY1JVOUVscmt6RjZWc2pvbnRRX2pwbV9kTnVZZjdodGRsS3lrM2c?oc=5,TIKR.com,2026-05-28 14:17:24,False,neutral,,0,0,0.0,lexicon
0c2fe60d6976,ORCL,Oracle Corp Stock (ORCL) Moved Up by 3.18% on May 28: Drivers Behind the Movement - TradingKey,https://news.google.com/rss/articles/CBMiiwFBVV95cUxOTWFQelVLRmJ6eGUySFc0Y2dPVmFmZ2tvc0pvdS01YWR1MGYyb1pOWm16NE9aMzdKdDg5UWF1Ry1GTzU0OXdsLWpnMWMwa0dkS204emltNlgyNGNsSDFSZ29YUndqdnNoZHk5OUFsVDhqaUxvSW00Y2otaWNSNWcwbXltZ3pRcTVjNDJN?oc=5,TradingKey,2026-05-28 14:15:21,False,neutral,,0,0,0.0,lexicon
f9052be5cdac,SBUX,Starbucks says afternoon traffic is rising as turnaround starts to take hold - CNBC,https://news.google.com/rss/articles/CBMimwFBVV95cUxQODZXdmNEcHJWNXB6MFZtbFl1T0xUVVdaZ0RqYUJuTDMwXzFYY3hYZEtjeDRhWkN0ODlsOGNJb3d6UC1weURsdllJeEdSN182cXZoZ2RlNjN4T09nN0Q5dkZITjVpSkpIQUJJMkVZR1R3cGh6SnVCSXE3cVJ4Z1Y3YVVsYW9xdUJSSFJWTHFId3d6eHotdGJ0ZExjd9IBoAFBVV95cUxOc3IzV3RURFdlQjhrei1lazdEZzlPVmdzelVsNUN2azVTenFRY1RKeEtGMktWanN3MV9sUzdoNmlLRGpjbHpITDRIZy0zSld1TEdhV1A2WnNraW01ZF83UWRtQnY4V1BKQnBlTVJ4eHZsQ3VtVmRFMGtKTUNPbzJpQ0RqQW9URUYtTF9JQUpJUDdfZTJNdmJuT1dxbmh1N0ly?oc=5,CNBC,2026-05-28 14:13:55,False,neutral,,0,0,0.0,lexicon
8c06e326f30c,V,Microsoft’s AI Spending Won’t Derail Dividend Safety Inside Vanguard’s VIG,https://247wallst.com/investing/2026/05/28/microsofts-ai-spending-wont-derail-dividend-safety-inside-vanguards-vig/?.tsrc=rss,Yahoo,2026-05-28 14:09:52,False,bullish,,0,1,1.0,lexicon
5428a74f39bd,JNJ,Microsoft’s AI Spending Won’t Derail Dividend Safety Inside Vanguard’s VIG,https://247wallst.com/investing/2026/05/28/microsofts-ai-spending-wont-derail-dividend-safety-inside-vanguards-vig/?.tsrc=rss,Yahoo,2026-05-28 14:09:52,False,bullish,,0,1,1.0,lexicon
a78780664717,MA,IBM Red Hat Project Lightwell $5 billion open-source security,https://qz.com/ibm-red-hat-project-lightwell-open-source-security-052826?.tsrc=rss,Yahoo,2026-05-28 14:09:43,False,neutral,,0,0,0.0,lexicon
554a2562cde1,V,IBM Red Hat Project Lightwell $5 billion open-source security,https://qz.com/ibm-red-hat-project-lightwell-open-source-security-052826?.tsrc=rss,Yahoo,2026-05-28 14:09:43,False,neutral,,0,0,0.0,lexicon
95653d5ff249,ABBV,IRWD's Linzess Wins FDA Nod for Expanded Pediatric Constipation Use,https://finance.yahoo.com/sectors/healthcare/articles/irwds-linzess-wins-fda-nod-140800767.html?.tsrc=rss,Yahoo,2026-05-28 14:08:00,False,bullish,,0,1,1.0,lexicon
e45042f1878f,V,"Replit Expands Enterprise Leadership with Visa Investment and Partnership, Payments Expansion, and Solution Partner Program",https://finance.yahoo.com/sectors/technology/articles/replit-expands-enterprise-leadership-visa-140800485.html?.tsrc=rss,Yahoo,2026-05-28 14:08:00,False,bullish,,0,3,3.0,lexicon
f3c49441151f,ABBV,AbbVie Wins FDA Nod for Decnupaz for Rare Blood Cancer Indication,https://finance.yahoo.com/sectors/healthcare/articles/abbvie-wins-fda-nod-decnupaz-140600645.html?.tsrc=rss,Yahoo,2026-05-28 14:06:00,False,bullish,,0,1,1.0,lexicon
6afb824b87bd,MA,Paxos Wins SEC Clearing Agency Approval for Blockchain Settlement Business,https://www.cryptoprowl.com/releases/paxos-wins-sec-clearing-agency-approval-for-blockchain-settlement-business-5696?.tsrc=rss,Yahoo,2026-05-28 14:06:00,False,bullish,,0,2,2.0,lexicon
b03ee874aae3,PYPL,Paxos Wins SEC Clearing Agency Approval for Blockchain Settlement Business,https://www.cryptoprowl.com/releases/paxos-wins-sec-clearing-agency-approval-for-blockchain-settlement-business-5696?.tsrc=rss,Yahoo,2026-05-28 14:06:00,False,bullish,,0,2,2.0,lexicon
77e20607856f,ABBV,AbbVie Wins FDA Nod for Decnupaz for Rare Blood Cancer Indication - Yahoo Finance,https://news.google.com/rss/articles/CBMingFBVV95cUxOb2R4U1c0VXpBNDVRR2NJalhJX3MzdGNLSFBPLWxFSUZWRzVra3VWRjBtQmhmdm01akI4bXdYZll5TV92UjJ1ZzZBYmF5ZjVtMkJrSk5Vc2lvaUJrV0IxT0Y4bWRIckl1WTJSM1pRU190by15YUYzQ3BwV1RXWXgyVFNwMGdzSWVONWFzanVxUzVUWk5XSGZyRmg2Qm5xQQ?oc=5,Yahoo Finance,2026-05-28 14:06:00,False,bullish,,0,1,1.0,lexicon
12f310262ce5,PFE,Insiders Aren’t Buying Pfizer Stock at $26 and That’s Actually a Good Thing,https://247wallst.com/investing/2026/05/28/insiders-arent-buying-pfizer-stock-at-26-and-thats-actually-a-good-thing/?.tsrc=rss,Yahoo,2026-05-28 14:05:18,False,neutral,,0,0,0.0,lexicon
cb2ef50455f7,PFE,Insiders Aren’t Buying Pfizer Stock at $26 and That’s Actually a Good Thing - Yahoo Finance,https://news.google.com/rss/articles/CBMimgFBVV95cUxOWjRxZ184UlpIVkdrdHpPQ1lqaFFmRmVqbEltREtGTjQtMWtCU2ZfV0NPQmpjVGdIaTV3SWtXZmJrNDI1UjVaM0gwaExlb01hbjZ2SWZnMXFQWkhPVXFOWnFXRzN1Rmt3cnhzY29ENEFMUXczTlZHTTA1X2VJWWh6bU1IWFVBbnlJNWt2LU5PSHhMLXdjbnVQQjdB?oc=5,Yahoo Finance,2026-05-28 14:05:18,False,neutral,,0,0,0.0,lexicon
a5f3b84eb8e8,PFE,Insiders Aren’t Buying Pfizer Stock at $26 and That’s Actually a Good Thing - 24/7 Wall St.,https://news.google.com/rss/articles/CBMitwFBVV95cUxQWHotejMtNDhkNWdlakdlTkx2WGwyM3RJVWRiTnZDaVhRWnQ4TGpzYnluc0U2akdJT3E5TGVnYU8tTExmNFFTQk5ocElsWDE0Uk1XdGRXYVpVSHFTRmNjWWh5UXdYTXlxcnBqeEhfclJJcDJkcmcySHExbU1qTUZjbmRGME41VXk4TlNMcHFKOXJwU3dTR2dJUWZ5dUFFWS1aT0ZaQWpSaFdhOFpfZ3J2eVZ2dnZyWU0?oc=5,24/7 Wall St.,2026-05-28 14:05:18,False,neutral,,0,0,0.0,lexicon
81df2bcb6e5a,MCD,Business Chief Launches The CXO Summit 2026 for Senior Enterprise Leaders,https://finance.yahoo.com/sectors/technology/articles/business-chief-launches-cxo-summit-140400306.html?.tsrc=rss,Yahoo,2026-05-28 14:04:00,False,neutral,,0,0,0.0,lexicon
f6e39cc0c2e4,INTC,Intel vs AMD: The Ideal Long-Term Investment - 24/7 Wall St.,https://news.google.com/rss/articles/CBMikAFBVV95cUxNYlJNZzdMWjlPVDVEbjV5Q3g5cXlSem9femxjaXFIeXNDYVROR1hyYjNhNzRHaXlCWnFQM2NTcHUzWkFSUmVuSFp0MVhxYV9CTENoWEw0UDdEQzdVQ3MyQzFxdXJMdC1CaXF5R21oN19CNTdwLU5IOEx4REdNRUNrSmVQUzZCUGhRcm5BTzJMSU8?oc=5,24/7 Wall St.,2026-05-28 14:03:49,False,neutral,,0,0,0.0,lexicon
9be7ed0b7b78,PFE,Immune Thrombocytopenia Market Forecast Signals Steady Growth During the Forecast Period (2026-2036) Backed by Pipeline Advancements | DelveInsight,https://finance.yahoo.com/sectors/healthcare/articles/immune-thrombocytopenia-market-forecast-signals-140100321.html?.tsrc=rss,Yahoo,2026-05-28 14:01:00,False,bullish,,0,1,1.0,lexicon
3263f0546a5e,UBER,"Insiders At Uber Technologies Sold US$4.6m In Stock, Alluding To Potential Weakness",https://finance.yahoo.com/markets/stocks/articles/insiders-uber-technologies-sold-us-140010807.html?.tsrc=rss,Yahoo,2026-05-28 14:00:10,False,neutral,,0,0,0.0,lexicon
01124a969e3d,AXP,American Express Cardmembers Can Now Tap and Ride on More Transit Systems Across Canada,https://finance.yahoo.com/markets/currencies/articles/american-express-cardmembers-now-tap-140000252.html?.tsrc=rss,Yahoo,2026-05-28 14:00:00,False,neutral,,0,0,0.0,lexicon
7840d380a4d9,HD,Home Depot Stock: Is HD Underperforming the Consumer Discretionary Sector? - Yahoo Finance,https://news.google.com/rss/articles/CBMiogFBVV95cUxQX3JuY1M2Z3JNby00NHVSSDUwS01oVmlPaGtyUlB3VmJUem1fSjkzMndLMUpReEtER0hja2tSZzktU1BKejRBSm0zZ2JoM0MxY3pLNUgtZFNkRkNxNE50ZF95bWt3WXFyTmkwU3UwcW1NMUZlZElMUXNuRXF0VkhfWk9RUjAwSHN4Mkx0Vlc5Y3I0MWhVNnAzYlBqRl9lcl9NR2c?oc=5,Yahoo Finance,2026-05-28 13:59:42,False,neutral,,0,0,0.0,lexicon
a8d428cb6214,HD,Home Depot Stock: Is HD Underperforming the Consumer Discretionary Sector?,https://www.barchart.com/story/news/2178156/home-depot-stock-is-hd-underperforming-the-consumer-discretionary-sector?.tsrc=rss,Yahoo,2026-05-28 13:59:42,False,neutral,,0,0,0.0,lexicon
6fc60d7add26,CAT,Why is Red Cat stock surging today? - Investing.com,https://news.google.com/rss/articles/CBMinAFBVV95cUxOSDhUQjhTbmpyWjU0THhRcTA4Nkxha0p1UmwzSWxTTmtxamNKeHhlSGlRM00wenN2emhaaUU0SDFRNnVtTUh4ZjNhamIwWnNweERmWXNPencydjIzdTlHeHZQa0dLcUVwbUtMTlM3TGVYYldMc3FranRwSHZ0bGlib1QtaVZUMF84NWx3dTk3LUhXdWctOWJ1LU9fZGo?oc=5,Investing.com,2026-05-28 13:59:08,False,neutral,,0,0,0.0,lexicon
fcb0df4771b6,BRK-B,3 Unpopular Stocks That Deserve a Second Chance,https://finance.yahoo.com/markets/stocks/articles/3-unpopular-stocks-deserve-second-135827611.html?.tsrc=rss,Yahoo,2026-05-28 13:58:27,False,neutral,,0,0,0.0,lexicon
a04b40d90c85,AAPL,How Is Apple's Stock Performance Compared to Other Technology Stocks? - Barchart.com,https://news.google.com/rss/articles/CBMisgFBVV95cUxQV2hvak92UXhRYlBOWDBkY1JTLXdfOU9aN3d4UFlOTEFYOS1xY25tV3Y0ampFdnBRWjMxZUREWF9reHNXVkM4dlFXZ0JVRUJDaW9RUTk2c3lRWTZpeV9WdkY5bk1rLUtuNnpzQkJ4OFlQNUVMcDNsU0RtaXY1TVk3THV1cHMtLUxCQkJyLWE2MmFlRjZrOTNHbVhjTnhKeURreHFmd1VUR1NreHVTYWdYbEtn?oc=5,Barchart.com,2026-05-28 13:57:38,False,neutral,,0,0,0.0,lexicon
f49bca7b3ba3,TMO,QIAGEN Business Breakdown and Growth Drivers for 2026,https://finance.yahoo.com/sectors/healthcare/articles/qiagen-business-breakdown-growth-drivers-135700454.html?.tsrc=rss,Yahoo,2026-05-28 13:57:00,False,bullish,,0,1,1.0,lexicon
43a3530a4f2f,INTC,Intel Stock Will Trade At This Price in 2028 - Yahoo Finance,https://news.google.com/rss/articles/CBMimAFBVV95cUxQOGo5ZmpHWTVYb1ZSVFFFZl96bkdvMUJXTWZDczlmUTNFTkt6dE1Hcmo3Q1dJeHJLZ0tnUjgwcnNxZEIySWg0WUczdEt3TXl0bkR4blUxWk9qWGRZZUVpcUluOUNFOW9acXA0YnlkcHFoRVJxTmtHQmhkNDVJVnBYa2JfakNFcm5kejh5bk9nVnpqVEtXTThEQQ?oc=5,Yahoo Finance,2026-05-28 13:56:33,False,neutral,,0,0,0.0,lexicon
c6891732b43b,INTC,Intel Stock Will Trade At This Price in 2028 - 24/7 Wall St.,https://news.google.com/rss/articles/CBMikgFBVV95cUxPd1dmNVlVb0Rra0FHZzBMQ1hkTkZER1dGUXJXV0RoQjdmQXBlVDRjb3ZXUGZDNklVaTFSbmRCOFBCM0xnVHA2RGdkYTN4QUJyMkp4MzVZNDZxRHphU2NNQ0hvR0xlcHdQQk5WaW41WC1iZk9yVFloaWZ0UG44bmhtcjY3V3otUUFFTTBnRHJrUVJlZw?oc=5,24/7 Wall St.,2026-05-28 13:56:33,False,neutral,,0,0,0.0,lexicon
1afb9a2329e9,TSLA,Will Tesla Stock Hit $600 This Year? - 24/7 Wall St.,https://news.google.com/rss/articles/CBMihAFBVV95cUxQNWlRMXlQcU03V0RBV2Q0RlpScDkyRjBtVmRiLU9wRDd2cjFkRFA0NlNTV1plTmI1ajh2N3RJUmxRNkNtdTl5NXFGUWVVdlV4SUl1a3pwcFUxTExvWFMyWXRJQ0tuOUdKQzlwZ1hhVk9KRUhwNndxNWgxWFVKQV94cXNJTkE?oc=5,24/7 Wall St.,2026-05-28 13:55:20,False,neutral,,0,0,0.0,lexicon
7d8eada84968,MA,2 Oversold Stocks Primed to Rebound and 1 We Avoid,https://finance.yahoo.com/markets/stocks/articles/2-oversold-stocks-primed-rebound-135027537.html?.tsrc=rss,Yahoo,2026-05-28 13:50:27,False,neutral,,0,0,0.0,lexicon
7702a50a9611,NFLX,Where Will Netflix Stock Be Next Year?,https://247wallst.com/investing/2026/05/28/where-will-netflix-stock-be-next-year/?.tsrc=rss,Yahoo,2026-05-28 13:47:51,False,neutral,,0,0,0.0,lexicon
4511292016a0,NFLX,Where Will Netflix Stock Be Next Year? - 24/7 Wall St.,https://news.google.com/rss/articles/CBMiiAFBVV95cUxQZXhqbDV5ZmtSSE9kbmVWYmVsdnZrWVhHbHU3SHhmR3VzRnNXR2lmVFNmcHlVdlN0eGhDSDByZmF0RTBxeGp4UnJ3bG1fVWstNHQ1Qnc2bzRXdnU5ekpKU0t1TXc3a1Bzb21zemRnZUpuTDJUY1pnS1h1aEdVMU5zNzVyVzloOThs?oc=5,24/7 Wall St.,2026-05-28 13:47:51,False,neutral,,0,0,0.0,lexicon
ebcc9abc392b,JPM,/C O R R E C T I O N -- J.P. Morgan Asset Management/ - Stock Titan,https://news.google.com/rss/articles/CBMilAFBVV95cUxOS25rbWYzVEdmd1RUSTJ2aWtSQXhhNkJFeWtKNjBoemh6NmphUzdmYk56dEFQMEljbGQwUVhlR0xKRzB3SlkxWFluTjdGNWZXQnFiSFFmWnRGc0dGWHFmVHZwazJ5SExPbmFkckwxd1NhVTFkWnpKTVlKTlhuaGFtVVEyS1hOR2o4LUR3YlZqVVRBOGds?oc=5,Stock Titan,2026-05-28 13:44:00,False,neutral,,0,0,0.0,lexicon
ca5bf5911b24,JPM,New J.P. Morgan ETF blends U.S. stocks with managed futures for diversification - Stock Titan,https://news.google.com/rss/articles/CBMivgFBVV95cUxQY3JEYnhVRFp3XzNRWFhKZmdDZVdfVGNyRFc2NEw3NmRWeW5VTUZlSkFWQWRESjc2V0hzVXY0TjViRlZmSjhfbzctRG1yeUNiZ2g4RjE2emVEZmFla0ZFMjA5ZndiWHhGSmlRel9yZkhnNndfVDVqNGxUUTFqRzJaLVNuemFDTlhvRktXVHR2VFliTjFJOE5PbE83QWFxcGI5Z1A2NndwTC1oS3ZLV3hVZ3RPNG9zdEhWeXk3clNn?oc=5,Stock Titan,2026-05-28 13:44:00,False,neutral,,0,0,0.0,lexicon
24cb30af1703,HD,Jim Cramer Discusses Home Depot (HD) Stock - Insider Monkey,https://news.google.com/rss/articles/CBMijAFBVV95cUxPNVQwdFBxakE5Z3BBOWhIcDJ1OVRhSV90TzAyeFAxSEQxZEdOMUtvXy1IdGR1TVFpYUxsVV9qNWg3TjJ1VGpUcGlnTl81MF9RTVU3S0l5QmZ6dE8xZkgzZTlBekstLVk4OWFtQUdVTVNNMlZQVjcyWFFIT1FQU1lEZms2bFM2eUVtemJOSdIBlAFBVV95cUxNMVBmVTJZSzV4a1QxbTlCaENtWXlVbVJwQ1ZDVWQwQ01fcFE1N2ZaQ3NPOEg1aGJLMDYta0dFaXZrQWVvNi1mZGR2b3pWdldaQ0lwc3ozLV9BUHZTbmVGTEZsQng2X0JuUDUyNl9wSnlNYlh0RGk1YUQtbXlqNlJBTGl6YnlFNXpoemU4TWhtc3hTSGZ6?oc=5,Insider Monkey,2026-05-28 13:43:07,False,neutral,,0,0,0.0,lexicon
35e05784d11d,GOOGL,Jim Cramer Says Alphabet (GOOGL) Is A “Crucial Position” - Yahoo Finance,https://news.google.com/rss/articles/CBMimwFBVV95cUxPYTdBb0trc3Y2aGVjQWZieW9COGZyQkswS3JNYzhVUVpmMS1DRXdQVE1xQXdaQmJ1M0lNS2gya2RLV2NPSEVpRmNoZDBJb2stQ3BSaGtIemV3YUhVMFhndjE3bXhjVDhzR0xvS1d1SHE3cXcwcU9CdUUwVWwzaFBDUm5CVkVuVnJLR2VJQkNKWWtWMFVXakdpNzVJTQ?oc=5,Yahoo Finance,2026-05-28 13:40:02,False,neutral,,0,0,0.0,lexicon
c1dbbc2c3443,HD,Jim Cramer Discusses Home Depot (HD) Stock - Yahoo Finance,https://news.google.com/rss/articles/CBMinAFBVV95cUxNTEpvTUlYMlE2SlV3SmVGWUlLdkxocFI3QUpTeS1yUnI5R2htSWpTZzVLaUktNzFyaS1xSER3Q1IyZ2hkcHFKbGxaMy1CN2h2U2NkXzBvbzdVR2Y3ZnMtOUpwWmlVY1VaMWczVlgzRnUyM0VvRnR4Qm1mbGhYaW9GYlBpUy1EWjgxRUlTTTBpZXV0TVVJZm1zN0h6alY?oc=5,Yahoo Finance,2026-05-28 13:39:45,False,neutral,,0,0,0.0,lexicon
831baaf636de,HD,Jim Cramer Discusses Home Depot (HD) Stock,https://finance.yahoo.com/markets/stocks/articles/jim-cramer-discusses-home-depot-133945895.html?.tsrc=rss,Yahoo,2026-05-28 13:39:45,False,neutral,,0,0,0.0,lexicon
8abf9ada124f,MA,Can Visa's New AR Integration Accelerate Virtual Card Adoption?,https://finance.yahoo.com/markets/stocks/articles/visas-ar-integration-accelerate-virtual-133900336.html?.tsrc=rss,Yahoo,2026-05-28 13:39:00,False,neutral,,0,0,0.0,lexicon
68b7fd468e9b,AXP,Can Visa's New AR Integration Accelerate Virtual Card Adoption?,https://finance.yahoo.com/markets/stocks/articles/visas-ar-integration-accelerate-virtual-133900336.html?.tsrc=rss,Yahoo,2026-05-28 13:39:00,False,neutral,,0,0,0.0,lexicon
4f4a279682c6,UNH,Is UnitedHealth set for a dividend hike? SA analysts weigh in (UNH:NYSE) - Seeking Alpha,https://news.google.com/rss/articles/CBMinwFBVV95cUxOLVRYU0ZnVFdXN2h4VFNBa3JsYTBOdXg3b29MS01fRzB4bnF4R1Y4WUF1aHRzYkVwcm9HVWdvTHEzNUJHN1BacHNiYWJVS0tUQVBlZkQwTW9WRFhPVTNqT2o1OVJSV3Q1V2x2NXVPM2xtZWtjcHlpdmZmZGYzc0ktNkFqT1BtZ0htUnFtVE9BMG5TQzRzRjJFM0xtc0c5VDA?oc=5,Seeking Alpha,2026-05-28 13:38:58,False,bullish,,0,1,1.0,lexicon
9ffd57f687be,JNJ,John Slump Launches Metis MedTech Following Atraverse Medical Acquisition by Johnson & Johnson,https://finance.yahoo.com/sectors/healthcare/articles/john-slump-launches-metis-medtech-133800462.html?.tsrc=rss,Yahoo,2026-05-28 13:38:00,False,neutral,,0,0,0.0,lexicon
2862c432f5af,NFLX,What’s The Second Most Valuable Company In The World?,https://247wallst.com/investing/2026/05/28/whats-the-second-most-valuable-company-in-the-world/?.tsrc=rss,Yahoo,2026-05-28 13:35:59,False,neutral,,0,0,0.0,lexicon
bf1e0ee2f60f,PG,Tyson Foods hands CEO role to director,https://www.just-food.com/news/tyson-foods-hands-ceo-role-to-director/?.tsrc=rss,Yahoo,2026-05-28 13:35:21,False,neutral,,0,0,0.0,lexicon
106ce7316954,BRK-B,"Forget Nvidia As a $39 Trillion Debt Time Bomb Meets a Divided Fed, This Unstoppable Monopoly Is a No-Brainer Buy",https://247wallst.com/investing/2026/05/28/forget-nvidia-as-a-39-trillion-debt-time-bomb-meets-a-divided-fed-this-unstoppable-monopoly-is-a-no-brainer-buy/?.tsrc=rss,Yahoo,2026-05-28 13:33:17,False,neutral,,0,0,0.0,lexicon
fb96c23bd9c0,ADBE,Activist Findell seeks changes at ’Adobe slayer’ Figma,https://finance.yahoo.com/markets/stocks/articles/activist-findell-seeks-changes-adobe-133153489.html?.tsrc=rss,Yahoo,2026-05-28 13:31:53,False,neutral,,0,0,0.0,lexicon
1dbf4b601d9e,GM,"GM Scales Back EV Ambitions On Earth, Then Lands A Spot On NASA's Moon Rover Project",https://finance.yahoo.com/sectors/technology/articles/gm-scales-back-ev-ambitions-133104267.html?.tsrc=rss,Yahoo,2026-05-28 13:31:04,False,neutral,,0,0,0.0,lexicon
f1d4087d79b8,MCD,Is McDonald's (MCD) a Buy as Wall Street Analysts Look Optimistic? - Yahoo Finance,https://news.google.com/rss/articles/CBMimgFBVV95cUxNZGU1UTJOQlBaX3h1MkxRYjctTlNFQzF1MktPUXBUNjY1M24yd0ZMU1FVNnMxSjNoRW14bmR4S0VFUUJjWk52LVEwWE5wWHBITUp4TjBtcnQxRFl0djZ0V3VRalhldGV6eTlJREYzSUlsTFJwNGIxcjU0MzlybU45UXFwRXlGRnJnOTNIcVpzelUxbWFPcjNMd3B3?oc=5,Yahoo Finance,2026-05-28 13:30:04,False,neutral,,0,0,0.0,lexicon
ae6db6af2196,JNJ,Is Johnson & Johnson (JNJ) a Buy as Wall Street Analysts Look Optimistic?,https://finance.yahoo.com/markets/stocks/articles/johnson-johnson-jnj-buy-wall-133004353.html?.tsrc=rss,Yahoo,2026-05-28 13:30:04,False,neutral,,0,0,0.0,lexicon
7a34e9645cb1,MCD,Is McDonald's (MCD) a Buy as Wall Street Analysts Look Optimistic?,https://finance.yahoo.com/markets/stocks/articles/mcdonalds-mcd-buy-wall-street-133004928.html?.tsrc=rss,Yahoo,2026-05-28 13:30:04,False,neutral,,0,0,0.0,lexicon
4443b7381d1e,JNJ,Is Johnson & Johnson (JNJ) a Buy as Wall Street Analysts Look Optimistic? - Yahoo Finance,https://news.google.com/rss/articles/CBMimAFBVV95cUxNdmVlRWhsWGMwY0Y2cG9sZE02QUhUSHp4aGNFTGRHY0pGOHVXZUxtbzZUcUpSUWhDaG4tMW1lbF9kbWdfeWRUMDZzNkZQODhNa2pjMDZjLWtZU05mZHpKNmYwbWZQaTFMUU42dEVVRnRfZ2cxV3pJNUxtT20xS1doTnpJaEtUN0U3X3NTMmxla0tGTU9oRlBjXw?oc=5,Yahoo Finance,2026-05-28 13:30:04,False,neutral,,0,0,0.0,lexicon
ac7c37e2ad7c,UBER,Swift Ride Eliminates Fleet Theft and Saves Over $400k Annually with Geotab,https://finance.yahoo.com/sectors/technology/articles/swift-ride-eliminates-fleet-theft-132800820.html?.tsrc=rss,Yahoo,2026-05-28 13:28:00,False,neutral,,0,0,0.0,lexicon
ca3d961e93cb,TXN,"Stock Market News for May 28, 2026",https://finance.yahoo.com/markets/stocks/articles/stock-market-news-may-28-132100771.html?.tsrc=rss,Yahoo,2026-05-28 13:21:00,False,neutral,,0,0,0.0,lexicon
848aea55a60b,ABBV,Hims & Hers Eyes Global Growth: Will $1.15B Eucalyptus Deal Fuel Its Recovery or Dilute Shareholders?,https://www.marketbeat.com/originals/hims-and-hers-eyes-global-growth-will-115b-eucalyptus-deal-fuel-its-recovery-or-dilute-shareholders/?utm_source=yahoofinance&utm_medium=yahoofinance&.tsrc=rss,Yahoo,2026-05-28 13:15:00,False,bullish,,0,2,2.0,lexicon
b6933210c6ee,DIS,Netflix's Ad Business Expansion Continues: More Upside Ahead?,https://finance.yahoo.com/markets/stocks/articles/netflixs-ad-business-expansion-continues-131300314.html?.tsrc=rss,Yahoo,2026-05-28 13:13:00,False,bullish,,0,1,1.0,lexicon
d52d2c5b3599,NFLX,Netflix's Ad Business Expansion Continues: More Upside Ahead?,https://finance.yahoo.com/markets/stocks/articles/netflixs-ad-business-expansion-continues-131300314.html?.tsrc=rss,Yahoo,2026-05-28 13:13:00,False,bullish,,0,1,1.0,lexicon
fcb233625178,QCOM,ARM vs. SNPS: Which AI Chip Design Stock Should Investors Buy?,https://finance.yahoo.com/markets/stocks/articles/arm-vs-snps-ai-chip-131100445.html?.tsrc=rss,Yahoo,2026-05-28 13:11:00,False,neutral,,0,0,0.0,lexicon
14fc60e30c3c,NKE,Hilma Closure Tests Nike’s Women’s Focus As Valuation Signals Diverge,https://finance.yahoo.com/markets/stocks/articles/hilma-closure-tests-nike-women-130806969.html?.tsrc=rss,Yahoo,2026-05-28 13:08:06,False,neutral,,0,0,0.0,lexicon
0c1bd43483ba,JPM,JPMorgan's $20B Deal War Chest: What It Means for JPM Stock - Zacks Investment Research,https://news.google.com/rss/articles/CBMingFBVV95cUxNN3o5c0VENm80X3RSN3dCeTNlZUZtYXdwVjlYUFU2WTlPUC1TbTByUVVqcXFiaXhYN2M4aEx6eENPSVMyN0gxMGw5VC01aU14RWlfY0sxZjFEZFY5dFhYTHBucGg4SVoyUHJiMVVxNnhSNW0zcWlnR2I2d2pMcmxSQy1FWGlZRGxzYXl0WE9GdFUzOF9UNWdQNDNZUFF0dw?oc=5,Zacks Investment Research,2026-05-28 13:04:55,False,bullish,,0,1,1.0,lexicon
770c609797f7,WFC,US Funding Markets Are Flooded With Cash That’s Here to Stay,https://finance.yahoo.com/economy/policy/articles/us-funding-markets-flooded-cash-130034524.html?.tsrc=rss,Yahoo,2026-05-28 13:00:34,False,neutral,,0,0,0.0,lexicon
de32a120c303,MRK,"Here is What to Know Beyond Why Merck & Co., Inc. (MRK) is a Trending Stock - Yahoo Finance Australia",https://news.google.com/rss/articles/CBMifkFVX3lxTE82ZktsX3Atd0prUm1GcmNmN2R3S2xadmxieGZGYVJQTlFBSHBESEtranpCSmtYeVJKMzNRTEI3Y2tNbkFMUDNHejdiYUFhSW9XSzJzc1I5d2hERlNtdFlCNEU1YzJZZldPRHZQOTBkVHlQdmVLcWFSdWJYX0U1UQ?oc=5,Yahoo Finance Australia,2026-05-28 13:00:08,False,neutral,,0,0,0.0,lexicon
f00f3101e404,MCD,McDonald's Corporation (MCD) is Attracting Investor Attention: Here is What You Should Know - Yahoo Finance Singapore,https://news.google.com/rss/articles/CBMimgFBVV95cUxQS2V0NVNrVzM0YjNBWnpLR2FlRHROS1drQTE1dlpYSDluMjh4TjZvM3JVLWNnaG5FZGtVSWFObDlwYUtZdnJDWVpqSkVZU0YyanZDdEpZRG5lcG91elQwVFlMRm9iSTJyZVRpMFE2Q3NiSkprQXdvN01ZSk52LXpHT09nQ1VtNmtSSmNSeXZobUVoTnp4TnBheGV3?oc=5,Yahoo Finance Singapore,2026-05-28 13:00:08,False,neutral,,0,0,0.0,lexicon
119e611e08b3,MCD,McDonald's Corporation (MCD) is Attracting Investor Attention: Here is What You Should Know,https://finance.yahoo.com/markets/stocks/articles/mcdonalds-corporation-mcd-attracting-investor-130008754.html?.tsrc=rss,Yahoo,2026-05-28 13:00:08,False,neutral,,0,0,0.0,lexicon
057b3841b154,MRK,"Here is What to Know Beyond Why Merck & Co., Inc. (MRK) is a Trending Stock",https://finance.yahoo.com/markets/stocks/articles/know-beyond-why-merck-co-130008927.html?.tsrc=rss,Yahoo,2026-05-28 13:00:08,False,neutral,,0,0,0.0,lexicon
1498b03b1bff,GE,Is Most-Watched Stock GE Aerospace (GE) Worth Betting on Now? - Yahoo Finance Singapore,https://news.google.com/rss/articles/CBMihwFBVV95cUxPOTBNQnZ2SWZuQ3ZTWDE2ZHhBYkF2VTBlNU5ON0hKTUxsTTB2NWNsa240aG5wa0VZYTV2YWNsM3RTSDhSMzlMYmF6M1k0RUtLaEEtdjhMQUNSTWtRMzVkd3l2NldNR1VtWVFPYVE2VlFjYkZZamdOQXdDbzVwTnRIQkNub2Q3UUk?oc=5,Yahoo Finance Singapore,2026-05-28 13:00:07,False,neutral,,0,0,0.0,lexicon
b4b22f9a1a9c,GE,Is Most-Watched Stock GE Aerospace (GE) Worth Betting on Now?,https://finance.yahoo.com/markets/stocks/articles/most-watched-stock-ge-aerospace-130007385.html?.tsrc=rss,Yahoo,2026-05-28 13:00:07,False,neutral,,0,0,0.0,lexicon
c0db80792d52,UNH,UnitedHealth Group Incorporated (UNH) Is a Trending Stock: Facts to Know Before Betting on It,https://finance.yahoo.com/markets/stocks/articles/unitedhealth-group-incorporated-unh-trending-130005719.html?.tsrc=rss,Yahoo,2026-05-28 13:00:05,False,neutral,,0,0,0.0,lexicon
7786afe8ebf7,UNH,UnitedHealth Group Incorporated (UNH) Is a Trending Stock: Facts to Know Before Betting on It - Yahoo Finance,https://news.google.com/rss/articles/CBMirgFBVV95cUxNVDNab2w0SllxZGk2RENQX3pKNEhQeEhoYmhPN1FWemVRT0hpRk5odk5LR1hvZU80LXJOVzhMNGQ4cTlEXzgtT1ZBUFF0aEhPR0l4OVA4eE9TSnVydnA0ZjY0dHlDdG1wSTAyQ29uS2ZzMzFhX3htODBjdUdhdDVqM1BjQjZYeHJyd2ZKLVdzOV9Oa1B3TmgtbEEwdXM4cXd3LWp6ekg3eERXLVl0T0E?oc=5,Yahoo Finance,2026-05-28 13:00:05,False,neutral,,0,0,0.0,lexicon
5dad4ea5c541,DIS,Disney and Philips bring together beloved storytelling and innovative technology to support kids undergoing MRI exams,https://finance.yahoo.com/sectors/healthcare/articles/disney-philips-bring-together-beloved-130000059.html?.tsrc=rss,Yahoo,2026-05-28 13:00:00,False,neutral,,0,0,0.0,lexicon
c0638fccf369,PEP,900 young European farmers to get PepsiCo-backed training - Stock Titan,https://news.google.com/rss/articles/CBMiswFBVV95cUxPRTJzSEYtQWdpNzlEQ1BpRjJ0Y0ZwdU5ySVFndUQ1bGc3UTgwZnlhd3ZNZ2c0TW1zdlY5VF9CeEhhcjBCdWJsdmdlLWM5UXhaeVNTVVoyLTh4dEZIMF9jZGpGdU5UT3hXcmQzREJlcXNWYmlJVm5FcGpKTUZJV0Z6VVFfRUF3U3ZMVDEtZGxVR1B4NVR6d0owbkFFTUllUXBpMlg2OHp1Z0FhZGdqSmxKeXNoaw?oc=5,Stock Titan,2026-05-28 13:00:00,False,neutral,,0,0,0.0,lexicon
c0cf1ea38008,GM,Bridgestone Recognized as 2025 Supplier of the Year by General Motors,https://finance.yahoo.com/sectors/technology/articles/bridgestone-recognized-2025-supplier-general-130000121.html?.tsrc=rss,Yahoo,2026-05-28 13:00:00,False,neutral,,0,0,0.0,lexicon
0251a3889664,PEP,Future Harvest: The European program tackling the decline in generational renewal in farming,https://finance.yahoo.com/sectors/energy/articles/future-harvest-european-program-tackling-130000291.html?.tsrc=rss,Yahoo,2026-05-28 13:00:00,False,bearish,,0,-1,-1.0,lexicon
a09d5eb5e078,MRK,Merck Congratulates Ontario Government on Expanding Pharmacy Scope to Help Improve Access to Care,https://finance.yahoo.com/sectors/healthcare/articles/merck-congratulates-ontario-government-expanding-130000985.html?.tsrc=rss,Yahoo,2026-05-28 13:00:00,False,neutral,,0,0,0.0,lexicon
497ae79decab,AXP,Drone stocks rally after report of Pentagon-backed funding discussions,https://investorshub.advfn.com/market-news/article/29155/drone-stocks-rally-after-report-of-pentagon-backed-funding-discussions?.tsrc=rss,Yahoo,2026-05-28 12:54:00,False,bullish,,0,1,1.0,lexicon
9416f942910e,LLY,Eli Lilly Stock Receives Price Target Boost From Bank of America on Dominant Obesity Drug Outlook - TIKR.com,https://news.google.com/rss/articles/CBMizAFBVV95cUxNUjRyODc5NFpkMTlRUjRoc042YXNSVEZwNUl5T05ZRExmZEx4bFQtVzdTcllRN25ZQUxOZ1lwWFRaNTZ5Z2ktU1BKQXBHdGRRSk10MndKb29KODdiZE9YaWxwdDhhSDRVTlBSS0NTb0dTTHoyNEk0cGhfVnpYcml1QllnNTJTVkJSVGFrNnRKWVdsLS03UkFSeFhEc1J4VzlOZm9XbldSYVJFTWlqTWtFaFRHVFRHRHl4TDBqcFJGMXRoVWc4aGdjOUFOT3o?oc=5,TIKR.com,2026-05-28 12:50:16,False,bullish,,0,1,1.0,lexicon
73cd9b13b8d1,BAC,Eli Lilly Stock Receives Price Target Boost From Bank of America on Dominant Obesity Drug Outlook - TIKR.com,https://news.google.com/rss/articles/CBMizAFBVV95cUxNUjRyODc5NFpkMTlRUjRoc042YXNSVEZwNUl5T05ZRExmZEx4bFQtVzdTcllRN25ZQUxOZ1lwWFRaNTZ5Z2ktU1BKQXBHdGRRSk10MndKb29KODdiZE9YaWxwdDhhSDRVTlBSS0NTb0dTTHoyNEk0cGhfVnpYcml1QllnNTJTVkJSVGFrNnRKWVdsLS03UkFSeFhEc1J4VzlOZm9XbldSYVJFTWlqTWtFaFRHVFRHRHl4TDBqcFJGMXRoVWc4aGdjOUFOT3o?oc=5,TIKR.com,2026-05-28 12:50:16,False,bullish,,0,1,1.0,lexicon
c02c2cb2c386,LLY,Eli Lilly shares edge higher after CVS expands coverage for Zepbound obesity drug (LLY) - Yahoo Finance,https://news.google.com/rss/articles/CBMingFBVV95cUxOUUluUURvdGlHQkNUeGZzSzg2TEstMy1rRGV6NGJuR1RuaC14R1NSNHZBaFgxUFc4WDlBQk9jSmdTV1NSV25fVGJjS1RQdTNmb0JCRV9BNVVfZW9QcExiMnRycHhIcXR5VzN3ZW40TUtmMVd6dkhaNTlUZzZxRzlvaUlDOVdVa3M5aHVFWXZoNHJtMXQ4WlJvd0JvWkZKdw?oc=5,Yahoo Finance,2026-05-28 12:50:11,False,bullish,,0,1,1.0,lexicon
d7bba404dcc2,LLY,Eli Lilly (LLY) – Among the 10 Safe Stocks to Buy for the Long Term in 2026 - Yahoo Finance,https://news.google.com/rss/articles/CBMikAFBVV95cUxPbTVKUjgxQW02S1c4LUVjcG1wQ0RjSVJxUlB6OXdidHJtSXN5Q2I3REc5aV9jeVNkTVJyemlGWUZaSWR2N0I1SUZfU3dqekdoZVR1c0FxTmZfR1BSZlVNSHgtZFM3cUxFS2NrcWppYXlXWGo0eWpBNmhFNkdCclIyaE5GemNkY19OamJjZ0xQcnU?oc=5,Yahoo Finance,2026-05-28 12:49:34,False,neutral,,0,0,0.0,lexicon
e6a3277059a9,BRK-B,"Berkshire Hathaway Is Underperforming, but 4 of Warren Buffett’s Top Picks Are Up Big This Year",https://247wallst.com/investing/2026/05/28/berkshire-hathaway-is-underperforming-but-4-of-warren-buffetts-top-picks-are-up-big-this-year/?.tsrc=rss,Yahoo,2026-05-28 12:47:02,False,neutral,,0,0,0.0,lexicon
620d18c56420,BRK-B,"Berkshire Hathaway Is Underperforming, but 4 of Warren Buffett's Top Picks Are Up Big This Year - 24/7 Wall St.",https://news.google.com/rss/articles/CBMi0wFBVV95cUxQZTlfMllLYWZRYU0wTXZaX0txRkhqdERRMWkwVUxjNzZPNmNpRnR2OERXOEU4aUhYbUVScF9lNUZaQWtjclVpR2JyU2Vfb3k0cFFqSHNnbDEyZTdqWERxaDhVSnZfOHFEOThMMDlpLS1aaFZrU0FFOHdBdV9XdXJ1UDhhUHNrYm1SaXVmdmdFSW15bjlpcmt6V3lTRlI3NHB3OWtYejFBMV9oZjBybWZuMFB6TEtLNTlWNzRQQ3gyV1ZxcmNsTzdtaXEzZ0txcHlnZmtN?oc=5,24/7 Wall St.,2026-05-28 12:47:02,False,neutral,,0,0,0.0,lexicon
28d40e425c8e,KO,"Berkshire Hathaway Is Underperforming, but 4 of Warren Buffett’s Top Picks Are Up Big This Year",https://247wallst.com/investing/2026/05/28/berkshire-hathaway-is-underperforming-but-4-of-warren-buffetts-top-picks-are-up-big-this-year/?.tsrc=rss,Yahoo,2026-05-28 12:47:02,False,neutral,,0,0,0.0,lexicon
293eb576f16f,UNH,UnitedHealth (UNH) Gets Higher Price Target from Bernstein Amid EPS Recovery Outlook,https://finance.yahoo.com/markets/stocks/articles/unitedhealth-unh-gets-higher-price-124317564.html?.tsrc=rss,Yahoo,2026-05-28 12:43:17,False,neutral,,0,0,0.0,lexicon
f00065a78173,CSCO,Cisco (CSCO) Gets Higher Price Target From BofA Following Q3 Results,https://finance.yahoo.com/markets/stocks/articles/cisco-csco-gets-higher-price-124123273.html?.tsrc=rss,Yahoo,2026-05-28 12:41:23,False,neutral,,0,0,0.0,lexicon
0e113059da4c,CSCO,Cisco (CSCO) Gets Higher Price Target From BofA Following Q3 Results - Yahoo Finance,https://news.google.com/rss/articles/CBMimAFBVV95cUxPRUJvSzZnUnBrd0NITDN3akxEOU5wU3lOUFRSSEE3LWdhZ2ZGMW9kdUkxZWhYc2xPZDlGTUNJNU1tbDdXN1ozUVp0SEN6MTF4azhUMUlTSFpST1dod185ekJJR2VDR3pnM0Z6b1ZJRUl6bGFmNGdndmI1ajdCWGtET0E0REo0UVhpUF93YjVCTF9odFpadmVibw?oc=5,Yahoo Finance,2026-05-28 12:41:23,False,neutral,,0,0,0.0,lexicon
f5a59e18c63e,CRM,"CRM Stock Is Down More Than 30% This Year, But Marc Benioff Says Salesforce's Blowout $11.1 Billion Quart - Benzinga",https://news.google.com/rss/articles/CBMi_wFBVV95cUxPa1NlbEJlQjJON0VvZ0NPb1JQa1lCZzhtWVVBTUFDdEZqZWZ2Z2dGbks3OFprSklCQk8zaE5vSVhpaXpwOFl3ODBvc1J3VDBCeVQxQTNmOU9ocDJ0ZjBiMk1JZzE5QmY4el9OQW5jTjFEd3BoUWE1TDExbFpDWldYT3Fmam5UVVBrZVYtZjRfZkhoMGhPRkFPWU1ta1dydTdQOEtLUHB5NTdrUHozcWxIN18zU3JadE5KQXBwNDBrS3V4cTUwU3RXbDVwZFE2RFVsWVZqeXF0T1AxZUotc3BrU0ZfeFczODJac2pNSXdmNzRibEEtYUZEVEZveVpxTXM?oc=5,Benzinga,2026-05-28 12:39:49,False,neutral,,0,0,0.0,lexicon
31cdad4d46df,QCOM,Jensen Huang Just Said $40 Trillion. Here Are 5 Physical AI Stocks Wall Street Is Quietly Loading Up On Before the Rest of the Market Catches On,https://247wallst.com/investing/2026/05/28/jensen-huang-just-said-40-trillion-here-are-5-physical-ai-stocks-wall-street-is-quietly-loading-up-on-before-the-rest-of-the-market-catches-on/?.tsrc=rss,Yahoo,2026-05-28 12:39:12,False,neutral,,0,0,0.0,lexicon
2306d6cc6051,ADBE,Latest News In E-Commerce - E-Commerce Revolution Driven By Global Digital Connectivity,https://finance.yahoo.com/markets/stocks/articles/latest-news-e-commerce-e-123739046.html?.tsrc=rss,Yahoo,2026-05-28 12:37:39,False,neutral,,0,0,0.0,lexicon
973b0a321126,PEP,Couple who sold to Pepsi for $2 billion says going into business with your romantic partner is ‘not for the weak’,https://finance.yahoo.com/markets/stocks/articles/couple-sold-pepsi-2-billion-123500779.html?.tsrc=rss,Yahoo,2026-05-28 12:35:00,False,bearish,,0,-1,-1.0,lexicon
d39d89297d78,JNJ,Laser Photonics Expands into Precision Medical Device Manufacturing with Custom Laser Drilling System Order from Johnson & Johnson,https://finance.yahoo.com/sectors/healthcare/articles/laser-photonics-expands-precision-medical-123100351.html?.tsrc=rss,Yahoo,2026-05-28 12:31:00,False,bullish,,0,1,1.0,lexicon
566170519be8,DIS,Disney World will revamp one of Walt Disney's most beloved rides — what to expect from the new Carousel of Progress,https://finance.yahoo.com/sectors/technology/articles/disney-world-revamp-one-walt-123000942.html?.tsrc=rss,Yahoo,2026-05-28 12:30:00,False,neutral,,0,0,0.0,lexicon
91f42f16315e,MA,Mastercard: From Burn Scar to Blueprint for Rebirth: How This Canadian Forest Is Being Rebuilt,https://finance.yahoo.com/sectors/energy/articles/mastercard-burn-scar-blueprint-rebirth-123000367.html?.tsrc=rss,Yahoo,2026-05-28 12:30:00,False,neutral,,0,0,0.0,lexicon
19a83eeaebee,GM,Cooper Standard Named a 2025 Supplier of the Year by General Motors,https://finance.yahoo.com/sectors/technology/articles/cooper-standard-named-2025-supplier-123000759.html?.tsrc=rss,Yahoo,2026-05-28 12:30:00,False,neutral,,0,0,0.0,lexicon
404608eab3e6,JNJ,"J&J Stock Gains Nearly 12% Year to Date: Buy, Sell or Hold Now? - TradingView",https://news.google.com/rss/articles/CBMitgFBVV95cUxQTENkT19qbjZTR2JrbktBRjVZX0NkRk1XelBJWXhubUZtWThwSnNRRXIyNU9MMlFoQlFPNjZjaGFqNkRBcllndVJwTHY3TzNlTzM4akFkcHNPVU9ZcC1ERDQ4MVdLRzlMWTRycURyM1U5S1BVbldxSU5VZXBBaEl2NXlwUlI0SWhpcmtaTFhwZ1FxQmd6UGVURk9CU0dRRzBwcFZNQkVGNFlocHNLdFVMTUxFZzZZQQ?oc=5,TradingView,2026-05-28 12:21:00,False,bullish,,0,1,1.0,lexicon
5bfa1d57f319,CSCO,Buy 4 Cybersecurity Bigwigs for a Strong and Secure Portfolio in 2026,https://finance.yahoo.com/markets/stocks/articles/buy-4-cybersecurity-bigwigs-strong-122100592.html?.tsrc=rss,Yahoo,2026-05-28 12:21:00,False,bullish,,0,1,1.0,lexicon
87a4bf4ca999,JNJ,"J&J Stock Gains Nearly 12% Year to Date: Buy, Sell or Hold Now?",https://finance.yahoo.com/markets/stocks/articles/j-j-stock-gains-nearly-122100012.html?.tsrc=rss,Yahoo,2026-05-28 12:21:00,False,bullish,,0,1,1.0,lexicon
4b817d8e8c41,BA,Boeing Shares Rise As FAA Clears Path Toward 47 Max Jets Monthly,https://finance.yahoo.com/markets/stocks/articles/boeing-shares-rise-faa-clears-122054133.html?.tsrc=rss,Yahoo,2026-05-28 12:20:54,False,bullish,,0,1,1.0,lexicon
bd55b72c4a79,CRM,Is Salesforce Stock Deeply Undervalued At $175? - Trefis,https://news.google.com/rss/articles/CBMiqAFBVV95cUxPd1E0Nzd3aklXQjUzYm9FNkFqNDJDbzIydXFUSUQ2b2luQ1N3U2Q2UWNiUkpxWFg0NElSZW1WdVdobExlU3N4NVJtMEh3WUFTRVVmUUtqc2dIM0ZHbTIySUlQYjZLQUFoaUY5ZzhrVDl2eXdNQkpNcGNVMnl4ZEo0VVUydnE0OGlYWl82bEpsQ1A5M3RnRlFSR2V6SGloQ0JYQko1akxka0o?oc=5,Trefis,2026-05-28 12:16:25,False,neutral,,0,0,0.0,lexicon
61322ba3e540,PFE,Guardant Health and Collaborators to Present 38 Abstracts Highlighting Breadth and Expanded Clinical Utility of Guardant Liquid Biopsy Tests Powered by InfinityAI at 2026 ASCO Annual Meeting,https://finance.yahoo.com/sectors/healthcare/articles/guardant-health-collaborators-present-38-120500816.html?.tsrc=rss,Yahoo,2026-05-28 12:05:00,False,neutral,,0,0,0.0,lexicon
ea59f2bcd855,JNJ,BSX Stock: Don't Try To Catch The Falling Knife,https://www.trefis.com/articles/600566/bsx-stock-dont-try-to-catch-the-falling-knife/2026-05-28?.tsrc=rss,Yahoo,2026-05-28 12:03:26,False,neutral,,0,0,0.0,lexicon
8f54bb2366ce,TMO,New Thermo Fisher AI tools aim to speed drug discovery workflows - Stock Titan,https://news.google.com/rss/articles/CBMivwFBVV95cUxQSDVOQ3JIdHVqU2JlRFJSWHdGR2FHa2RUUVhOM3gzWjRpc2h0WkdzNHc2aGk0MnBrdkJqd3AtakRGNFpWVnNvQmdjSlExenAzWnRoZVo2OFZHckhoeDgzeEJJN2E0Ny1SOEk2YVdsb0xJbTJZLWFmOEIzRENEcEZFd3RCR1VWM1ZOQ28wM2ZZV28ySlhXSjQydm4zSE5VOTlUYjNzb20xY0NfbjNLNDFndXZISzAzNmRFSVVXMXJpdw?oc=5,Stock Titan,2026-05-28 12:00:00,False,neutral,,0,0,0.0,lexicon
a8750f5ea3a8,TMO,Thermo Fisher Scientific Unveils Next-generation Innovations at ASMS 2026 to Accelerate the Path from Drug Discovery to New Therapies,https://finance.yahoo.com/sectors/healthcare/articles/thermo-fisher-scientific-unveils-next-120000731.html?.tsrc=rss,Yahoo,2026-05-28 12:00:00,False,neutral,,0,0,0.0,lexicon
dacc0f10d3cd,PG,Tyson Foods Announces Jeff Schomburger to Succeed Donnie King as President and CEO,https://finance.yahoo.com/markets/stocks/articles/tyson-foods-announces-jeff-schomburger-120000468.html?.tsrc=rss,Yahoo,2026-05-28 12:00:00,False,neutral,,0,0,0.0,lexicon
faab71363437,KO,"Samoan Community Leaders, Environmental Advocates Call on Coca-Cola’s Largest Bottler to Keep Plastic out of the Pacific and Bring Back Reusable Packaging",https://finance.yahoo.com/sectors/energy/articles/samoan-community-leaders-environmental-advocates-115400875.html?.tsrc=rss,Yahoo,2026-05-28 11:54:00,False,neutral,,0,0,0.0,lexicon
2532999b5e74,AVGO,Broadcom (AVGO) Could Be Positioned For The Next Big Shift In AI Infrastructure - Yahoo Finance,https://news.google.com/rss/articles/CBMipwFBVV95cUxNWFBfUV9LN0lSVklVRUxFTDdYdVlQTXhuNDVIUWVtZ3lsLWJHN2FJeGctNEoxMkxkSE9nSkp5UVFVeXpLYmpOZjJXNWViMjRPZ0J6ZU9JbHlhenVRMEljbmRhWkQ3WlRJM3Q4eGNscmVSWlJIRVdwZTNTRTVpejdBRFN6dFkzWXZNbkVqbWF1djE2ZEsyNWZzS1FpckxUaE9HcTNBcEk2dw?oc=5,Yahoo Finance,2026-05-28 11:53:14,False,neutral,,0,0,0.0,lexicon
bc825f2ce45b,BA,Is The Boeing Company (BA) Among the Best Future Stocks to Buy Right Now? - Yahoo Finance,https://news.google.com/rss/articles/CBMimAFBVV95cUxNYnFNaEkxQ3ZNb1RlWXc2TUM3RjJESm9VWWxCaF9sNjNsc0VWcFpjQ0ZWVEdkQjU0T2NQZzlWaTAtaWJIOHBzSEVmT2YyVXlyLVlnTHV4NEFlWXZEdEZZcEUxYlBYeW00Qkw1bzBTYlRTVm5qVmhmUkxOZW5IemI1alJMN3JuRkgwRkVjSDdDMzZIY2pfU0NkLQ?oc=5,Yahoo Finance,2026-05-28 11:51:48,False,neutral,,0,0,0.0,lexicon
ec30da3aa0db,BA,Is The Boeing Company (BA) Among the Best Future Stocks to Buy Right Now?,https://finance.yahoo.com/markets/stocks/articles/boeing-company-ba-among-best-115148132.html?.tsrc=rss,Yahoo,2026-05-28 11:51:48,False,neutral,,0,0,0.0,lexicon
ec290ff16419,BA,The Boeing Company (BA) Secures 200-Aircraft Agreement With China,https://finance.yahoo.com/markets/stocks/articles/boeing-company-ba-secures-200-114945355.html?.tsrc=rss,Yahoo,2026-05-28 11:49:45,False,neutral,,0,0,0.0,lexicon
956bf2294311,TMO,Is Thermo Fisher Scientific Inc. (TMO) a Buy as RBC Restarts Coverage With Sector Perform Rating?,https://finance.yahoo.com/markets/stocks/articles/thermo-fisher-scientific-inc-tmo-114835798.html?.tsrc=rss,Yahoo,2026-05-28 11:48:35,False,neutral,,0,0,0.0,lexicon
e0cf3a6b7725,AXP,"American Express Keeps Buy Rating After Stellar Q1, Despite Clouds Over Consumer Confidence - Seeking Alpha",https://news.google.com/rss/articles/CBMi0wFBVV95cUxOaUw1UGtMVDNQSUxzS2FzOERKQWpqWHY4eU9qaDBESzVlOVBLNGVoZ0ZudDZxLUZub254WVFFRlM3QUVsX3Z0YlV3a1ZQQjl6TXpTc2RNbFVxZlB6ZzZTQmJ5d01Nd2F1NjRkdURpdkJ2RWdkNUNIeDNUWFFQdklTaXA1aHhzT0gwNWFiVGhiSzFKSjNpQzVHeEdEX0NfeHlyMkxkd1dDWUlnclFmZ1liYXAwRjl1NjRHS3htLWJpamRuWkFNYXQzNE1NeE9WNTU4Q0hF?oc=5,Seeking Alpha,2026-05-28 11:40:34,False,neutral,,0,0,0.0,lexicon
8e6450adafcc,ABBV,3 Prominent Stocks Estimated To Be Trading At Least 14.6% Below Intrinsic Value,https://finance.yahoo.com/markets/stocks/articles/3-prominent-stocks-estimated-trading-113755743.html?.tsrc=rss,Yahoo,2026-05-28 11:37:55,False,neutral,,0,0,0.0,lexicon
223d0d74230a,CRM,Salesforce billionaire CEO Marc Benioff just spent $27 billion to fight the SaaSpocalypse - Yahoo Finance,https://news.google.com/rss/articles/CBMi5wFBVV95cUxPcTgwd3ZxN1FSZVU0ZjgybUEtR1hHS0ZsalZIQmpGNnhOR3BlWjdVTWtKM0xNYUE0eVlWTkx3dUxEQnJVNk9ROXZ6Z0RGVWdmalBWaVFRamprSWI0OFlKSVVrVHh3WVZodzJJa3FsekdXVmN1dG1kWlQzeHVUZzNXVDFLRVYtRWEySXA4SzNyM0tkck52V0xTVElzVGZBbWhpWEI1RGR5dDBFZkhvcXg3Rm94N0NQS3M4U1VoS0tyYVY2ckw0UnJyUHM2ZE1pWllMcFliN2hOTER0NDQtWV9VVS1IeWgwY1k?oc=5,Yahoo Finance,2026-05-28 11:37:44,False,neutral,,0,0,0.0,lexicon
c4a30fedb369,NFLX,"Is Netflix, Inc. (NFLX) Becoming a Bigger Advertising Growth Story in 2026? - Yahoo Finance",https://news.google.com/rss/articles/CBMingFBVV95cUxNaGdrbEpKWjdaUXJJRVYxTXhCNHRJdnJNWks1YWYxenc3VVRxYlBMUGZ0Z0ZBYi1nN0pFU2I2RmZ6QXJ5ZGc3WUQ5UGlyOXRRVTRCXzhnb0xtWXF6NHFSNHlXSF9LSWEtME5kZGw2UVViMjFIN3I4bGN2NVIzQ1l5V24wT2trT2QwWDRYaHIxU0E2TXdSSlRuWnViZVJodw?oc=5,Yahoo Finance,2026-05-28 11:36:59,False,bullish,,0,1,1.0,lexicon
b0df4c3352b2,NFLX,"Is Netflix, Inc. (NFLX) Becoming a Bigger Advertising Growth Story in 2026?",https://finance.yahoo.com/markets/stocks/articles/netflix-inc-nflx-becoming-bigger-113659188.html?.tsrc=rss,Yahoo,2026-05-28 11:36:59,False,bullish,,0,1,1.0,lexicon
c68ec41a2b8d,GOOGL,Is Alphabet Stock Outperforming the Dow? - Yahoo Finance,https://news.google.com/rss/articles/CBMingFBVV95cUxORjZ1LVNhNkNlRG8yZzQyaGJUNElfcWtBREZsR2ZEdTRJYnBXMnZzdFIzSVVGS0F4Q1BCWENmb2x2c1hVb2NPaTlTZzJoQU8zWWpyaEl2bTdwT3VzMzJRaFFpMXhtZ1hiZ3c1RkpKTEVObUY1WFhMdDJRRzR2U2NUNG4tTERfbHBNT2lnblBmQm5nZkFWNjhDRW9JdHRMZw?oc=5,Yahoo Finance,2026-05-28 11:36:58,False,neutral,,0,0,0.0,lexicon
4ff02f9a658b,AVGO,What's Going On With Broadcom Stock Thursday? - Benzinga,https://news.google.com/rss/articles/CBMinwFBVV95cUxOWFZrMHNFUkhHQlRFQ202U2xEeHg3cmxteWM0WkJnbUw5RjZzUmtLeUl3OGVYOFRwTnNWb1ZZZFpzVlFkMTRLV3dSbzhNbEIyeV9xVWdJYnRBU05BM09fWUR6cllmVTRUUjdvd2dWTGxpR1c4bS1ZSndMTTBvMTVPem5wYXUtNU1UUlV6eXh4eENnNjF5WWkyUTVsVkE3am8?oc=5,Benzinga,2026-05-28 11:31:10,False,neutral,,0,0,0.0,lexicon
ad6858ee8be0,LLY,Is Eli Lilly Stock Outperforming the Nasdaq? - Yahoo Finance,https://news.google.com/rss/articles/CBMiowFBVV95cUxQNVNwZ3A3QUhBaXlvOHpDQ1E1NWF3VHFYUENucDNubXBqRVRNeU1SdWRLNV81Q2pWZk5JYXMtOTRrM2lsNDBpMV9PcFVPNDZnUWpiTlprMUZRM3RzY240dGpyNTNOQWlNZTk3Y0x6WlhXbE9mSG5MVWtQdWVVdF9wSlB1dTdmZ3JxaUZBTGhuQmFiR1Q5MDFYckRVam9oLXFQRkhR?oc=5,Yahoo Finance,2026-05-28 11:31:07,False,neutral,,0,0,0.0,lexicon
11bcb4a25e59,BRK-B,Is Berkshire Hathaway Stock Underperforming the S&P 500? - Barchart.com,https://news.google.com/rss/articles/CBMioAFBVV95cUxPaXdlOWQxbGxtWnMwaTI4Y3dxUFUydzU4VzRhWUFZSTVYdzlPcUdQaUlaUURJR0hiOUN1SFptZUdlbkxZbk0xQ2JObExxbnVkbnJueW5KVUM5dUFNbURWdVFpZUZocGZCMENBZmwxWEVOMVJqX2UtYkVGamh6NnpFbDRabTVqM3BMMHhDWW9wMF81WnM0UTJqX1p0TTNoY3Zk?oc=5,Barchart.com,2026-05-28 11:24:24,False,neutral,,0,0,0.0,lexicon
b3241d6c5da9,WFC,Wells Fargo CEO: AI’s effect on employment is ‘complicated’,https://www.bankingdive.com/news/wells-fargo-ceo-scharf-ai-employment-banking-jobs/821368/?.tsrc=rss,Yahoo,2026-05-28 11:20:34,False,neutral,,0,0,0.0,lexicon
d435c3ea9da9,WFC,Wells Fargo lowers Agilent stock price target on valuation - Investing.com,https://news.google.com/rss/articles/CBMiugFBVV95cUxQanh4c1dkOWQ4Y0tlZjEwR3A3WDZzeXl6YzZYUmQxODhTYksxajE0MkVuRHpaTGljUGo4WF9ya3d5ZFNyZHpyR3VnT3hLT2JOVXJodkJrVlFCYjJES3Zxd0VVQVE5MS1uYjIzT0x2OXJvMDdwTjZlazY0Q1BqR3o1elYxVFBiU2VBZ19PZm1wQV9kVjE4amk3M1dXcEVxYzJqdmN6b3BnWXlldjhnN2RONHl3VWE2SDNnN1E?oc=5,Investing.com,2026-05-28 11:19:35,False,neutral,,0,0,0.0,lexicon
91f16675ad98,TXN,"Long Distance Wireless Connection Microcontroller Unit (MCU) Global Market Analysis Report 2026: Opportunities, Trends, Competitive Landscape, Strategies, and Forecasts, 2020-2025, 2025-2030F, 2035F",https://finance.yahoo.com/sectors/technology/articles/long-distance-wireless-connection-microcontroller-111800472.html?.tsrc=rss,Yahoo,2026-05-28 11:18:00,False,neutral,,0,0,0.0,lexicon
83b4679cbbae,AMZN,Amazon Stock: Is AMZN Underperforming the Technology Sector? - Yahoo Finance,https://news.google.com/rss/articles/CBMirgFBVV95cUxPU05nYVJDVXo2WjJTVlhpNmI5YUVRLVNzZzhvbXFBanNVNm1MSzhnVmNhMzFGVmYzSm5NcENsUS1iOGFRRW1RbjVWYnBWSGZNZ2hXN2JzWXRGeThVUFp6eGxmMVhlb0tNRmVmd0tCb1piYjlwRDNwR0RNRkExMDVHYW82ZXVRUFl5X1dTeHJ4T29VckpHeHFXVXVPLTk2TG56R20xMWJ6RHFwZDl4bEE?oc=5,Yahoo Finance,2026-05-28 11:12:43,False,neutral,,0,0,0.0,lexicon
7e82e8f5dbba,MA,Mastercard BitLicense Approval Opens New Chapter In Digital Assets And Valuation,https://finance.yahoo.com/markets/crypto/articles/mastercard-bitlicense-approval-opens-chapter-110550588.html?.tsrc=rss,Yahoo,2026-05-28 11:05:50,False,bullish,,0,1,1.0,lexicon
3daa773eab8c,QCOM,Years of Rewards: $43 Bil From Qualcomm Stock - Trefis,https://news.google.com/rss/articles/CBMipwFBVV95cUxPVUJJR0tuTlZXSkEzZGEyZjJsQ1lwUzYyZ2F4Wm1la1BrZVRHUHRyTDg1ZUp2QnRxNUcwMmVFemV3cFZ5R0V1RUlVWFhUbGFWVGxhdmx3VlA1dXFONkIxQjNQSnZibXJTN2U3bmRrWUFqY0hNZEFzX0dwbUN5bjM5N0NaWHl3WWFsNnNsZVpyZ3NmZjIxZ1lYRk1hR05aXzF4ZWZDSVZySQ?oc=5,Trefis,2026-05-28 11:02:59,False,neutral,,0,0,0.0,lexicon
9876f6f4420b,QCOM,Kinaxis Convenes Global Supply Chain Leaders at Kinexions North America to Advance Agentic AI and Decision Orchestration,https://finance.yahoo.com/sectors/technology/articles/kinaxis-convenes-global-supply-chain-110000101.html?.tsrc=rss,Yahoo,2026-05-28 11:00:00,False,neutral,,0,0,0.0,lexicon
3448ae8536a3,MRK,Kinaxis Convenes Global Supply Chain Leaders at Kinexions North America to Advance Agentic AI and Decision Orchestration,https://finance.yahoo.com/sectors/technology/articles/kinaxis-convenes-global-supply-chain-110000101.html?.tsrc=rss,Yahoo,2026-05-28 11:00:00,False,neutral,,0,0,0.0,lexicon
e57d15a46e38,IBM,IBM to invest $10 billion for large-scale quantum computer by 2029 - Yahoo Finance,https://news.google.com/rss/articles/CBMiogFBVV95cUxORTdaODdETVZoZk5oSUpKQm54MmgtSkxlZ184TUpub1lwMjBORl9OLTVOY1NsOS1ZSlQ4UnlKMWdNa2xRQnJfLXBxemU3bGVhT3hMcFhyOVVHY2l4U01KQ3F4dmhXcUFpY1JoU2ZXZll1UURaVTFaX3lsZVJwVUhSOFJFY1YwcjZLNXpMdFJpZ1E5RGtvTzJ5WGE4TDEtQjJnbnc?oc=5,Yahoo Finance,2026-05-28 10:58:57,False,neutral,,0,0,0.0,lexicon
dd45b66eb858,NFLX,Netflix Stock Testing Price Floor – Buy Now? - Trefis,https://news.google.com/rss/articles/CBMipAFBVV95cUxQdzFxTlZ1NHFocFpVR3ZwYWV1ajZUc0JoYWZFYnN1bmpUU1hZcFFEanpEUFpTT2FvUUNGbTU0ZU5tX3ROLWstTzRBS1lobVJxZl9CcGtyeVdBWnNoUEtXNUZwT1BXSXgyT0Nzc20yTElnUDQ3MTB1ZWxkYkl0dFVTbGJ6c3ZtMjJWakZzbXdrek5fNHQ1TnYzUjluYkowQ3RxZDVCdg?oc=5,Trefis,2026-05-28 10:51:46,False,neutral,,0,0,0.0,lexicon
aa5fa47a0e91,MS,Morgan Stanley raises Synopsys stock price target on co-design outlook - Investing.com,https://news.google.com/rss/articles/CBMiyAFBVV95cUxOV1NqeEFKa2d5TV8taXZMMUU0bEVVaVJpM0tUU2QzS0pRMzN2ajE5TGFWN1preU05TEdTWk1NNkFwZEtRSXZsMml6VUo1b2czX1VEOTF1aE1fM3BJQjd4ZEFPbUxLNThZU0RiU1p6Sjh4MVlHSTlWLXJuekdMMGVyS3duYWZhNFRySjhNcmlEb3kzaXI1ajkwVkNHMkVUWEtBMHpVYlRZcTR4NGg0RFdUd01ZVDJMNEZ5VEY2U1pjRk92LUdweWxRSw?oc=5,Investing.com,2026-05-28 10:47:29,False,bullish,,0,1,1.0,lexicon
6979a4e26944,MRK,Merck to Participate in the Jefferies Global Healthcare Conference,https://finance.yahoo.com/sectors/healthcare/articles/merck-participate-jefferies-global-healthcare-104500986.html?.tsrc=rss,Yahoo,2026-05-28 10:45:00,False,neutral,,0,0,0.0,lexicon
31fc337bc422,NFLX,Ben Affleck says the AI company he just sold to Netflix for $600 million will lead to ‘more human work’,https://finance.yahoo.com/sectors/technology/articles/ben-affleck-says-ai-company-103500057.html?.tsrc=rss,Yahoo,2026-05-28 10:35:00,False,neutral,,0,0,0.0,lexicon
0caf63aa76be,JNJ,Is Johnson & Johnson Stock Outperforming the Dow? - Barchart.com,https://news.google.com/rss/articles/CBMilAFBVV95cUxQRHp1MEctRm9fZ0lUc3VOSjQtc1RSZnl4cFE1VXk2YU1OVk1nc2xsSElJekwxY3BpMTZWUTZHdHBBd3Q0dVFKNUFJYWo3bUpfRmJXd3pHMGJFd1dUNW1iNXl1bEoxZTJjRzg2RS1FUm9veE1LQXZZQ1MyRVpUM1V6VjFYWHF2UkNkVERGaUVjczZJYjUz?oc=5,Barchart.com,2026-05-28 10:31:31,False,neutral,,0,0,0.0,lexicon
e00858006008,PEP,"Huntington National Bank Has $46.04 Million Stock Holdings in PepsiCo, Inc. $PEP - MarketBeat",https://news.google.com/rss/articles/CBMi0gFBVV95cUxQX1FELWIxYS0yOHJ2a0RwaFpLaFZCR0daOWZfdkFsVXI0WG1WMFRscnU1MDNDS1JsM2NLNDd0R284SHdLVGxOWHNremV6WmJBT3NpdGtkYjl5cmlnMFRRZmxoUlZfOGpDTnpBSU9FLWM1dFJBb1B6Qk1IXzdSM3c4MFhmckZnN3Mxb0dXQW1KSnpwcURtMUZONEJuYkxqcjVMNk8tck5ZTVRKV0FNNkxMS3NqcjhUajJxc0cxc21YSTVjWmJvQ3lNSjAwV2Zub21VZ1E?oc=5,MarketBeat,2026-05-28 10:27:41,False,neutral,,0,0,0.0,lexicon
12501e2b6c52,NKE,"Kingsview Wealth Management LLC Increases Stock Position in NIKE, Inc. $NKE - MarketBeat",https://news.google.com/rss/articles/CBMizgFBVV95cUxPMzBEamxBTXNjajRKMko5VG5DdzN0ajdaaVR0dS1sZ3UtdWxFYXdKZ0hOV0JBRlZNVnNhM1ZiUkIyTG01Qy1vcmtteEZUbDFYMWNVbTdyR244VmFnQW1STEVBOVduSGlJb2RKVXF5MU8wQmxBQ2VTWU5yXzE0cDZLX09CYlJlSnZTUlNMUjVYbjRLdGhoRmVvSWlMYV9xc0Z2RWhfUGYteWNUTGtkaXVyWGRTei1WamREYlFJbnJxWDFPQ25MSHVQWWxhWDZZQQ?oc=5,MarketBeat,2026-05-28 10:23:57,False,neutral,,0,0,0.0,lexicon
11a7ea06f624,DIS,"IPG Investment Advisors LLC Buys 18,286 Shares of The Walt Disney Company $DIS - MarketBeat",https://news.google.com/rss/articles/CBMi0wFBVV95cUxOZUlyalJHdnJaRmdteXpQdVB6QjF0TlBkMUt5Y19kQ3VRSHlGb1dBRmRyOVZOLTFjNk9mbWRmZG1KdUpBZkdyOTBxYTEyWUwyQkNBdG04RDJWYmRYbjI3VWFCRTA3eDZFZm5OakZDZnU4V0J4WEJHQ3ZsYm5wNUpkcnJKUnZ4Qmp3STVRemg2TDEzWVFKWWp4S3UxSjRIVlhqekR1UExMempHSjU5ZWZaUUUydy1fejNQeWVJQWJucHc0VEJFQk8zYTltZUNidDVKUEhF?oc=5,MarketBeat,2026-05-28 10:23:53,False,neutral,,0,0,0.0,lexicon
8358afa14e88,MCD,Kingsview Wealth Management LLC Has $19.66 Million Stock Position in McDonald's Corporation $MCD - MarketBeat,https://news.google.com/rss/articles/CBMi6AFBVV95cUxNU3VqZFNaU3BMa2Vhck9PdVdYSFd6MFduSjdubnpLLUtQcXg3aFhqVTFkQl9FaGs1bDg1LW12TTctLTg4cUMzWEY2MWFBU0x0TDZMV3V6a2hpcmhJTVRXSkp3YzJ6X2ZKQm5yVlF2d0wzRmM5ZFpoNTBZS3V5UzJWYTNMaFZmOFJXTTlLaGtOc0VzYnJiaXkwMHNnWHNCU2FGM00zLTI0NUwyYzNiZlJmNzBNMmlrUk9tb01kM0VHX1JjYy1qcmhDdlJJTHBENnJ5bmI1bG1qa29rR2pIZ203QlhCeDd1VzNj?oc=5,MarketBeat,2026-05-28 10:23:37,False,neutral,,0,0,0.0,lexicon
e38493fc94a8,PEP,"APAC Non-Alcoholic Beverages Industry Sport Sponsorship Analysis Report 2025: Coca-Cola is the Clear Sponsorship Leader, Supported by PepsiCo, Asahi, Ganten and Bisleri",https://finance.yahoo.com/markets/stocks/articles/apac-non-alcoholic-beverages-industry-102100159.html?.tsrc=rss,Yahoo,2026-05-28 10:21:00,False,neutral,,0,0,0.0,lexicon
4bc05b408aaf,KO,"APAC Non-Alcoholic Beverages Industry Sport Sponsorship Analysis Report 2025: Coca-Cola is the Clear Sponsorship Leader, Supported by PepsiCo, Asahi, Ganten and Bisleri",https://finance.yahoo.com/markets/stocks/articles/apac-non-alcoholic-beverages-industry-102100159.html?.tsrc=rss,Yahoo,2026-05-28 10:21:00,False,neutral,,0,0,0.0,lexicon
6368e191c93c,PG,Procter & Gamble Company (The) $PG Stock Holdings Lifted by Smith Chas P & Associates PA Cpas - MarketBeat,https://news.google.com/rss/articles/CBMi4AFBVV95cUxQNEt5a2Fxa2MwbU5EeUJMenU3dHN2cHAxRGJMc1hfUW11TExZRmJmQl9BdzA1dW1hYVljNnNZS2paalpFUW9GRUs2YXBYOVBlV1g3VzF3ejdMbWVGUWtuTU9HTjJLUGNzYW91V2VoUXZuMmZ4TTFkTk1CYnB5MWFURWtsZGY2ay0yN1BFSzh4d2plQm9IcklhcU1maWdzdGhacktySmd4cHRGazYwemhNSndGaWxsWGJIQmxGSGxCbHZRU1BQYWJ4NDhzRUQwcUNXZ1dyVGQwWjcwUEFXc2NJYQ?oc=5,MarketBeat,2026-05-28 10:19:34,False,neutral,,0,0,0.0,lexicon
e1fb70152e24,BRK-B,Jim Cramer says Warren Buffett is wrong about investors being addicted to 'gambling' — they're addicted to the S&P 500,https://finance.yahoo.com/markets/stocks/articles/jim-cramer-says-warren-buffett-101500778.html?.tsrc=rss,Yahoo,2026-05-28 10:15:00,False,neutral,,0,0,0.0,lexicon
7f0dae51d970,COST,Is Costco Stock Underperforming the Nasdaq? - Yahoo Finance,https://news.google.com/rss/articles/CBMiogFBVV95cUxPZWlwY1o4Qzc5WFM1UTZuLXN1MjZkd1BCLTBKWHd2LWY3REY4NkV6MUM1Z2Z2YUoyYzhXZ3FtMVNZamVqaGNlbzVUM3BQdHg3aXQxRXhGM2Yxc19pQ05xTHFweHM2Y0xGWDUxYlU5SW5IaTZUdE1qWThHM2lZWU1JRlRTNEVacTZ4NVhUbFdfQXBDNHlCTDZxaFV2elh1V3JqN3c?oc=5,Yahoo Finance,2026-05-28 10:09:27,False,neutral,,0,0,0.0,lexicon
42de32165158,MA,Exclusive: IBM launches $5 billion AI push to combat cyber threats,https://www.axios.com/2026/05/28/ibm-ai-push-cyber-threats#utm_source=yahoo_finance&utm_medium=partner&utm_campaign=subs-partner-yahoo-finance-AI?.tsrc=rss,Yahoo,2026-05-28 10:00:05,False,neutral,,0,0,0.0,lexicon
9ba0eefca906,GM,Mary Barra just misses Fortune ‘Most Powerful Women’ three-peat - Automotive News,https://news.google.com/rss/articles/CBMilgFBVV95cUxPN3dtR210TjVpUnlQRFNQNTJFNHNGc2xoZ0NLNGNWa0lmQldsRGo3cklzanFaSUFyMTVmTEV2eEx1VlYwLThiZC05QlhPdlNKSDhiMGFFWWd4S3ozNVh0WVUtRDZDbzZIQjQ0Wk9kNUJmaFhEaTMzUHgzUjFsYTJsdkdISURueUNmRTFmbHZkRFpUMTNDS1E?oc=5,Automotive News,2026-05-28 10:00:00,False,bearish,,0,-1,-1.0,lexicon
4b61760108bd,ORCL,Why is Oracle stock climbing 2% today? - Investing.com,https://news.google.com/rss/articles/CBMinwFBVV95cUxQcWNaQUNoTVUtX0steG9FMTAwSXFIcG9GUGVhR3phbENNOEFsSWlRMzJiUHphQ3dkVURDNWdBWUtYQnEzcExpUzhkQW53RUtVUjUyWl9wZjFUYzdBUXFCMDMtMXkzZEg0SGI3Nzh1RERPYmF4a09tOUtrWnNmbXF1cVlkMVRxX3pGUjFUa1FMRWR0V044N1VfeTR6SU9WMm8?oc=5,Investing.com,2026-05-28 09:59:28,False,neutral,,0,0,0.0,lexicon
06a1b66ff793,BRK-B,"Warren Buffett's Successor, Greg Abel, Buys an AI Stock That Poses a Threat to Nvidia",https://www.fool.com/investing/2026/05/28/warren-buffett-abel-buys-ai-stock-threat-to-nvidia/?.tsrc=rss,Yahoo,2026-05-28 09:32:00,False,neutral,,0,0,0.0,lexicon
0db685cf90a0,BRK-B,This Warren Buffett-Approved Investment Could Turn $300 Per Month into $1 Million,https://www.fool.com/investing/2026/05/28/this-warren-buffett-approved-investment-could-turn/?.tsrc=rss,Yahoo,2026-05-28 09:30:00,False,bullish,,0,1,1.0,lexicon
d9512f2ccf92,KO,"How To Generate $7,500 a Month in Dividend Income for a Beyond-Comfortable Retirement",https://247wallst.com/personal-finance/2026/05/28/how-to-generate-7500-a-month-in-dividend-income-for-a-beyond-comfortable-retirement/?.tsrc=rss,Yahoo,2026-05-28 09:10:42,False,bullish,,0,1,1.0,lexicon
78dffa3d8814,UNH,"UnitedHealth Group Digital Transformation Strategy Analysis Report 2026: Accelerators, Incubators, Innovation Programs, Technology Initiatives, Partnerships, Investment & Acquisition Network Map",https://finance.yahoo.com/sectors/healthcare/articles/unitedhealth-group-digital-transformation-strategy-090400077.html?.tsrc=rss,Yahoo,2026-05-28 09:04:00,False,bullish,,0,1,1.0,lexicon
e64740fafaa9,AXP,American Express Targets Niche SMEs With New Interior Designer Business Card,https://finance.yahoo.com/markets/stocks/articles/american-express-targets-niche-smes-090340077.html?.tsrc=rss,Yahoo,2026-05-28 09:03:40,False,neutral,,0,0,0.0,lexicon
2f4ce7a058ab,AVGO,5 Catalysts to Monitor Over In The Next 2 Quarters For AVGO Stock - Trefis,https://news.google.com/rss/articles/CBMixwFBVV95cUxNVW1WeHNDVTk4Zm5ZejktV0NrN3pEdGROcXlYMmFlbUVIQXJfNGR1WS1FdWNSUTA3WFJwRTIwck9EY2hJemsxNVpKblBJQTBMczdTMV9BcXN1SVlUYVhpaWNuUGhCQkNlNm9KcXBkMFpFbHVVcE5LcXlMMi1JR0JLUXhJM29GZWFnQUppM2dBYzhhdTdEOC00c3UxalVEMDJBX3o0N19sQmx6TGZuT2haMFFfeV8yN1BpWkNjX0VCeDJRNTIyTXR3?oc=5,Trefis,2026-05-28 09:01:55,False,neutral,,0,0,0.0,lexicon
fd72aedd439e,NVDA,NVIDIA Corporation $NVDA Stock Holdings Cut by McHugh Group LLC - MarketBeat,https://news.google.com/rss/articles/CBMiwAFBVV95cUxPdkxTalhUZE91Q3JFUGw0WEtsLVFPak5OUmN6VlluU21fNU16aFBvd0FYaDFZXzY3OXBGbnI0eW1wTE1oaDNpNTZpekdJSU9ETE9TYlRRaXRxcWR5SW9OZlhVbFU0YmR6WlhKb0Q2a0RIQnFWSmJfNHpRT0dNQkY0LUR6ZmRlQkdfRzFoZnpFRDUyMUh2cGYyZWlOczNRR1Q2dHZya0hhX0RZZUNweUN2bHlYMjVJc2MtMkw4bFJlc1c?oc=5,MarketBeat,2026-05-28 08:45:21,False,bearish,,0,-1,-1.0,lexicon
5168ff599dd4,AMD,"Advanced Micro Devices Stock Up 20% in One Week, Wait For A Dip To Buy The Stock - Trefis",https://news.google.com/rss/articles/CBMi4AFBVV95cUxPbTVTUTRVX09feHBMbzZWZkVKbXM1TFM5ZGx3TE1fMkgwRUo1QlZ5ZE9rU0pWY2VpSFJjYlB5S1hUTnZzQVhFYkV3bzVKUjExUmo5UVFHNFJNRS1xUHhOM0htUDE0ZzhlUWRkZFFfMS1HTmFrMmdiSkVDdjdzdmRRdzlhYmc3by1JQWhVY0RJb2ZpcGhLWTRVbVlXZ1pYd2cwMlMtTzVROF9kM3kxV2I5ajRraUVxSkljMGpMejBxUTM3U1Z4M2dUSzVHZkxpRjZHWEI4dXQyakp5c2FsbndzUw?oc=5,Trefis,2026-05-28 08:40:44,False,neutral,,0,0,0.0,lexicon
e9bbd3c54967,AAPL,AAPL Stock: The Math Behind The Upside - Trefis,https://news.google.com/rss/articles/CBMiqwFBVV95cUxNYV9CYURGUHFjYV83aGZuQ015SEtmQlZVN0gwYnlvWVJadDNvZzRMLXdKVF9ZUmZvelUyX3NBc0k0a0FnMmVaZlFybVpWMmdYajhkS3V5ZC1QbFAwcW9EZDNIMmJiXzlmeTRqREN5QmVjT0VUbV94c2hzV2NvUkJRQzlvMWFIXzFIcFRUM2NHa0lHQlFITUROUm1NTmI4SlRnVXpKOXFQNkNzWW8?oc=5,Trefis,2026-05-28 08:38:43,False,neutral,,0,0,0.0,lexicon
7b165d7c4409,DIS,"14,418 Shares in The Walt Disney Company $DIS Acquired by Constant Guidance Financial LLC - MarketBeat",https://news.google.com/rss/articles/CBMi4gFBVV95cUxNQzZXT2RlMjloV3hjRG85NGY3X0ZaYmZ0X1ZFZTRZME83ZktVSjJaV0YzRENIQkVzT3JSaFRQMmYxaGo3UzdtS2hHYW01c2ZmY3pOS1hPUXRZSzRTQ2N0ZTBEZkd5RTByTktuaTV3RzlpNmZsRlBmNll2czFSTk9OYWNpRXMyblpUY05aeHRMZzRpUXctNVl4RWNFeTFtSUJ4akU5TGlJaUkza2RyZHZOMU53UHEzWnhZeXlXckU0QXVJS0FObHg0UVlWZ0UwcEFJUXNxeDRSNDNobmlZU0xKT0hn?oc=5,MarketBeat,2026-05-28 08:37:26,False,neutral,,0,0,0.0,lexicon
2801771d14a5,PG,Foundations Investment Advisors LLC Has $14.43 Million Stock Holdings in Procter & Gamble Company (The) $PG - MarketBeat,https://news.google.com/rss/articles/CBMi8wFBVV95cUxOVHZIMTJQczU3MnlSYkM3Y1liVUJKdzNqMFRBZTgtMVA4SFpRZkR1WVA3VlFMVktwcmF6Ym9pZVhZdXhOWi1KMkhPR05oT0xSQjNZaDMzM2MySXFSVWpRcDNiNlp2RkVGbkdDV202bzBjQUFKSlUxektMUWVyaDYwZTZKb2Y5ZjB4QmxITEd3blhEeHVYeUxJVGZDVnFSSk9fOGstMk1oMktiS0ZrTWhPRHlZR05xSlQycTc4VXNCRU5ZMjVCR1g3V3FEVWVxOFlwRzh4SXdEVDlmalJaa3NJZ0JralpDYU5mZENQZjJBTzNnRmc?oc=5,MarketBeat,2026-05-28 08:30:56,False,neutral,,0,0,0.0,lexicon
d5bf9f8bff1a,V,Visa Inc. $V Stock Position Raised by Foundations Investment Advisors LLC - MarketBeat,https://news.google.com/rss/articles/CBMizAFBVV95cUxQU1k3cGc1MVAyRGpITGVOdUhOY2R5SjZVQl9FZFUyTU96NW9pbi1TN0wtWlZCMW1aTTh4c2s5Z1hQQmRmcXhQU3ctcGljNUpyQldYX3dPWVliUjMwYktnQzExcDFkVjd5aTRpU2hLaG5XaW1TRmM4anFVcEhrNEV5UlBSdDU4YS1HUTQ1MTd6djFJWFBicEJqUVQ5RDJrLU5KQTNCYjM2ZE1vekx4b2dzN3Bhb0dRZ0hpOXBOTThvWU53YlpzUFNWOE4zSU0?oc=5,MarketBeat,2026-05-28 08:30:55,False,neutral,,0,0,0.0,lexicon
92f25ad94437,NFLX,Netflix Stock Near Crucial Support - Buy Signal? - Trefis,https://news.google.com/rss/articles/CBMitwFBVV95cUxOV1poYjc3blBYYWZ3NGFpUWg4bEtyOWpUQ0dHTFFuZnczUzg5MFN0YkNDcVJmam4yRDBPVzJYaHBlZDBBeHJwSHdVdXoxQ0NTbzdQd1B5c0V4R0JuZzhTckkzOE1za1c3TWdaazVkbTd2d3U0UGpBU0JCQTQ5eTRFa0hIdVFvN2QwNjhuSzFPR1RuWTNKSU1McU9KbXhBTGY1dEFLTHktejUxRU5kanhBeV9Hdi1lVTQ?oc=5,Trefis,2026-05-28 08:30:54,False,neutral,,0,0,0.0,lexicon
ffa11c1ace4f,PEP,"Geode Capital Management LLC Buys 360,936 Shares of PepsiCo, Inc. $PEP - MarketBeat",https://news.google.com/rss/articles/CBMixgFBVV95cUxQODVxem5CYmZUU3NPTHVyeGxZOWZRNWtaV1J2TnFRNW9tUHIyREI4MVNGUC1ONFlScC1zUkRSQzdWS2JxWmUxaTh2ZGNPMG45U1Zfa2FndkVzZkY2aGpwOHpsWWNOeWRuMl80clF6VDF3Qy1oZ3JEMUV6dzBoT0MtNEFkSmRoYUVoOFRJTW1IQ296eHlLMW1HLXYtNE0taDVoNmd3ZjRUdGFYR2dwcXZkTXExdVBva1VyckxWajUzZU5UTFRzdlE?oc=5,MarketBeat,2026-05-28 08:27:21,False,neutral,,0,0,0.0,lexicon
40f0fab5204d,MRK,"Fidelis Capital Partners LLC Acquires 9,029 Shares of Merck & Co., Inc. $MRK - MarketBeat",https://news.google.com/rss/articles/CBMiygFBVV95cUxNdHBiWG9EN2dyQXJuR1dZTmJqc18tMEtwS1dXV2VpdW02YW1nRUo3VjEtV3d4bktBYkZ3eU11SGV5aFIzaUxveWN6Q3dYUHRBbDN5azB6bkpMdGFBc3ZNZHFENW4waXNadC16ZF9ob0paMFplV2FycUZkVmtualJHNXRSZ2s0ZFlCOWdNcDQyNHdwemlBZURFR19LX1lHai1qSFJNdUEtX2lEWkxoQ1U0dXpSTDRiZTloNUdnUWVzSFZTRnlGQ0drMWVB?oc=5,MarketBeat,2026-05-28 08:23:14,False,neutral,,0,0,0.0,lexicon
1527ea879915,PG,Geode Capital Management LLC Boosts Stock Holdings in Procter & Gamble Company (The) $PG - MarketBeat,https://news.google.com/rss/articles/CBMi3AFBVV95cUxNOC1ac1BlQ3VrMjZ6SUJEWnFBdFdYeDBYMmVDUEpwUjZGQlo3aC1yWGdrcTFPcTRNTmNMV1pyazI2QUFIckhKcG5UMXo5TTJlQzVReVZZSlZJZGRoaDNTZzhleUJkN29Mb1BQR2hIWEhQNjhJeWc4NWV2YjVwNGZYNm9JaWVGbFZSd3V2SF9zOU1aVE5nQ1YydGNaSkJkY1BGcS12N2RJcXVGeEJBNFRwdmpFYnNzTWJoQUI5dzQyRm1NTW51UkVFdDl4OUNlYUlmRzR1QTU5Sl9PQ2lY?oc=5,MarketBeat,2026-05-28 08:23:11,False,neutral,,0,0,0.0,lexicon
7145d0b4d7f3,META,Why Is Meta Stock Rising Today? - Stocktwits,https://news.google.com/rss/articles/CBMi0gFBVV95cUxNaUhZeTFlZDl6WWQxUGk2MUZrWURHb1pRZk5XX1RWeEFVaGRHYmpnYXMxRFM5Q3RYallsaDl4ZS0ta05tV21PZC1qNGwxY2wxSzRkRlRlazlUYTR3eUJmMjhzeFlNbUNIYnRlb01zQXk3Q1lKc25OOHJXTUhpSVI3c0hOQXA4Z1AzRFdmZEdmRWdhS24yQWZyVlplRThRSzZDeUxoNThJTzVyTXpfeTJtWXlMbjRBWFplLXRtU3A4azl6TmV3bTE0R3Z3ckpEamYxTWc?oc=5,Stocktwits,2026-05-28 08:20:13,False,neutral,,0,0,0.0,lexicon
f61c441dc870,KO,You Can’t Avoid AI. But Don’t Let It Crowd Your Retirement Portfolio.,https://finance.yahoo.com/m/102bbe19-6c58-3c8c-a894-e85c487a1483/you-can%E2%80%99t-avoid-ai.-but-don%E2%80%99t.html?.tsrc=rss,Yahoo,2026-05-28 08:00:00,False,neutral,,0,0,0.0,lexicon
8e0281247720,GM,General Motors Stock On Fire: Up 16% With 5-Day Winning Streak - Trefis,https://news.google.com/rss/articles/CBMiuwFBVV95cUxQZGpYMkxkR1IyWXRMN1gyazVpMk1Td0t5UnZsbnZYM1JPTVBRVURHZ0NCOF8wZW1TR1NhT2ZxQUh3MjV6RU1XWWVUa1l2VUw5Y3l4UTd4eEwxVTZLMXVyRXJnWW1TcHFlWXpfeWlncGhITlpFcXF1R0lPVmxpMWRLcGEtUFFVZTdrRENlM2pycXRMS3lzNkptaklFYTQ4LXM5SzI2dDU0cWRram1kRExvSG54RlNDZXJ2WDZB?oc=5,Trefis,2026-05-28 07:58:08,False,neutral,,0,0,0.0,lexicon
710d5fcf8bc6,QCOM,Qualcomm Stock Shares $43 Bil Success With Investors - Trefis,https://news.google.com/rss/articles/CBMivgFBVV95cUxQVlJfRjlWSHEzZEI5VFNzbG84ellxUFhhU3Y4UXNrem1NaTM5N0JiNG96ZGRJX1AyNXpocy1QOE1DdFh4akU4QmRSZkpQNVI0N3pLdWtxMEhjSGFuUEtLMGNGTVpxUmJ0RzBVcDlmaVlycHBuSjBnaEZGQzlFSk9aNzByOTZmVzhaR3pHX0NpSEFlRWt2d3JvdmtkTTZKaDlsRy1nWnkxc2gzd0l2RFdGUTZnS2xOMi1ZYzZkMlVB?oc=5,Trefis,2026-05-28 07:44:03,False,neutral,,0,0,0.0,lexicon
e373458f2950,ABBV,Is AbbVie (ABBV) Still Attractive After A 21.5% One Year Share Price Gain? - simplywall.st,https://news.google.com/rss/articles/CBMi1AFBVV95cUxQSURJa1NVTENlRWg2NFc1cDFIdks0X2s0Z2F6dDZCOEZBYUxDd2Z4blNURTFsT1JQWUtHdEVTTHQxSGNpY0s0aGl6b0NvYVV3UktPYnMxbV85WkI5Qmk2b1VadmRuczNPeFVJTy1Cb3gxMDJYR3ExUGVVNEpqcVh0SlBUdFB6VVQ1cldnZlhjUzRtYi1zMUExVDJMdDQyTmZkTU5Lclh1MVQ0ckUwak85VGFkcDNvVy1ILTk1cXNNUjhxUnRhbU8xOWdCWWoyLWpQOWNYa9IB2gFBVV95cUxQYWduV3hTRXlObFRGTkI0d0JqUklQSEpYaEpaeVZ0aVVGSEMxTDJ6Vy1yeXJDRl82YW9jcUhnbFplMnFpX2JYRzRKY096M21IdjBuaWNXOXZCMU9iSlUtaUZDSVU3aHZoVkd3MHQtZGMwZlIzR2s2ZHhVNnlFbENkUFZ6N1dWc3ZNa201dkFqYThwb2tYUm9PVDkxM3c0WDRUd2I5Nld4UjMtTm9nVjEwLWtkRUpPVlItbXdCNnBONC1aT0d4QTEzajJra2hGc1AwaHF2djE0bGpvUQ?oc=5,simplywall.st,2026-05-28 07:37:17,False,bullish,,0,1,1.0,lexicon
841f13625291,CSCO,Cisco Joins EnterpriseClaw To Link AI Automation With Security And Valuation Risks,https://finance.yahoo.com/markets/stocks/articles/cisco-joins-enterpriseclaw-ai-automation-070334324.html?.tsrc=rss,Yahoo,2026-05-28 07:03:34,False,neutral,,0,0,0.0,lexicon
765325535a24,UBER,"UBER Stock Price, Quote & Chart | UBER TECHNOLOGIES INC (NYSE:UBER) - ChartMill",https://news.google.com/rss/articles/CBMiX0FVX3lxTE5DSEJBem1lWmRfejhYcVI5Vm53ci1Hd3NPbkVJeWNOamV5WVFBVGM2eHZ4VHg0QkFBVjVNdGdPaFFxb2ZvYklsNlA3V0NxVmM2X0dmSjVmVGNxcnJxWXZz?oc=5,ChartMill,2026-05-28 07:00:00,False,neutral,,0,0,0.0,lexicon
e0a98ce9d3e3,AMD,"AMD Stock Price, Quote & Chart | ADVANCED MICRO DEVICES (NASDAQ:AMD) - ChartMill",https://news.google.com/rss/articles/CBMiXkFVX3lxTE9nR1NXTnl3ZVRNaVZZWHRvUHNzZW1ER01YT2VLai02RmNyUmlVc3g2UkhtZGFweXNjSVdBQjNVeHBSUGx5TmlXVURkMFo1M2dVT0xESmxKTmlVNjVxeXc?oc=5,ChartMill,2026-05-28 07:00:00,False,neutral,,0,0,0.0,lexicon
3b1e91873358,XOM,"XOM Stock Price, Quote & Chart | EXXON MOBIL CORP (NYSE:XOM) - ChartMill",https://news.google.com/rss/articles/CBMiXkFVX3lxTFBLN0NnekMtem14MFBiUU1oMmNtUTYtRzljTWhncm1HTHpIOENSMWFLTzA1QjBjeER4UnN0VFNSelVneV9DQVU3OWV5T2VqOU9FY0VQWlYwWWxScVRrNnc?oc=5,ChartMill,2026-05-28 07:00:00,False,neutral,,0,0,0.0,lexicon
cc5994c7812a,BLK,"BLK Stock Price, Quote & Chart | BLACKROCK INC (NYSE:BLK) - ChartMill",https://news.google.com/rss/articles/CBMiXkFVX3lxTE11ZEJsTC1YNGVLUmdPR3EtbWFkOUozUlpnR2ZCT3BSeTZFNUdpRGFzVWJuOUdsU3NxV3RWeHJZRWRMZ3QwN1lhTm5uQ29rSmxzb25qakdPbk5xSmhqa0E?oc=5,ChartMill,2026-05-28 07:00:00,False,neutral,,0,0,0.0,lexicon
3766f27ccf05,ABBV,"ABBV Stock Price, Quote & Chart | ABBVIE INC (NYSE:ABBV) - ChartMill",https://news.google.com/rss/articles/CBMiX0FVX3lxTFBVYzc0WDd2NDJpTGtnV0ItZFNSV1Fnbl9tSU1Za0lRY05yY2FQNlhCU25HS2J6X3ZXdC14a1dkeXdBckNILXUxenIyblA4c2Jxd2poaWhyR1BWS1pPUHl3?oc=5,ChartMill,2026-05-28 07:00:00,False,neutral,,0,0,0.0,lexicon
45d81d1e415d,MS,"MS Technical Analysis | Trend, Signals & Chart Patterns | MORGAN STANLEY (NYSE:MS) - ChartMill",https://news.google.com/rss/articles/CBMia0FVX3lxTE55QW5xaGtYYmFZSUlNeHdpMEdWS3l2SUUxTzdDeGpCb2RZZDlfdEVURzRJYXBUVFVnQWVHaVhPdWRmM1hWQlV1Mm1md20yMm9EejMtR0hxTUdDN1dGZlhmZ0RKZW11cTVqdUVN?oc=5,ChartMill,2026-05-28 07:00:00,False,neutral,,0,0,0.0,lexicon
6461c6d98583,NKE,"NKE Stock Price, Quote & Chart | NIKE INC -CL B (NYSE:NKE) - ChartMill",https://news.google.com/rss/articles/CBMiXkFVX3lxTE44b09DajJ1bHlKRC1qaWtGX0h5bWF3Z0NQMDgzT3hnSVVvUzhHUnI5TGFBSi1xaXM0T1d5ZjVNdGNXak5LRElYdTEweDJSOGVSU1h6Sl9fektsSVh6V1E?oc=5,ChartMill,2026-05-28 07:00:00,False,neutral,,0,0,0.0,lexicon
4f22c732b621,TSLA,Tesla Stock Slips Overnight: Retail Turns Cautious On SpaceX Merger Hype As Analyst Questions ‘Absurd’ $2 Trillion Valuation - Yahoo Finance,https://news.google.com/rss/articles/CBMioAFBVV95cUxQTU9BVk4xWl9hMDZfclk5UzBPdVBxZEw2Sk92aVRVQXJTcTFWem84VjRIOElhbVBSRmxqSVozZTVRVG4xOTNxSlFFbXNCMEhoc2VRNWY5YnFhRUYxZkFCb1N6Wlg1VFBqYWI5SFB0eTJMNzJLcjJ3RzQ1QVhrRllySU1Pa3kzWDZUajBzRlhpa293QzYyQW5wU0JJX25KV1FX?oc=5,Yahoo Finance,2026-05-28 06:57:00,False,neutral,,0,0,0.0,lexicon
17e59a87f8d2,NKE,Nike’s Problems Are Deeper Than They Look—Can the Stock Recover? - Barron's,https://news.google.com/rss/articles/CBMidEFVX3lxTFBxVUM0WndHVU1qeWZMRkJWX1RXcUl2UnJWRk9nVmFnSEEtcWV1aEMydWU3eTdHYllzbVpaOHYtSzJNZ25JVVFrMVRMQmRiTVprMGZnTmhxS094SkJudTVfMDY5Sm1MRkF5OE9kZWJ1X2lUeFY0?oc=5,Barron's,2026-05-28 06:30:00,False,neutral,,0,0,0.0,lexicon
9e3a78cdc9fa,NKE,Has Nike Stock Lost Its Superpower?,https://finance.yahoo.com/m/342febde-7fde-3cb8-ad34-396e043528c7/has-nike-stock-lost-its.html?.tsrc=rss,Yahoo,2026-05-28 06:30:00,False,neutral,,0,0,0.0,lexicon
2711517bb2d2,GM,Is It Too Late To Consider General Motors (GM) After A 76% One Year Surge? - simplywall.st,https://news.google.com/rss/articles/CBMiywFBVV95cUxOLWJsMkxqalhFZ1Fnek1hUlAzdUFtVHZDNlhNZDloLWhteDdyUG5YSkoycmtzTlZEanNBWk1jSUZjN0tQaS0tbkQ2WGRzZHcwZUhIcjJQaEk4RE9oVEdEYXAwbWktenhXd3JTQ3NyU3RzazBLS25tb1ZyLTlQUnJtLXhUNkF0REM1UEJFd2p2bnRuVngtMUxkWWpwN3BoTm4yRUdSSk8ycDV0bnBQeTZLLXV3cm41OTFhRU9SOS1iYTB2dm90T3RWQUhqNNIB0AFBVV95cUxQaW1IbjVUMjJXb2UxX0R5VDZXbE5adl9oVnN5VndSeWRWQnZJZTkzM0VhLVdGWlh0c0pfTjFobXlxZ2NLNVczMFBud1JIVFAwZ3FZbnBWUTdKZ19mUDFib3pUZTU2Q29LRmtzMzlnM2F1NUdYbFpjLXdpZjJMTl9RQmdBWjZ4UTFMNVdzTlVsbVBFTVdyWW5leUtWZm16ejRlQ0ZaMVJqUjFjcUsxQTlOdFJZRHZfTVZfeUZ3U00xSXo3RnNuRzAwdkRPTWQ1VTNT?oc=5,simplywall.st,2026-05-28 06:29:13,False,bullish,,0,1,1.0,lexicon
2ccbab4c651b,PYPL,PayPal: A 15% FCF Yield With 10% Of The Market Cap Net Cash - Seeking Alpha,https://news.google.com/rss/articles/CBMiswFBVV95cUxQQ3Vqem9pRGlCdFVLampMSVNuU3EwdktyN0Z1bGI3ZmZDZHBEY190QWkxeEF3REdKbWUtWEpBdTcwQURSZlFjcC1xMXpBcllHaXRudjJzeVNrLUNwaEZsUEFGNzItdENuTXFMSDRqQkEtVUQ0RjJHNTU1TEVHbUVQR3ZrOS1YM0pUV3hGUm05dTdmTGZWRDdDYlpEMVV2dmg4bUNKRUdMcEh4Z1lMNHdTNE1vaw?oc=5,Seeking Alpha,2026-05-28 06:18:36,False,neutral,,0,0,0.0,lexicon
d6fd989e7b51,GE,"A Look Back at Stock Picks GE Aerospace, Okta, and MSG Sports. Where The Charts Stand Today.",https://finance.yahoo.com/m/708b30b6-1775-3d3f-927d-57d976f8dab0/a-look-back-at-stock-picks-ge.html?.tsrc=rss,Yahoo,2026-05-28 05:59:00,False,neutral,,0,0,0.0,lexicon
10ef48c8bd19,GE,GE Vernova: Physical Limitations Put A Harsh Ceiling On The AI Upside - Seeking Alpha,https://news.google.com/rss/articles/CBMirgFBVV95cUxQMU5UR0JkU3hlcTZGXzRBTVhjVDBydGd6TjExSnVkN3prMHVTQzhuY1Y5M3BtdEdack1xTjF4WGQ1WVlYdkFNYXlYZEhCZWlhanU4QlNySWUtSHFkMW01X2JDbS15NkljaDJ5WnZTM3JTOXNMazJGOW5uTTBYMFF0amF2OVFaSTllTE5NS1pacHg2U0Vka3hzc2lacTRCRU11OE4xZkFvYWQwVkJ4Znc?oc=5,Seeking Alpha,2026-05-28 05:53:34,False,neutral,,0,0,0.0,lexicon
40e0c5c49391,PYPL,"In a tourist-friendly move, China's Tencent to allow PayPal payments through its WeChat networks",https://finance.yahoo.com/markets/currencies/articles/tourist-friendly-move-chinas-tencent-052722671.html?.tsrc=rss,Yahoo,2026-05-28 05:27:22,False,neutral,,0,0,0.0,lexicon
6472863a399c,META,Meta shares rise over on premium subscription rollout - Investing.com,https://news.google.com/rss/articles/CBMitgFBVV95cUxOMEtkSjA1bENLamhISGNXN2IzZDllWkZoYlc3cjNkWE5vR1JYajcwajZzN2xlcEYwU3NMTTVZMUpHRFZtMU50YXZmYmRSQV8tYXkyYkpuWU13MUZOYktObFhweEJ3aHg4eVhJZW8xWlZ3RmN5LVFlVzVVV0Y4SVgtc2tKQ0RldUtkS3BQUTdkcFg2X29pMERtamlHbk5SX2Ffc18yQkFwNDU4ZjMzcl9JZVlNbkJ3dw?oc=5,Investing.com,2026-05-28 05:04:20,False,bullish,,0,1,1.0,lexicon
2a3e0be179b3,COP,Assessing ConocoPhillips (COP) Valuation After Recent Share Price Pullback And LNG Growth Plans - simplywall.st,https://news.google.com/rss/articles/CBMiygFBVV95cUxOUTFoZldsNmhlajJ3dlh5V3owV3JFck9RWVJWVGF6TW1uU1ZLVWNJeHV2ZTl0eFhpZURuZldaVjZYRTl5NHVLMVQyZjE3TDN3d1FoNHV1WWlqdTJfUnd1OERISkRnbDh5eURoVjVsdFF5T1dMSm9fRWlKd2NkaG1PdDJzbUtfSDlMbGdGX2hsU1VBeGRQX3hJQkJuQW5DRXVPOWdiajIzWnlkdlpMbUwxMmc5LUhUZU9QWXRLRTB0dnk0NHB1MnFpZ1ln0gHPAUFVX3lxTFBKZ1M2RExyZExQMXJBMXJCbWpIVUtfYzBDVFNhekJwbUE0aHR2UnhqVmRlZUN4TmlLVnZRaWRVeS0waGRSQWhkTnBHZzJoMzlvVjk2bkVrU0NsMVhPa2RzeV9wWG1wWkxvc3VVbXFfaFl1Uy1rUFE4UjZPbWlINGVod1V1YjZQcFFtbkV1eURMU3FabjUxcUg1WHptSzBsbGFvZXJKa3RoWnNLeU92bE5jREFpMm5VbkxRRUJtdzJnekIwNl9pT1RRRmg2MTVDUQ?oc=5,simplywall.st,2026-05-28 04:45:46,False,bullish,,0,1,1.0,lexicon
eefc5d21ceef,NVDA,Nvidia Stock Has Struggled Over the Last Week. Here's What I Think Is Going On. - The Motley Fool,https://news.google.com/rss/articles/CBMimAFBVV95cUxPVW15WDZicHpZMTZoUjlBOXhNd3dqTEZpVWw5emZRZlg2T0hIT2hRbFRRS2VNaUd6VjFGcDdlMGw5Ym85bDRtMEQ3Z1ZEcmZoSmVja08yMVotLTdWX0JMOW54czJUdGZXY2FiQUlSclF5WHFhcWhEVmYtdGl2RVdWRXQxRTF1dUpJWnJTd1BpbmVQNTNFbFRFNQ?oc=5,The Motley Fool,2026-05-28 04:41:00,False,neutral,,0,0,0.0,lexicon
c8ce73b71aa3,KO,Is Coca-Cola’s Collectible Cans And New Flavors Strategy Altering The Investment Case For KO? - simplywall.st,https://news.google.com/rss/articles/CBMi0wFBVV95cUxQa0hxVkczcEtnZDZxUmFwM2FtMkotQlpWTWFGN21ldmpJY0o1Y2hXa1VWcGpydll6dU9rajJlcE9aZG5ZUkRHMExDTF9RdXFMOEc2djV6QUx0XzVxdXFpOEJ5U00zRkRnQ011azZBbzlWMjJsTmdtQk9PRFQ4Wmp1RnBXWmE1TEZyV1Y1a2FnVWU1VHJjeW5obnRnVXhfV0JQMnlnMjAyLVZDa1M2bVF1Ni1hNE84YnlrdnROMEpzX2Z1UkM5MUZiSjhUazRmQ0ttU2RV0gHYAUFVX3lxTFBLczRyLUJPc1NNQmtCVWs2b2JEVl9aZlpWa3hwXzJrTjBsVnBLX0VtMC02NVlYR1lnY2ExRUhvRzJDSDhDV0VVUm5YVDRYN0U5bkV3OVliZExNSnl3aEhPMlRrNGxzc3VzWXBWeGVfVllrd19PMU5UdjhueGdSalJES2drUzlnMU84SFEtdHE3QURNaG1FcjA1LUFBVkFqZ1VpbjdpNkRZSmtaTzlMblFnQUxNblBQbXZsNklhOUs3SC1YV3g2eFdrRHFSY0VMTDNjbWRpUWpCMg?oc=5,simplywall.st,2026-05-28 04:37:42,False,neutral,,0,0,0.0,lexicon
7bfc695741ef,WFC,Is It Too Late To Consider Wells Fargo (WFC) After A 20% Year To Date Decline? - simplywall.st,https://news.google.com/rss/articles/CBMiwgFBVV95cUxPQmUzUWN2WVN0RURRZHRfTXlPc1pnR2xnNWw5TkZlSHF6NFF1WTBqVmlWTnQzc0xYT1pBTFpneVBXb1ZKLVlTdFFOdUpEaFZiMV94a1VORTNHNFFGRHFTYWREU1hEdkI4UDJheFZsWkVjeXJvWVN2R2l2T3YxaEpoUzN6SXhBOWhsT3dqS3pBZEhSS3lkVlNOMkNsN2NLS2FRQjE1d0RRMkcxdVlzX1Z6MUhiUEFUS1NidEExemxaVW5jZ9IBxwFBVV95cUxPX21USWszY1hUMkx2U3NOb0psd2RXRC1HRGxOdkVCS3BaY01NZTJOcFZPTGVrNWVQQmtfZ3Y0T2N2ZWhydUNJWUVuRUFxRlpvM1E1YkptU3BhSEZNMEZZdkhJUVA3RnVvY1hVSHg2cUZ3WFVrS0lGNW1qcXlkVlhKWFpUWXNVLVh3bS0xU1NkRjJmanRBWXlMZHozVGlvMk91MHJVSS1pVE43ZTJEREFZOU45ckQ0NmwySEdvVmk3VTZkOVlsT2Y0?oc=5,simplywall.st,2026-05-28 04:37:41,False,bearish,,0,-1,-1.0,lexicon
02fda01b2acd,XOM,Exxon Mobil Stock (XOM) – Big Opportunity? Robert Kirkman (0ltU3Yi0vG) - Mshale,https://news.google.com/rss/articles/CBMiW0FVX3lxTFBQT1JKbUJLaDI3QTd0azd5QXpvekZsTzM3ZDRLUF9ORXBuQmNDZTFvUkdFUVdXbDcwZWhqTDNWbzh3Y0J2Tk1yMmhUdzVBQnlNR2o3ZWg5VVp5Z2c?oc=5,Mshale,2026-05-28 04:13:16,False,neutral,,0,0,0.0,lexicon
1b89d8c1d9dc,PG,Procter & Gamble Co (PG) Stock Up 3.2% and Still Undervalued -- GF Score: 82/100 - GuruFocus,https://news.google.com/rss/articles/CBMivAFBVV95cUxPOTdLWlBjTWlra1lqZkNFRGFDamFaeTZ0cVF5ZUp5azYwZDV2Zm5JX2QyanBiOFRWSWY0Y0lpOVFDZXdvS05FZl9UWUU0MHdNQUZtWEVNUTBsS0hFZktfU1Zsd0xpWnBvNkNadElTb25faVJiU3U0ell6NElFMmo4eEdBUEFyTEd3c3VrVUNZZnlZRElBaHNyeXk1VFJUeUNPdm5oRUdpb1ZBVkFuV3RjTlhlVWhLQ1phejE4Ug?oc=5,GuruFocus,2026-05-28 04:07:48,False,neutral,,0,0,0.0,lexicon
3a26195f2697,F,Ford’s new profit vehicle isn’t actually a vehicle - Morning Brew,https://news.google.com/rss/articles/CBMijAFBVV95cUxQQks3bWdENGF0WTVUdlBZYXlOaGZSblJuVHN5TFlSbjk0ZjZYMEFoR2JLLUFaa280NFo4dFpXQzBJcDZ1RDF3ME9kaGgxMzdMOVpWX1F1Z3FoSEJZS0dud2pPcm9tNUJqOWNxSmJmcXJOQ3J2ekVxT1ExdU5qXy1EWWlGY2JOR3dEdEk1Sg?oc=5,Morning Brew,2026-05-28 04:03:57,False,bullish,,0,1,1.0,lexicon
19dc610681d0,PG,Procter & Gamble: Priced Like A Hyper Growth Tech Stock (NYSE:PG) - Seeking Alpha,https://news.google.com/rss/articles/CBMisgFBVV95cUxPdVNGa2NGRVk5b0w0ODFvVHYxVWRuVE80ZWw3M3NsX3h5MEppNnNvYU1YVVNIVHFZLTR2TW55MU5kYWdqR1VxTmhFbFR6QVUxWEtVV1dqTzk5Y1E3YnppLUNwVGJmYlFONnZ0blZZMnp1S1NBN3FfWUJvX1dMUWx5WnNxYUVfZVJwMFk1RmNjZnJRSVcxUmFUdDctS0RqSDc4ZlAtYkF1SUxydE03REZ2V3pB?oc=5,Seeking Alpha,2026-05-28 03:57:02,False,bullish,,0,1,1.0,lexicon
0dd2c501e90e,F,"MU, F, RKLB Stocks Jumped To 52-Week Highs Today: Here’s Why",https://stocktwits.com/news-articles/markets/equity/mu-f-rklb-stocks-jumped-to-52-week-highs-today/cZgich4ResR?.tsrc=rss,Yahoo,2026-05-28 03:18:09,False,neutral,,0,0,0.0,lexicon
403094fffef1,HD,Carysil Ltd (BOM:524091) Q4 2026 Earnings Call Highlights: Strong Growth Amidst Global Challenges,https://finance.yahoo.com/markets/stocks/articles/carysil-ltd-bom-524091-q4-030123939.html?.tsrc=rss,Yahoo,2026-05-28 03:01:23,False,bullish,,0,2,2.0,lexicon
dcfdb290cc91,CRM,"Salesforce turbocharges $25 billion stock buying spree with debt, cuts cash flow guidance in half - Fortune",https://news.google.com/rss/articles/CBMixgFBVV95cUxOZXAyV1o2UTgyMm1nRVdFSzFCenJhZUFSM3VGQ0RXR1RSMFdmTmlxMlVsWUhFTktxd1hQT0tVYnA2aUJmaldaejZBaF9rdTNYd050VE9Cc0drbVBMdTJ4Z3gtbFBHd1NUMHp5OVgxZFNhdFE5SmdwUWpNTnBCV3hSTDIzUDNjRjMtTjFmLUF5bHRRZkR1WGlwUnY4SVpnOFVQUklQTmxaQlBaRUtyMm55Ulk5T2tTWi1nQnU5V3N1RE9hVEFFWXc?oc=5,Fortune,2026-05-28 02:27:00,False,bearish,,0,-1,-1.0,lexicon
01c8411edaeb,BRK-B,Assessing Berkshire Hathaway (BRK.A) Valuation After Recent Flat Performance And Mixed Momentum - simplywall.st,https://news.google.com/rss/articles/CBMi5AFBVV95cUxQNjdpU1ZwWWE0cEdjNkl2VWw5bkc4cExnYWVwZEVFWFVhYURCVWJ2elNHQjNLNUJHdDZMUzl3NWNDaVF4eDNWVmRJaENUd3VsRUJHYk9Qb1FIU0ZSeXRZYUVFMmh0cWcyel9DUnNGWl9jUm54NkVwcEgyQjdNa0NYUV9naEZwZjVHZVB3MkFOT3RHd1pkejlKRzhjTFZiSmpaQVFWMVZQMGhtOUF1SjNoc3RueEVOMFBXWTZaUzdVdFN2OFZrRFhOSnhMaVNTZ3hPbXlxcUlGYy16dVkySFAwQVdJb0PSAeoBQVVfeXFMTTAwa2F5NXFrVGhvamZxUTBfX1BsWDdheEU2Ujh6Y3FBenpsaHdsR280bkphdXB1MjcyQlVVU05wY0ozQlk3dThKYUFtUnYtYVFaVlZhR1pkU1R5ckxVTlhkSl81VzBNZ0p6LWhyVzZsZXRIQUJRMm1jcGQ1QVpTVUhNQlZ3S0tLZnVWbTJ5NnlULTNSUUZxNVFOamZvdlZtY2pvRkQ5bmk1NzRFUkh5cjVMSnNNVk9adDZQUmR5YmJGM0FXbGE4d3hJRkRiT0VDdzBfVnZtQU8wV2hYVDU0cjltZnV4a2RQdjRR?oc=5,simplywall.st,2026-05-28 02:25:10,False,neutral,,0,0,0.0,lexicon
79e92865b766,GM,Ford recalls one of its best-selling vehicles,https://www.thestreet.com/automotive/ford-bronco-recall-hits-16000?.tsrc=rss,Yahoo,2026-05-28 02:17:00,False,neutral,,0,0,0.0,lexicon
edcf1d4f95d7,F,Ford recalls one of its best-selling vehicles,https://www.thestreet.com/automotive/ford-bronco-recall-hits-16000?.tsrc=rss,Yahoo,2026-05-28 02:17:00,False,neutral,,0,0,0.0,lexicon
fc2f7b9b4f1e,BRK-B,Analyst who predicted Micron rally has new message,https://www.thestreet.com/investing/stocks/analyst-who-predicted-micron-rally-has-new-message?.tsrc=rss,Yahoo,2026-05-28 01:22:57,False,bullish,,0,1,1.0,lexicon
ce42b08b0d08,V,A Look At Visa (V) Valuation After Recent Share Price Rebound - simplywall.st,https://news.google.com/rss/articles/CBMiywFBVV95cUxQLVJ0MEtsRXpsc1d3QWVUZ2xzUkN3TG9wTzBSWVVpM2UxZkhhdWFHLU1rVmpHcEU5UklNdGt5Z3Y1LVBkS0dXZ2h0RFVJd0ZETTdBeWFlVlFGREN4YkZZZVEyeWg4a01ISFZ6RUU1eVlqUS1jdWhLN096Ty1WaXUzTHVqMFdHS3VSSWRDOTVxTkJVN202TWpNbXBZRElJMk5iWHQtTmNZU3dZUElpYmQ0dDZvWUJTV2NkSFJpMjVvRmdnUGN0TE9nLXg5RdIB0AFBVV95cUxNVkg5MUxGekhJQzUzSGpxTDhrOFdmWUZYUjZtSUhMWm1ZSnhsLWVuaF9oNjdFWFQzNWQ0UUNUcTUtVVNPN1B0V0c2dGdSRkRYZmJHQ2pZSV9DSHhyTW9sVXRkT04xbkFiVXNqU1FieTRkZmZUdk1Sa2hibE9LNm04ZFg4MGN4YXlqVzBuV1ozMGZCSGlNR3I4ajJXYkQ4Q25UTXNjZUhvQ0RSVjVjeGxGaFprS0hibFR5WGhCZG9seGFfRXBVZlNNQUxoXzdxekVk?oc=5,simplywall.st,2026-05-28 01:14:39,False,neutral,,0,0,0.0,lexicon
2bb95cdc1a29,SBUX,Starbucks mounts comeback after costly backlash,https://www.thestreet.com/restaurants/starbucks-mounts-comeback-after-costly-backlash?.tsrc=rss,Yahoo,2026-05-28 00:37:00,False,neutral,,0,0,0.0,lexicon
da5505a9d46f,SBUX,The Bull Case For Starbucks (SBUX) Could Change Following $1.3 Billion Debt Tender And Turnaround Reinvestments - simplywall.st,https://news.google.com/rss/articles/CBMi0wFBVV95cUxObnd6dUNOMHdGNUp4WlNzQlFFYUpURU56blJ1SE00LVhtSF9uaEtlblRLeWJJY0VINE10NjEzZXViSkpGQWlzam1IYnhXam1nU3dUdkJXZTJPNjg4ZzVmc0dQSTZZdFR3amU5Q2h0dUhLM2tJN3dzOFlkcWF3LXNJakZSSzBSMkdLeDV3TmxoTV9zbkM5TVdPcEF0QXlHOVJQaWdkWFVZR0xkOWx6OXc4LW1YZUZiTnZTOEE2NlhkZG1HVlVTWWRvbTJFaXFWcVhGcTRN0gHYAUFVX3lxTE1fWWlvS0RpOFJITmVUMnJDWXhza1JMdWkxMjBSSFNDcm5GV3o0cTZ2ZFU2aVU3UjVYYjJ1SGNSbURHaE9FZy1HbVJkcHgwdzQ2eHIwbk5TQUpTYWwwUkFZNDV5b3FLOFk4WXdCM01HWXZUWGtDRkxUX2hqUjhXWmpIVVgzUjVDLUJWbm83M0x1QVBVa1lyT0JKZUx5LTFyVmJ4YVh5ZDRHM3duMlc2WnRfSTRzYjFlNnVyZzd1N1YzWDBURDNrWmNKOGZORjZyRHpPa2hDMlBuQQ?oc=5,simplywall.st,2026-05-28 00:25:04,False,neutral,,0,0,0.0,lexicon
2a393e646fd5,JPM,Why JPMorgan Chase Stock Wilted on Wednesday - The Motley Fool,https://news.google.com/rss/articles/CBMikAFBVV95cUxOWWZGbV9DT3R0cnc3YnFmWTdLWkJHWlRQVk1hTndXdGluODI1dXBFQnVCWlJYUkw0cUxvUV9rUTZmY1FLbXNaakJKUExJZ2hZWGFQOHoxYm9oYlJPWE0yWnotODVZUTZodWtDbGF2S0dROUFsZnJMNTdEdURMekpSamlzLXpGUVVtZ0x3TmV4Nmg?oc=5,The Motley Fool,2026-05-28 00:09:00,False,neutral,,0,0,0.0,lexicon
c3853922fc98,KO,Coca-Cola’s new LTO cans create a shopping problem,https://www.thestreet.com/retail/coca-colas-new-lto-cans-create-a-shopping-problem?.tsrc=rss,Yahoo,2026-05-28 00:03:00,False,neutral,,0,0,0.0,lexicon
19455b7ef356,GE,U.S. Scores Major Rare Earth Win With Greenland Deposit Deal,https://finance.yahoo.com/sectors/energy/articles/u-scores-major-rare-earth-000100726.html?.tsrc=rss,Yahoo,2026-05-28 00:01:00,False,bullish,,0,2,2.0,lexicon
f772569f01b4,ORCL,Is Oracle Stock an Undervalued Stock to Buy? - The Motley Fool,https://news.google.com/rss/articles/CBMijwFBVV95cUxORktIdmlCZ251d3BIalphbEpub3JZMm91bjY2a0ZrbzZlMGFYZU9KelUtclFJMmRFOElxbm1xT2JPMTRIdUpqTkhaV0xTLS1PRWRFX1FIcDNVbUhSTDdmbU1FN281NDhQcy15Z1lDWXdvaHJaVnktMmxZbC1UQS0zcWVxMktNaVgtbnduVnhXMA?oc=5,The Motley Fool,2026-05-27 23:59:44,False,neutral,,0,0,0.0,lexicon
30f8cd45a421,BA,Why Dell Stock Is Rising After-Hours Today?,https://stocktwits.com/news-articles/markets/equity/dell-defense-software-deal-boeing-navy-order-pentagon-microsoft/cZggqX1Rerx?.tsrc=rss,Yahoo,2026-05-27 23:59:34,False,neutral,,0,0,0.0,lexicon
2d11c279316f,BRK-B,From $90K Bet to $800K Windfall: When Does a Winning Oil Trade Become a Retirement Risk?,https://247wallst.com/investing/2026/05/27/from-90k-bet-to-800k-windfall-when-does-a-winning-oil-trade-become-a-retirement-risk/?.tsrc=rss,Yahoo,2026-05-27 23:34:51,False,neutral,,0,0,0.0,lexicon
01f34f62c481,JPM,Is It Time To Reassess JPMorgan Chase (JPM) After Recent Pullback And Bank Regulation Focus - simplywall.st,https://news.google.com/rss/articles/CBMixgFBVV95cUxOOVhONnprenZWVHYtbkt1ZTRzSDIwRnJScEZodjVEVk9DLWV4c0I3T0RycFBKV3ZrbmVLSjUyNklqeGZPTWFoRGs4Qmltc0VKT2FNbmpNTXI3QUtaMUg0YVpFY2MzV0pWb1ZpZ0tqdVRDUkZyc1FIdTUxQjRPR0xHTjYyWENfUjlxUjROTGJBVHFNemhzOVlUTVFWTXg5LUVIVmF5XzhPbWtXLThxS2d4bi1IdnJJQUp0YlVwb1RSSkZDT2VnRGfSAcsBQVVfeXFMTkhZQUJqcHhvd08wOHdSQVNKYWZfaTAyc1M1UWhZNzFscGhmTzU1Q21uVmtWSVJuOUpDUDBsR1oxeFBKSGVYVWJOTF9nR3NWR0hnRUswUVFHdHpBSHhOLWx6ZkF3Yjh6WlpxLVZBUkdMTDlQc2Jaemo3akxzQ05YOGUwM19fN2Q1RUtaTXJZZ2J3OWVfRGN1RGw3TDR4NlVLOTFMME5IMVY4b1B2N0Jsd3pYOXZHcndocTJQTWlXbmhnZ0UtOHBjUWdIUUE?oc=5,simplywall.st,2026-05-27 23:20:51,False,neutral,,0,0,0.0,lexicon
88cb440dfb40,GM,"Rory Harvey Sells 79,494 Shares of General Motors (NYSE:GM) Stock - MarketBeat",https://news.google.com/rss/articles/CBMitgFBVV95cUxOQ1Z6OFg1NEhMSFhleGFlbk8yWHVhZ3ZORUVWbi0yQ1VHSG52akZTWU1wS3hDc1hWNDVuYUJzVjFGN013VmR1ODd4RWRtcG9RaEhGUk5Rc3pLd0l0b1UzdDBvdkdHaXpsejd2VHp4MTdYdHZST3Z0M2QxUEFPWUwxWllGZVhWeW1pVlhNTVJYZUFHMzFmY3FUMjhsc05raF9tSEtINnNjNElnbGNrR0JLUFFtNkNSZw?oc=5,MarketBeat,2026-05-27 23:17:31,False,neutral,,0,0,0.0,lexicon
2297b05df102,META,Mark Zuckerberg says a Meta cloud computing business 'definitely on the table' - CNBC,https://news.google.com/rss/articles/CBMioAFBVV95cUxQMUkwTlNCTmRZa3pka1R4RS1HZ19URFh6cGVFRzhPeWt5R1lxT2ZXTEN5cjBIRGhtUVZxeWtuME9LWWZqYlI4R3hlT2JBSVhrQy0yNkF4TnlzSXZMSm8zdEs4T1AxREdacHpCN1BxN3ItSnBCYUJYd2ItVVdSTkpxTXNLU2tiUWtJeG1GWm9xbVFHYWVWci0zV3kxTmVCeWVM0gGmAUFVX3lxTE05aTVsRS01RTJtMVhqVGFXZktmTjFOX2IyV2dkWS1KdldTWWxKV1dpQjBlSXhmdF9lSm9iZzFpUDZyeXRBSU8tQlQ4SGptTjdHTENVTzdQRnhDX1hsOUJBNHJpd2VQZ1Z3NTZFd05OSU05SVBIR3FRZlFZTjRvdmVGMlVoUnZ0RFQ5ZnNkaEg2Rmh3dzJpMWtaeUhmQ2ppamw4bFRqcEE?oc=5,CNBC,2026-05-27 23:04:19,False,neutral,,0,0,0.0,lexicon
4d15c065e05b,HD,Lowe's vs. The Home Depot: Which Retail Stock Is the Better Buy in 2026? - The Motley Fool,https://news.google.com/rss/articles/CBMivwFBVV95cUxPRnZfZmxoYmQ0ejBiVDZaVS1UMGNFNFRSUnFBTjRpTTdHYW9tNGxVWnB1aWlWQmQxeGdEVmdvNGR4TFl2ZFFBemJROFRwb1JOSko1ckRCd1lCdW1valZYak00TmJKV3hBS01TcXdaMjRjc1RMWkhBRlhxQmZUb1hKNHFQdFVjaWo2NDhuRnNfM0Y5dXRQWS1xYndpRFF3ZzlIc3prWnJQX0phUjRsWXBwZk1IM1RUOEZFSVVHUHRROA?oc=5,The Motley Fool,2026-05-27 23:00:00,False,neutral,,0,0,0.0,lexicon
114af8ffb11b,CRM,Salesforce revenue forecast disappoints amid AI disruption fears - Reuters,https://news.google.com/rss/articles/CBMimAFBVV95cUxQRkhJSHBtSndfN25MekplUUlqWkFqSEd5MDlDR2swa2dZX2RSVkxFc3ZDYllaby1LLTROYU1NQ3RZSkVlZmg2bHRKYWtXVEx2RE0zd2FXRk95THlRcUViZWJGRmxjbnlEblN4MGQ4X0NPNGg0N0dPZFVNdUlWaFNPdllDZmRXVGRiQmR2S0JrZU9sM2VSb0xlSg?oc=5,Reuters,2026-05-27 22:58:06,False,neutral,,0,0,0.0,lexicon
cf0987df1a05,CRM,Salesforce CEO Marc Benioff outlines his plan to turn around his struggling stock - CNBC,https://news.google.com/rss/articles/CBMiugFBVV95cUxPaFhLak05anFQWkdWQlh4dEJYaDVMQkJWdTkwdjFBbWRScVBoZWJ5S2lkaDNmUkxlbDJ2bFNXd0JOMjEwR1Z1MFR3N0hyY3E5TDJhTFNDenJJMXBVZHAxVElIT1QwU0diWUgtX0lMTmN4Q240elVXTGdoTWE0MEFKN2JQVEc3dWdQSVY0SFZxa2hJYU5oSGdfVEF3WFRIX0lnSGw3cnd4ZmhkeXpzUGhXM0F2ck9BS2t0N2fSAb8BQVVfeXFMTW5DRWFuZjRSd09wMkRSbTV0azV0V3NSU0RrUTk0dzhHekc5Y1RucDhfUkxzeS1CdXN5Rl8zZ2loZGhFamVkU3FPR0xkdHdNYjlVTVVEWGJZZEdQVWV6SGtyX0VZR25WYjItc3diR1pJdFhLWWdna1JrWWgyaC1hQklya1pSUE9XSzBLbWFGSTVpRTJLV3kzbWN6YWJva0ZNaFNMNGE0dkl2bkxCSnlXREZ0amZlekU1SDlwakJScnM?oc=5,CNBC,2026-05-27 22:35:39,False,neutral,,0,0,0.0,lexicon
ff0a3a4e1b91,COP,"Seadrill, Kosmos Energy, and Tidewater Stocks Trade Down, What You Need To Know",https://finance.yahoo.com/markets/stocks/articles/seadrill-kosmos-energy-tidewater-stocks-223324358.html?.tsrc=rss,Yahoo,2026-05-27 22:33:24,False,neutral,,0,0,0.0,lexicon
3f190d15a4aa,MRK,"Merck & Co., Inc. (MRK) Shareholder/Analyst Call - Slideshow (NYSE:MRK) 2026-05-27 - Seeking Alpha",https://news.google.com/rss/articles/CBMinAFBVV95cUxQbVlmdHJqQzgtMDRSNXd4dG5oaW5TYl9ZLUhQZmFaUWtXSjRfLU15TV9xTl9xZ05QZjktWGpvQzB4eU50Wm40dnc2bUUzTG5uM2hreTZOZmJ4YlR0Z0NLaVlCbjFyRlMtb2hCR3V6VW9UT0cwRHRZUXBQdG9vT3hVaVZsT1RxSzdyZ29YWDZOSTM3TnE0eGROcDllaWc?oc=5,Seeking Alpha,2026-05-27 22:30:58,False,neutral,,0,0,0.0,lexicon
49c7541d7bc5,MU,Analyst who predicted Micron rally has new message - thestreet.com,https://news.google.com/rss/articles/CBMimAFBVV95cUxPVlFnamxLanQ1WFlkYmVYZUQ0UmRVSkN3b1NKbUYwbUhWUkkxNUFtcFpDV1MtWkhBUm1ucUFOdHVveEc3OFp2LW1vOEYtT1VvSTBmV3pzZGxyRExxRG9sZGluUWRVeVR1RWRTTUxHOGt5eFU1SnZZUlF1VUpObGU0Wmh3X2dRanBLS3k3c2N6UDVkbDFCdkNVcw?oc=5,thestreet.com,2026-05-27 22:22:57,False,bullish,,0,1,1.0,lexicon
ae800225c31a,HD,Lowe's vs. The Home Depot: Which Retail Stock Is the Better Buy in 2026?,https://www.fool.com/coverage/better-buy/2026/05/27/lowe-s-vs-the-home-depot-which-retail-stock-is-the-better-buy-in-2026/?.tsrc=rss,Yahoo,2026-05-27 22:20:18,False,neutral,,0,0,0.0,lexicon
d568728b816f,ABBV,FDA clears first outpatient BPDCN antibody-drug conjugate for rare blood cancer - Stock Titan,https://news.google.com/rss/articles/CBMiwAFBVV95cUxPbG9DcUpPN0ZDWW92R0lBWldaRmpKWVVueVVQNmJCVnZKaVpST1ZqVElaX1l1TW50WS13SVVVMk1IQ0hxOHdWM2xxUi1oakNaSGhCeFB5emlnd2RTbTZvQ3gxak9MdkVxWmFiRjczc21BVlVaaENVcUtfRlJDTHpscnYwanNVOVRIWFlVTEdqN3NkVnhRLW5ybjNjQUI3TmdSZzhUbkZ6WHFBLVltRTdFSjRGQzY3QmtBVnpRdHA5UDI?oc=5,Stock Titan,2026-05-27 22:18:00,False,neutral,,0,0,0.0,lexicon
937ecd1e1fa4,ABBV,"U.S. FDA Approves DECNUPAZTM (pivekimab sunirine-pvzy) for Treatment of Adult Patients with Blastic Plasmacytoid Dendritic Cell Neoplasm, an Ultra-Rare and Aggressive Blood Cancer With Limited Treatment Options",https://finance.yahoo.com/sectors/healthcare/articles/u-fda-approves-decnupaztm-pivekimab-221700332.html?.tsrc=rss,Yahoo,2026-05-27 22:17:00,False,neutral,,0,0,0.0,lexicon
5a1cef26fd04,CRM,"Salesforce Earnings, Revenue Beat. Software Stock Falls On Guidance. - Investor's Business Daily",https://news.google.com/rss/articles/CBMilAFBVV95cUxNTjNsbkxpR1hwWHFNSzZNeG9ycnEzMkdwT2NZUEF4VGdRM2k3QzFSb1RiYlZHYTctTmpvY29PN0xjcUZ5TVR1MnNYbTZOSUpYaEV6cnVGZ2ZlWndpbzBTcGZnQ0U4ZWlLVWFuSkZaU251UFhtcjZrV1pzdTRKZF9xZ1lWOWlEXzAxczJuM3dRU2h3Q2Zs?oc=5,Investor's Business Daily,2026-05-27 22:11:00,False,neutral,,0,0,0.0,lexicon
3d48fbb88804,WFC,"Wells Fargo CEO sees mid-teens growth in investment banking, trading - Reuters",https://news.google.com/rss/articles/CBMivAFBVV95cUxOZDBxalVFRlhpV3lYRnVvT1hBVzZGYzlneFpCZEtVRVh1R0kxb1gwSE1uQmdjUlZwMTk4ZHpXM3QzaTZ3cWNKM1NIX1V5WFp5R1JnbWptMFkwODFQWTR2SXg0QU9hMGxWdDZWcXNaYk1QZmp3Qng5d0E1SnV6NjNpbWRmZmcxbWJETzJOYjlNNS1IdlNUZ2hhc0xYc2VoVUdDTTdILXZ2eGZpbXd5aFROVzNiQVJ6OTBOcmg3Qg?oc=5,Reuters,2026-05-27 22:09:43,False,bullish,,0,1,1.0,lexicon
5bdcf70bbb6a,TSLA,Tesla Stock Gets Wall Street Upgrade on Robotaxi Potential - The Motley Fool,https://news.google.com/rss/articles/CBMimAFBVV95cUxPY3ZDRndEMEhxZWhzU1gwckpTZUY2QnNQZlpXSGJLbF90R183eFdiRFVOdGxPbGhwVmoyRHZqRFozcmd0X29GY18zVVNmMngyNVZNMXQ5eWpQNEhlTHNUaUNYdTZPRmNXVFZTZTlheTZ6YW5LSUNBS1lwaWRZNVRtdEpxLTkxVjd5cW5XMXpwb043a3dQdXNxRA?oc=5,The Motley Fool,2026-05-27 22:08:00,False,bullish,,0,1,1.0,lexicon
9a6129efbb32,CRM,Salesforce: Nobody Dares Buy It But I Will (NYSE:CRM) - Seeking Alpha,https://news.google.com/rss/articles/CBMiigFBVV95cUxPZEhHUjZSa1IzOWJHNUlKMmhBRjFZWGxpN3BZWmUtYXk0OU55c3djbnJNN0h2X1JDWlVmOVY5eEE5QnJoS0R3T3E4RHh5YUE5cXdmbE1OM2toMDB6N1ZkeGxJVm81eVFGY00yRFhpOFp2NjhCdHJDR09XVElPeTYyU0VFdjJKUG1XNWc?oc=5,Seeking Alpha,2026-05-27 22:06:41,False,neutral,,0,0,0.0,lexicon
eb46c44cb853,TMO,Thermo Fisher (TMO) Sets a Bold 7% Annual Growth Target at Its 2026 Investor Day,https://finance.yahoo.com/sectors/healthcare/articles/thermo-fisher-tmo-sets-bold-215521533.html?.tsrc=rss,Yahoo,2026-05-27 21:55:21,False,bullish,,0,1,1.0,lexicon
93360cbf49c7,TMO,Thermo Fisher (TMO) Sets a Bold 7% Annual Growth Target at Its 2026 Investor Day - Yahoo Finance,https://news.google.com/rss/articles/CBMinAFBVV95cUxPTlhBN21TYl9PODBzTHNsaFgzbFdxQXcxNUR5a3dHTy1JeUVVZzVwU3U3TDZYRms0SXFKUVJXbTNLNHVXaDNiNDcycjVmeWNRb2JCREhFaUpBcGVlUFROMVljZWdUdzFfeGFVQlgwVzhWSk5tSmRVakRHSVZ1cE5JSklKRHI1SDRTbGxJUHJncjc2dGtTMGFnTlNIbWk?oc=5,Yahoo Finance,2026-05-27 21:55:21,False,bullish,,0,1,1.0,lexicon
02b89a1ece6e,CRM,Salesforce Stock Slips as Earnings Top Estimates but Outlook Disappoints - Investopedia,https://news.google.com/rss/articles/CBMihgFBVV95cUxNbVVnZ2lnMnRmX0NsMGlrcUd0bnhaYV9WVWlCbFlYeGxNcGJPMm9lcnFPbGk2aFNibG5MeFlFM2dMWEd0RTVaVkJxVWdHYk9FbFdqS09heXJQbG55dmFnYW8wSlk3U1BKQjIxWDZTUmpSQi01TmxuODFId05NNFc0ejlBTmNiQQ?oc=5,Investopedia,2026-05-27 21:48:05,False,neutral,,0,0,0.0,lexicon
d8e680922975,ORCL,Oracle (ORCL) Stock Sinks As Market Gains: What You Should Know - Yahoo Finance,https://news.google.com/rss/articles/CBMimwFBVV95cUxPNXZfZWZSRTdkRWdzTXV5dzhPVnFnUWF1ZjB5QWJhMWlDanViQTdpcm9NTmNQR0Y2OEp6VkR2Zl9YM2djcjhSU2MtMFlITENrMnlLOGxSNHJOOXNpUUtkT2hpbHoyUXNsMnlWZGdYdTQ5ZEwyd09Gd3lMUGNtUUpJUzRaUm1aUEJBZjRNSHBhamRjZVgxdkhfMmg0MA?oc=5,Yahoo Finance,2026-05-27 21:45:04,False,neutral,,0,0,0.0,lexicon
853f98b0314c,NKE,Nike (NKE) Exceeds Market Returns: Some Facts to Consider,https://finance.yahoo.com/markets/stocks/articles/nike-nke-exceeds-market-returns-214503280.html?.tsrc=rss,Yahoo,2026-05-27 21:45:03,False,neutral,,0,0,0.0,lexicon
6bf054923c7e,XOM,ExxonMobil (NYSE:XOM) Shares Down 1.3% - What's Next? - MarketBeat,https://news.google.com/rss/articles/CBMinwFBVV95cUxORDBJVHhMMU5HY09WMk9Yc2VBVlg4ZldfMkRSTmY1a2tScS1jNXA4dm0wcWhjUldwWlBSRWpxd2xMcW1qQTZUQjdadXlQUTRlSTVMaHUzTENZM3JNY1FseEJQWUQyRm9pck5jTUVjUlRPS3dGV0tRM2lYQjZJNW5Ma0RPSDk0UnotSnJzRUNBakJ4WmlPTGVRSWRWX3JlUHM?oc=5,MarketBeat,2026-05-27 21:44:50,False,neutral,,0,0,0.0,lexicon
c9dc48fed7c6,MCD,"McDonald’s USA president Erlinger sells $93,276 of MCD stock - Investing.com",https://news.google.com/rss/articles/CBMivwFBVV95cUxQdHMwdXdIQjdRR1VOVzB5WVEwOElzbTNwc1BKREp3VFVjYzlaUUJVQ3RTZ28tMFpNWWN3bEs1YmFOblUzTXpVcW9PSC1aLVdUOVAxbGNLQUNvTVcxb1lMZnJ2aVJtTU80NGRBY042Zmg0aFpiX3gydVdUQU1sMnVPQzY0cE82ZnZ4cmZjc2h6WDZhdnNCajNJR0FzZ21xemdCWUFkZW5kRjZqdHpVWTk1U0hHbkxVaHU5QVdFMW9vcw?oc=5,Investing.com,2026-05-27 21:44:30,False,neutral,,0,0,0.0,lexicon
40c6558cea48,BA,"Dow Closes At Record Highs On Iran Truce Optimism, While Nasdaq Snaps Four-Day Win Streak On Weak Chip Stocks — META, BA, AAL, DY, VRRM In Focus",https://stocktwits.com/news-articles/markets/equity/dow-closes-at-record-highs-on-iran-truce-optimism-while-nasdaq-snaps-four-day-win-streak-on-weak-chip-stocks-meta-ba-aal-dy-vrrm-in-focus/cZggnpYRerv?.tsrc=rss,Yahoo,2026-05-27 21:42:47,False,bullish,,0,1,1.0,lexicon
33800009708a,F,Amplification for Ford's Stock Is Surging Article -- WSJ - Moomoo,https://news.google.com/rss/articles/CBMimwFBVV95cUxPeEJnVkN4Mlh1TTJ5R3V4MEp3TFFUUTg4d21nclNsN1BRRnBzd0xGQVNVZ01YMVlES3R1cnVJejFpd2NoV2pXWEptbXVuZkkxbW5qMmROeF9NOE5Eell3S081aDNTRktiekMyXzlMemVUeWZpV1kxYkZsMHRpS3BLZXc4dDVmV3J5b0lXTEpXYjV4QmtxNElrT3pDVQ?oc=5,Moomoo,2026-05-27 21:39:00,False,neutral,,0,0,0.0,lexicon
ac6d4efab5ce,ADBE,Synopsys (SNPS) Tops Q2 Earnings and Revenue Estimates,https://finance.yahoo.com/markets/stocks/articles/synopsys-snps-tops-q2-earnings-212002440.html?.tsrc=rss,Yahoo,2026-05-27 21:20:02,False,bullish,,0,1,1.0,lexicon
547dc8f4dd91,F,Why is Ford Motor stock rallying today? - Investing.com,https://news.google.com/rss/articles/CBMiogFBVV95cUxOMkVBRzdPeGVNWjVxMFQzdFRTWFFSOGljVGs5NFJ4WDMtaXE3cEVNUFFoZmktVXk2cmZhZW9iTnNpT2o1ZTJDN1BFTjlJSW1xbHJVeVVGX0xlYXZrd0FRNTNpQzM5RVoyRndlcWVfOTdNTjFpeXJWMkFBSURxcDROYnZ2Wk03ekwxdGFpczhXM0xlblJuVWdJTTUzcjJGd01XUXc?oc=5,Investing.com,2026-05-27 21:18:38,False,neutral,,0,0,0.0,lexicon
dde1ce6086ef,MA,Assessing Mastercard (MA) Valuation After Recent Share Price Weakness And Conflicting Undervaluation Signals - simplywall.st,https://news.google.com/rss/articles/CBMi1gFBVV95cUxOQV9kTEx3WXc5UFJoQ1QzdjRzQnlhRUFXNUVTUGw0ZWlzQVlMdnd2S1poUjlOcTdjei1vcENNTjJrUXU3NWpXaEhmZUZxSnliN2w1WG14aGkzRXZTaF9nVU5uMlZBekwwUWNrc2kxaU5uLW1Mak9WSTYxcjlhQ1pVU2F6OS0wS0REYXN6eGJXNUxoNVQxSzd3Nk1FYWtJdTg0TjRIdE9GaFhLdlVyNlBTZVgwX0xHUVc5ZS1EV1FuZFY0eGJRQl9lOVJId1Y2U3F1SWE1Q2R30gHbAUFVX3lxTE5ObHNnb1NFOXBNVWVSLUgwTzJqQnJsVmxFcVhvaDA0c2ZoZ3ZoWEV2UHdJSWxIdHZNRTJYc2JNUWtfSFNkWWN6YmJXeGxlMHNYLVdmVGVLLWJ1SHUzVUkwaVZGeThyVHg2TWpPQTFmb1pwZjlDOHdsUVBzMUhVaW9hSmJPRHIyQ3dIS2Y5YnNoZ3Q2cVhqWXZnbWg4S1QyWHMxcjl3NXNwd1FLVFo1RDhVMlo2TkZCYUJxM0dVcDIxRmhuMW5yaFpQZlVBZlVNQ2Z4NzJOZENxalVXRQ?oc=5,simplywall.st,2026-05-27 21:14:21,False,neutral,,0,0,0.0,lexicon
f7ccefe3081d,CRM,Salesforce (CRM) Surpasses Q1 Earnings and Revenue Estimates - Yahoo Finance,https://news.google.com/rss/articles/CBMiowFBVV95cUxNYXo5TU12QjczWW5fMktmSURqYTg1MjRVX2RTY2tmc0ZBS0FxYmtlZzh1bHpZQkUwMTczWF9iMV91clV6aXhlN1hPQ2xzWnNQaXVrVlJIeno3RjNCUnNHcGFJQnBfdVNHQXQxS3FKZnlKSDNXTU5XMzN1YkFLNHhKUXZmcXFjNWVic2lyZWhIanAtTExUTGRpOGptVUowZFpuRlM4?oc=5,Yahoo Finance,2026-05-27 21:10:02,False,neutral,,0,0,0.0,lexicon
6ee64bcd9d02,MU,The ‘Insatiable’ Logic Behind Micron’s ‘Extreme’ Gains - Barron's,https://news.google.com/rss/articles/CBMiiAFBVV95cUxPeHliODRYQXI2aUZjTWRGNlNHdHNCX3pBdGRpMHY1bF9hN3ZHSGR5N0V2SldPWXowbzc3MUlQN2ZTeXYxcHN4RHk3Y0VNRW5ldXhqaXB4bUdkRTlPTW91ZnRlVjRHdFhHV216YW12aEhNcFEwQWpCcGowWWwtZUFHTnh2NTk1cC1G?oc=5,Barron's,2026-05-27 21:09:00,False,bullish,,0,1,1.0,lexicon
416ed5444273,META,"Meta Stock Jumps Nearly 4% As It Launches Premium Facebook, Instagram Subscriptions - Forbes",https://news.google.com/rss/articles/CBMi4AFBVV95cUxOMnVHTU90Tjd6V3AyWlF5dWJ6amk1Tm4xMlB1RUREYVlpeWo0c3VvT0wtTmVkTmI0VWwzNjd5dDdUUU5RRnBLVU1LSHhmVTRsWXNNQS1EM255bkJaUHdGdThWblZJcnIzN0g2bEF4ejV3Y3dzakFFMDktS0t4WkxmTjBneGlfOEV5aWtmODl6YlVJVFg4bVJtWHU5X1RBNzFzdy1VRjZVVHBBYU5xaURRYVU2NDFCYmo1eHB0NEt5YUtoUE82RmhrM1QxWVZPVGttYld3NEJZaGt3c092ejdkXw?oc=5,Forbes,2026-05-27 21:04:49,False,bullish,,0,1,1.0,lexicon
6690ca8d3cb9,UNH,UnitedHealth's Comeback Is Just Getting Started! UNH Stock Analysis Matheson (KZxg7ZGAbM) - Mshale,https://news.google.com/rss/articles/CBMiW0FVX3lxTE5zYlB0bllJblNMeWRCSGc3aXRYV1Q2b1d5Z19MQXBWbHRYb1pJYVA3RU1vd2FrUmdsbnA3anZEX2VuM0MyS3M3cERGOXhqb09LMWRfM2p2emRlZnM?oc=5,Mshale,2026-05-27 21:02:10,False,neutral,,0,0,0.0,lexicon
a071d2dc7899,CRM,Salesforce stock in focus post-earnings: Analyst shares bull case - Yahoo Finance,https://news.google.com/rss/articles/CBMiiwFBVV95cUxOa282VTJmUVYydGcwZmw3RnUyMjRtZ2NpTHpSLVFXUkhfNEZaaWpub2gyb1lPZm0taDRQQUxhRG1FbXpjWkxfUXJTc0VLamhVNFFwUkkzQ0JZdTJQTE9iNi1sN3hQdDFmM0RORF82RVNLNnFVRkdxYkl1MFJRV2J6c0FVRVltRnhUZ09J?oc=5,Yahoo Finance,2026-05-27 20:59:42,False,neutral,,0,0,0.0,lexicon
da33424ee2c0,MCD,McDonald’s (MCD) USA president sells 333 shares in open-market trade - Stock Titan,https://news.google.com/rss/articles/CBMiqwFBVV95cUxPZjk4MlBWeHlJV3NGTHJLZWQxNzVNdzNSZGxhRzJFd0xBOUV2NnpBaE13Ykc4LVJTaVd0cEtXSDRhcXhEN1VjaUcxMVlXY0ZfZTlyVUdmOTlnb2VLVnFCMWpEcnh6MEx6aXRTblJpVVV6VEJhR2Q1UXplWDdPc2MtY2RFU3o3UFZFRnpNQzg5Mmg3X2UzVEF3RzhaeENYajM5Yk5BVGlZWW1JZDg?oc=5,Stock Titan,2026-05-27 20:58:47,False,neutral,,0,0,0.0,lexicon
be03fef9722f,JPM,JPMorgan Chase (NYSE: JPM) calls $2.0B Series KK preferred stock - Stock Titan,https://news.google.com/rss/articles/CBMiqAFBVV95cUxQZ2xDb2duRTN6OFRoMmRwMVZZNnZBSDlJSjRDR2Q5Y0FLU1NsUFo5VkNCMXFyWlJGOWg2UzFQZjI0eEkxUFVKdXY2LUFkZDBOdUdCOVRhRF80MUZQakhycVVKMHRsLUs5TUFybV9kOG5TcHlMbVNwdFBPbkhRbzdvT1ByckVYekZ1dmQ1WGQ3LXFYTzBnNmZ3SDJINEFPVFZHakJFMG9weDA?oc=5,Stock Titan,2026-05-27 20:39:34,False,neutral,,0,0,0.0,lexicon
9b003a0318fd,PFE,"Eli Lilly Stock Hits Record Highs, Becomes First Pharmaceutical Firm Worth $1 Trillion",https://finance.yahoo.com/sectors/healthcare/articles/eli-lilly-stock-hits-record-203900546.html?.tsrc=rss,Yahoo,2026-05-27 20:39:00,False,bullish,,0,1,1.0,lexicon
01bb8bae4c28,LLY,"Eli Lilly Stock Hits Record Highs, Becomes First Pharmaceutical Firm Worth $1 Trillion - Yahoo Finance",https://news.google.com/rss/articles/CBMinAFBVV95cUxNRWJlTm1haHRjSFRjYTctZkZkWENlckdUWGFDQXd0bngteS1DRkQwOHJDczhUSmpxOUdSQ1AwR3NQNXJuQllma1ZBS2t0NTEwVzRmZXdBWWRZRG91R2xQMENvdTMxa2M0VEpmamw0UE1VazIxSHlIVE1seVVFbXl3dktCdk51dFVyN2V6YVU2V2pJN3dJN1d1MndvRnQ?oc=5,Yahoo Finance,2026-05-27 20:39:00,False,bullish,,0,1,1.0,lexicon
b51f2b712656,COP,Stocks Settle Mixed on Conflicting US-Iran Signals,https://www.barchart.com/story/news/2161103/stocks-settle-mixed-on-conflicting-us-iran-signals?.tsrc=rss,Yahoo,2026-05-27 20:35:36,False,neutral,,0,0,0.0,lexicon
8ecfcb3cd30b,KO,This Combination of 3 Dividend Aristocrats Provides Monthly Payouts,https://finance.yahoo.com/markets/stocks/articles/combination-3-dividend-aristocrats-provides-203400222.html?.tsrc=rss,Yahoo,2026-05-27 20:34:00,False,bullish,,0,1,1.0,lexicon
c698a27fea08,CAT,This Combination of 3 Dividend Aristocrats Provides Monthly Payouts,https://finance.yahoo.com/markets/stocks/articles/combination-3-dividend-aristocrats-provides-203400222.html?.tsrc=rss,Yahoo,2026-05-27 20:34:00,False,bullish,,0,1,1.0,lexicon
66eaa60c64e7,MS,"The Rally Is Back, But Risks Are Rising - Morgan Stanley",https://news.google.com/rss/articles/CBMimgFBVV95cUxQcDZTY2g3eGlvbWRqQTQ4WU5kcmJIWUlZRFB2UDd4XzVMVExBSDRpX1RkODkwTFlYMWlFZUhjM2NzSXNzb3RjNFFZZkJpTXhPMjA2UGg3SE02UGlLUnVRY2pFWFVQUGd0Ni0yTWRHM1lGQ19DSktFRFJ0VktmNkZtU2NhRVBROXpZdnVhOW5kQ296YlpsS3g3Uk53?oc=5,Morgan Stanley,2026-05-27 20:33:39,False,bullish,,0,1,1.0,lexicon
6768c6c30a5d,BA,Boeing Hits a Key Milestone. The Stock Is Up. - Barron's,https://news.google.com/rss/articles/CBMid0FVX3lxTE1uY3VFSl9YOVYyU2JMQS1wMGU3cEVIYk5JQ0cyMldlZ3A5TkF2UDFJZ0tLZFgyOG8tWHFURTdBbDVlLVhvQUYyQVh0MFRiblZnWWVqalUxdFhhUWFVNy05bW00R1JmUlhnWGlRdHFfZ2tiQWlFT2xz?oc=5,Barron's,2026-05-27 20:33:00,False,neutral,,0,0,0.0,lexicon
6ee3e3364d8d,UNH,"Warren Buffett's Successor, Greg Abel, Just Sold UnitedHealth Group Stock. Is He Missing a Huge Opportunity? - The Motley Fool",https://news.google.com/rss/articles/CBMimAFBVV95cUxNVXVlVDlyUUEzRDBEcHBvY3NRWG5VenZ2UExmV1JDcDJHSndQNlBsbE83X0hlSEV0Wnh5ZXJVdVBfdUV3c2pfcXI3UXFPX3IxMkJpcnk0Mkxadm5xeUZHcmRtLVNYNEVxNm54QmRRQTQycmFEbVktdlFpMVJndDd5M3MzeWJMLVJ3Vkw4YmdSUG40N3lrOHZ2Zg?oc=5,The Motley Fool,2026-05-27 20:32:00,False,neutral,,0,0,0.0,lexicon
1bb41610a730,BRK-B,"Warren Buffett's Successor, Greg Abel, Just Sold UnitedHealth Group Stock. Is He Missing a Huge Opportunity? - The Motley Fool",https://news.google.com/rss/articles/CBMimAFBVV95cUxNVXVlVDlyUUEzRDBEcHBvY3NRWG5VenZ2UExmV1JDcDJHSndQNlBsbE83X0hlSEV0Wnh5ZXJVdVBfdUV3c2pfcXI3UXFPX3IxMkJpcnk0Mkxadm5xeUZHcmRtLVNYNEVxNm54QmRRQTQycmFEbVktdlFpMVJndDd5M3MzeWJMLVJ3Vkw4YmdSUG40N3lrOHZ2Zg?oc=5,The Motley Fool,2026-05-27 20:32:00,False,neutral,,0,0,0.0,lexicon
cf2ee36ba2af,MS,Stream Morgan Stanley CEO Ted Pick’s June 9 talk at U.S. Financials Conference - Stock Titan,https://news.google.com/rss/articles/CBMitAFBVV95cUxNU0Q5eDJlRVV6bkxtM05WVVQzZVZNMHlmTi1icWZnbUNBQS1QTkxxMGNmOXlXbG54RzJ0czd1WU1fZjVzNXBNLTBDOFhhNy10c3diaW1xMVotN2o3TllBdGVYa1JvdkZhc2hvNFAzU3FLaTZwZVpyRzlCeE1fS3dPVkp2MWFaYUs3WkhzWXdzMm1jQTBpX2dpbDdPRkkxaWZTX3NJMXdELXpZZnVjbnJUQTJGTnk?oc=5,Stock Titan,2026-05-27 20:30:00,False,neutral,,0,0,0.0,lexicon
785163b5a4b5,SBUX,Six Flags Appoints Ash Walia Chief Financial Officer,https://finance.yahoo.com/markets/stocks/articles/six-flags-appoints-ash-walia-203000223.html?.tsrc=rss,Yahoo,2026-05-27 20:30:00,False,neutral,,0,0,0.0,lexicon
3ae8d94cb251,ABBV,ABBV Stock Gains On Winning FDA Approval For Rare Blood Cancer Drug - Stocktwits,https://news.google.com/rss/articles/CBMiywFBVV95cUxQZUVtbDZFVVo0YkhDVW1zUWxMT2pTYnFyeHhzQXJ2cFZCXzFtZFhKWlkzdTkzNDJUNU5fLXE5NGVQSnRuMG8xaUpYTEZZZldIY3o1SXFzLXJwSmRMQ2c5RHJHMHNhX0JXcDl2MVVkSkIxa2ZjVXQ3MFd6LW1OcEZ0MGlHQllOcGJkdlYtWDVkNXFQaW1MTmJFUWhmalJsRC1BRUhDZ1dkQjNOdXFxeG5DQjRJNGNzRndKVUlrYVBmOG1iZHN4TW1nVVZJdw?oc=5,Stocktwits,2026-05-27 20:28:00,False,bullish,,0,2,2.0,lexicon
b0a6e43d2c7a,ABBV,ABBV Stock Gains On Winning FDA Approval For Rare Blood Cancer Drug,https://stocktwits.com/news-articles/markets/equity/abbv-stock-gains-on-winning-fda-approval-for-rare-blood-cancer-drug/cZggZYAReru?.tsrc=rss,Yahoo,2026-05-27 20:26:56,False,bullish,,0,2,2.0,lexicon
73f52effbb88,CRM,"Salesforce Q1 earnings beat estimates, but Q2 outlook falls flat - Yahoo Finance",https://news.google.com/rss/articles/CBMirwFBVV95cUxOOUd4dXBTUnk3ejd0UWhWMHNrTDlVZjIyaVNPRjg0RFBES3BmSXFDS1FWNUhpMl9VcnRpZ000WGtZNHBidTk3d284dzZsT1J3aWgxTFpjeUZ4dVhsRzhxMGVfZXRwd0hZVUxONDA4d2JxOHNLeTlvQzVBaHlxcFNpeTJXNXpDbmx6b3oyY2w5T2x1eC16OWpyWnpNUHJxQ1k3Xy13dkE3OVJ1dW5fZE5B?oc=5,Yahoo Finance,2026-05-27 20:23:10,False,neutral,,0,0,0.0,lexicon
1a77889f9e7b,HD,"Stock Market Today: Dow, Nasdaq, S&P 500 Score Highs As Oil Falls Below $90 (Live Coverage)",https://finance.yahoo.com/m/29f2cba0-d6b6-3daa-babb-c774f388aa65/stock-market-today%3A-dow%2C.html?.tsrc=rss,Yahoo,2026-05-27 20:18:34,False,bearish,,0,-1,-1.0,lexicon
ebf2dcfa1da2,BA,Is Boeing Running Into More Quality-Control Issues? Investigative Error Raises Questions. - Investor's Business Daily,https://news.google.com/rss/articles/CBMitgFBVV95cUxQM3dhd05uWTNLNUNCczZZUHI2S0pBTi1xOU1scVBSdEszV0RyWHJXYXp5cHM2WFBrZ3hkQ2lxX1E2Tm9WVlJKZ3hJeTFYQm9GaUZkdWRsUzVkTmprOFlMWEdrVTlMVjR0cG5vU2doOFU2SzloU2VxM09DTHluQWQ0ZktkYVN2Y2lvYTEyMjExQXhHLV9ublBfZGh2SHZDdHhVM0poSk8wQ3hFOURaa3lSaGhRQkVXQQ?oc=5,Investor's Business Daily,2026-05-27 20:17:00,False,bullish,,0,1,1.0,lexicon
005943d35da3,JNJ,Is It Too Late To Consider Johnson & Johnson (JNJ) After Its Strong Share Price Run? - simplywall.st,https://news.google.com/rss/articles/CBMi3wFBVV95cUxQZWVhaDJBZTBIbHdtaXJFdWo4NmdMMTEtRXZLZ2V4dGk2N0xKdEc2QUdNRUxydklVSzgza09PMVVjcThjX293RFFwb1VnU0t6ay1jWU1HVWw1bXpycTY0OUhORVhHSFJ0VWxLSk5mNHB4cWY5V1h0S3Q2UHdQa3NYYkNoOXFpeXREMG0yZlpCUUtVVXVrNF9URW1KZXhnYVcySzhyQy1HWHNqcEtJcVl6VElOMHl5TmVyRnk5Tk10TlllRjFqMmRtODNjY1pYMmNJU0oxek9hSV9idklvbFNr0gHkAUFVX3lxTE1LcmkxLWg2YVZOSHFBa1Z6NjlIRkVjQVY0dUtxM0ZwLVFQd3dKeWhEaVFSTnI1aDZPWUJFZzlGWGlodUttOUJWNXpOTE1LM29jMVBtUDY5TWdsWndXSHRlbE80QUlmdW1tUnVPajlJX2NkN0RnWFRBRjhteFZZRmFsQmlCY2otQTRtS0JIdWtTOUtBMHBxc2xBRmF5SDRtdlM3SmdzVjkzdGJ1THdDYWxiMjBzSWpwdnlkRE92dHA4eGIxTzFUbHAyYzdxN0JpcHhKTFRhR3RUd1lNYjR4aG1qLWVzLQ?oc=5,simplywall.st,2026-05-27 20:15:53,False,bullish,,0,1,1.0,lexicon
052c604fdade,CRM,Salesforce’s (NYSE:CRM) Q1 CY2026 Sales Beat Estimates - Yahoo Finance,https://news.google.com/rss/articles/CBMimgFBVV95cUxPVThsWkl5dGhBTlhxSGU5R1I4WFI4SG8ya2lsdUVpcFVyWTgxcVhLbmdKZzkzcHVoX1RiaUZKNW02aDd1QWs2MS1vTF9ONWp1Y1JhU1VNMjNmTGFoSFlfRC16ZVMzZGs5bk1USVdhcmFpX1FUSkVJdnhveUlhTnZJb0ljLVhKVUV2RmhxVTh6cWd6WkFRTkM1YjNn?oc=5,Yahoo Finance,2026-05-27 20:15:17,False,bullish,,0,1,1.0,lexicon
9d798003a37e,WFC,PHINIA to Participate in Wells Fargo’s 16th Annual Industrials Conference,https://finance.yahoo.com/sectors/energy/articles/phinia-participate-wells-fargo-16th-201500627.html?.tsrc=rss,Yahoo,2026-05-27 20:15:00,False,neutral,,0,0,0.0,lexicon
0fc6f67e5e77,JPM,JPMorganChase Announcement Concerning Preferred Stock - Business Wire,https://news.google.com/rss/articles/CBMirwFBVV95cUxNQjF1MmgxLTB5UnphaWZjR1hOMzZnRE9PZlNHWnVFbGdzZHBPM3hnVnBZLXUxaXU0b0lZemFIemJLMnJQMzY1anhla0JLV0tsOVJTOEdLTVFoMnJMZEROZi1jMi1xMHJjRkNvQmNFXzVyOHBaX05uZUF5RGlEZDF3OVlKRi01Y0Jvd0syNnV6dG5pb1pvSVVtSEt0MnhZd05MR2gyejZ5QUI5RlJKY2ZZ?oc=5,Business Wire,2026-05-27 20:14:00,False,neutral,,0,0,0.0,lexicon
abc655b0bf85,NFLX,Netflix Has Lost 35% From Its Highs. Here’s What the $250M Ad Milestone Means for the Stock - TIKR.com,https://news.google.com/rss/articles/CBMiswFBVV95cUxPa1FQLXhHNmRTYnV1T2J0TmJXdkJRREV5dUtBNlpfS3BENUhKYlBTaVF3Ul9weVRrQzY0eG5PMktSakM1ZnZxU0dJd3RwcVdqNWc2RnloQXRoNkFQTGJPOVMzV2lMakVHQ1RjRm9qR2owNGdSZVRTOFJheE5FdlNOWTBUQmRCUHNlSGRDZU85eGp2Ynh5dkFlTjZ1Z1RYV0R6TzFNREhiMFBTWmJZZkJ1YWtfNA?oc=5,TIKR.com,2026-05-27 20:12:12,False,neutral,,0,0,0.0,lexicon
debdf0e1aba0,MA,"Mastercard execs to discuss security, financial tech in June - Stock Titan",https://news.google.com/rss/articles/CBMioAFBVV95cUxNb3Q0NzRzcjhpWVFIdWhNMUVYdkx5dFdFMElSREdxQ3dqZlJMZUptemdHRXl2eG1VdkR1UGlMUXZEbWotUnU5MkhmRDkyOUlLVVlad051TENxWkljdTdOZVVaV0JfelhvbnpFdnBrSHozSlE4cjVRQjhGb1hHRk9reGpaWVZ1dVl4R0RVTjBkZmxXY2gwa1Y4b3F1b2U3a1hB?oc=5,Stock Titan,2026-05-27 20:10:00,False,neutral,,0,0,0.0,lexicon
26879db3acf8,CRM,Salesforce beats on earnings and revenue but full-year guidance comes in light - CNBC,https://news.google.com/rss/articles/CBMigAFBVV95cUxONTcta0duTkxlTnA1RUk4aGpMdjIxTGN0WlJmcVNGYmZqV1dfd3ZBRTZnQkVRVnVwTXBnQTZKdklCcURKXzlMdW1RSmVFUjFwUVlMYmFmX1pPX0o3TDdQRUtOckpITVlPa1RIR2VYSzJ0XzZkMGNkdGlhSnhIckFRRNIBhgFBVV95cUxPeS11ODJfajlNNnMtbU4yUHRyelY5a2VTM3d1Z0IzckliX0F0M1hWazd0VlBwSy1fdWszS3ZHNjMyMDJVVGgxR0RMZTBDVVRaYnVTc1BiaktiaHpneXhpRFNHREt0T052YUtBdmNFMi1XRFdjYmZNWlJnUHhXVklaZzM1OVJyUQ?oc=5,CNBC,2026-05-27 20:06:28,False,bullish,,0,1,1.0,lexicon
af640d858592,GOOGL,Assessing Whether Alphabet (GOOGL) Looks Overvalued After A Strong Year Of Share Price Momentum - Yahoo Finance,https://news.google.com/rss/articles/CBMipgFBVV95cUxOSkNTamxnRzZRdVQwazJkTzMzTzBISmhaa21HSW5zX193eVluODNVWThhUUcwclhzVnkzS0FRUkQ5cGRmeTg0NHExR1piME5vZjhTaDRoS1FBWktQTjVheHBfZ0I2SnF3ZjBMRExxNGJ2eUlObzlzNmFhTVA1LUZ6YmJpSHpZZDlfd0Y0cmtsR0lCaHNQYUR6d0U1ZzU1WjJoTUZzM1Jn?oc=5,Yahoo Finance,2026-05-27 20:05:05,False,bullish,,0,1,1.0,lexicon
83307aef004b,GE,AI Leader GE Vernova: Data-Center Customers 'Are Struggling To Get Projects Across The Line' - Investor's Business Daily,https://news.google.com/rss/articles/CBMidkFVX3lxTE9FT0cyVXFCV0VDWk9uTGZvVF9scmhKZVZrYTA3RmxfTHA3bUZ4QVdtYzVoYjZtM25UNzJKYzVQQTEzMDl3bEJoTlRBNjZCZjAtakhaWl9nSmxXZTJuWVBfZURSdjlKSXB3dEE4Rk9NVEJzV05lMFE?oc=5,Investor's Business Daily,2026-05-27 20:03:00,False,neutral,,0,0,0.0,lexicon
ef9b556b03d0,CRM,Salesforce directs $27.5B to share repurchases and dividends after record quarter - Stock Titan,https://news.google.com/rss/articles/CBMiqgFBVV95cUxOeEhycncyVmp5bVFJTTEzSm9WNjRPQ2tuUWZubjhzenhBcVE1NmE2YnlfeEhrU1N6UVNNLW93eTM2dGllRHVFMVRRclJIUWhRMDBTendvMXBKaVFSTUNKQmU2ZlVOZURka0tvczFPYUFVUGtqZldGem5WMDROY3Buc25oaDgtUXhWRHZFVDJianE0QmdvUzduLUJUOXhfMVhnUFNRZ2Y2T25GZw?oc=5,Stock Titan,2026-05-27 20:01:00,False,bullish,,0,1,1.0,lexicon
db572553614f,GS,Goldman Sachs Moves Away From Apple Card And Into Buy Range - Investor's Business Daily,https://news.google.com/rss/articles/CBMi1wFBVV95cUxOd3NaV09CWFRlUFNCTlNvRl9jZHNheG1iR05sOFhXQi1FNXlxVF96MjFWcktOeW9jcjFWZWlZaVhaeWdrTndOVFc5NVliMVR2ekVoelZuZnh5eFNwTHpmRGtReU1zQmRxdkNjdjN1THRFaUhiQnMyRnBVa1pLQlQ5UFpKMllTalRMWlFTV0E0UGY2ZXZDamUyOTR2UEl6dy0yYndySXJBQlFNcDNyUVdMNDc2eG1GaUtGZUlRN1p1LXhkNkQ1SHRpU2xralRUbm1nUHplZ3M3SQ?oc=5,Investor's Business Daily,2026-05-27 20:01:00,False,neutral,,0,0,0.0,lexicon
f5da7b48c6ad,UBER,"Just Bought $4,400 Of Uber Stock! Why Now & Why Uber? Altmaier (6O72cqqQhK) - Mshale",https://news.google.com/rss/articles/CBMiW0FVX3lxTE1iS2kteGNacktCWEtYQnVfaUNDeV9hNXdER3kyTklsMk8waXdXWTRIMHh5ZjRfWUNXTDloOVJGWERCRERPTFUyWEVoQUdpRVFOWWlzUXZVVnZ3NU0?oc=5,Mshale,2026-05-27 19:59:40,False,neutral,,0,0,0.0,lexicon
eb61b066e718,UNH,"Warren Buffett's Successor, Greg Abel, Just Sold UnitedHealth Group Stock. Is He Missing a Huge Opportunity?",https://www.fool.com/investing/2026/05/27/warren-buffetts-successor-greg-abel-just-sold-unit/?.tsrc=rss,Yahoo,2026-05-27 19:52:00,False,neutral,,0,0,0.0,lexicon
2d6d0214f3c7,AXP,"Warren Buffett's Successor, Greg Abel, Just Sold UnitedHealth Group Stock. Is He Missing a Huge Opportunity?",https://www.fool.com/investing/2026/05/27/warren-buffetts-successor-greg-abel-just-sold-unit/?.tsrc=rss,Yahoo,2026-05-27 19:52:00,False,neutral,,0,0,0.0,lexicon
7fbc3a73c2eb,MA,Mastercard Adds Crypto License as Stablecoin Oversight Expands - PYMNTS.com,https://news.google.com/rss/articles/CBMiuAFBVV95cUxQd2swNTF3SDhsWnJvQkxWUkdiV1IzZVFhZ2hUblpySnZpd1Z4M2M2aDJzaklXcmhGR2FVUEF0Ukx0eXBEN3A2OVhieDlHVUpZTnZ0bkhWMG9GLXR6ckpPMHV6VXJBSXEzbmtTYzItcHAyN1RfcGxjRk9qeXY2NXYtOFVMaEZIckFQU0NuSlpKZ2JCeWhqZjEyT251ZURObTJTeWlnRDRyR1NMSWJxanp3aHFyUk1rcmVZ?oc=5,PYMNTS.com,2026-05-27 19:50:26,False,bullish,,0,1,1.0,lexicon
5c1ac1a9fcfb,XOM,Exxon wins shareholder backing for legal move to Texas - Reuters,https://news.google.com/rss/articles/CBMiwgFBVV95cUxQdW1yTXBQakxScHhoMmxXbmljUVV3dmQ5eDFyVUw4M2tibjdRWGZjT2czQkJlaVNJMldEVE5SeTJrSG0zRllGOW1DVXhLWkt1Mkc4ZFlDSGxnMXBDY05GQmxsSURsYzdIcm1tT3FLZXVmQzhvQWNjSGdSTlNlTWtVSFpaV01YbEpVS0VwcWRPNWtLMmlSb1hPbTgyS0ZXTnJ4WnlaT2JuejE5NVJUXzNtTkxlQk1NZDRNNjZsVEszdFZpUQ?oc=5,Reuters,2026-05-27 19:49:02,False,bullish,,0,1,1.0,lexicon
440c9111daa0,UBER,Uber Buys Aspex’s Stake in Delivery Hero After Takeover Offer - Bloomberg.com,https://news.google.com/rss/articles/CBMisgFBVV95cUxNUS1PbFlVNHpKZE10V3BaeEVjdXIwS01OOXQ2WElMRXV2SDc0emkzcDR1VlI5MW1WQ3NrNmh1RWxMRU9WZGdYRFIwTzN6N3pOdldYWjVlMVl5WXplNzZFR0x5alo5amxQdlRjclBPUkNsRUZJZmxjXzRNZ3RpcW4xOFFFX0JtZVNhUFUydjBqTW9wbG05eGRWV3BHNmloeV83YjBoaHFwekFWaUcwMkhkSmJn?oc=5,Bloomberg.com,2026-05-27 19:39:53,False,neutral,,0,0,0.0,lexicon
b7baca0c9e78,TSLA,"Tesla Stock Could Be Setting Up for a Major Breakout, Charts Show - Barron's",https://news.google.com/rss/articles/CBMikAFBVV95cUxOelpwUWpNaHVaMVNOQ0JyLW84YjRwVjFFeXFZYTNXY0owRnNYR29lMTRIRG1KS2JmeXAzU2NtbHpPTjItcVJBSGJkTkt5NGltdmJNRVhjeDFIOVNmTm9IUVdEbUVoczZ1U2dXZDRSNE1vRWV5OEZoRUFsUWQ4M1J3MEhSbkZza2M3VTVaajdIMUk?oc=5,Barron's,2026-05-27 19:35:00,False,neutral,,0,0,0.0,lexicon
1aab671f1859,BA,"FAA expects Boeing MAX 7 to be certified this summer, sees more production hikes - Reuters",https://news.google.com/rss/articles/CBMi1gFBVV95cUxNNHFfb2F6RUNRVkRyeG9weGtJaFdlZVo1TjdtZW8tTHNHd2gwQlJsVzAyZmJISUVHNS1NWUNCN1NYTHFGZlFhMUNNS2JlbjlVM185cmRmTzRiOXd0cFZac2piYlpOYTVtQjkzY096YWotcWJoSVQ0TUxqcHdabWQ4M3UtdnZRamxXUnBZQVdQemdpY2JlU0hlZmZXZUh6VUFIOFYyV1o1TzR5MHVKaVNydUhvNG1RdFYtRGJ2MjE1SGNFRmlVN2FHaDViSWhyRUQ1ZWtSejJR?oc=5,Reuters,2026-05-27 19:31:44,False,neutral,,0,0,0.0,lexicon
f0560d836b43,AMD,Cathie Wood sells $16M of surging semiconductor stock | AMD - thestreet.com,https://news.google.com/rss/articles/CBMioAFBVV95cUxNT1NLS29JYTc2YVF5QTNRTWlqMThDNmRLaWhFTlo3V1Nlam1BX2VvdlZDU2VkRHA2c3NZSTdRYUpVckV6Z3hBR1h4ZUxUaTVDLTlUZXpQb1NXSDJXcnYyT1NXSW1lRmQ2bG1zUmMxSDZld09JVWNWQjRkTDdON0s4YlpVQU02T3owQUxWSkswSUlkUUlHWUNKOHhLMzNfSDlx?oc=5,thestreet.com,2026-05-27 19:17:00,False,neutral,,0,0,0.0,lexicon
a171631649dc,ADBE,Top Digital Analytics Platforms Named 2026 Champions in Info-Tech Research Group's Data Quadrant Report,https://finance.yahoo.com/sectors/technology/articles/top-digital-analytics-platforms-named-191500256.html?.tsrc=rss,Yahoo,2026-05-27 19:15:00,False,neutral,,0,0,0.0,lexicon
fd9188ecf4f6,CAT,Caterpillar (NYSE: CAT) CEO receives 18 new phantom stock units in plan award - Stock Titan,https://news.google.com/rss/articles/CBMirAFBVV95cUxOcE1Mb3RmdWtjbFhTRjJ3d1p1VGVaMlBqNWVFNXotSUlOZkhlZ1hxM0U5eWgzS0EzeDEwV0Vyc05KMk9TOGhMUVY5dFNTcldpSVJPeVJ0X0hBalNyanZpQWxObm1PVk85YkRQRW9BTmFlczNoeE16amdZcTBhYXpWQkxqNzhzbUtic0d6VUQyaExJTHhrdlZzalhCczc2dDg1ZVZTSzd1SFZicFlM?oc=5,Stock Titan,2026-05-27 19:11:28,False,neutral,,0,0,0.0,lexicon
11a568342840,CAT,Caterpillar (CAT) CFO receives grant of phantom stock units in compensation plan - Stock Titan,https://news.google.com/rss/articles/CBMirAFBVV95cUxPbnJzYkx2dFFnanA0Sy1UR2VqVGhRYTVHSE9GYlVUSG82YndvbmEteGdNanRlOVYzSjNmU19rd0tHVnVfMFNCdHJxYWozazViMWtZQnBoZEFnamRYZUhQTnFFRlZMT1A2Tll0VjBNLVp3bmFQa1EtVGw0MDVHZFZicDFzdWh5QWJfSklPVElvSWJFQmZjeWk2ZV9aNm5GWVhmWkxKckJVVm41T1ln?oc=5,Stock Titan,2026-05-27 19:09:50,False,neutral,,0,0,0.0,lexicon
e1440b64c6e5,CSCO,"Dell’s Growth Story Comes With Risk, But Also a Unique Edge",https://www.trefis.com/articles/600367/dells-growth-story-comes-with-risk-but-also-a-unique-edge/2026-05-27?.tsrc=rss,Yahoo,2026-05-27 19:06:13,False,bullish,,0,1,1.0,lexicon
8302bc383ae3,UBER,Uber Reportedly Adds To Its Delivery Hero Stake At €12B Valuation - Yahoo Finance,https://news.google.com/rss/articles/CBMioAFBVV95cUxOUUJSRENURy1YNmZrVjVvTWs1TGVHOFBybks3S1AzVUd1UXNYQzZPc1lZbkd4WjNhVjRjU2NnRWNZQ0Y3MWZwb0w1d1VEWXFBSEwwVjNUWWdvVzFTS2NRY1E2TzVOaTJ0OC1LOWNmY1Q0QkNPSTF2OUR3cU1GNndZYXJrSkd4ZGVnZTk1Y0hRWk1NRXk1dGZmdTI4RWl3QTA2?oc=5,Yahoo Finance,2026-05-27 19:04:16,False,neutral,,0,0,0.0,lexicon
d1ab9cdfc3e5,CRM,"Salesforce Earnings Can Put AI Fears to Bed, Give Stock a Lift - Yahoo Finance",https://news.google.com/rss/articles/CBMingFBVV95cUxQbDRrdnJUd3o2LXJ3Vkk5azVvQS1vUmdjQUZGQ0hqLXFQZndwLWplSVI5c3loWm1SSjlTTGxYTHFtVnZDY0tKdW42N2pGUXBzVXYwbDlfRHhucEkyRGgtNHRqMVJ4dFpTaWVaai1Cd1NtVlloRUFsYzF0dmJGb21MRm4tb2tjT0pJYUc5bkt1LXFlbzlYRGJwVkdGc055Zw?oc=5,Yahoo Finance,2026-05-27 19:00:55,False,neutral,,0,0,0.0,lexicon
5dfeca744f8d,BRK-B,Greg Abel Is Trying to Break Berkshire Hathaway’s Losing Streak on Airlines with New Delta Stock Bet - Yahoo Finance,https://news.google.com/rss/articles/CBMingFBVV95cUxNUXV2OWN2UExVVk5RVkFiZ0FFU0NIVENGUHU5c0s2VTRXV2xaZWdHOUgzblRLWVRfajlFY0VQV08ycUwxLVdVcm5qZmQyWmMwdThOV3FaYUNhdjlOdHNURElEWDdsczJ5akRHUWUzdFphaVN3by11S1ZJS2RFRkpmQmhDT184d1ltWGxPLWFFWFQwdjd6WnJiNk1SMFJQZw?oc=5,Yahoo Finance,2026-05-27 18:54:28,False,neutral,,0,0,0.0,lexicon
79bbc2a23b9a,BRK-B,Berkshire Hathaway: The Fortress Is Getting Expensive To Defend (NYSE:BRK.A) - Seeking Alpha,https://news.google.com/rss/articles/CBMipgFBVV95cUxObmlHbE15OXBuY0VHdDZxeFg3MnNTRmd4MlZsWFNldVJMSnlfR20zMGhTOWxYbno4VUszZVJfN1ljS0NmeTFGVHY5OGFMcWFZVm9mampvallqTmh6OHBiaVUxS2ZrZHRzWnVNejBieVJ3ZmlYWjlwcE1lOTNrS0puRWIyZFZ1X0JnZXZQdDJoa1QzTk4wa1pNTk1hRU9VanJLc1IzRm9R?oc=5,Seeking Alpha,2026-05-27 18:50:16,False,neutral,,0,0,0.0,lexicon
70077fe1ba8e,PYPL,"Cash App Now Supports Stablecoins, Despite Bitcoin Maxi Jack Dorsey's 'Gatekeeper' Gripes",https://decrypt.co/369199/cash-app-supports-stablecoins-bitcoin-maxi-jack-dorsey-gatekeeper-gripes?.tsrc=rss,Yahoo,2026-05-27 18:49:02,False,neutral,,0,0,0.0,lexicon
2dd10560f655,AMD,AMD Is Up Nearly 300% Over the Past Year. Is It Still a Buy? - The Motley Fool,https://news.google.com/rss/articles/CBMimAFBVV95cUxNME5LWS1ENW5ncDI0OWx3b1k3QzZxS3ZfVVBVOEFXenpMNXRhUlpFNUhKb0tiZFFkSGZtcFVKMW5aOXIzYkhqT29BRVpDeWVVZjNPWjhTUHkzWmk1eFljdnktSG5naldYQlJJVTJFRmxBUWdrV3lIMzlhSXhsZWpBbzNiZnIycXF5amRLMW9FbzRRXzFWT3hTeA?oc=5,The Motley Fool,2026-05-27 18:45:00,False,neutral,,0,0,0.0,lexicon
5255501cb4e0,F,Ford Just Launched a $2 Billion Energy Business to Power AI Data Centers. Is F Stock a Buy? - The Motley Fool,https://news.google.com/rss/articles/CBMiywFBVV95cUxOVGlTUWpLUkFfMERmMWNlRmRkMlc4enlFdVlWaVhYV2plVnF4cHQxdFRXcUdrQ2JydlZJSThBeUdzblJiM1lfTnByQVNpc0E1ZmxXZ3RaZ2xxRmRsNXFuVDAtVU9aWEdIZzVpaHJ2QUJhbEFUZHd5cWRSMHd5QXZJaDh3NklQdDFJOG1EQUk3ZEpoaER3eDQyUWU4RVZpdmZsRUxUUld2LTAya2FMYkFpYlZLZXpmVHk3cmRCazB3REFIbXBtWWI1WEFqbw?oc=5,The Motley Fool,2026-05-27 18:41:00,False,neutral,,0,0,0.0,lexicon
8f69b28651ee,PYPL,Is It Worth Investing In Solana (SOL) Right Now?,https://247wallst.com/investing/2026/05/27/is-it-worth-investing-in-solana-sol-right-now/?.tsrc=rss,Yahoo,2026-05-27 18:35:29,False,neutral,,0,0,0.0,lexicon
1771d049af12,PYPL,PayPal Links With WeChat Pay,https://finance.yahoo.com/markets/crypto/articles/paypal-links-wechat-pay-183227740.html?.tsrc=rss,Yahoo,2026-05-27 18:32:27,False,neutral,,0,0,0.0,lexicon
0ca6e17dc164,JPM,JPMorgan Chase Stock Is Falling: What's Happening Today? - Benzinga,https://news.google.com/rss/articles/CBMitAFBVV95cUxQUTUtRFRYa1diZ2Z5NU5Ba18ySkF5LW9hUjFXcDlsc21yb3lhWUV5b0twc21oZ19zbFU1enNUT0VxRjBReFUtLTl6WUY1eGhXN1Qwc1dDMDVpRHNVVFhmcl9lZ1FZYWg3OWhQWmtEcHV6NTNtbnU2eDhrcmFMRy1pM2IwUzRjbmREWFVDOUx5VjAyQjRNanZwQ1pSRlpaY2h6SjJ3eW1jUGZsRWF1amVVU0M4dXk?oc=5,Benzinga,2026-05-27 18:32:14,False,neutral,,0,0,0.0,lexicon
fe49ee9f0417,AXP,Can AmEx Boost SMB Engagement With Its Small Business Credit Card?,https://finance.yahoo.com/markets/stocks/articles/amex-boost-smb-engagement-small-183200247.html?.tsrc=rss,Yahoo,2026-05-27 18:32:00,False,bullish,,0,1,1.0,lexicon
3e1cdde6bf5d,NKE,"Nike (NKE) Reports Strong Q3 Earnings, Stock Rises Despite YTD D - GuruFocus",https://news.google.com/rss/articles/CBMiqgFBVV95cUxOZUltYWtNbW1jRXIwZl9wR2tQZGpRYV94NEdYdDFWMGJkd2l6MVBOajRPUjJVa1dyVWxyRktoN2lKRFlMM3FUNE5MblVNUHNHRjlrdGlMZk5FLU1zYjI0TFVqUElEbnJjWUJYT2N0ck9pREM2MmNPOGRsUjRtaFJBeHZmY011bWgxQUFjbmE4Y0FzdFlUSVBrdjA4Y2JvNFZad2h5RXBEdXBFdw?oc=5,GuruFocus,2026-05-27 18:26:52,False,bullish,,0,2,2.0,lexicon
934f693a19f3,LLY,President Trump Loaded Up on Eli Lilly in Q1. Should You Buy the Obesity Drug Stock Too? - Yahoo Finance,https://news.google.com/rss/articles/CBMiowFBVV95cUxNRGU2TVU5M2hrckRjeFdHRkQ3MmlXaXBwZDFpbWxDZGpjX0xTT3M1d3RVYkc5QVR4UTB5VF9UOUpSU21XQ3hmcnRhWW14V2FISThGLXQ2NFY4M1hWLWpsSUxueWJxdmF5RlNONm1fTGtpN19KUkZhclctR0dTbnVDdVYxU2R6MmR6TDM3STZmTlU4YUZXQUkxNDJNOGxYSG1OWUow?oc=5,Yahoo Finance,2026-05-27 18:22:00,False,neutral,,0,0,0.0,lexicon
a33d7e2cb6d8,BAC,Bank of America caught between bearish price action and 15% Q2 growth outlook - Seeking Alpha,https://news.google.com/rss/articles/CBMitAFBVV95cUxNUThjWUZWcGdxdm8wNnVwWTBCS3dsc2VYUjJidFNhWEc0R1Z1S2tGdnh3UWJFWXhZZEJWRTR0TUIwQ25QNHhSWEJ0ZTF3ZEhXTnR6REs0dzF4TzFuZVRhTTBOSHBkSVloQXdFLU5MWThQLXFZSUlLallXUDJqSUdkX2RRemR5MXlFWVZaQzlJMzBIN3VsVlJOSlJHeVl4dUZnTkd4MVhvRTJMY0JkTU1yTklIelo?oc=5,Seeking Alpha,2026-05-27 18:15:48,False,neutral,,0,0,0.0,lexicon
4184b0f6b274,JPM,JPMorgan CEO sees expenses climbing; eyes up to $20 billion M&A opportunity - Reuters,https://news.google.com/rss/articles/CBMitwFBVV95cUxPbWk0eGdaN3JJbURtbF9uOWppdnlHTTlqNU9BeHFmOE81ejdpcnlWazYtTUFQcHB2UVh6a2p1TFktRzhVTTVWb19mYXNFa2NSOWlpR3pYc09FNDNHM3VwRUV6dWRueU5wa3pqaU81NXhaRjQyZHRXV0RlaHAtU1B5R3BHMGh0UlZ0UUxfNjV2UjgzcU1CdGtPVm92RFowXzM3NVpfMTRLamZzMW1Ec2tmMUdhY0xoUW8?oc=5,Reuters,2026-05-27 18:12:13,False,neutral,,0,0,0.0,lexicon
d6951f4ebe1f,WFC,People Moves: Wells Fargo Hires Former Google AI Finance Leader,https://www.wealthmanagement.com/career-moves/wells-fargo-hires-former-google-ai-leader?.tsrc=rss,Yahoo,2026-05-27 18:06:25,False,neutral,,0,0,0.0,lexicon
0e720abe5ee2,F,Ford Just Launched a $2 Billion Energy Business to Power AI Data Centers. Is F Stock a Buy?,https://www.fool.com/investing/2026/05/27/ford-just-launched-a-2-billion-energy-business-to-power-ai-data-centers-is-f-stock-a-buy/?.tsrc=rss,Yahoo,2026-05-27 18:01:19,False,neutral,,0,0,0.0,lexicon
2f1c0107b745,GE,GE Aerospace sees engine maintenance demand hold up despite higher fuel prices - Reuters,https://news.google.com/rss/articles/CBMi2AFBVV95cUxNQnFwY1hydURFalBfZ08ybUkwUEc0OFhRbWZHT3dvRE4yX2xKSVFFSzlZbFdUOS1pelotTHZRcDVCeTBtS1hxdVJETVVUeWFpUGNPZnlpN3FLa0l5S292ZTVocDV6cDRwcXVlM3dUdmtBVDBjQjhsWUVTTWFoMXRLRTVyVkZ5RjRqSGpCcG96bnBOTklmRXpRNU1JNlJ5RXVXeklnVmtHbzkxNnlyVmd2Ym9Qd1d6US15amxLTERSVmtvOXFzb3lXQS1NaU5MSG9pRmxpaWJiTGc?oc=5,Reuters,2026-05-27 17:58:02,False,neutral,,0,0,0.0,lexicon
5844278d9864,GM,Top Free Cash Flow Stocks For Enduring Market Volatility - Seeking Alpha,https://news.google.com/rss/articles/CBMingFBVV95cUxQTkVwNTFLeVBDakk2OGgtQXlFTDZxem0zbGZ0MkMydTN5ZjVXMktjcktlNldZRUpzRE94STBqTWo2eURkaWV6WTZncjd1SXJnTDhvcEpyblpXaW9LVFIydTdhdFRfVFZYTFRqTGplV0VWbDdxZXRTVkRfaTJaSEtoSFBnUlVNZUoxS3dkeG9RbzU1QUhWVFJtaEFrZHBaZw?oc=5,Seeking Alpha,2026-05-27 17:51:39,False,neutral,,0,0,0.0,lexicon
fbbe5abd2b22,CSCO,Why Arista Networks May Be More Than Just Another AI Trade,https://www.trefis.com/articles/600373/why-arista-networks-may-be-more-than-just-another-ai-trade/2026-05-27?.tsrc=rss,Yahoo,2026-05-27 17:43:59,False,neutral,,0,0,0.0,lexicon
0324c6d78e6b,NVDA,"No, Nvidia Is Not Cheap – Here’s Why (NASDAQ:NVDA) - Seeking Alpha",https://news.google.com/rss/articles/CBMifkFVX3lxTFB0NGQwXzlXU1VrZ2NKQ01lY1JPbEl1SmN5ZnVPRGs2ZXEtajR4enBlUUdQdm94ZEtMdkdJRXNHWmVPTGJ4WU80dnpZZEhXTkZ2b2xxYnl0dV80bk9HVDBEMnp1Y2gyeDhXWjUzSmgteFRxTDBJWHBaQkhCTUJCZw?oc=5,Seeking Alpha,2026-05-27 17:42:28,False,neutral,,0,0,0.0,lexicon
d9b592680369,MRK,Discover 3 Stocks That May Be Trading Below Their Estimated Value,https://finance.yahoo.com/markets/stocks/articles/discover-3-stocks-may-trading-173829330.html?.tsrc=rss,Yahoo,2026-05-27 17:38:29,False,neutral,,0,0,0.0,lexicon
c31c45671432,ABBV,Discover 3 Stocks That May Be Trading Below Their Estimated Value,https://finance.yahoo.com/markets/stocks/articles/discover-3-stocks-may-trading-173829330.html?.tsrc=rss,Yahoo,2026-05-27 17:38:29,False,neutral,,0,0,0.0,lexicon
bf2e529875d4,BAC,BofA CEO sees 15% growth in second-quarter trading revenue - Reuters,https://news.google.com/rss/articles/CBMiqgFBVV95cUxQVFBFTUQtZjN0NzBpX09tb203aFhQNjVtQ0VfM0M1MlZCLWp6UnFHX0lDLTNKMW90b29OVDJhdUNCdFJpS2d5MW9qd0xqYVRubEowb25LVEpsMzRyNGlhWV9ENXJVR1JVZDdzTWNtX0FBUmFvWFVRMHhkeHRfR0dxdkhLbURtV2EzMDJtNFhvV2NYWEo0d3gzSHlBTmR6ODU2SGJCZmtzSTZjUQ?oc=5,Reuters,2026-05-27 17:36:54,False,bullish,,0,1,1.0,lexicon
268744a1adb8,BA,Boeing increasing 737 production after consulting FAA - Reuters,https://news.google.com/rss/articles/CBMitwFBVV95cUxQWHIwRkhCU3hsdWRJbmRaWVpjNDFOZDRXVDJLS2REZVREelpIVk5SZUdxUVhuODlFd1dHTTM2dnhhVVBCdmQ0Z2NCY3BRNlFwRW05TlFZblZxbVdPUWhFRzNRZ2g1Sk1FZnkzOFVtakJXSXZmV0FnUWpxUlM5TmlwVGNrZGx5b2ZNOXQwSjZRcHdCLUFwb2VjQnBaNWg0QnNOeUQwUlNYLVh6Y3JQSkhqeWR0LVd4UlE?oc=5,Reuters,2026-05-27 17:35:51,False,neutral,,0,0,0.0,lexicon
fd6096d17422,UBER,Uber Stock Falls After $11.6 Billion Bid For Delivery Hero. Here's Why Analysts Say Deal Makes Sense. - Investor's Business Daily,https://news.google.com/rss/articles/CBMihwFBVV95cUxPaFI2U3NsUE10ZXVqOWE2bGljamlIeHNEckFQQXhTSHZ4Q0dfamllNDU4TWR6enFGQUVobnhPNHB4TGNZdlJlbWp2OW5jWUhhOTlmWkJlMFNIckhWQk8yNEt5S0ZKZl9EM0xZUXRnMEZFTTZISFYzYTEyQlIzT1pJeDdZZDFuYzg?oc=5,Investor's Business Daily,2026-05-27 17:35:00,False,neutral,,0,0,0.0,lexicon
7045d3bb511b,AMZN,Amazon Stock (AMZN): This Top Analyst Says AWS AI Growth Is Stronger Than Investors Realize - TipRanks,https://news.google.com/rss/articles/CBMiugFBVV95cUxNZUY2Q1dwaUZyTFNoSG5RaG1PWFVneFVzeEtRQXI0MXNBWS11TzdaNUkwSkR1c2VDNms1WTgzQy1Wa1BFUGx2TDVpOWJlWDVkVlRSa2FmMGFxSE1qNWRTSmdLMWRya0Mxa1FCRFVENE1sVjk4a2xreXVHcnBfVFFlc1duZHR6SWpVdXQ1djNwNHdOdmFEcWxaajhaUUMzM3RiLWRzSHRtd0FBNnJxYWs3emVLb2hySEw3VXc?oc=5,TipRanks,2026-05-27 17:31:20,False,bullish,,0,1,1.0,lexicon
c44350e9d077,BRK-B,Berkshire Hathaway Still Has Not Sold Its Bank of America Stake. Here's What That Tells Long-Term Investors. - The Motley Fool,https://news.google.com/rss/articles/CBMilwFBVV95cUxNUEoyUUdIbTNnN1FwQU1JQnhQeHZBU3lHamlydE5FZkprZU1DZzdzcVU0bzNFbmh3TzNBUXpkdmc2VDdJc3Z2RzZRUDh2cy01cWZ2N2g3aGtjOEo3bVlNTXBjYkQydzdEeThUTnlsZHF0SUh2ZUg0dHRFaldJMXQyMVQ2U01TbE1ia1M1TlBmZnAtNVhYbi1R?oc=5,The Motley Fool,2026-05-27 17:30:00,False,neutral,,0,0,0.0,lexicon
e822b583b655,F,"Ford, GM, Stellantis Join Crypto Firms In Trump-Era Bank Charter Push After Winning Preliminary FDIC Approval: Report",https://stocktwits.com/news-articles/markets/cryptocurrency/ford-gm-stellantis-join-crypto-firms-in-trump-era-bank-charter-push/cZgg0waRerZ?.tsrc=rss,Yahoo,2026-05-27 17:25:58,False,bullish,,0,1,1.0,lexicon
1761147c4798,GM,"Ford, GM, Stellantis Join Crypto Firms In Trump-Era Bank Charter Push After Winning Preliminary FDIC Approval: Report",https://stocktwits.com/news-articles/markets/cryptocurrency/ford-gm-stellantis-join-crypto-firms-in-trump-era-bank-charter-push/cZgg0waRerZ?.tsrc=rss,Yahoo,2026-05-27 17:25:58,False,bullish,,0,1,1.0,lexicon
c8a45bf91f79,PYPL,"Ford, GM, Stellantis Join Crypto Firms In Trump-Era Bank Charter Push After Winning Preliminary FDIC Approval: Report",https://stocktwits.com/news-articles/markets/cryptocurrency/ford-gm-stellantis-join-crypto-firms-in-trump-era-bank-charter-push/cZgg0waRerZ?.tsrc=rss,Yahoo,2026-05-27 17:25:58,False,bullish,,0,1,1.0,lexicon
d828dc429a43,WMT,Why Walmart’s Post-Earnings Dip Is A Diversification Play - Trefis,https://news.google.com/rss/articles/CBMitwFBVV95cUxOSFZWTGVuMDZPMFZQc015d216Tk9sbDZmZkRjZDFCQjVJTG1qRWt2Ukl3cEhBSXJCOGFBQXZXQzl4RTFCaUk4RzZreUNId2FDdFU3TDFQbkxtUXI0YnZ1OVMzaWI4ZkRhdlA1RlByRVNqaHpGY0NvcEZjTTJfR2J0ajhJQlF2WlBmWE80T05hUUFwem05aDllZFgtd1VKSU1pem10VG1fNEVjTHZkLWVVZURoand6ZlU?oc=5,Trefis,2026-05-27 17:24:33,False,neutral,,0,0,0.0,lexicon
3ebfc74c95ae,PYPL,PayPal's $1.5B Cost Reduction: Will It Drive Faster Growth?,https://finance.yahoo.com/markets/stocks/articles/paypals-1-5b-cost-reduction-172300777.html?.tsrc=rss,Yahoo,2026-05-27 17:23:00,False,bullish,,0,1,1.0,lexicon
85b18b6aa6d1,NVDA,Memory stocks can go higher but Nvidia may be a warning sign for Micron: Deepwater's Gene Munster - CNBC,https://news.google.com/rss/articles/CBMi1AFBVV95cUxPV0pCenZXekR0Rm8yc0ZaNjhPTnM5blZEVlhRYzZuMXlKczdNWUctdEhmSUxtRGhNV1VjMVhDUFFYSV9TaEJqZzAtUGJxSmd1UFhWZWhDTGd0NTVncHoxWjhSb3Yyd0ZPOUJOZUZTeHFmT2JXQ0FpbUs5YndyVTFQb2Q0SVEtbzBISVF5ck9LVGM4ZThjcUFvQUdwZUllUzhSZnkya2pqWi0tNXRXRTVWSUZjd3NvS2hvczZnZFNfNUVXbWVJSDlQQTdlaDhNSlFLNmtubA?oc=5,CNBC,2026-05-27 17:20:00,False,bearish,,0,-1,-1.0,lexicon
c804c2d94a1a,MS,Morgan Stanley lowers Pinduoduo stock price target on earnings miss - Investing.com,https://news.google.com/rss/articles/CBMixgFBVV95cUxQM1RhLTdiUjhCbUNBaExhM1dsOWhyR2pYdG1YVkF6UVJWTTVXNnE1SnMtNGUxU0lycDBMMm9QTHFJYUxTbkpZSTNKazNWcVJ5eDRKa3c2di1mTkNPMFoxOGtmNElQZ0VJRTJ2VjFRMjVOQWdkZnQxZmRpN204RzN4NG13QTJnTVItcU5sdll3XzNnUURsMTEzc3UxTktHQnhKOHVFdEw4b2FwRF9CR2tVZXU2eFJxcDlBVVdURVEtTXdoeGhueWc?oc=5,Investing.com,2026-05-27 17:11:45,False,bearish,,0,-1,-1.0,lexicon
b943fa4eba34,MCD,McDonald's unveils 2026 FIFA World Cup Happy Meal,https://www.thestreet.com/entertainment/mcdonalds-unveils-2026-fifa-world-cup-happy-meal-squishmallows?.tsrc=rss,Yahoo,2026-05-27 17:07:00,False,neutral,,0,0,0.0,lexicon
cdc36a00cd36,SBUX,Starbucks South Korea Backlash Tests International Growth And Governance Controls,https://finance.yahoo.com/markets/stocks/articles/starbucks-south-korea-backlash-tests-170312108.html?.tsrc=rss,Yahoo,2026-05-27 17:03:12,False,bullish,,0,1,1.0,lexicon
c2b5632c00cd,AAPL,This One Decision Could Make or Break Apple Stock - Yahoo Finance,https://news.google.com/rss/articles/CBMimwFBVV95cUxNYVU5VGJOVmp6UlNoWVgxOGx5NFo4UFc5V3UzbmZxcDZ0WmlCRE1rbkFENXhjT3Q5bDJLZGpvWWRsdFhLOVI4ZWlPR2lPVWYtYTRUY25FSUU2czM3Y0hyU1JhVGpXbzhTOWpQdmV0eEZlTGVMbEp1NWhWOVYwMVdtYVFmRlVTbmlobU9oZTEtbDh5LXNvUlhOc0Z5WQ?oc=5,Yahoo Finance,2026-05-27 16:56:50,False,neutral,,0,0,0.0,lexicon
0f20e38de15b,UNH,Berkshire Hathaway Still Has Not Sold Its Bank of America Stake. Here's What That Tells Long-Term Investors.,https://www.fool.com/investing/2026/05/27/berkshire-hathaway-still-has-not-sold-its-bank-of/?.tsrc=rss,Yahoo,2026-05-27 16:50:00,False,neutral,,0,0,0.0,lexicon
6d60b38a87da,BRK-B,Berkshire Hathaway Still Has Not Sold Its Bank of America Stake. Here's What That Tells Long-Term Investors. - Yahoo Finance,https://news.google.com/rss/articles/CBMinwFBVV95cUxOSl95dWV2eHZ5RmFkR2RHUTVlbGh3YzhVR0xnam1lM25aMGl4S01ELWxoYkhiMkV2bnZlRU00OXVBMDB4X3ktaXZZby1raElpYVNfbS1BM1hnT1ZtaVNXb3dFNFdlOFExUEo4N1RkVzhSWXJoX0lxOGcxajZ1WWRDUFZvenNSbTM1Q2tIUGdITi14Y3ViMEtNUXd3OV9nYUk?oc=5,Yahoo Finance,2026-05-27 16:50:00,False,neutral,,0,0,0.0,lexicon
8c408c9061b1,GE,Seaport says GE Aerospace selloff is a buying opportunity,https://finance.yahoo.com/markets/stocks/articles/seaport-says-ge-aerospace-selloff-164909616.html?.tsrc=rss,Yahoo,2026-05-27 16:49:09,False,bearish,,0,-1,-1.0,lexicon
5c256c30dcc0,MS,AppLovin Stock Is Having a Bad Year. Why It’s Today’s Top Performer in the S&P 500. - Barron's,https://news.google.com/rss/articles/CBMie0FVX3lxTE9yQmZNZEhZMGtGQ0V4bDBOSFd3LUxjZDhIRmwyR09IWDE1R1g5bEVpQUNseTFhSnF6aFkweXlXQzlFaWZTX2JEQmV0bjQ3MDhDa21Ra0VSbEV2VlM4M3dLV1IwQXAyWEZEMHJ6UTZOZGRsV2Q1YWJ4QVh2OA?oc=5,Barron's,2026-05-27 16:47:00,False,neutral,,0,0,0.0,lexicon
1e31a42f51d8,QCOM,Qualcomm's TikTok AI Chip Deal Rewrites the Rules - MarketBeat,https://news.google.com/rss/articles/CBMijwFBVV95cUxQVjNPVzB2SHhYci0tVWtueEtZbndFYUhoV1RsYmJabTI1b1FERFZvQ25EaTU2b1hWZ2IyeVd1cS1qajhyaEJNblp5aUJtS2pnb0h4VnJBZ3lUZXd1OWVWSUM1WGhBaEZnbkxEVXNqOWEtV3JWNWFLZ0c0c0tFbldtQU5WeHdXRlhEMEpPZUc5dw?oc=5,MarketBeat,2026-05-27 16:43:14,False,bullish,,0,1,1.0,lexicon
6f5cffbabc5a,AMD,"AMD Stock At $500: AI Upside, With One Big Caveat - Trefis",https://news.google.com/rss/articles/CBMiqgFBVV95cUxOXzRrMXdrM3lXMmVSbTFhckpLWm1yMGFrR3ZHV2JhZE44ZTlPNDhoQWsxRkw0clZ3M0tYSjJPU2JOWUZwaHNGMHJ3ajAydUN0YmxxLW0yS0doQ2tLa3dpRnFxV2I3NXBFczhIX3lqRUVzTDV6bFYwZU9yMkF6QWhCcUdiZ25fNXdiNXEtTThsNnhkUERZREJ0am96SG5PNGtlbUFKaW9NQzRJQQ?oc=5,Trefis,2026-05-27 16:42:19,False,neutral,,0,0,0.0,lexicon
09899cf94982,QCOM,What Is Going On With Qualcomm Stock On Wednesday? - Qualcomm (NASDAQ:QCOM) - Benzinga,https://news.google.com/rss/articles/CBMipAFBVV95cUxPVDh4WUpTNkQyUmx1S3hLVWU3MGk2Y0pGUjJsWXBXSUtmNzRCWHJlMTVaRy1YZHBRbno4akNhcjYtOVNCQ21BcnBsaUFfczI1MXhLcUxtTnFPN2dVSmVIOXZhb1J3aDlrWEY1ekdNVHRUVFN6NlVCYjJDRW53dkJtbUR6dVN6MnVZSThNT0dla253cVZfU1BzaXN6SkJsTk96TkI0SA?oc=5,Benzinga,2026-05-27 16:36:39,False,neutral,,0,0,0.0,lexicon
5c85c5cb15ed,BLK,$1.29B bitcoin dark pool trade: What to know,https://finance.yahoo.com/video/129b-bitcoin-dark-pool-trade-what-to-know-163306835.html?.tsrc=rss,Yahoo,2026-05-27 16:33:06,False,neutral,,0,0,0.0,lexicon
9270badd7df0,MRK,How Did AbbVie's Oncology Portfolio Perform in Q1 Despite Headwinds?,https://finance.yahoo.com/sectors/healthcare/articles/did-abbvies-oncology-portfolio-perform-162100653.html?.tsrc=rss,Yahoo,2026-05-27 16:21:00,False,neutral,,0,0,0.0,lexicon
2e510dc9bd2c,ABBV,How Did AbbVie's Oncology Portfolio Perform in Q1 Despite Headwinds?,https://finance.yahoo.com/sectors/healthcare/articles/did-abbvies-oncology-portfolio-perform-162100653.html?.tsrc=rss,Yahoo,2026-05-27 16:21:00,False,neutral,,0,0,0.0,lexicon
17c8d7e90697,ADBE,Adobe vs. Autodesk: Which Creative Software Stock Is the Better Buy?,https://finance.yahoo.com/markets/stocks/articles/adobe-vs-autodesk-creative-software-162000546.html?.tsrc=rss,Yahoo,2026-05-27 16:20:00,False,neutral,,0,0,0.0,lexicon
a5e51e680117,AVGO,"Broadcom Stock Is Ready To Buy, But There's A Catch - Investor's Business Daily",https://news.google.com/rss/articles/CBMif0FVX3lxTE5DYzZTa2d5Nk8xMVRVWVhzdkc5Q1RhWEN6cFhFbnB3bE8zWUk4MnRPRElxNnU1UjU3dVpmV1l4c0ZEajdwZ1hYUmhUTDJaSm9GVVhMc3pwTmdIczNSREFNcjFMN20tUTJRV1BrSGZ5YWxwYkZGMjdTUVdLajZTZk0?oc=5,Investor's Business Daily,2026-05-27 16:16:00,False,neutral,,0,0,0.0,lexicon
73615c62350b,BA,"Midday Need to Know: Oil price falls, Boeing stock rises & more (SPY:NYSEARCA) - Seeking Alpha",https://news.google.com/rss/articles/CBMingFBVV95cUxNaUx2dV9RNGlfWFd2YnkzWXRVekdXS3VHbkJUZDdNLXl3UGxXRmN0UHJSLUVVRmhfRXhBYUoweTJVdjdkYWtWakF6Ym03M3RSTnJQcjIwTkpsV3VDU2s4YW9tcWEtOVdXSzVDTGZTSUxqVk5LczBFTXJIS01kb01ZeElYcFRJQkNmdV92ci1sOXByZlRBdG5OZWxkbV8yQQ?oc=5,Seeking Alpha,2026-05-27 16:15:37,False,neutral,,0,0,0.0,lexicon
ea384741d976,BAC,Bank of America Says Nvidia Is Still the Top AI Compute Stock to Buy Despite YTD Underperformance. Here’s Why. - Barchart.com,https://news.google.com/rss/articles/CBMi5gFBVV95cUxQak5fOEJjdDZoRHVDUEl0U0FUX2RwU3ctZ2NlbnVoOFlwVmpDam9rNzhXUERmb0J3aTFIcU02UU5zV3JlZ21xdVNUY0Z2SHdNeGYyd3Z3MmlYcHpSM2RoYlMxSFlhYzgyVVVlZWVNaUFFanVFY2pwdk8xTThYRHBNRWQ5Uk9ZSU93OGpfc0RuaGw4eDZDTDVDb21PUHZXLVR0WFMtbGREZkFCMGkwdUpIc19UOERVZXUwRlA3SWlPekttbjVPYzRkeXhkZ3RJSjhVRUtNY1VRRmpHem8xQUI1QTV0bmpqQQ?oc=5,Barchart.com,2026-05-27 16:15:01,False,neutral,,0,0,0.0,lexicon
184e40424669,AMZN,Several Billionaires Just Loaded Up on Amazon Stock - The Motley Fool,https://news.google.com/rss/articles/CBMikgFBVV95cUxNQWVMaFdLNFZwejFrenV5WkVKMUl0NHh1SlUtSkF4Q0tKVVBNd0YzXzhTeWgxeXF3RUtxQm1JNjF1U2pTS193YmFkUWlDX096WGMxRE55OS1OcmtXRDh0Y3ppT3pIWmY1QXl4Y3l6MHVsTVFMR05jdHBfQ1o0SU83VXRUeW5wM1pKUWRMY1FJVmZOdw?oc=5,The Motley Fool,2026-05-27 16:15:00,False,neutral,,0,0,0.0,lexicon
669712536b4d,AAPL,"Apple (AAPL) Stock Quotes, Company News And Chart Analysis - Investor's Business Daily",https://news.google.com/rss/articles/CBMimAFBVV95cUxPSGNhelByVDlqTl9VZWRUUDhacVp6bW9OSGJIM3VGRUllM1ZYVU5zUlU2MWwwNU8zVEZoTjlKN2JTZTc1U3RuSGtCazlYV05hZDkwQTNTSE9penJ1MGJ4QzY5VXlCQ1d5VTlXelF1anVuM2pJTEFRWjZHRkswbDFrbzViNkVVSzh3THZpX2NHWXNkR3RzcVNqMA?oc=5,Investor's Business Daily,2026-05-27 16:06:00,False,neutral,,0,0,0.0,lexicon
f8edaa4a24c3,LLY,Eli Lilly Stock (LLY) Gets a Price Target Boost as Weight-Loss Drug Sales Accelerate - TipRanks,https://news.google.com/rss/articles/CBMisgFBVV95cUxQdHU1ZU11blhtaTJiZ1FCd09rdlBZTkNKeDlXcWQ4anluaFdPdEtpaHR6U041SnkzYXlxcnJLaGVoQUU2dWw5SV83RTVTcE10TTItbHdDTnlYRjBTZW9qNDV0ekpLeW5HRTlkbElGUERLbUgwSTJYdlhPaWFqOW1xbFV4VmhjV2FxVkVoN2I5MkVDc2Flazd4NjVzRkRmcWJwNzRvZEpmQWJIVm9UR3FGSm9B?oc=5,TipRanks,2026-05-27 16:01:10,False,neutral,,0,0,0.0,lexicon
f2679d8f34e6,CSCO,Are You Looking for a Top Momentum Pick? Why Cisco Systems (CSCO) is a Great Choice,https://finance.yahoo.com/markets/stocks/articles/looking-top-momentum-pick-why-160002893.html?.tsrc=rss,Yahoo,2026-05-27 16:00:02,False,neutral,,0,0,0.0,lexicon
b1c2e18a0102,AXP,Can Visa's New PingPong Deal Unlock B2B Payment Growth?,https://finance.yahoo.com/markets/stocks/articles/visas-pingpong-deal-unlock-b2b-155900709.html?.tsrc=rss,Yahoo,2026-05-27 15:59:00,False,bullish,,0,2,2.0,lexicon
41949312c86b,V,Can Visa's New PingPong Deal Unlock B2B Payment Growth? - Yahoo Finance,https://news.google.com/rss/articles/CBMimwFBVV95cUxNNXkxS2hQT1JjM3g4cmdCSEVIajVLWFVLT2t5RGlBWV9VdUdwY0FCM2o4MktTUkNlbGoyQ1BSajA1cmRtV2IxMUhOSy1EbnFXZEdSV2hBTS1PQkx4X2ZtTWRQVUJaal93ZDhWQnFkY2JzSlUwRThZQUlfWVV6X1FRQndOcVlwR2Q1VVdFeVBPU1hTR1pEUUROczMxNA?oc=5,Yahoo Finance,2026-05-27 15:59:00,False,bullish,,0,2,2.0,lexicon
3e40867d22aa,GM,"General Motors Selects Pinnacle Intelligence for BDC Services, Supporting Its Integrated AI-Enabled Approach",https://finance.yahoo.com/sectors/technology/articles/general-motors-selects-pinnacle-intelligence-155400444.html?.tsrc=rss,Yahoo,2026-05-27 15:54:00,False,neutral,,0,0,0.0,lexicon
ee149c2129e2,COST,Costco Stock Pulls Back from Record Before Earnings - Schaeffer's Investment Research,https://news.google.com/rss/articles/CBMitAFBVV95cUxPa2R4cUYtb1ZMTHM1T3pTYTh4NjFIRTM0WjB5YlIzSTNFZjZKb0plc0l3ajFLX1FqVUFBMWtCV2MxcXM4RDdaRDZUeG5yN2YxZVpZTjhUaEV2eU9iRXpXQ2FzakRyNS1MVzVySUpJdHpucVgtWW92ZHByZDVTRWxFcU53U3JDaU5DSmQ5NDdraGhJNk9zS0lJNzNsT3Q2ck5XeUprZlZUSVU4UDJiNUsxdTRHNVk?oc=5,Schaeffer's Investment Research,2026-05-27 15:53:16,False,bullish,,0,1,1.0,lexicon
3a9709144ea8,GM,GM jumps 5.3% as investors focus on capital returns and recent positive updates; single-day catalyst unclear - Quiver Quantitative,https://news.google.com/rss/articles/CBMi3gFBVV95cUxNaENOZmZIRlAtcmlwcXhuWVdZSF9aSFdMeE05QUQ1UGQ1bEFPcEpKTUdyMEExb1J0aUpjdmpzODBaWWZNX244UE96Um9MTjVDZDJFd09kckpQY1hPdlNINHllUExCV2Rrb2pHaWVoWXY4bG1ZcHJNZWZXdTlldl9YTURhcmduSHZGUEh4YUFIVnltM0h4MGVzOW92Y0h1SFF2bE9remgydmUyUUNodDVQVTY4UDBEVzJQbzVfNWcta3M0RXh1eUl0Ukl5Rm03RWVtOTcySWx0c0VnQjRNYWc?oc=5,Quiver Quantitative,2026-05-27 15:50:00,False,bullish,,0,1,1.0,lexicon
44deca31ada4,TMO,[144] THERMO FISHER SCIENTIFIC INC. SEC Filing - Stock Titan,https://news.google.com/rss/articles/CBMipwFBVV95cUxNUy1kaEJPamVvT2JCYUowaE5UTlpKeUFORjAzMXBFdjlzX2hfQVVMbDRqRWttQzkxWDkxZUFMNG5GcXNPQ01FbGpxekl4SjVLcjc1c2tzeTRBZ0ZCamJPRkZtNWgzSHRfa0tsbVpPTGo2Y25oWGx1UzkxWjNJeG5wUnJ5cFVOWmUzNUsySTMxWFp0MmliOS1KWlpLdnJmanpJUEIzbXgzNA?oc=5,Stock Titan,2026-05-27 15:41:05,False,neutral,,0,0,0.0,lexicon
abe7e1229b13,AXP,VIRT vs. AXP: Which Stock Is the Better Value Option?,https://finance.yahoo.com/markets/stocks/articles/virt-vs-axp-stock-better-154004959.html?.tsrc=rss,Yahoo,2026-05-27 15:40:04,False,neutral,,0,0,0.0,lexicon
4cad922f997f,AXP,VIRT vs. AXP: Which Stock Is the Better Value Option? - Yahoo Finance,https://news.google.com/rss/articles/CBMikwFBVV95cUxNT0YyLXVqODdIZlM0X2hDMXZwX2dpWVRiSlZIbmNBN01nb1FkMGptWDJJM3VKaXIyUy1YLXZzaWlIUlUwalVCNl9LVmdxX0x4emdHS2ZYenI2RF8xQk5kaE1nTDR3UW56aEpXeHo4UVZTX1VhaUhGX2l2RWhELUdyMzh3ZTJORzI4dFlTS0hhOERHYlk?oc=5,Yahoo Finance,2026-05-27 15:40:04,False,neutral,,0,0,0.0,lexicon
21687e4449fb,AMZN,Several Billionaires Just Loaded Up on Amazon Stock - Yahoo Finance,https://news.google.com/rss/articles/CBMipwFBVV95cUxNdi1ra052VVM1MjBvaV9hMmpOYUM5YzR4Q1RFUGxRV0I4NW43Qk5rdHd2UmpfNUdKSzkzSDBoTjB3dGtwSEJ1QVhuQy1aQkVrbEZVMXFpcnhaZnlfSnFMTEo1OWEtbmltNUxub3JNd1BwOVFuMVBIOTk1THF2V1pySmtjRFlmQm9VWDYySUFhMnRORmhTMzVhVGFwRnJwdUttOFRuR1N3OA?oc=5,Yahoo Finance,2026-05-27 15:35:00,False,neutral,,0,0,0.0,lexicon
e80b059b28fe,MU,Micron investors are partying like it’s 1987. Analysts say the stock still looks pretty cheap. - MarketWatch,https://news.google.com/rss/articles/CBMiwwFBVV95cUxOaV9BbkMzRFBza01QdHVSRWpfeWVnaXB0TDlBX080M0hLRXZkVk10NlFoN3BvY3pUSVltTlpJX3RIa0trOWhGcWhLbEE5cFFsRGd1QWRYdFVjcV80Wm9TcUZRbXdEZ1R0UFRhZUR5dHB5c2NDbnJYeWhCQmdTMmduQ003bUtvQktnejBFVG9Ia0lhaVFrX0ZoblVBMGZsajJBYVVxMWtYdV9oV2FuVmV2aTFRUTVocDdEQThIRFluQXRfLWs?oc=5,MarketWatch,2026-05-27 15:34:00,False,neutral,,0,0,0.0,lexicon
bd40cb7ea1a1,INTC,Why Intel Stock Dropped Today - The Motley Fool,https://news.google.com/rss/articles/CBMifEFVX3lxTE5HMnZmZDRNcjNuS0x1c0lHS3VkdWtJbnNsS05YQzAxY1BBaFc2b0IxSHBjWFhEcm96dDZET2dRaGdyZ1lQaGZKVEY3ZloyaFZFWElyZmVBZUFZS3B1Y2JkQ0tvVUlxak9LRWhnTGFCYTJsLXU0YWsxSzFwRFU?oc=5,The Motley Fool,2026-05-27 15:33:00,False,neutral,,0,0,0.0,lexicon
071ee97d4d4f,DIS,Montera Infrastructure Promotes Tricia Arneson to Chief Operating Officer,https://finance.yahoo.com/sectors/technology/articles/montera-infrastructure-promotes-tricia-arneson-153200678.html?.tsrc=rss,Yahoo,2026-05-27 15:32:00,False,neutral,,0,0,0.0,lexicon
db9928488cbe,NFLX,Hims Insider Makes First Stock Purchase Since 2021 Amid Weight-Loss Drug Pivot,https://finance.yahoo.com/m/6e1c92f4-5c88-3736-8559-6287d0d1bafd/hims-insider-makes-first.html?.tsrc=rss,Yahoo,2026-05-27 15:32:00,False,bearish,,0,-1,-1.0,lexicon
91bb6535a5e7,QCOM,"Qualcomm, Wolfspeed lead chip decliners as sector slips ahead of Marvell's results (QCOM:NASDAQ) - Seeking Alpha",https://news.google.com/rss/articles/CBMiugFBVV95cUxPV0t6WUYyZ1JDenZ3Ml9aVjJPQWdSd0UzWWdiM09zNDIxU0N5VGc1TmxSbWR3VXZpdjh6cGFkY21EWjV5ZXR0THF1bmpfaFpNTHNqYXEwZzZNbmtMQVJQeU53S2g2VmRHb0dxQU1KYUdYbUtkeW1VVnlmMWh1bkdYUGlETGlFcVE1T3lCdnA1XzUyUU9lRjJSUVVsc2FLZmp1aFpWLUdSVHVHT1cyRk1QZGVGMDJHdlpsaEE?oc=5,Seeking Alpha,2026-05-27 15:29:47,False,neutral,,0,0,0.0,lexicon
a6887ef35759,WMT,"After Earnings, Is Walmart Stock a Buy, a Sell, or Fairly Valued? - Morningstar",https://news.google.com/rss/articles/CBMimwFBVV95cUxOenhBNGxuWThJMXlGQzJIWjZYc0xwV1hoT2V1XzlRVWZvTjEzbV82bEVoMVdyWFFYajMyc2JadUZlTmZmbFNuU2owSE1pdDhWcVhIZS1maDNsbVh3anIybjVxV0JNNFBiU282RC1SeGlHMllsb0FmTDFBOTlDMGREQ1pQcFEtSW5kOHEybGU4QlVHc1I2NjRKMWUxTQ?oc=5,Morningstar,2026-05-27 15:29:40,False,neutral,,0,0,0.0,lexicon
955d93f704b1,V,VISA INC. (V) - MSN,https://news.google.com/rss/articles/CBMigAFBVV95cUxOaFVWOU9VaG1yXzE1d3FxaWI5eVV4T09lWWROUm9xaTduX1Q1eldURFlTdW81a0RDYlhubmViSUdSdURLWHl6QkJfcWhadGtmb3hzYVlfb3A5T05QbnF6Y20zb3JCa1YxbW9qcl9RMEhnRnFHeFB1RVNCTmJJMmQwZg?oc=5,MSN,2026-05-27 15:28:38,False,neutral,,0,0,0.0,lexicon
4f0fc715bc3e,F,Ford Stock Sees Continued Strength Wednesday: What's Happening? - Benzinga,https://news.google.com/rss/articles/CBMivgFBVV95cUxQTGZrN1NWcFRZMTZfX182bzV1NFRfRk9aWDdRSGRYdDdFalVhYm9BcF90OE1BOXB1cHhpMTg5ckQ0MC0yXzF2MTZHcWxMRG94eVJ2T0VGTVBFZ1pEQjh5SGYwWElQa2I2Tlp5aWdzRnh3ZTJpVHhsZkRuYVBnTGJ5c3NqM1dTSFdoRTEtVldUazJQRnZHNjVzc09PNzhGUGJfMU1kb29semVhWk94dWEwSXh4ckdaWWdZYk5JOFpR?oc=5,Benzinga,2026-05-27 15:26:52,False,neutral,,0,0,0.0,lexicon
5ca699b0b272,GE,GE Vernova shares fall after CEO expresses caution on data centers - Investing.com,https://news.google.com/rss/articles/CBMixwFBVV95cUxQZlhzaWRnb1ViMjVDNjBZRjdUeVBVUDc5dTh3WHpyVWFUd1FfZUNfV1FLZjZZTlhXT2ZSWDlNaUNMTWoxbmZkVS11d3V2MS1wZTlaTGxzM1VOa1BQWHNhZjRVeW5Bcjd1UnJCaGt2Z045VWpWQVZCTW5JejZvRWpzOXN4WHV1QjFRakVCWlo4dTJXTGo0Q0FSQU1DVUhnT2g3SzNlZkg0aUo1RGV3anVXanBicmRMaGpCdThibkxZbGNnRDNBdnJ3?oc=5,Investing.com,2026-05-27 15:23:58,False,bearish,,0,-1,-1.0,lexicon
6c24976a4de1,AXP,American Express (AXP) Stock Price Quote Today & Current Price Chart - Capital.com,https://news.google.com/rss/articles/CBMifEFVX3lxTFBqU0F4b2I5S2RteTNhY1dXN0p3b0txLWIxTjRBa2xMQWpSazR4RkJwY1gzU0lXSG5lQUxsbmlISVRHU0ZySkRIdy1ES2RPYTRmMFhOc3c0U05VdFdhOUFVdXgxWmZkWFFSWnEzSDhab25FV1hCdHVIZmdxWTk?oc=5,Capital.com,2026-05-27 15:08:30,False,neutral,,0,0,0.0,lexicon
adc54df65463,ADBE,"$20+ Bn AI Voice Generator Market by Voice Generation Platform, Technology, Application - Global Forecast to 2031 with Google, Microsoft, IBM, AWS, Adobe, NVIDIA, Meta, OpenAI Leading",https://finance.yahoo.com/sectors/technology/articles/20-bn-ai-voice-generator-150400676.html?.tsrc=rss,Yahoo,2026-05-27 15:04:00,False,neutral,,0,0,0.0,lexicon
33f3d5e33eab,PEP,"As Amazon And Others Turn To AI Hiring Tools, PepsiCo Doubles Down On 'Hustle' And Curiosity",https://finance.yahoo.com/sectors/technology/articles/amazon-others-turn-ai-hiring-150107849.html?.tsrc=rss,Yahoo,2026-05-27 15:01:07,False,neutral,,0,0,0.0,lexicon
fd67b9a81754,INTC,"Dear Intel Stock Fans, Mark Your Calendars for June 2 - Barchart.com",https://news.google.com/rss/articles/CBMinAFBVV95cUxNNWppcXV5T2Y0XzBQVGF5eXFCOWJidjBqbDE3OV9VSG1UWHBLYVZtQ290QWxpWDd5Zm9pemlFS2ZrbGF2TmV6LTF0LWNJRkJhSnhVREVFNjBla0UwYU9LUkVBMjkxenR1X3hLNk9ZOGw5NWRyeWtjSUVQMzE2R3FWR3B0UmRPRDYtS3Z0dXZHMktiV3ZVUW0yT0hUdWY?oc=5,Barchart.com,2026-05-27 14:57:40,False,neutral,,0,0,0.0,lexicon
cdfde01ff055,CVX,"Chevron vote: 97% back board, 9% back Indigenous rights report - Stock Titan",https://news.google.com/rss/articles/CBMilwFBVV95cUxPM0UzTFBudVRkNktYaU9TaXZ1UXlNT0pJYnk4UDg5QkZVTGsxU2oyNTNIdGtUWTBQQWpvZ2J4S29EejdTd0ZoM3RMRDJLR0NveGxMczFoSjBGcUpGV0trT2RNcUtLRjdObU1SUGltaWJtNXBkUkpud1JSV2hyd25zLVljcWJEVnZIMHlEU0JZdjZTQkxENTFz?oc=5,Stock Titan,2026-05-27 14:50:00,False,neutral,,0,0,0.0,lexicon
40616298d8b8,NVDA,Why Nvidia stock is down around 2% on Wednesday - TradingView,https://news.google.com/rss/articles/CBMipgFBVV95cUxOdjR4OExVdjlNb3p2aklZV251UTVaNWg2elU4UWpzcEJyaFVmeWR2LXZmcGg4VF80U1U4Sm5XUzU0T1RVY09rM2lJLWQ0VUNqYkRrZV9fa0hBbGJMUmp2T0tTNUZvZWpRV2N5dk4teFRCOXBtc0Q0VVJuYk1vVEZTeGJNOHZGS1M0WXVMeHhjZWxJd09tY0hsQUEzY2VrcjJMMkVjSVZB?oc=5,TradingView,2026-05-27 14:47:55,False,neutral,,0,0,0.0,lexicon
40c05ca8a351,COST,Costco Fell 8% This Week. Here’s How Much the Stock Could Rise in 2026 - TIKR.com,https://news.google.com/rss/articles/CBMimAFBVV95cUxPdGJzSFFvME5yWlBJelZ2RWh3X1V3NzlFcmE3YktOMXJLZXQxRkZYMHBNVVFiQ0U5Qm5rYzNvQnBXeDBHZVRRVkg2RmVWNTI0VWJCSmFiMTFZaEUtZGJaSlQwZzhRNF9TaDkzcXU4aGlRSWpyU29QTFpRTFA1MHNBdnRyQ0MxMlhhVElBQkQxek1BZHB0SVAyYw?oc=5,TIKR.com,2026-05-27 14:44:23,False,bullish,,0,1,1.0,lexicon
b9caa3e56ed6,PFE,UBS maintains Pfizer stock rating ahead of cancer drug trial results - Investing.com,https://news.google.com/rss/articles/CBMixwFBVV95cUxPVlk4ZGRxb0JHZVNoajNoWXdFcHhpLV9fNE9sZWgyRWMtSjZRaUhSOEZYX3ljc3RsVXQ3U1Fzby1Vc3ZfNDExajhpanRNNW92c1Noam90Wm14QmFzazdrRmZyQnR2VU96eXcwRnd5Z3hhYXJHQ2RjMUcxWW55SDFmZkJndUdJNGJPcUNVN3g1VVI4SWxEWlhlTWNBYjNMbGRHMGpaa0RadXAxRjJSZGNZd0NZU2ZIaElVbEdRY0NPblQxV3dUcXFR?oc=5,Investing.com,2026-05-27 14:39:00,False,neutral,,0,0,0.0,lexicon
46a6db2a8423,WFC,WFC Stock Slips Nearly 17% YTD: Temporary Setback or Warning Sign?,https://finance.yahoo.com/markets/stocks/articles/wfc-stock-slips-nearly-17-143700980.html?.tsrc=rss,Yahoo,2026-05-27 14:37:00,False,bearish,,0,-1,-1.0,lexicon
b99a6c881b5c,WFC,WFC Stock Slips Nearly 17% YTD: Temporary Setback or Warning Sign? - TradingView,https://news.google.com/rss/articles/CBMiuwFBVV95cUxPYUg5ZnhVVmFNSUNDeHZNbktGclNPRDVadXRSRTlhSF95WWRDRmhFaXNRRWo3aUlCd005dmp6OXJrLUNnRzFUemxnNGxEcFljQ2VJSTByakxHOGMxUWtucE4zUXRrTUlBZjZhdmk4elJ6WmdQSVJfWXR0Q244UmhhR01UWExZVVhCREhSNFdGM19YVlB4WUtEUzE5UFN6c1NiTlZCWXlXQ2dyQUJNOW8yVXJ5aG1lZjRscTNj?oc=5,TradingView,2026-05-27 14:37:00,False,bearish,,0,-1,-1.0,lexicon
794e1c8b6515,CSCO,Forget Cisco: Nokia Is the AI Networking Stock Nobody’s Watching - 24/7 Wall St.,https://news.google.com/rss/articles/CBMiqgFBVV95cUxOaWVlbGdlM0k0SXhYY1dENW9vWWdoWVFEWkpheXkzV0FGZTRaOExaOHZOVmJ2UWE1MlZlMGJYdGE5LUxhZmNXRUNrT1JVQWJ1RWNhQl8wcEtYV0xWdUxQbW90NTJwSzVMSzBWOFg4SlFiMXBXQVpVSTBzajNvWm5FR0lKRHg2R3F3aHRvQktvMVBGaVpDQm5yZUJ0NEdELVBDbUdNMnNBdkV1QQ?oc=5,24/7 Wall St.,2026-05-27 14:35:14,False,neutral,,0,0,0.0,lexicon
ce8193970263,CSCO,Forget Cisco: Nokia Is the AI Networking Stock Nobody’s Watching,https://247wallst.com/investing/2026/05/27/forget-cisco-nokia-is-the-ai-networking-stock-nobodys-watching/?.tsrc=rss,Yahoo,2026-05-27 14:35:14,False,neutral,,0,0,0.0,lexicon
07e5876fe21f,NFLX,Ellison Privately Vows to Limit Enlarged Paramount’s Debt,https://finance.yahoo.com/markets/stocks/articles/ellison-privately-vows-keep-enlarged-110000469.html?.tsrc=rss,Yahoo,2026-05-27 14:28:17,False,neutral,,0,0,0.0,lexicon
806162fb84f1,NFLX,Netflix vs. Apple: Which Streaming Giant Is the Better Buy Right Now?,https://finance.yahoo.com/markets/stocks/articles/netflix-vs-apple-streaming-giant-142300784.html?.tsrc=rss,Yahoo,2026-05-27 14:23:00,False,neutral,,0,0,0.0,lexicon
0bf93c7c61d9,AVGO,How Traders Can Play Broadcom Stock’s Bull Run With Less Upfront Money - Barchart.com,https://news.google.com/rss/articles/CBMiswFBVV95cUxNNE1VX014M2x1WFR5UVNibjBpWW5NSUFvcl9UdG9uNDgzaVVUMll6UlBsQS1CUE5kVUdIMWhTZ1hUWGpZbXFkTERyaHRidFVtMEVVVkRzYVltLW9xTnB6SVh0RHVzdHhfOFoyN2d0dGtKSkdoMDFlVVpzRkdxUDZYN1I1TkVwNThvNk9KOV9SSUs1VVNyXzcyWE1qRjVaNWg3dXcwaHBwWmJfUlJMNEQtR1pjQQ?oc=5,Barchart.com,2026-05-27 14:22:17,False,neutral,,0,0,0.0,lexicon
922899ab7fa1,QCOM,Qualcomm Inc Stock (QCOM) Moved Down by 7.03% on May 27: What Investors Need To Know - TradingKey,https://news.google.com/rss/articles/CBMiiwFBVV95cUxOczFJZFo1aUZ2bmxfWG15Rl9uTXpUNmxsbnQySTFkdHpub0ZHSTdiODg0LTNDN2VpbjBRaTRldmc0bFlROTZhdjFNWlBEVjQ2OU9xZGstNnVrUjBLOTFjVGVXMGl1N0JoQjJBWnFCeDNjb3dkN1Nmc05yWGhlOURhaGtDZHl0WHlPcUVv?oc=5,TradingKey,2026-05-27 14:15:37,False,neutral,,0,0,0.0,lexicon
f475077236b7,PG,Procter & Gamble Co Stock (PG) Moved Up by 3.39% on May 27: What Signal Does It Send? - TradingKey,https://news.google.com/rss/articles/CBMiiAFBVV95cUxOMzRxWG9DTGtVQXk3N0hlOGo5X1NvazNBZ1hGQ1RPVVZPcTdjUm9MRHdidVBVTTBZWjhCQUg4WkxLM0JXUUFuZUpuVWlvMlQzdG55V09IUTFTYTBJbF9Ub2JJTFFuMTlYTEtSbU9aeFg3UEV5UE9CdU1sdnlfakRQbjFFV3hQb3li?oc=5,TradingKey,2026-05-27 14:15:19,False,neutral,,0,0,0.0,lexicon
7675e9beccc5,CAT,RCAT Stock Gets Wall Street Thumbs Up – This Analyst Sees Upside Potential Of Nearly 100% From Current Levels - Yahoo Finance,https://news.google.com/rss/articles/CBMifkFVX3lxTE8yb3dWMWJkQWtSNWlvLUpEbnhLd05JVk5Uejg0QzdqMDh6cUxSSldyYVFURW0teWtQWjdWUU9jSWpMbTgtazNmRGR0TzIzYW9iY0ZyV3BVZlRUalB6RHJKOGdNb1plWWJCbFJLOW5rVlJ6cjhMNlN3LU1naTVPQQ?oc=5,Yahoo Finance,2026-05-27 14:10:20,False,neutral,,0,0,0.0,lexicon
c8a79fb32152,WMT,Bank of America makes bold call on Walmart stock - thestreet.com,https://news.google.com/rss/articles/CBMilgFBVV95cUxOYXRJRmF6LU5oQl94VzdHS0dPRW4xQjVOY0kybkcyd3lEcjA0el9kMmxocy0xcGlnWXVVazYzamdnSkRUSTN0SHpMRlFCVWJBOWRqTHhlb2IzdFR1eVNyRjNpMENoY1gzZFNQOG9IdVd1WDhOYTRmenFBRUJ1YXBaYXV4bnR3Sk50UkUwZUwwYjB3YW9qZHc?oc=5,thestreet.com,2026-05-27 14:07:00,False,neutral,,0,0,0.0,lexicon
ed67bddaddca,MU,Tech ETFs to Buy as Micron Technology Joins the $1 Trillion Club - Zacks Investment Research,https://news.google.com/rss/articles/CBMipwFBVV95cUxPb1VZZ05JWDhYSDR2YmN3X0lDQ0wxcEo1R0o1VkFYcTEwNmlycmNBaXJQeDF5a24xTXBGUGUxa3R1d0E3UjBRWFQxdG1tOWJGMmFGMDMyWmh2elFMYjQzeTlhM1cxclJ3Y1J3bGhuS1RTU3Z0OXRHRUVEcHRZMkdfTnpGT3htZXFUMWNaZ0c2SmtqR3FwNFRfOEdEZERIdGlrUS1GM1BpWQ?oc=5,Zacks Investment Research,2026-05-27 14:05:38,False,neutral,,0,0,0.0,lexicon
570e8e6c3d6f,AAPL,Apple Stock (AAPL) Opinions on Price Surge to New Highs - Quiver Quantitative,https://news.google.com/rss/articles/CBMilwFBVV95cUxPczRBUkg5NEI3ZzAtcFMyblZuSVk1T3VjZklodUVScURVenQ1eWN1MzJZR3kxNDJDQ0ZTdEJ6UGRfMEVSMlhMWU1wdHdOYWc3dTAwWFdRMGNLSldyUEk1MTZGdHNDR1F2cVdua3A1R0FVQXN3RXczVlhqRkxPNmFsSktXMTJMMnR3QzNNbDdTbzJuVlppRy1F?oc=5,Quiver Quantitative,2026-05-27 14:03:00,False,bullish,,0,1,1.0,lexicon
cfb37f7af24a,PFE,Pfizer CEO joins Jefferies healthcare webcast June 3 in New York - Stock Titan,https://news.google.com/rss/articles/CBMitgFBVV95cUxPaXlvVG4tZDMyMi01bGRSeFBOakFEenE3dzUtMHVRbjZDdkFrZW1fRXc1VzM3NFhnSURiRDU1cDVXRW5VZW51cjJTbi1yZXN0Y3V4ZUhMaURnY0FvWDJJS1psZzVLLWw5RV9yaFN0YnNHUXhvMmtXVUEtN1JDN3k0ZG9ERUJsR1ZqTkxYQlp1UHZFS0NGbGxrZDNiYkd1Slh1Z01fN0JEeUF6ZUZfZ0hMejRPU1BDdw?oc=5,Stock Titan,2026-05-27 14:00:00,False,neutral,,0,0,0.0,lexicon
bfdddceb0b43,PEP,3 Ultra-Reliable Dividend Kings Trading at Bargain-Basement Prices,https://www.barchart.com/story/news/2152893/3-ultra-reliable-dividend-kings-trading-at-bargain-basement-prices?.tsrc=rss,Yahoo,2026-05-27 13:49:47,False,bullish,,0,1,1.0,lexicon
b4fbc17855ad,MA,Mastercard Secures New York BitLicense - Yahoo Finance,https://news.google.com/rss/articles/CBMioAFBVV95cUxNMzE4dEdBTkNBVWtGa2JOODVudFl3QTBoZk81ZTNYengyNnVLSFk5LXNuMEl1bEVjT3hxYnY1dVByZkJQRmtBR3N2N29IdUVRMkpqR19GM1NzNExSdEg3d01MZkQ2SkVNYUEwTldBUG8zYnRSUFRzLVJWc2d6S2FYNUVFU3ZHQ1FrWmVjN21wMGsxRUFidjFjdHlZLXhLdkI0?oc=5,Yahoo Finance,2026-05-27 13:49:00,False,neutral,,0,0,0.0,lexicon
2b2ff31417ed,COP,Why ConocoPhillips (COP) is a Top Value Stock for the Long-Term - Yahoo Finance,https://news.google.com/rss/articles/CBMingFBVV95cUxNeGVheEhmUmFrN1lNV1FKV0N6NUU5cG95WF9VX053UnU5dVhpT0h2eUFVMDBDM3NEeFp5NTJ4VV9jT0t4c1lqZ0t6ejBsVXdMNm45YzVRMEJqUjQ0VzB1aDlIaUNFWkZyZmRvR3Yzb1ZJZU1sa2Fub213Wlo5VHBWenpBVXBMUXpic3ZRdnpQQ3J2U09NVlBNRXppWk9QQQ?oc=5,Yahoo Finance,2026-05-27 13:40:03,False,neutral,,0,0,0.0,lexicon
59775b24df1b,GE,"FedEx upgraded, Dollar General downgraded: Wall Street's top analyst calls",https://finance.yahoo.com/markets/stocks/articles/fedex-upgraded-dollar-general-downgraded-133516743.html?.tsrc=rss,Yahoo,2026-05-27 13:35:16,False,neutral,,0,0,0.0,lexicon
4f248e8d908b,INTC,Intel Stock Has Rallied 6x. What Could Break It? - Trefis,https://news.google.com/rss/articles/CBMiqwFBVV95cUxNU21weGpwY3kwaU9GX0ZWQXZqRU1MR2RWck9aZ3AtVWNid19McWtEMXdSa0RRcm9Vc0dlRXZqbkpUeFVjSnAxSVNTTUszMUJyLTNiYWdoaHVKMjEwYnQ1WXZnVFFsUlpHXy0tNHBKWG1jVi1iTUNheThscTA0b0U1Sy1KdjNfN1g5YTJRWkMxQWdlVVVFd3pHNzR6TjlLRUZSXzlSdl8wVlNYcG8?oc=5,Trefis,2026-05-27 13:31:32,False,neutral,,0,0,0.0,lexicon
fdf30bdd92e8,AMD,What Is Going On With AMD Stock On Wednesday? - Benzinga,https://news.google.com/rss/articles/CBMingFBVV95cUxOVXZHV2JvQVZmWkpScnlXVTFtb1hMY3dCOGFpemtocG5SbHNIYTZNcEFCc1FNU2IwZHpxMzdMcTNHTlZQTGtlSGs4LW9KX0kxNjY1R29YTzFQVDlBYzQ2bGR3WjQ0VVhSMk10aVoyNElYdFBIYjhiYmRGdlhncXdkQWJVNzhmUVVuZkp2SXZUVG1NaGN4SlQ2YVo3aXZXdw?oc=5,Benzinga,2026-05-27 13:26:55,False,neutral,,0,0,0.0,lexicon
3ee7bb888dd4,MS,Morgan Stanley reiterates AppLovin stock rating on conversion growth potential - Investing.com,https://news.google.com/rss/articles/CBMi1AFBVV95cUxNQ0JTR0dGcllQRlF4dDZqVTdIVWVTY1lMTkRqRTBOWGYyOFNUWG4zTlJpUjVNY1RSSVBLVGZCczVPbUdIamRxRmdsVXE1WWRLZ0pUdnZYQjZjaW9iUzBycXBiZDM4dnMzTVpNa0o3RGFhdmdFeHpYOE04X3B0VldUUkd3UE1XNkxoQkVCdWtYbGt5VVNsc3dnSGdWUUE3NXlxaTZTc0haWUFLeGZuVHdoNTRBaFBqbnBnTHllN1ltbUdmbTZBWVZiY3BwZXMxbzBQRGVrUA?oc=5,Investing.com,2026-05-27 13:24:24,False,bullish,,0,1,1.0,lexicon
ecb1e1eef742,PYPL,LendingClub CEO expects ‘skinned knees’ amid fintech charter rush,https://www.bankingdive.com/news/lendingclub-happen-bank-ceo-fintech-charters/821131/?.tsrc=rss,Yahoo,2026-05-27 13:20:00,False,neutral,,0,0,0.0,lexicon
4d2dcf38746f,MA,New York grants Mastercard BitLicense for digital asset payments - Stock Titan,https://news.google.com/rss/articles/CBMiuwFBVV95cUxNanBTMmxzTEwySjk4RVpWeVNQVDRuOTI1NWZMLXkxOWVjb2NBbWJvajJtMHpCTVJhTThxMFVodVZHZnlfbFJKR3puWDhQUldxOUQ0YzFGQTNXazRZdWZyTVloVmxJOURhb1hHLTAwSWZMUHJLMlJ6bldyVHVJVGx5TzJQNTNNVVRxQWFSUnYtVDNnYjNOX1RBYm5lU0hueVFOS0lLTHhYT25JbHhQU0RDcTNLT2pBeW14NEhv?oc=5,Stock Titan,2026-05-27 13:15:00,False,neutral,,0,0,0.0,lexicon
1bf81b31c1f4,F,Ford’s stock is surging and it’s got nothing to do with its car business - MSN,https://news.google.com/rss/articles/CBMi2AFBVV95cUxOcjJ5LXJXeHVQSFZMaEEtcFV5TjBNb09IcXNKWjctRDZMMmhoXzhwTXlOUFhUZGxvbWtOSElvMFhzV1FnRnQxelAtVzRvR1lyaU9xSG42aWFSbzVrYy1EaUFEU2k0Y3V6Q1Z4ZDc0MkZ4ejlsU2otRl9FZVktaVUydlhFMjVVS2d3Q2hUTEUtM0hicE1rU0pHTkV4SEpId3pTY1l0UHI3TENTaG5KeVo2SDBXbGdUWUpzdy1YLW5EbmhCRG1VRXB5N2Z5aU1oa0VsdHRaUktLakk?oc=5,MSN,2026-05-27 13:12:30,False,neutral,,0,0,0.0,lexicon
5b637d950c53,UNH,The Bull Case For UnitedHealth Group (UNH) Could Change Following Optum Rx’s New Transparent PBM Model - Yahoo Finance,https://news.google.com/rss/articles/CBMiowFBVV95cUxQSHpQVURTSGQwaWJQblB4OF81OGoxZHprdG9LU3RQOTlIS1RzT2Q4N2J6MWhmMXA1anliSVY1Y0NMa1h3SWJ3d29DWGdPNDhMZUpZdWZVTjhjdTdBZHAzTkhQdmhnUUVWenJIdVZSZTZoUEREaXJyVm1ka01qVVg0UzhDRDVYTEk1MkZtNllZWFdvWXd6QUNrUGxzaVhPaE5tVGZz?oc=5,Yahoo Finance,2026-05-27 13:11:08,False,neutral,,0,0,0.0,lexicon
026bec0a8194,UNH,The Bull Case For UnitedHealth Group (UNH) Could Change Following Optum Rx’s New Transparent PBM Model,https://finance.yahoo.com/sectors/healthcare/articles/bull-case-unitedhealth-group-unh-131108147.html?.tsrc=rss,Yahoo,2026-05-27 13:11:08,False,neutral,,0,0,0.0,lexicon
d849ad69637a,COP,ConocoPhillips Stock Trades 14% Below Its 52-Week High: Here’s the Path to $135 by 2028 - TIKR.com,https://news.google.com/rss/articles/CBMirgFBVV95cUxNN0VBRTczR3NjVENrZTJRY1VkOVdyaDNRLUZxdm5CR1NlQW85cDJTX2o0MlJnVU0xZFpsR09DeUItazZ2RFNLUGpTNDlRakJTdzNSb2hwNG9pdFFXY29IaUdIb1laTnJPb0Q3VkI3VG54SU1Vd1FXSTJKV0ExMGlDYWZGNkRqaXNxNDFiUktrV29zNFJfTEVMaUdaV0JxMGp6TUFDb3VHblZveFJFNHc?oc=5,TIKR.com,2026-05-27 13:02:51,False,neutral,,0,0,0.0,lexicon
629e2e0cbbc7,GS,"Is Trending Stock The Goldman Sachs Group, Inc. (GS) a Buy Now? - Yahoo Finance",https://news.google.com/rss/articles/CBMioAFBVV95cUxOc2xCS0xaM2I2VWVFZnlvNzVSdWtrcktqTWN2cjc4emxkODA1dEc1VE9BWXN2QjZZSWtpV1R6ckR3TFhKSE5SM2J6WTViOUZ5eEU5aHhDdEtxRGRPaW5DQjdaenYtSVB5dDhqd0FYblYzYVdzczM4OTliRjZIRTU0YmcwUllJUkpTcG53bkM0c2pVc0JwT3BsV0JuUnM5R2lm?oc=5,Yahoo Finance,2026-05-27 13:00:03,False,neutral,,0,0,0.0,lexicon
b8ff42d6c921,PG,"P&G to Webcast Presentation From the Deutsche Bank dbAccess Global Consumer Conference, June 3",https://finance.yahoo.com/markets/stocks/articles/p-g-webcast-presentation-deutsche-130000276.html?.tsrc=rss,Yahoo,2026-05-27 13:00:00,False,neutral,,0,0,0.0,lexicon
28ffdb7b2aa6,CRM,Here's How Much Traders Expect Salesforce Stock Could Move After Earnings - Investopedia,https://news.google.com/rss/articles/CBMizgFBVV95cUxPMW5ENUs3Y2c3TEtjS0p2UUJITk9IX252Um1kQjJuY3doMWVBMExhTEt0SjBmbU5oNjNGQnpqN3NLdU5IZV9qZzJ3NHJsZmFrY2k5ZkMzalJXSVZiRWs5cUNXbUh4V1FDbXk3ekE5aF9LMkFsQnR1a2dnaFJwVUxIZm5BZjZxQ1l4cFVGUkhoeFRmR1Z2V3lYVnJXSW51SEo1UU4yV1J2dWRNazBEOWxva253eS1neC1uR2Rob2NsdXNLbGxDbXZ4a0dQUHplUQ?oc=5,Investopedia,2026-05-27 13:00:00,False,neutral,,0,0,0.0,lexicon
ed21a30d3bab,WFC,"Over half of parents pay kids for grades, Wells Fargo finds - Stock Titan",https://news.google.com/rss/articles/CBMiuwFBVV95cUxQTUlJdkl5QkhZWUV3UmxmNzJZeTVXQWg2LVV4VFBNdEZ1SlJ1S213MGlzeXMwTzFHckhkT0xsZktDQ3hXcFBsenNrRUd3SXUyNXFlenRaNkNHcmxfWjZHVGY1bExCZF9mTlBwZXFjQkRqZWt0QkFMTk5ycS1xNzRBdEdYWktVN3RWcGVUbVowYWlkRDZRVWs3VUhEZEJELVZkWndiNURyOVA2b3l4WWxiTWRjcEY4VHVreXNV?oc=5,Stock Titan,2026-05-27 13:00:00,False,neutral,,0,0,0.0,lexicon
fa569ddb3a31,PG,"P&G to Webcast Presentation From the Deutsche Bank dbAccess Global Consumer Conference, June 3 - Business Wire",https://news.google.com/rss/articles/CBMi4wFBVV95cUxON2FmVjNCRU8ycDBqMTRNczFhTVNEMHRYdGtFY01qZnJJaXlsTkx5cmhSd1ZXUHNiVXhtbnpIQUtGYl9UdDc0czZqU252alh6RE11bjJPem9FUkdHajE5Tlp6YlpvZlZ0b1FpVFdQbUVPYzhjem5HeE54T3A4S2pfbTVQclIyc3FvM2dJbVZ5UTRoRWJnbEpWNVRnT1hrYld6bXJEbDFnOXU1S3VCd3BuRmF3UHFjbnNMV0QzT0Z0Z1kway1Gc0ZCYkszNkZMcFU0aHFTQjBRTGViYXJtbkM0akttcw?oc=5,Business Wire,2026-05-27 13:00:00,False,neutral,,0,0,0.0,lexicon
03bf6f36203c,HD,KeyMe Locksmiths Launches On-Site Car Key Duplication in Florida,https://finance.yahoo.com/sectors/technology/articles/keyme-locksmiths-launches-car-key-130000852.html?.tsrc=rss,Yahoo,2026-05-27 13:00:00,False,neutral,,0,0,0.0,lexicon
4a073994613c,QCOM,Price Prediction: Qualcomm Stock Will Trade at This Price in 2028 - 24/7 Wall St.,https://news.google.com/rss/articles/CBMirAFBVV95cUxQUzlmU1RqNWluTVlsazlpZkQzTmVGUEQ1WXFncWMydTF5YkpuU2VnUDkxdXNLR1F1SzR1Rnp3dzhIUkVmbVA1YVptVk1RT3ZLS2ctRnNpS2praHN5NXpKRE1JWmJtZEFWVlJWSVpzNlk5VDNobHRLQjkza21CTFduakYzTndLVlBZMi1sZzVmaHdJR2NuTGRXQkdPUHg3VzVtSFZBX1ctY0FESmNH?oc=5,24/7 Wall St.,2026-05-27 12:51:15,False,neutral,,0,0,0.0,lexicon
a76624c68f39,PFE,Pfizer Bets on New & Acquired Drugs to Offset Its LOE Pressure? - Yahoo Finance,https://news.google.com/rss/articles/CBMipAFBVV95cUxPc0c1NlYzLWc2X1FvenVhQmFPdnQtWlQ4aVVzaTNYWEhNNjduS2hNTTU3dmtvSHZKSW1qUlZEeWh2UFB3Ym0xbkFnbkFOSVBuYUR4X3VwYXdDT2dKcnlDMGV6X29KTGJPMnlBeTFlQTk5T3R3MmlDRXBUaHlmSWdyWlZPWE1tZlZHMUp5NWVvRi12anpYNC11VXdvOGVkRGwwcW5Idg?oc=5,Yahoo Finance,2026-05-27 12:51:00,False,neutral,,0,0,0.0,lexicon
ff568d9b632c,NKE,Lululemon stock rises on proxy battle deal with founder Chip Wilson,https://finance.yahoo.com/markets/article/lululemon-stock-rises-on-proxy-battle-deal-with-founder-chip-wilson-123515965.html?.tsrc=rss,Yahoo,2026-05-27 12:35:15,False,bullish,,0,2,2.0,lexicon
1bfce1bb38a0,NVDA,Price Prediction: Nvidia Stock Will Hit $300 On This Date - 24/7 Wall St.,https://news.google.com/rss/articles/CBMioAFBVV95cUxNdjRaV1NibTFCQWNHQlJnWWoyMnpINTFtdVc1S0g5UXRSM3Y4aGo4b0tRV19PWExDZFdUOGdOYi01TXhTNHh3eF9HU3o4SG5DVFBtNVcyYllfTlY0RUZQUTRHeDBaYWRjZXZlZE1jNU9oV3N3dkdyNmZlVW80Z3k0cFZZNVo2M2JUUUYyMlhDLUVPblhaTEllYTFjVGNaT1VZ?oc=5,24/7 Wall St.,2026-05-27 12:29:30,False,neutral,,0,0,0.0,lexicon
27b31618ff86,COP,Energy Stocks Are Secretly Better Than Treasuries. Here’s Why Bob Brackett Is Loading Up on Exxon and Chevron.,https://247wallst.com/investing/2026/05/27/energy-stocks-are-secretly-better-than-treasuries-heres-why-bob-brackett-is-loading-up-on-exxon-and-chevron-2/?.tsrc=rss,Yahoo,2026-05-27 12:26:41,False,neutral,,0,0,0.0,lexicon
4e83dc727349,GOOGL,Is GOOGL Stock Setup For A Rerating? - Trefis,https://news.google.com/rss/articles/CBMingFBVV95cUxOOHRQS1F0LXd1UzNJaW5tcW5sLVkyOXFnYVFROEZkU29tMFdOVENfcHlTWlBqalRZVGtFYmpoZjRwOUhqc3NWczg5MXlUQ1JhbFhxa2ZKUG10aHVwaGdfM01GUE9yaVFORmU1WlVHZ1BySWN1b01uN1E0Z080OVNIbEx5a1RIN3M3VWhNbGpmRDJFYzk1QlQ3ZS1INDNQZw?oc=5,Trefis,2026-05-27 12:18:42,False,neutral,,0,0,0.0,lexicon
9d0ae7ec437f,COP,"Update: Market Chatter: Exxon, ConocoPhillips Push for Safeguards Before Returning to Venezuela",https://finance.yahoo.com/sectors/energy/articles/market-chatter-exxon-conocophillips-push-121541042.html?.tsrc=rss,Yahoo,2026-05-27 12:15:41,False,neutral,,0,0,0.0,lexicon
82edb1674ab2,GE,"Here Are Wednesday’s Top Wall Street Analyst Research Calls: Agilent, Dollar General, FedEx, GE Aerospace, Hershey, Intuit, SanDisk, Workday, Zscaler, and More",https://247wallst.com/investing/2026/05/27/here-are-wednesdays-top-wall-street-analyst-research-calls-agilent-dollar-general-fedex-ge-aerospace-hershey-intuit-sandisk-workday-zscaler-and-more/?.tsrc=rss,Yahoo,2026-05-27 12:15:13,False,neutral,,0,0,0.0,lexicon
99a4500f9aba,UNH,"Here Are Wednesday’s Top Wall Street Analyst Research Calls: Agilent, Dollar General, FedEx, GE Aerospace, Hershey, Intuit, SanDisk, Workday, Zscaler, and More",https://247wallst.com/investing/2026/05/27/here-are-wednesdays-top-wall-street-analyst-research-calls-agilent-dollar-general-fedex-ge-aerospace-hershey-intuit-sandisk-workday-zscaler-and-more/?.tsrc=rss,Yahoo,2026-05-27 12:15:13,False,neutral,,0,0,0.0,lexicon
b2f22703888e,CSCO,Bandwidth to Participate in TD Cowen Inaugural Disruptive Technology Summit,https://finance.yahoo.com/sectors/technology/articles/bandwidth-participate-td-cowen-inaugural-121300757.html?.tsrc=rss,Yahoo,2026-05-27 12:13:00,False,neutral,,0,0,0.0,lexicon
1f7abbf5111a,TMO,Thermo Fisher shareholders reject say-on-pay at annual meeting - The Globe and Mail,https://news.google.com/rss/articles/CBMi3wFBVV95cUxQaHNvakNDamxBeXN2elhEZERFVWpZY2VjUFZMd29zUWhPaVR2a00yRm1YbTk1M0RwSllJU0hwZ0dTZDUxb1FTNC1SZGNYTEt5RWdCYnd0MWw0VVlRRmtvUXhnNzhoV01ZbDdpcENlX3hrMGoxV2FZU0otc25wTURFM0RjQnh6SDI5OWFjUTF0LXA4cHkyS19BVTlrN3d4anZMdkFGb0tGb2NuLU1KT0F1Y1psdF9VbVM5RmExVExhZ2VlN3pRc09tXy1CdFJxSVZ6OEZ1VFJ6UzNYbXhPNWpJ?oc=5,The Globe and Mail,2026-05-27 12:08:00,False,neutral,,0,0,0.0,lexicon
a04d94f71372,INTC,Intel Stock Faces Downgrade as Northland Capital Markets Warns Over Data Center Spending - TIKR.com,https://news.google.com/rss/articles/CBMixAFBVV95cUxNTTlQUVJUTjdIUHh5d00zUEpqMFBJd2ZYTmpSblNoZ3lBMGtrc2ItclVvTVJwOTlNMUdPVktjamR6V01YS1RzNDh3Wk9jTEZ0TmVkdC1qTnFmdXgxY1BJN0VBWVJfMXU2cmxmQWVOcDA2WlpJS1pTb1hfcWxDNXg5TVI3bmV5UzVDUXZVcFE1SDgtRXkyNVF0cHNjQk1EM1ZKeU44YVd0UEtRWV8xWFFCbzVQU1N2d0JUQmxFbGRKSTVkcy1E?oc=5,TIKR.com,2026-05-27 12:07:58,False,bearish,,0,-2,-2.0,lexicon
4f9043b6e3f6,CAT,"Dow Jones Futures Rise After S&P 500, Nasdaq Hit Highs; 5 AI Stocks In Buy Areas",https://finance.yahoo.com/m/b3d9e0f6-e3c6-3f5a-bc62-e600e88c723b/dow-jones-futures-rise-after.html?.tsrc=rss,Yahoo,2026-05-27 12:06:27,False,bullish,,0,1,1.0,lexicon
07e81f5dbc21,V,Visa bets on AI to speed supplier payments with virtual card hub - Stock Titan,https://news.google.com/rss/articles/CBMitAFBVV95cUxPd0RDNS1qVThqcm8xN3NZZW1jenk1TlVvWmZUNkxuZGJZTjJ4ZDhHQUdudkVkNDlRbDV6OFc1aEJ0cklqT0JwMTl3VG52RUxCdUNGZmd1S3p0b0ZvT1hiRGZWZmlJaUZ6YnlETV8yeTFOX1RmaWkybFNOYVVqMWpMZE5wVEZKRDR4UzVVTEFxclpVbFZsWWFCY2ptYzh1UkFxekt4LXZ5M2pZcVlCbGluVHBIZDk?oc=5,Stock Titan,2026-05-27 12:00:00,False,neutral,,0,0,0.0,lexicon
ff5c804b6b20,PYPL,"Tencent links PayPal to WeChat Pay network, enabling US users to spend across China",https://finance.yahoo.com/markets/crypto/articles/tencent-links-paypal-wechat-pay-115346909.html?.tsrc=rss,Yahoo,2026-05-27 11:53:46,False,neutral,,0,0,0.0,lexicon
49251a511fbe,PG,5 Battered Blue-Chip Stocks That Pay Huge Dividends and Won’t Be Down Forever,https://247wallst.com/investing/2026/05/27/5-battered-blue-chip-stocks-that-pay-huge-dividends-and-wont-be-down-forever/?.tsrc=rss,Yahoo,2026-05-27 11:49:32,False,neutral,,0,0,0.0,lexicon
69034fa82c6f,HD,5 Battered Blue-Chip Stocks That Pay Huge Dividends and Won’t Be Down Forever,https://247wallst.com/investing/2026/05/27/5-battered-blue-chip-stocks-that-pay-huge-dividends-and-wont-be-down-forever/?.tsrc=rss,Yahoo,2026-05-27 11:49:32,False,neutral,,0,0,0.0,lexicon
d1922fb460b5,MCD,5 Battered Blue-Chip Stocks That Pay Huge Dividends and Won’t Be Down Forever,https://247wallst.com/investing/2026/05/27/5-battered-blue-chip-stocks-that-pay-huge-dividends-and-wont-be-down-forever/?.tsrc=rss,Yahoo,2026-05-27 11:49:32,False,neutral,,0,0,0.0,lexicon
812539c5434a,NKE,"Lululemon, Chip Wilson settle feud",https://www.retaildive.com/news/lululemon-chip-wilson-settle-proxy-board-fight/821218/?.tsrc=rss,Yahoo,2026-05-27 11:48:00,False,neutral,,0,0,0.0,lexicon
6a5e346fb472,CAT,H.C. Wainwright initiates Red Cat stock with buy rating on defense drone systems - Investing.com,https://news.google.com/rss/articles/CBMi1AFBVV95cUxNTkVSTWEtZWpXTFNPRi0tWDU4WGE1c0psQURsX25RaWpaekc4QWRUdEpIM2NROUMxRnRDMnpudlYzQ2NvV0FVYmRLWlY0eHpxQUdvUHdYNGlKX3dnUDNKSDBTM2stemhnRTlHUUFtc1Jwc2EtclB6R29qNXdlcjRTMklJODFMTkJBb1UyUS03aGFuMWJXSlJKcVVDZUpkM1VxTE4za2REc3BvYXN1UzJrS0pNQk02Vi0wTWltQlZVc2t3NUNwS3Z1dkg1UHYxdy02R3ZzUQ?oc=5,Investing.com,2026-05-27 11:42:53,False,neutral,,0,0,0.0,lexicon
b17a034b54f6,TXN,Texas Instruments: On A Tear As The Market Realizes The Potential Of 300mm Capacity - Seeking Alpha,https://news.google.com/rss/articles/CBMiqAFBVV95cUxPR3lsdE1CbHplOVhuNmRkTFBMQ2o0OXlJeFlxTGs1SDk1dDdrTnlPLUNpSmtGYzlSLVVWSTBRbGg3N1VzY0pMRUQzWVVQRk9UVGlPMW05ZzhwRnNSYzRNQ2lYY0VFLW5hTmRiNVI2ZGhSeDlfNTl6cU95ZUh6QW42YkJibFppMU01WFJPLWxiaXF1N3dpU1VVSi1kVWd5WUV5YTFPUkFlcFc?oc=5,Seeking Alpha,2026-05-27 11:37:48,False,neutral,,0,0,0.0,lexicon
8d95ca15e3ef,DIS,Papa Johns Teams Up with Disney and Pixar for the Release of Toy Story 5,https://finance.yahoo.com/sectors/technology/articles/papa-johns-teams-disney-pixar-113000829.html?.tsrc=rss,Yahoo,2026-05-27 11:30:00,False,neutral,,0,0,0.0,lexicon
a1dcf5b3eef5,PYPL,Forget SoFi: 3 Fintech Stocks With Less Drama,https://247wallst.com/investing/2026/05/27/forget-sofi-3-fintech-stocks-with-less-drama/?.tsrc=rss,Yahoo,2026-05-27 11:15:55,False,neutral,,0,0,0.0,lexicon
7d3f6882783b,AXP,American Express Company $AXP Shares Bought by King Luther Capital Management Corp - MarketBeat,https://news.google.com/rss/articles/CBMi2gFBVV95cUxNeGRpMWxWRlZFVDd0bThoYWVZN21INmJmZF9NalRKZHFHQ3gwc2g1R0FTZXBiR0w2VHZmTVhKckQ5Q0RCVFA1bk53TG1uTHhocDcyRktqZXpuSDdsc00tREhJNVNVTGZ3Wjl0UVVWTWVDemtYTFlnM2FrWTRTTHZ0OTNXeXlmZDVBc0s3bU42dnZKM0tVNS1FQkpfQXZ1SmJTMW5WX0R4Y2RWZkdqMk5UU1J5cFYxQmV6aWR6eE9Ed2d5TmpnbFZ1cVVvaVFGcFNYNENqNXFZLWxDZw?oc=5,MarketBeat,2026-05-27 11:03:00,False,neutral,,0,0,0.0,lexicon
7249c1b3282b,MRK,"Merck & Co., Inc. $MRK Stake Lowered by King Luther Capital Management Corp - MarketBeat",https://news.google.com/rss/articles/CBMiygFBVV95cUxObUtZMkh0SVVLUTlZVkYyTVRNOEpBelcwUzlrMDFrRWROeW9wN2taSU5mRy1WVElIcVh0YWR3WWhBOENUMEFlNmlfSTk5T3MyWmpmaEZvU1YzYUJNSEx0UGRXd2RGWmtEOElVb0hQdW80YThJc1dhOU1sR19RQ2pxWFVBS1JrNFZaUEhKdHRWQXhlbzhIX0d0THFBWVNwbkF4YnNkQkFMN3ItaEtJdUhXeEdLb0hrLVAwaGlqY21SMVZiNGVJRFJCUUJR?oc=5,MarketBeat,2026-05-27 11:02:40,False,neutral,,0,0,0.0,lexicon
3a2fc9ba41c1,AXP,"Retail Banks Expand Financial Advice but Struggle to Drive Sustained Customer Engagement, JD Power Finds",https://finance.yahoo.com/economy/policy/articles/retail-banks-expand-financial-advice-110000343.html?.tsrc=rss,Yahoo,2026-05-27 11:00:00,False,neutral,,0,0,0.0,lexicon
2b1d5cdca3cd,CSCO,"Qumulo and Cisco Deliver Industry-First CloudBridge Architecture to Bypass the Hardware Crunch and 400% ""Flash Tax""",https://finance.yahoo.com/sectors/technology/articles/qumulo-cisco-deliver-industry-first-110000694.html?.tsrc=rss,Yahoo,2026-05-27 11:00:00,False,neutral,,0,0,0.0,lexicon
7445da42d292,DIS,From the Big Screen to Real Life: Papa Johns Launches ‘Papa Johns Pizza Planet’ Pop-Ups to Celebrate the Release of Disney and Pixar’s Toy Story 5 in Theaters,https://finance.yahoo.com/markets/stocks/articles/big-screen-real-life-papa-110000659.html?.tsrc=rss,Yahoo,2026-05-27 11:00:00,False,neutral,,0,0,0.0,lexicon
908fab36a3e4,MCD,Sir Martin Sorrell's S4S Ventures leads Olyzon's $10m Series A to build the Agentic platform for CTV,https://finance.yahoo.com/markets/stocks/articles/sir-martin-sorrells-s4s-ventures-105900942.html?.tsrc=rss,Yahoo,2026-05-27 10:59:00,False,neutral,,0,0,0.0,lexicon
ee64723eefd8,PYPL,Tencent Announces Three Initiatives to Make Inbound Payments for International Visitors Easier Than Ever During APEC 2026,https://finance.yahoo.com/markets/currencies/articles/tencent-announces-three-initiatives-inbound-105700314.html?.tsrc=rss,Yahoo,2026-05-27 10:57:00,False,neutral,,0,0,0.0,lexicon
d3f3449918ed,V,King Luther Capital Management Corp Has $323.76 Million Stock Holdings in Visa Inc. $V - MarketBeat,https://news.google.com/rss/articles/CBMi2wFBVV95cUxOcEJvWXhKemZGUl9uemVkcE5BU3h0TjRfYkl1R2t2X0x2R1ZfSEpzQjNMMHhmcmJjTFFHMWt3d3k4ek10SXpsWkFZdExfb2Vmc1J6Q0pEdktiN3BrcUtqY21lSGZQdFFfQzZMVnhlZ3NQekp4SjdpbTM2a1ZGaEZGeFk5WjZrcm5LYXF0ZnZkMktVaE1wWGM1Z01PZkxpazJDWUhNM0NOeDFHZnJBWjJEMkVCZk03cXNNTlFWX3lGaGFHekw2VV9ONXB0SVkwaVJWcTIxeC1ZZVFMRFk?oc=5,MarketBeat,2026-05-27 10:56:52,False,neutral,,0,0,0.0,lexicon
5b21e518fe67,TXN,u-blox Announces New Leadership Structure,https://finance.yahoo.com/sectors/technology/articles/u-blox-announces-leadership-structure-105000953.html?.tsrc=rss,Yahoo,2026-05-27 10:50:00,False,neutral,,0,0,0.0,lexicon
088d6cab1935,MCD,McDonald’s: Still Lovin’ The Moat (NYSE:MCD) - Seeking Alpha,https://news.google.com/rss/articles/CBMie0FVX3lxTFAyeWpINXdVenhWVjZSRVpOdFl0a1JTbjdERFl1MXlZMFZXNXlKV3VfUWcxQ1JPWVpVQXYzMHFGZjBkMkgySE5JUmR3bU4tN3k5NWVzUXJVclVGenplOFJqUnNBN21uVExxNXJ4Y19WaEFKWjhlbnluRTQ1NA?oc=5,Seeking Alpha,2026-05-27 10:49:23,False,neutral,,0,0,0.0,lexicon
4f67684c9d09,PG,Top Kroger human resources official to retire,https://www.grocerydive.com/news/kroger-tim-massa-retirement-grocery-supermarkets/821197/?.tsrc=rss,Yahoo,2026-05-27 10:48:00,False,neutral,,0,0,0.0,lexicon
91ac37a75cec,NVDA,Five giant hyperscalers—and Nvidia—share a surprising trait: female CFOs - Fortune,https://news.google.com/rss/articles/CBMilgFBVV95cUxPRVlHOGY3cFVjbW0xaGN3U0tLeVBaQUNndmFuOXVtcU1zbWZxOV9Sb3ZsT1BBZzM1Y3Y2NUlxV1lMcjRYRkx5WExLa3VxR2NmY2R0STNSal9BQ1NaSTFWbjBUNWpRcjhrMjU2MUZIMXZjSXRhbUZUNU5zcGxuV1JqZEdSNW1OYmFlTnY2RlNNSVcyOHdPX1E?oc=5,Fortune,2026-05-27 10:30:00,False,neutral,,0,0,0.0,lexicon
4b6b7e4e88b1,UNH,Bernstein Maintains Outperform Rating on UnitedHealth (UNH) Following PBM Transparency Push,https://finance.yahoo.com/markets/stocks/articles/bernstein-maintains-outperform-rating-unitedhealth-102800991.html?.tsrc=rss,Yahoo,2026-05-27 10:28:00,False,bullish,,0,1,1.0,lexicon
299d0cebfd44,V,Cantor Fitzgerald Reaffirms Overweight Rating on Visa (V) After Earnings Beat - Yahoo Finance,https://news.google.com/rss/articles/CBMirwFBVV95cUxNN21ROUp3cFI3M0tTekdONVZfZVJBMVJSQm9fakFjcmVYeUJ6ZlgyOG5KQ01VbzE5cEQwMHhYVzBCRWdWb2RKcGhJTEZOcHlJZWdiUmlnZmhFcTR6eVNESlAyMHZRWjMyV1FpNXFPV0dsbEdYa1A4NFFjTC00QVBWZlRtYXpwb09ILU5WVXU1Rjd6NndnQm0yRHhtcUFCT3NCMmdHMXU4S0JUWlQ3NFZv?oc=5,Yahoo Finance,2026-05-27 10:27:58,False,bullish,,0,1,1.0,lexicon
917baa85223d,PEP,Piper Sandler Sticks With Buy Rating on PepsiCo (PEP) Amid Inflation Concerns,https://finance.yahoo.com/markets/stocks/articles/piper-sandler-sticks-buy-rating-102754281.html?.tsrc=rss,Yahoo,2026-05-27 10:27:54,False,neutral,,0,0,0.0,lexicon
f8893c516fcb,PEP,Piper Sandler Sticks With Buy Rating on PepsiCo (PEP) Amid Inflation Concerns - Yahoo Finance,https://news.google.com/rss/articles/CBMinAFBVV95cUxOMEYyei01V0UwcTJnMEtTN0NRcmdPMHVxSWpXcF9VbjR0NWZmVTRTcU9Tc1ZBS3ZZZDZUcC1HSkhUclhkX21tblI2MTlBRm5JbHF4Rlp4cWJDdmRzRHJXSDZ3dG9tMXl2dzFYaVV1cGJKSDhzRGJfRmI5ZmNSVVZuTEhHLTBSZ1hEbVR3U0pSZFp0NVJUVXluUS1NdFo?oc=5,Yahoo Finance,2026-05-27 10:27:54,False,neutral,,0,0,0.0,lexicon
e4826cc580e3,PFE,BofA Raises Price Target on Pfizer (PFE) Following Strong Q1 Results - Yahoo Finance,https://news.google.com/rss/articles/CBMiogFBVV95cUxPcTJwa2cwNVFob3JQQ0lJYi1vby1kd3BfUFFYU1FNdlFsM0dYX2tBVGxwelY0ZjJrTkhEYnJoRnF4aVh6bFNPYURZUGJIbWhYUklISHhnczhCdmNQN0djSTlhellTclRLV0d6TGFqREx0Q3lxa0xEMGhFYjdXOGtzSGhnSllRRUc4VkFSMlFLRDJ5ZkJ6ZVRGMFhkbUx2QlZTY2c?oc=5,Yahoo Finance,2026-05-27 10:27:52,False,bullish,,0,2,2.0,lexicon
b0c96c2db84a,CSCO,Okta’s EnterpriseClaw Role Links AI Identity Demand To Rich Valuation,https://finance.yahoo.com/markets/stocks/articles/okta-enterpriseclaw-role-links-ai-100234955.html?.tsrc=rss,Yahoo,2026-05-27 10:02:34,False,neutral,,0,0,0.0,lexicon
63d46dd719cc,SBUX,Bull of the Day: Starbucks (SBUX),https://finance.yahoo.com/markets/stocks/articles/bull-day-starbucks-sbux-100100227.html?.tsrc=rss,Yahoo,2026-05-27 10:01:00,False,neutral,,0,0,0.0,lexicon
942ac35e8b19,WMT,Walmart Stock Gives Investors Something to Fret Over - TheStreet Pro,https://news.google.com/rss/articles/CBMinAFBVV95cUxQWUk5U3lpS3A5RG4xYU9NVDZsN2pLdkFMVmlkclJLSnBVQlQ4blpzLTNFWFVjMjMtN1RCOFRtMjhoSzdydy02cWRqbW5QdEtSZHNTNmkyUlNPVHVfXzdrU21adV9ISE5ZQ290UlNLRno2SUR0LTY4VF9wLWcwZmU0NlZvSW0xTTJoU05HTU11bllOX3NmRWlSeWVwZEg?oc=5,TheStreet Pro,2026-05-27 10:00:00,False,neutral,,0,0,0.0,lexicon
a7136f1afe97,WFC,Is Wall Street Bullish or Bearish on United Rentals Stock?,https://www.barchart.com/story/news/2146190/is-wall-street-bullish-or-bearish-on-united-rentals-stock?.tsrc=rss,Yahoo,2026-05-27 09:56:41,False,neutral,,0,0,0.0,lexicon
b0d8df34af0b,PEP,"Harbour Investments Inc. Has $4.85 Million Stock Position in PepsiCo, Inc. $PEP - MarketBeat",https://news.google.com/rss/articles/CBMizwFBVV95cUxNb196eGFNd0tqRHhCWWVqZGVQNTNFVzVJRW9wVk1VMXhuMWRycS1wQmJUcmVpSmw4dHAxc2RWVEQxc3ZHU2swNjNQa1A3M1g2cU40WF9GM2YyLTNhWERXTWRvZkJLRGhxVFc3LTMwQzlIQ1poWjFzMXowYU0ydlEzVVhjSWVmYkVPSExyNjhweHBUdHJCY0pTYjBhX05tSWdGM3hnMlNaTi1QanhpQjZzU2FHNzZxNkd1NEI5bnMzVjFrZ0xfZG9HUTFRRmlGTWc?oc=5,MarketBeat,2026-05-27 09:49:34,False,neutral,,0,0,0.0,lexicon
c30aff775fa1,DIS,Will Buying Archer Aviation Stock Below $7 Make Investors Rich?,https://www.fool.com/investing/2026/05/27/will-buying-archer-aviation-stock-below-7-make-inv/?.tsrc=rss,Yahoo,2026-05-27 09:44:00,False,neutral,,0,0,0.0,lexicon
afc137f64c21,UNH,Do Billionaires Chase Coleman and David Tepper Know Something About UnitedHealth Stock That Wall Street Doesn't? - The Motley Fool,https://news.google.com/rss/articles/CBMimAFBVV95cUxPek9ZWTItREs5UkpnaUdQNlNlQXdjZktEa0k2LUVBYjluOV8tY2JsX2tpT2hNN2doT1JhS01RaFBnQVg3MEhPNEVlNnZwX0tYQzVFVlZXcFZxUlIyai1rY29lNUFLMDVETXZmbUs3ZjVYelMtQUE4RnRsZUI1Y0Z6WlhnLWM2TmRpMXowSTYzUHgySWtpbjVFaA?oc=5,The Motley Fool,2026-05-27 09:44:00,False,neutral,,0,0,0.0,lexicon
88fa3657b1e8,F,Ford’s Stock Is Surging—and It’s Got Nothing to Do With Its Car Business - WSJ,https://news.google.com/rss/articles/CBMicEFVX3lxTE1JMVJ6WGktd1hzU1hGNV93Wm9DX3ZBRGg4RmlRMHJYdHRsalU5VTk1LU5UYzlKMUViUEVjdlI3NkFNMTJGV20zTWZXWnRfUlNxY3EwVG12MWlVNm1rQWpOcUZPazc0LXVUd1NCMm5SYmI?oc=5,WSJ,2026-05-27 09:30:00,False,neutral,,0,0,0.0,lexicon
2fa66416fbe9,SBUX,Bull of the Day: Starbucks (SBUX) - Zacks Investment Research,https://news.google.com/rss/articles/CBMie0FVX3lxTE9TVnNRUkVka3o1SHd5aHNCbUdzVW5ENWhvU3MtTTNWOURvaHRyZG1ub3oyazFHM2NJTk92bzFWeGRvbkZ4a1JOYkJWNHpWeEU0RU9kY2phZ0dZeXo2b0NoSWhTM1BpOXlxeHlaeG96bXh4TWNFaTEtUERZUQ?oc=5,Zacks Investment Research,2026-05-27 09:13:00,False,neutral,,0,0,0.0,lexicon
04f611711273,PG,"7,887 Shares in Procter & Gamble Company (The) $PG Bought by Ghe LLC - MarketBeat",https://news.google.com/rss/articles/CBMiwAFBVV95cUxQd3pxWHMyZXA0dXNjeW1TMW11TWZ3aHhDOE1zVUMyNTJmZFQzTlM2V1JhcDhYeE5yWDNGbVpYdTJvZHBsdVJWd2ptWE1kSkl5NUVWcEgyVjBDTkJrYzNaSHVRVjd5M3ZRblV6alkyZnhrclg2blRva0VESEZfVkJzZVNXdmJJY0RoMWpQeWE2MUhoT2FoT3dPUTdRaXU2Rm5FdHN3VzRGbWE4MnBRU2ZCNmEzc2NOdkQ5YjN6c0xxaFQ?oc=5,MarketBeat,2026-05-27 08:45:16,False,neutral,,0,0,0.0,lexicon
9cbef33fa9f8,BLK,Whale alert: Someone dumped $1.29 billion of BlackRock's bitcoin ETF in a dark pool trade - CoinDesk,https://news.google.com/rss/articles/CBMizwFBVV95cUxPeDZQQ1JiYTVkWlB5T0RPeGFubWhjZ3pob3p6MFRjNXUxSGxoZnB4UVRyT1NIRDY1X00zOGJQSGxvN1ZRZTNRekxqa2xnVlJTWnJiTTdkZDFXNENTdlJpbnctS3U1WXN1bnIyM090ek0yYjRZSkdvZ1MxZjZPY1RKYUlpQWstUUw0bWxjeFYtMlVBeFI1ZEdPZlFzemQ3TU5oOEVjQzBQcHBKWk1pNWRnWkNyYmQtYlVIcEhyOUdHZkNIMkFqMDVsRHZINHU3bW8?oc=5,CoinDesk,2026-05-27 08:42:41,False,neutral,,0,0,0.0,lexicon
c96b9a9c9000,WMT,Walmart Inc. $WMT Stock Position Lowered by Employees Retirement System of Texas - MarketBeat,https://news.google.com/rss/articles/CBMi1gFBVV95cUxOSHNPaDRqWFN5Q0Y5dTlZNFdUeHFIQjE5amN0Mmx4WW1vODJ5a2tRb0FxNHVyVUxQX0Rpd3Fpenp2QzJOQTgyMWg4YlZsTzNwdVNVcDVYclp3Vk1UTUEyNExmZE1DYThRb1dWenh2b2FVQXdrUEV6Q1RhYnJLSDg1WmNHV0hxeXlzcThyZ2htUkJsZkNFVmZrVGZUeGxsVVVQR1FwLW05bEJxZWxvelh3VEU0TjFudW9HSlZ2empILUVoREVkUmxDeUVsU2JyQWVtNndaMVVn?oc=5,MarketBeat,2026-05-27 08:35:20,False,neutral,,0,0,0.0,lexicon
d8af4fae6496,NKE,"Crocs, Wolverine Worldwide, and Deckers Stocks Trade Up, What You Need To Know",https://finance.yahoo.com/markets/stocks/articles/crocs-wolverine-worldwide-deckers-stocks-080124627.html?.tsrc=rss,Yahoo,2026-05-27 08:01:24,False,neutral,,0,0,0.0,lexicon
0d9d0f2dbeb7,MRK,Five-Year Tally: Merck Stock Delivers $47 Bil Gain - Trefis,https://news.google.com/rss/articles/CBMirAFBVV95cUxQQUdPUjZtLV9rWVowSHhQQTlCQ3dTWXE1NmRMMERBazVka2hmTDJkODhNUDQ3dkhCVm1vZDZnelVjN2tGeDIwdUs2RzJWZ1loMng4ZWJfUXFfUXhuZnRDQXJXVXZla1UyWXBScjJvVk5CZnJidXFiYXBhQjhvb1Nmd25vZ3lsTVNWN0hmVEJaU0t6emFKTDNrODZPU2RjOVRUb19lRndkZ3UyZTJr?oc=5,Trefis,2026-05-27 07:48:51,False,bullish,,0,1,1.0,lexicon
cc0d10dda72f,KO,Years of Rewards: $47 Bil From Coca-Cola Stock - Trefis,https://news.google.com/rss/articles/CBMipgFBVV95cUxNWG1PNFdZM1pkNnpuV3UwM2g1UWxaQlpyR2kxR3pJemNScF9fMFgyOTItWjU2RW82WnV1R2RUMDVKTUo4SFFJTm5sTmtuMlEzcnB3dGNKODlaOHcwWnhNRy05cEFKS1AwMlVQNXVTLUxLUVVKT3FjU2Jpa3NEN3RhODhVdXVCRTgwazE3TFFzbTJYZUpJNDF4SWxpaU03UDNhUWxGUmlB?oc=5,Trefis,2026-05-27 07:43:43,False,neutral,,0,0,0.0,lexicon
134d95e1ff67,META,Meta Platforms Stock Hits Key Support – Buying Opportunity? - Trefis,https://news.google.com/rss/articles/CBMiuwFBVV95cUxOYVdsZVM3NEJsaGsyWXdoV0xpNkJIU0dWbHY3MHYyR1lTNVpJV1hFelV3aHlJdEVLN3FOalhic3hpdnFzSkl5UjktM2F2aUdtRjdSZGJSTkRiNHRJeGJYajJaclpBN1R6QXFsT01qdzNyVlpJRE9jSm1vUS10a3MtVnhSN3pwQlJjaElEaDNoR2FwZkJNUUFYM3kyNUI0OWZRbm5HbGtfN0RZWjllZE9PNGx1bk5DTEVFRUtn?oc=5,Trefis,2026-05-27 07:35:26,False,neutral,,0,0,0.0,lexicon
e5dd2c8f9ad6,SBUX,Starbucks Corporation $SBUX Shares Purchased by Allstate Corp - MarketBeat,https://news.google.com/rss/articles/CBMivgFBVV95cUxORlRFNGVQY2Z1Rlk0UW56cEFOaVBWTEZNUVpUUUJDdXZJSnIyd2FFUmV6Um9CLTdlTTVVNDQ5Zk1ra2NvZlgzaUl3NUNQUm5UMjBwcVV3Y1lQM19HUkUzazI1Wm9ER1BQUUlVUlBCX2NzWHBsMzhTeFdOUzJSUXh1NGc1TVNOQmMzT2VYSkY5d2d5ejhJVndhemg2YURGcGI1elQ1R0taYkNnMWxBVEdRcWRENGM2RWJuNlk0RS13?oc=5,MarketBeat,2026-05-27 07:16:40,False,neutral,,0,0,0.0,lexicon
be3fe52d5b3b,HD,"HD Technical Analysis | Trend, Signals & Chart Patterns | HOME DEPOT INC (NYSE:HD) - ChartMill",https://news.google.com/rss/articles/CBMia0FVX3lxTE14SGhWUVlRZWFtZi1hOWZ1T29EbHUyUFF6bkxYZWtScm5HaUNESUJHa25RQjNheW1HLXFNNG9zQXluVTdWOVVNY0hFaEZqNWRZeW93WUpBYnluVXJKaExmX2VVcWNzNjNSSUZj?oc=5,ChartMill,2026-05-27 07:00:00,False,neutral,,0,0,0.0,lexicon
85424fc825f0,JPM,JPM Stock Chart | JPMORGAN CHASE & CO (NYSE:JPM) - ChartMill,https://news.google.com/rss/articles/CBMiY0FVX3lxTE92azhVQU5GNnRnQjFEQ3RTLVl1Ql9FUV85emxoQWJFdjQyTzM4aThoRl9VSnU3UzBjN3o3VnJ1UGluSHI1RjlTaDdRSUtJTHlkRUhQTF9wUmV2N0cyZWlwaWpRWQ?oc=5,ChartMill,2026-05-27 07:00:00,False,neutral,,0,0,0.0,lexicon
7b4b7aff11a4,JNJ,"JNJ Stock Price, Quote & Chart | JOHNSON & JOHNSON (NYSE:JNJ) - ChartMill",https://news.google.com/rss/articles/CBMiXkFVX3lxTE85THF1dGJHZU5YaTNneUhaTkdOUzFnMFA4M0JXcWs3SjZPWmhJLVBNenRNWm9yUHlUWklDR1luTzdqU3RkSF9ZbFlzOHhvLUV1ZDVqamg5eS1DOVVwNXc?oc=5,ChartMill,2026-05-27 07:00:00,False,neutral,,0,0,0.0,lexicon
b65466abe10c,GS,"GS Stock Price, Quote & Chart | GOLDMAN SACHS GROUP INC (NYSE:GS) - ChartMill",https://news.google.com/rss/articles/CBMiXEFVX3lxTE94OUF3WjVVdDZMUUhUdEwtTU80ek1MdDBJekttMHZXak5TbDN6azFjUVdTS19mTjYtdHlxRU1lUHdWVTdyMnFkNHdOV2NoZVFNTkdBNVlRcDdrQm5E?oc=5,ChartMill,2026-05-27 07:00:00,False,neutral,,0,0,0.0,lexicon
d26bf7262dee,BAC,"BAC Stock Price, Quote & Chart | BANK OF AMERICA CORP (NYSE:BAC) - ChartMill",https://news.google.com/rss/articles/CBMiXkFVX3lxTE9mSTM5NEFkYlhBUUstOUViaHRVeTAzbnJfbjdqWFIxSWlXenh1ZTdVQ1pDaElwVlNKOE85Q3JpSGxIUkVJbC1vVzRmRm9Sb1FlWkhOOXZJZFVEMVZ0NEE?oc=5,ChartMill,2026-05-27 07:00:00,False,neutral,,0,0,0.0,lexicon
0056182c4f73,JPM,JPM News | JPMORGAN CHASE & CO (NYSE:JPM) - ChartMill,https://news.google.com/rss/articles/CBMiWkFVX3lxTFBmUGd3SFozS1J5ZWw4MWpya0o3SHcyckFmSGlZQjJIbUVnV3FRa2YzU0JzZlkyd0lPQW5WZjZUZVhhUEM2YTl0WGR0aHNJNEp2MDFmSXFNdnp0dw?oc=5,ChartMill,2026-05-27 07:00:00,False,neutral,,0,0,0.0,lexicon
a0fba66aa771,V,"Use your company card to pay any supplier, even if they don't take cards - Stock Titan",https://news.google.com/rss/articles/CBMitAFBVV95cUxOdUZsbmJsVlZOSnhTY1UxUGJVMjMtM1hSUnM2clBkcTBjeGR2RDZqd2Y3UmpqUUlQMlQ4VlN6MVpwSlo4UFM5c3hJQzZ6U2ZGZnhqTXBmaU1IbDZ1dXNsOFRaMjRFTVJJckdBWjcwcHlNTnJubWVrZlhvY0FPUFA2Y3VGeHJsYW1YLW5Gd1g0dWFVQk9RUFVJOUZkc1dqZ3l6bjY3MWs1NUZadFVqR0Z1dEJvc3c?oc=5,Stock Titan,2026-05-27 06:02:50,False,neutral,,0,0,0.0,lexicon
625fa1f6fb8a,DIS,Out-of-control employees are blowing AI budgets alarmingly fast,https://uk.finance.yahoo.com/news/control-employees-blowing-ai-budgets-060000568.html?.tsrc=rss,Yahoo,2026-05-27 05:44:52,False,neutral,,0,0,0.0,lexicon
e739f65c2845,MU,Structural Risks to Watch For MU Stock Over the Next 6 Months - Trefis,https://news.google.com/rss/articles/CBMivAFBVV95cUxQZkFpcEtmWWhkbkl5MFRQdFRoR25VQ3lfV1NELUp4eGtCT1FIOGRhRHQwMU9RcVd3RWU3WWR1R0k4WS05UzNXbHA5ZHZNUldVVWItU2d2b1NkSHpreFVfYVVXcWpiak10RFFFb1FYWU1XbGsyb3g1N2llbFQ1TFFDYUxjSk4tbWFIVVVwbUhFNjUzNmNMVFdNNWh3ZXA4Mm44a2M3clNWTXo5VVRKLXJHeURranFVejM2S0NndA?oc=5,Trefis,2026-05-27 05:35:14,False,neutral,,0,0,0.0,lexicon
995ead248065,GOOGL,Should You Pay Attention To Alphabet Stock’s Momentum? - Trefis,https://news.google.com/rss/articles/CBMitwFBVV95cUxONmhyOWFZUUFWNDB6OVlocGlodWhOTlRLZDdKVlczNHVwd3M4Q0pSdTBTN0lPQ19abU5vVVM2U0EyTmVxWmlkdmV4VmF2b3pzWFF4ZjZwRUpWQjRQM21xRDh2RFkwdDdXb29nZ1dERjlzZHVGME5LQktON1d0RTRWYUEzV1ZTQXJla1kyVHhUZTBmNlE2NmhHRTk4S2d6NDNHT0ZUZGpnSVdnNkZVcHoyTHhkbXlQMUk?oc=5,Trefis,2026-05-27 05:31:30,False,neutral,,0,0,0.0,lexicon
37a21f7a277e,INTC,"Intel Stock Shares Rally 14% In A Week, Why You Shouldn Not Be Buying The Stock - Trefis",https://news.google.com/rss/articles/CBMi4AFBVV95cUxOVWxqaHhqQTZpSl92RzdaUTd4ZUIwaVRNYnVKcE9lMjJsREs4ZDg2aUV1ZDlFUUZOTkIyRVN2bTRqMEZZQU9fWXBVUXRaVGpHZWxjVXNYWWdwdGdYVlQ5YVpRd1YwR0V0a0dvVGp2bjVMS3NERUJvUTR0WG83UU9nckRfc1FfTjl3OGxkLTNjUEdRSmktTHRkQ0pLNlczcHF4N0ZEMEJRMHZKSDdOQng4bEJyNTFTRzB4VHhBeTlNejMzUDBQY082TDd0Vno0Wm5xTkdmVkYyRmhvQUhCeG5lLQ?oc=5,Trefis,2026-05-27 05:13:56,False,bullish,,0,1,1.0,lexicon
cf08edfb9ca4,TSLA,"Tesla Stock Leaps 15% In One Month, Now Is Not The Time To Buy The Stock - Trefis",https://news.google.com/rss/articles/CBMi1wFBVV95cUxNMl9hb09QVXBJNTBFclJvMWpKV0FnR2tFSnhVbFY5aUZGWmVYRmtudkprZEVwZHA3ckZ2ejducHhFOG10ejREd1BKd2tUZ3JnLUJsc3AxenZHLS1vZE9vcWNKS2d0YVdqOWtVTktTT3VHY2l1ZlZsS0VfNG9vNjZkRmpKaTl0U2F5blFram5ac0czOFhOXzlYSUJ4Ync2Q19abGZwZVJJYzlOTWp3SHNuOUJlMW1VMnJsVVJyU0c4S2ljU1UycGZDRmwzRno1WmZqNVZpM3p5UQ?oc=5,Trefis,2026-05-27 05:13:54,False,neutral,,0,0,0.0,lexicon
81071f0745ad,MRK,Merck Stock Shares $47 Bil Success With Investors - Trefis,https://news.google.com/rss/articles/CBMiuAFBVV95cUxNTXhJaGxMR2hxWXZYRXZ2dm9LSTctWEFOa3A0T2d2SVFXMS1fa0hpU2ZLNW80SjBJMzdEV2laWFdQVk1seVl5bjRkTlhTbDRuYWlTWDZIcHdoaWh0YXE3b2oycnBuTkpsRnhjdVJIRzlXTUhzX1JuVXJ0MmZzQ2dUM2V0Nk9nTlI3ejAxUG5WMDhrMXZlaEZtdFZKTGhtMW05MjFhSmE0SzA3azFUZWdxR3FFcUd2S1hv?oc=5,Trefis,2026-05-27 05:13:01,False,neutral,,0,0,0.0,lexicon
287800cdb28c,KO,Coca-Cola Stock Capital Return Hits $47 Bil - Trefis,https://news.google.com/rss/articles/CBMirwFBVV95cUxQRmhqa3hnTEdQNWc5UGhSUDdxSnpQc1FnN01ucmd4ZGJuSm9ZU2RnUHVRaXpnU3VZazNEaWtOQ1RzSzlIQTVfMHQ1cDVic3lwVkkwaVBxRUlmd2NXaURrLVhPNUlkWlpERTVNbUwxQUEzVUlSdnRNbXluZmVNR2MyQ01YMnl6Sy0wLUF4eERpQWc4VGJlbGVkQUs5LTdnQ3UxRWxoQkNEQmk1Rm9scEtF?oc=5,Trefis,2026-05-27 05:12:55,False,neutral,,0,0,0.0,lexicon
d22d5db8bf9e,WMT,The Bear Case: How WMT Behaves During Market Shocks - Trefis,https://news.google.com/rss/articles/CBMirwFBVV95cUxQd191NVlEeFI0bkhGWWhzZHBJNi05RDhzQUtueFJPUjY3Q2VrSEdvUzRXeTljVDVwYm00REtGZ0ZnbS01NEtpalRacjBja3l1Rl9ZY1hqYWd4Qmo4VWphbWZEeEZJZXdNcWQwVXl2X2tJQlhRYk9YM3J5QUh5QUtEVnppQU1UX1lONjd5bDFnX2E3NGUyX016RndxN1RzRFRseHFxZFk2RDV1cHpNc3Z3?oc=5,Trefis,2026-05-27 05:08:11,False,neutral,,0,0,0.0,lexicon
20a81980792e,COST,Costco Stock Has Been Pulling Back Again. Time to Buy? - The Motley Fool,https://news.google.com/rss/articles/CBMimAFBVV95cUxOOExrVWVPQW9Qa0k3OFZIR3gyWEF4OE1kcEhOLWtjSGQ2WF9uTmVMRXhXTnd3Y2c3eXB6UVVsWTNuNS1pcHNBdzNjT21UbnlvcW9YU09mMFV2bEJuUHhBa2FybF9xclB3ZlE3azFYSlQxeEt0ZDdpY0Z6akhFSFZLRXgxSmpYemhhNzQyWHZJVXZPZTlZZXMzUQ?oc=5,The Motley Fool,2026-05-27 04:51:00,False,neutral,,0,0,0.0,lexicon
97382e224e73,WFC,Wells Fargo Stock On Fire: Up 5.6% With 6-Day Winning Streak - Trefis,https://news.google.com/rss/articles/CBMiugFBVV95cUxQWkoxMlhSMTJlU05KcTZFLUZtVW5JR3pra1J5QWdhVmJWVG1RZC10MVpNUHlwREtTSFItWXBLX2p6UzI4VWVVMWdFbFNoc21EcjVtalcwYzhPWnRMc044aFlBd1pXcEZsU25jV3hReHdUX2l1bkdXTW9fZF8zU0xuWVRhczIzTExWUERrcS1zTDRyM1NodXkwallqakxMU0dwNVBGV3NGMjd0Q1h2NmhnQU5hZHJ0ZDN6U1E?oc=5,Trefis,2026-05-27 04:48:25,False,neutral,,0,0,0.0,lexicon
98abce362247,WFC,Wells Fargo Stock 6-Day Winning Spree: Stock Climbs 5.6% - Trefis,https://news.google.com/rss/articles/CBMiwgFBVV95cUxNV2FpVE5CM3Y2N1BJMDlIbWZuUWI4UGtiUnZRamE5RUlhbXEtVS1NYWotYVpSS3d1S094aHQ0Y3pOWWlYbkZXTDI5QXFUWXdxOG81ZC1PNzBIbzFQS21BMkpkeDhYNW5tWmdrVmdmWHhQcExKdU9MT3BlelphODkySERHMVFrNmFKUU5BaU1RUW43TXZ4dGhRNTROaFhURW5pMjFZUnBDYkRrQ0pxV3J3a25ZUHNocC1EcndNN3l0SE9WUQ?oc=5,Trefis,2026-05-27 04:33:23,False,neutral,,0,0,0.0,lexicon
2d7d47efb08b,TXN,Texas Instruments (TXN) Valuation Check After Strong Q1 Results And Growing AI Data Center Demand,https://finance.yahoo.com/markets/stocks/articles/texas-instruments-txn-valuation-check-030712608.html?.tsrc=rss,Yahoo,2026-05-27 03:07:12,False,bullish,,0,1,1.0,lexicon
91b9e96a84cc,BRK-B,"I Still Like the Stock, but This Definitely Isn't Warren Buffett's Berkshire Hathaway Anymore - The Motley Fool",https://news.google.com/rss/articles/CBMimAFBVV95cUxQUUhnR2paZ3lVMnZ1ajNuNFlRWS04Y0d1ZGVhNTY5TzJsN01VRGNOQmRvbHdyVDhJTlU0T0FQRG8zNlllc3BvTm9LMjBWeGdBbGVFdEtZNGhucnFuei1FVVVEcHRJeTJzQ2xNNGF3aU5FUDlzZmFoY3JfcmN6MHd4cXZpdHpxcklZNXd5TFhmTE4xNGQzZE1XQQ?oc=5,The Motley Fool,2026-05-27 03:00:00,False,neutral,,0,0,0.0,lexicon
c61e50b65486,KO,Coca-Cola (KO) Valuation Check As Shares Slip This Week But Rise 16.4% Year To Date - simplywall.st,https://news.google.com/rss/articles/CBMi0wFBVV95cUxQRFI3Z3VnVlpYRmhpUXYyblg1UEg4YVJsT3BZNDBaRE5qX2tfR1lRSTE5WHNud0NVeU9tcWtRc2NGUl9jRXdUVUM0Q2tDaXgyd0pRckd4U1hKeWQzWmlnVG9qczRpV3l0bnhmZG5IaVJyYy1QVHd0SUZ5Nnl4MG52MXFtOVdqNXRZQkxScERqWVg0YzVWRG5WYjM5MFk1YWpsaVQtaWRvSGVYZjlMQlJKZGF4WExzSkxQZVZVM0NyVUg5UVZGNXV1WFlENlVBcnJLbWww0gHYAUFVX3lxTE9VNFF0bVA4THpILU1ienc1WjBPYWJDVDRHUThGS1pxOGJUbEVxMHI3N2w0NnB3WGNDTV9mQWlVQUJpcU1BYlMyNE1OYmJvbEFLbHV2cEtLbjJmUTNxSWR3T2JMcjhmUGlxc3gzQ1NfTE5SVDQ3TjRQbHNGODVLaUl0aUFnZGRXZndMNU9hNnJfZy05VThQb200N0VrMEJDLUhobVRtVUNvZmRYYmtPVEY3S0lna3cydWM4Mnl6X0NQOWpCSHBGTkd3SWxkWTh1U0ZGd0cxZ0xCaQ?oc=5,simplywall.st,2026-05-27 02:34:09,False,bullish,,0,1,1.0,lexicon
a8c945b64485,WMT,Target vs. Walmart: Which Retail Stock Is the Better Buy After Earnings? - The Motley Fool,https://news.google.com/rss/articles/CBMimAFBVV95cUxQSWFsNkxtRkJhTmtuNy11TV9SVDVIZm5IdDdOdElmQWdIUlBIR2ExSGR2QXVEeklRd3NUWlAwNnBiOWpwQjd3cDRmdGdoNzdtTUVqT1RabWd3anBGNWozS1VaSDR3TjdaN2Etak9CN09lLXo4Q3lHUlNVS2RPd0NSTmN2eW9ZYUxMOU1rSUZVOWpWaTZ2REVnUQ?oc=5,The Motley Fool,2026-05-27 01:22:00,False,neutral,,0,0,0.0,lexicon
43274908f686,PG,Is It Time To Reassess Procter & Gamble (PG) After A 12% One Year Share Price Decline,https://finance.yahoo.com/markets/stocks/articles/time-reassess-procter-gamble-pg-011758791.html?.tsrc=rss,Yahoo,2026-05-27 01:17:58,False,bearish,,0,-1,-1.0,lexicon
6795784204cf,PG,Is It Time To Reassess Procter & Gamble (PG) After A 12% One Year Share Price Decline - Yahoo Finance,https://news.google.com/rss/articles/CBMinAFBVV95cUxQb19DVXZ2Q2NLbV9vVWR1cU5FVGljSTZSNi1KTmZrRDNKZ1ZfVEl0ZEo4OWN4bTBZaUJQMHJUOHNQdmNFWUFhUXJ5RmZZV1drUDJ6S01DU2x0SGZBZ0xJdmV0dTVZak9xTlVMb0N2bDN2ZjBQU0t1ajRVMHRiTWJqNnVMbzNtZEg5aGJMc1h3Z0FUTmtJVFhtTTRVOVA?oc=5,Yahoo Finance,2026-05-27 01:17:00,False,bearish,,0,-1,-1.0,lexicon
5a348947d4fa,AAPL,Apple Stock Hits New Record Highs as AI Doubts Begin to Fade - Yahoo Finance,https://news.google.com/rss/articles/CBMimgFBVV95cUxOdTd4WWJ6NjU3VkFEYXZCYXNtb3FLVGl5WFRiY0JUM2laWUQtZ1czR05hRVZ1RldDV0doejJpR3pBQVBrT3hNYWd2d1NyWFJWNENKOFo0MEhDODJhdzRkT1ZBRUVyLThQc2FtVXFxRnJoUU1CX3JrekpyUUVLUklzZG9jbTAtSko2dUlDcVJSY1hqZDNHazRBSGtR?oc=5,Yahoo Finance,2026-05-27 00:45:00,False,bullish,,0,1,1.0,lexicon
8a0daf240fb1,AMD,"Cathie Wood’s ARK sells AMD stock, buys Cerebras Systems - Investing.com",https://news.google.com/rss/articles/CBMisAFBVV95cUxQemZmd2NTdmpiOVBFQmwzTEF5RlhVMHVJSmtRclVfdElBcTdVbTh2UWNoUlhvenlUclN2cHhTaHd0REViY2lISlVuS3puTzJuN2xnbU8wa1RvakFpQXh0amxnZnJvMzdZUVU4S0twMUh4OHU4VzdnejVQZlNnTXVQeV96allDYVRZa0oyYlZpelZIemczSHFSZGJqcTB4aTktSVFQTXNjcG9mZDVFWTktZQ?oc=5,Investing.com,2026-05-27 00:32:16,False,neutral,,0,0,0.0,lexicon
782e2fbe0ecc,MS,Watch Morgan Stanley's Caron Says This Is a Stock Pickers Market - Bloomberg.com,https://news.google.com/rss/articles/CBMiqAFBVV95cUxPVVJldlU2cE1xRVhjd0lSOFNYQ2ZLT29VMXYtV2ZBWkpjbWtYQ2oyY1RsdkE3ektDb3hETmNzTkY1Ml9mblpQR1ctelcwLWRtcS05dDlMcmE0R0NCb2tiY1RUa0Q2Q1UtdnlUWFFrQ3lnelVuLWVxeWZ1TDdyQi1rM0tCbTBUVXMwRFBGMDdZeXdJSnNnbFltTkR3dHpZNEJUUlF2dVZKQ2s?oc=5,Bloomberg.com,2026-05-27 00:00:00,False,neutral,,0,0,0.0,lexicon
528f8a3ea3a2,TXN,Cary Street Partners Financial LLC Decreases Stock Holdings in Texas Instruments Incorporated $TXN - InsuranceNewsNet,https://news.google.com/rss/articles/CBMi0AFBVV95cUxNV3pzT1JMOENoSldtMFpNeC0xQ3dHdXYwZXZUQm5FRUJkcDBfc0c2UmJMOVpwdWNRTlZCdTdNWWsxYVRzaGttYlJqZEhFOGk0elprWFBmWURrT2hPdl9IN1dqYmtFc1lGUENQaEVCMUdqSXl0eWlkbE9GZHBzM2duVkhQbUpDLTRYOFJFVjE1ZWF6aTBoS0hielRxX1VhQ2ZhSDN6ZGpfeTVYSkJoZ3U5VGxIRW8yS1pBejJqeEtPaU5abXdRSXh0SUJVTmlZUXJR?oc=5,InsuranceNewsNet,2026-05-26 23:45:39,False,neutral,,0,0,0.0,lexicon
a0510a5fa5c5,WFC,Weighing Wells Fargo (WFC) Valuation After Recent Share Price Weakness And Conflicting Fair Value Signals - simplywall.st,https://news.google.com/rss/articles/CBMiwAFBVV95cUxPU2ZZMFZFb0d4em5jZExBWVpXYl9iQUN1dEtDWU0xdFhaZnFlbnRRcEFrcGJGRFFVRVNDNU1taUlLNk0yV2Q1b1I2dG5pOWdjbjQ3UkFnNTRrSzBBSUdlM0c4aXJ5R1hCdDg5WGs4RzBFTHliTnZDSWxtTDVBdWJnLUJSVmt6cXUtRUhrLVpldkI0NlExNWpZbkJMb0tnMnVPQk9EYk80MnRFcmtPZFB6czNOdXpuRFA3QzJsa1hacnbSAcYBQVVfeXFMTTdEcFRrN1l1RkI4YWJPSzQ4MkkyNUdLOXJFVDBfb0U5bGYySHZDaEZNbmsxM1JkMlQ2SGU1RTk3R2l1QTBDTXhxSUViWmJhRHlsWXVPbmYtZDlfWFZvOE4tSENDSkRzb3JfekdJNjJ5QWtuak1zTUFtc3U1S0JjLXZhZ2Z5X0RyLWlNM0w3d2M4bWdSZUNGb2tid2tqaU5FcmxLaktvVUR4MEZwWVJMU21KMWpjYUdUZmgzZHJ1bjdoSXNEbkF3?oc=5,simplywall.st,2026-05-26 23:32:48,False,neutral,,0,0,0.0,lexicon
49852c6dd43a,V,Is Now The Time To Reassess Visa (V) After Recent Payments Regulation Headlines - simplywall.st,https://news.google.com/rss/articles/CBMizAFBVV95cUxOS0c1NlZUdzI0dFZBWUhPMkhsZWF0YzkxT3JBYlhWNzNSTWEwamtsdVNKQlRXZ2t1U2o5Z0lCbG5UbU9nZWcxcUI0RlZ0aVc3cEdaQjhlbU1lX2JJQTQ2YjM0UXNTOTBDNEM1dHlGazZxTVIwQm5FczJnODFhT3dpbTJYWnZnVzctM3F2UUVVN1A5NnFBNHZWeUxydXVHeGE4RDNfNDJyckV1aTA5QkRpVHF1SkdaRFhSY01tSUtDb05LeUNwU1VqVzBRNmzSAdIBQVVfeXFMTjU4UmdqM0E5M3dYY0JCU0RtR29rTVRXbzZBcWdRVXZlV1BGeDBKckdvUUZkTmgtWG45TWNReXhNYTVKZ2RiM2hTN0VMYzZaeFk0ZGlVSHFtQTB6R3J1eWNVTTRCMWdnYnJqNkI3V0RzcV82X1ZWRjM1UVJCQWsxX1o5dURYLWR6cFhPYVNxLVZLanREWDJFREJDSmpIVThmakNVTHJIcFo5eDR3ZUJydzM2c0ZSSFVFbC0ySGZSZjhvT1hzV0xuTXVBSzM5cDUza293?oc=5,simplywall.st,2026-05-26 23:32:48,False,neutral,,0,0,0.0,lexicon
45b2458ab34e,JPM,JPMorgan Chase & Co. (JPM) – Among the 10 Best Blue Chip Stocks to Buy for Your Retirement Portfolio - Yahoo Finance,https://news.google.com/rss/articles/CBMilwFBVV95cUxOTGlUcDFsMC1mRG5mTklkbTl2MnI5REFPMVZoTl95aG96bXdXMkZxM2R4Rmt3QkMyYVFNUWRmR0pVVjh4M3hNSU5wQndDRFRoZUZXbHgxR0VSVHNXYkQ4NGdJUmlBNi1IRWlzaG95b2ItamlvelRhZEFlSGFCZEIzdXVxODFZNnptREgzQjBlZTRqbFZmcF9v?oc=5,Yahoo Finance,2026-05-26 23:30:15,False,neutral,,0,0,0.0,lexicon
88bd33e5cfaf,XOM,Is Exxon Mobil (XOM) Still Attractive After A 49% One Year Share Price Surge? - Yahoo Finance,https://news.google.com/rss/articles/CBMingFBVV95cUxPajNEMzBuUldKeWlQazVXdTBLaDk3ZWQ0Z2FGZnl5NzdNdWhMQklhbjF6NFdjdDdBamxsWTdQMHZ4aW44TTI5RVJfUEI0ZzNtWHFsRl9QOGVFeTlDenczVXNubnh4dTQxOEQ3b05HYjAzRE9SeEVZQjhaWUtKbG54ZGIzMVVHMEU0eHhEdmtaSEViOU9iUGpIQzdxcVJPQQ?oc=5,Yahoo Finance,2026-05-26 23:14:47,False,bullish,,0,1,1.0,lexicon
c90b3affe6f5,TMO,Thermo Fisher Scientific Inc. (TMO) Analyst/Investor Day - Slideshow (NYSE:TMO) 2026-05-26 - Seeking Alpha,https://news.google.com/rss/articles/CBMipwFBVV95cUxPeGx0STgzblhqdmFIY1o4aWVSWjJtUGtkaWl6M190ek85Sl81eTY0OElRUkdiOE5qa3FLWjJlV0oxMjE4X2pLZWYybHJSNksxSXRGUExNNGxoUkdQNVB6eFVWdEE4UlVydzBkRlpBSFlxNkdmMUFIalNSVVFOLUpkaHV1dFdSaGFqRkYtMDhJX1k2dnppSTR2YmpDZC1pYloxelk4UTJ4WQ?oc=5,Seeking Alpha,2026-05-26 23:13:51,False,neutral,,0,0,0.0,lexicon
3607ad981357,IBM,IBM Stock Analysis: Buy or Sell? - The Motley Fool,https://news.google.com/rss/articles/CBMifkFVX3lxTE0zM2pLV01VenFXVXBoMGtsTzQwWmNjYWhpQU02M1pNS1paUFBfMk1BcURERFRKRExnVkI1Qm53dWwybUR4SDhGSzN2WUkzZFJxODRKNlNNYzRTd2U1N1pSSlhxcUtRZ2RtaGdQbWtScnBGa0NwU3BELWVzNVZHUQ?oc=5,The Motley Fool,2026-05-26 23:07:00,False,neutral,,0,0,0.0,lexicon
d85eaa4e8ff5,CAT,Caterpillar Rose 5% This Week. Here’s How Much the Stock Could Rise in 2026 - TIKR.com,https://news.google.com/rss/articles/CBMinwFBVV95cUxNUGFYaXNMSUtlcUJ0YTE3YUd1UEVKbWtZQzRhcGpVRmRIbGZxXzc3NmhxZmo0STVZWjkzYzgxaXdDa29lWVg5ZVBrOWRUR3M1c3lCRGtmNEN1V0NtVC10bzNoZ2NEekpSVDdCY2hOaS1HM0RkZjZ3NXEtdzh1Wlpmb0NNYkNNMzhIdDJ4OFh6VjJEaXhxazBBMU1CYnl3Ukk?oc=5,TIKR.com,2026-05-26 23:00:35,False,bullish,,0,1,1.0,lexicon
52d646a062c6,COP,Alaska’s Oil Revival Gains Momentum,https://finance.yahoo.com/sectors/energy/articles/alaska-oil-revival-gains-momentum-230000933.html?.tsrc=rss,Yahoo,2026-05-26 23:00:00,False,bullish,,0,1,1.0,lexicon
c65ebd354e63,UBER,"Uber, Lyft drivers in Massachusetts form first US ride-share union - Reuters",https://news.google.com/rss/articles/CBMivgFBVV95cUxQbEUtQW5pMzNwVW9lX3dfS0ZzakkxTUtlT2pLeWRWX0NiVEJ0TFo2bWtUSUlwNVJiS0xkcVBuZVVvUTdJcjZEdm1paF9NYk1RNXY3dVhMVWtCeEhPNzJnT0tVYXh3OTBWYUM0M3F4ay1hSUxxclJlUGxORTEwQzRsZkxmS0U4MzNnUUZqSTZlTXdoeGtkYVBOUjd6RXlIRlNuYkpwZGpIRVN0ZWxiNndVUVVnWVd6c21nNHVTZVpn?oc=5,Reuters,2026-05-26 22:57:16,False,neutral,,0,0,0.0,lexicon
b22ab1a2224a,AXP,Assessing American Express (AXP) Valuation After Fanatics Card Launch And Canadian Restaurant Expansion - simplywall.st,https://news.google.com/rss/articles/CBMi3wFBVV95cUxQT3dmV2I4XzFIcXJNSmp3Z2JiNDI0eFRrM0VISGFXNzZubFZ2dDNMNGp2NzU2UVhKUzV6OFZMRnd6bG8xeDMtWDVwZ1JEQl92WmM2WTRNWXp2Rno1NE1MbjItckVsSmttaDk2TUlGWlFBMEJDbG5HR3lpaDVNTFBFd2NVSVAyUy1CdUlFLTVPbmxURW8wUF9VVTg1blpWQUxfRkZYX3hYcTVLUVpJQy1Qb2RTVmhxRmlGaW9rekdORnRTZG05LUtCUUhvWWFPU3dNMnk5T1BRS3hISllweGVj0gHkAUFVX3lxTE1NRDdnZFdySFhJdzJ3OWxscFljVmRBYW0waU9pUXAtbUthdHlWR1hmRnM1Z0NTYTlNbG9TMGNfelZGdmFuc2dlUDZKY3RnU1owdWVUMVlZV3VOdVlGM0dUZDJYWWxPOXc3eV8tQWRFTEZidHdlekN2akhKUUctUWY5WXJDNi1Oc2U1S1BXUTlsYXBnSGJYajRBV3RfQzBOcjViZTFUQjFkNmU2aUFnX2VKdVoyeGVOLXBDQkVmbXJjRjRQaTN5QkUzRDA5OWx3eXhoN0hjZ3JUNGhhQk80bnloc0pOVw?oc=5,simplywall.st,2026-05-26 22:34:13,False,bullish,,0,1,1.0,lexicon
34bf7f16538b,QCOM,Why Qualcomm (QCOM) Stock Is Up Today - Yahoo Finance,https://news.google.com/rss/articles/CBMimgFBVV95cUxOc3VZX0M0dGVPNmcxZm9fNEhKek96aEtyWWd5TnF2cFo4dGF2aXBMalhaTXhVZ3lkRVhvdEJndEcyWmw0QzBWZ3p1d3gtaHZrcVM0dmxOV1BoN2EyQkMtZEhud3hPOUdkdVVDQWhhcHA4d3hVMGFod2V2Mmlzdm96YUptOHdSUnhHX1A5bFFSMURuenUwclF2UmFR?oc=5,Yahoo Finance,2026-05-26 22:07:28,False,neutral,,0,0,0.0,lexicon
b51ec42b56df,COP,ConocoPhillips (COP) Stock Down 3.2% but Still Overvalued -- GF Score: 65/100 - GuruFocus,https://news.google.com/rss/articles/CBMiuwFBVV95cUxNd2tzaVBSZzdyZzhWbk9zWUpOLTZNUUR4QnhjZlM3Y3Fhd3dzRkw1ZGZRb29QZU9iLVY4X1VZeGhhUE5TR2dGbE9BYkkydzlPME1oaWNNNVdqYWRKSXFnYXhOVkFScUlkZnNmRDJnV0p4bWM4NUdwZE85cHJMNkZsSDF5b0IzVTF1VEw1ZW9SX29ucG1Bbm5FcGxLLVRxUGRPenI1RGFQM1JaSDlBdy1MekZING5iRjdRS2RJ?oc=5,GuruFocus,2026-05-26 22:00:03,False,neutral,,0,0,0.0,lexicon
cc8030b4bf12,NFLX,Netflix (NFLX) Stock Slides as Market Rises: Facts to Know Before You Trade - Yahoo Finance,https://news.google.com/rss/articles/CBMingFBVV95cUxPNlZlXzhYZ0pma1pFWjM5LXVvcUtWZTlWYU1BV2V3VWFNSl93MlNqS2lET0p4a1BabXZ2SUJ4T0MxdXZTdjVUMXZCTF9GWm1NOVB6d3JKT0VENk0tT25QN1JDRjBJLXVtNkxHSWxVbWpad2VGelFxOVp6eGY0N3J2SHZXQ1UtQVVHdVdmMnU1T2pyWUJ5VEhaS3hVNzM2UQ?oc=5,Yahoo Finance,2026-05-26 21:45:04,False,neutral,,0,0,0.0,lexicon
3646b1e0dfa8,UNH,"Stock Market Today, May 26: Soaring Tech Stocks Push S&P 500 and Nasdaq to New Highs",https://www.fool.com/coverage/stock-market-today/2026/05/26/stock-market-today-may-26-soaring-tech-stocks-push-s-and-p-500-and-nasdaq-to-new-highs/?.tsrc=rss,Yahoo,2026-05-26 21:36:51,False,neutral,,0,0,0.0,lexicon
0201549edd1a,MRK,"Stock Market Today, May 26: Soaring Tech Stocks Push S&P 500 and Nasdaq to New Highs",https://www.fool.com/coverage/stock-market-today/2026/05/26/stock-market-today-may-26-soaring-tech-stocks-push-s-and-p-500-and-nasdaq-to-new-highs/?.tsrc=rss,Yahoo,2026-05-26 21:36:51,False,neutral,,0,0,0.0,lexicon
b14f9d99b8d5,PEP,PepsiCo Inc (PEP) Stock Down 3.2% -- Now Undervalued? GF Score: 92/100 - GuruFocus,https://news.google.com/rss/articles/CBMisAFBVV95cUxPVkM0eHlxejZ4V0UtNU5qRUNsY0FuVHZDT2dCTWtIVEEwYVhGd2xyV1MzT0JrclFDb2tGXzhKNEthRHpWSHA2RDVyNjRvdzNnU3VKOHh0dklDMnJNVjNRcTNrQXdLbzRNaFJhVUtZQ1kzTHlod0U5d2t6dUF0VWJ4M1FEaUtPaEg2Y3FuYmdMbjYwbm52bW9GNGFtMWFIbnB3NkQxMl9NSV9iUE9XZU9HMQ?oc=5,GuruFocus,2026-05-26 21:34:03,False,neutral,,0,0,0.0,lexicon
5d1a367144ee,PG,Target and 6 Other Dividend Stocks to Beat Inflation,https://finance.yahoo.com/m/3b5a203c-1b72-3dd2-a928-e4ba99c01712/target-and-6-other-dividend.html?.tsrc=rss,Yahoo,2026-05-26 21:33:00,False,bullish,,0,2,2.0,lexicon
d173552d4849,WFC,Why a Super Bowl Sandwich Platter Cost J.P. Morgan $4.25 Million in a Fight With Broker,https://finance.yahoo.com/m/ae13ae25-1850-3efe-a58a-f34f9cbc8321/why-a-super-bowl-sandwich.html?.tsrc=rss,Yahoo,2026-05-26 21:22:00,False,neutral,,0,0,0.0,lexicon
ed338e414e43,CVX,Chevron (CVX) Valuation Check After Strong Recent Share Price Performance - Yahoo Finance,https://news.google.com/rss/articles/CBMioAFBVV95cUxQSklJYmhFZjNYRjdTcjhVc3Nac1lYMDNnZGlNVFVaemRVWjA0RUdkYmxfZ01OemdQbzdkcF80dS1ERHN4Y0tfekF6UFhoMUEyV1loTzVxdDJOS1cyQlhZTUw4Wk9lamtIamkzSHZ0MDd3dlQtZkEwYm04TFVkdS1ISnJaY0JRcE9aSExLLWFheVUxVW5Vdk0xaDAwaDB4QVVi?oc=5,Yahoo Finance,2026-05-26 21:14:57,False,bullish,,0,1,1.0,lexicon
df975a9f1c0d,GM,GM clinches NASA contract to build battery for moon-bound vehicle,https://www.freep.com/story/money/cars/general-motors/2026/05/26/nasa-selects-gm-to-power-lunar-terrain-vehicle-with-battery-tech/90264392007/?.tsrc=rss,Yahoo,2026-05-26 21:03:19,False,neutral,,0,0,0.0,lexicon
c35497250693,UBER,Uber’s $11.6 Billion Bid for DoorDash Rival Is About Future Proofing It From Robots - Barron's,https://news.google.com/rss/articles/CBMiiAFBVV95cUxOU3R6dk15TnQ0S3lJbU00ZkhjSlRTZzJyamFHVVd6T0c1RU5rYzdlUGRzMzJZWWlyT2NoM1lEdW1GUHJ4MmVlNVNHUEtTM2s5Tkx4SHZyVGRKV0lpMzJBREJOMTNVS3FUNlFBWGF6Q25ZbW1udVJNSXBWN0dkZ29JUVB5X1ptaXhG?oc=5,Barron's,2026-05-26 20:58:00,False,neutral,,0,0,0.0,lexicon
c9feba729ddd,COST,Here's How Much Costco Stock Is Expected to Move After Earnings - Investopedia,https://news.google.com/rss/articles/CBMisgFBVV95cUxQR29PaWpjVTNOV3BfNTZJODZIa0JzVzhKS0J1aFVDdC1pZ2FOVU5DLWJRZGU1eEh3T0Q4cmgza0dVZlRWbXJFbVJsUFVjT3JqMnRicmdXbE54aWhWWllQVmNWbklscF9jMVZ0YWhyTmljSVFBeVlpNFg2NnlwRlFNQ3BwS01JMUpqSjJNdXU5eEczUU55MGdjT29GLXVTWE9JdnRHZGt6Y0R3RGNCSW83TDln?oc=5,Investopedia,2026-05-26 20:53:35,False,neutral,,0,0,0.0,lexicon
623988cf350f,WFC,"Top Stock Reports for RTX, Wells Fargo & Amgen - Yahoo Finance",https://news.google.com/rss/articles/CBMilwFBVV95cUxQNkFlckFSUFRwNmJOMzI3ZXRRZ0QwcFZpeFdvYXVwREYyLVQ0LVJTY1l4R05Db0YzVVRzLXVSUE9rc2V5amRzem1ET0hlMEowVGhkYkY4ZU5oZUpmSjFBanVrUHBqdlhKTkFZeEJTOFVRUjZwaksyTW5ia2cydWh4aTlxOUliTGhTRVNSR1dxaFVLZjhCTkpR?oc=5,Yahoo Finance,2026-05-26 20:45:00,False,neutral,,0,0,0.0,lexicon
e303e3bbc013,WFC,"Top Stock Reports for RTX, Wells Fargo & Amgen",https://finance.yahoo.com/markets/stocks/articles/top-stock-reports-rtx-wells-204500132.html?.tsrc=rss,Yahoo,2026-05-26 20:45:00,False,neutral,,0,0,0.0,lexicon
5329b6a57f67,QCOM,Qualcomm Is Teaming Up With ByteDance. What It Means for QCOM Stock - Yahoo Finance,https://news.google.com/rss/articles/CBMipAFBVV95cUxOYm9WQkxmRm9faXVSbWFIMG4wTVktRWNtQXpyWGlOZ2gtYm56UkNBNjh3ZTlJS0tUT2xpWkZsQXp1NTNhSkhLX2o5OVhCVDI5dnJLeHdmSENEdkVmbFl2eTk0M2xlSlM2bXBmZUtZOHpLeEItX3BSWUpKZHFMYTBLalFWYXdRc0YtTVNxNU9IcUxxY3U3VnVqTktkanpxa3hNd081bg?oc=5,Yahoo Finance,2026-05-26 20:44:46,False,neutral,,0,0,0.0,lexicon
73a110f6ee21,TXN,Stocks Finish Mostly Higher on Iran Peace Progress,https://www.barchart.com/story/news/2138116/stocks-finish-mostly-higher-on-iran-peace-progress?.tsrc=rss,Yahoo,2026-05-26 20:39:18,False,neutral,,0,0,0.0,lexicon
31216b1ff6e0,COP,Stocks Finish Mostly Higher on Iran Peace Progress,https://www.barchart.com/story/news/2138116/stocks-finish-mostly-higher-on-iran-peace-progress?.tsrc=rss,Yahoo,2026-05-26 20:39:18,False,neutral,,0,0,0.0,lexicon
e9eb2f9befe6,MCD,McDonald’s can’t meet its 2030 emissions targets,https://www.nrn.com/restaurant-operations/mcdonald-s-can-t-meet-its-2030-emissions-targets?.tsrc=rss,Yahoo,2026-05-26 20:32:59,False,neutral,,0,0,0.0,lexicon
3bc804ae01de,AVGO,Billionaire Stanley Druckenmiller Just Sold 2 Key AI Stocks. He Bought Broadcom Instead. - Barchart.com,https://news.google.com/rss/articles/CBMiygFBVV95cUxNbDgxbXhYVldYQkJKNnR4aTRab2VtUEZobjJKRV9OZGJoWGpacDEzZ09BQ281Rm9GQ01RVTg1dTdRYnp1RVZERkc1Rl9oaEdIejRnWUlIN0NBSDZydlJQaldpUUsxclJ0bkVXeEs2U21leEN2aWhWcWgtNE91T29jRzM3aTFGcHRteDlQcU5zaW1yYXhRMVoyVTc4WWlVRE05SUNKTnhSWWktMnE2N29Vd2x2R0xCZ3F2cnh5b3ZJa0REX2JSUllvODRR?oc=5,Barchart.com,2026-05-26 20:18:28,False,neutral,,0,0,0.0,lexicon
d284c837ef88,WFC,Carrier to Present at the Wells Fargo 16th Annual Global Industrials & Materials Conference,https://finance.yahoo.com/markets/stocks/articles/carrier-present-wells-fargo-16th-201500141.html?.tsrc=rss,Yahoo,2026-05-26 20:15:00,False,neutral,,0,0,0.0,lexicon
9e217809e828,PEP,PepsiCo Inc Stock (PEP) Closed Down by 3.27% on May 26: Drivers Behind the Movement - TradingKey,https://news.google.com/rss/articles/CBMiigFBVV95cUxNMXNzelREZXhiTjhtclR3YlB1ZnJQeEFyWUkyYWtXUnExN0FfajI0TmZyM2pJTWdDQ0ZKVFpzNHR3akpFYXhCYjNOMFJaNWlsYTVhVWJvUXNEemJqWWNndnBncU00MjJjSUg1MXVZbTdVaUt3Q0V4WEo3ZHE2alo1TzRfT1o0ejZUVWc?oc=5,TradingKey,2026-05-26 20:14:29,False,neutral,,0,0,0.0,lexicon
0c8004a095e2,LLY,Eli Lilly Goes On A $3.83 Billion Acquisition Spree. Where's It Pushing Now? - Investor's Business Daily,https://news.google.com/rss/articles/CBMipwFBVV95cUxQN2FmczN1VW03WHZQRFZURE5PUV9QRGxOQ2duM3NUVDVFWVlNYWoxdU1XR1J3cTNhbHM2ODZzOWsxM2k4MHFtMWtnNEZuNTNJRUY5M2wwazRXa19tSXUtRkFxTmZoazdaZFMtaWlaR2hzVmtzZ1BUX081Z3pSc1NETzQxQkY1NTgwakdWbXB2TmFUQ3k5WVBYbUlNcXo5UXVQUUxqamlWZw?oc=5,Investor's Business Daily,2026-05-26 20:14:00,False,bullish,,0,1,1.0,lexicon
d3c1d74b42a8,ABBV,AbbVie (NYSE: ABBV) Form 144: Director proxy to sell $2.78M in shares - Stock Titan,https://news.google.com/rss/articles/CBMikgFBVV95cUxNWVBCRXZJZWZKZmptdzhjZl9TdENjSXFsaEhsMXZBNklZZzZfMGd6eGVGWUJ5X0xXUk5DNzg4YzVyeDQtNXcwb3pCMGY5MWlyQjQ5VEg3V2xCS1VOQmhMOHM2SkVGNTFIQ0ZDVXN6YUt6dUN5WkhNcUdNVWxqM3dkVVVyN1J0TEVpODRHUC1PcUYwdw?oc=5,Stock Titan,2026-05-26 20:10:15,False,neutral,,0,0,0.0,lexicon
e88d029d17ce,TSLA,Tesla Stock Trades Higher as Investors Remain Focused on SpaceX - Barron's,https://news.google.com/rss/articles/CBMif0FVX3lxTE40cExtblFRQndlbVpQTmNoTXJFLXNhTXZJS0RwT205QWVoTmtMZjFXUU5mN1c3VVBFa1A0LTBuOXR6OXFoODJkV2xGbmtTSmxmT0VsYjk3dllhWkNxSFcwU1BPWGNqTU1JaUg5VEU0NDV3TExjeWhFdDQyU3p4MW8?oc=5,Barron's,2026-05-26 20:06:00,False,neutral,,0,0,0.0,lexicon
f412750f7c41,GM,Tredegar Corporation Announces Susan Sweeney Joins Company as Vice President and Chief Human Resources Officer,https://finance.yahoo.com/markets/stocks/articles/tredegar-corporation-announces-susan-sweeney-200500925.html?.tsrc=rss,Yahoo,2026-05-26 20:05:00,False,neutral,,0,0,0.0,lexicon
261aa4957a85,TSLA,Elon Musk’s Bugs Bunny Moment: Will SpaceX IPO Tank Tesla Stock? - Barron's,https://news.google.com/rss/articles/CBMif0FVX3lxTFBTQlFZbjZWbW50VHAyckpOOE1UdDNFNWZqRm9ZbV9xcGNsUVd0S01jRjBPaWl5cGV1VEppN05JNVhWS2c2TEtCVWVOVUREaml4cVhadUxUdFhuZk15RG8zSXQ2VU1rZzFJbFFTV244WXhlSWljZ3dQTDZHRkpNQmM?oc=5,Barron's,2026-05-26 20:04:00,False,neutral,,0,0,0.0,lexicon
c3955cfe68d7,SBUX,Sector Update: Consumer Stocks Mixed Late Afternoon,https://finance.yahoo.com/markets/stocks/articles/sector-consumer-stocks-mixed-afternoon-195618995.html?.tsrc=rss,Yahoo,2026-05-26 19:56:18,False,neutral,,0,0,0.0,lexicon
5877252ef340,SBUX,Brian Niccol's AI Bet at Starbucks Just Failed. Is the Turnaround Still on Track? - The Motley Fool,https://news.google.com/rss/articles/CBMimAFBVV95cUxPS2M1dVVVV3RkcWxXdDFtYVdYZFNYVTdwRVBrT1RrTFp5a250UE1tSjJOak14S0J3TWxFTTZGWGt3OS1YV0JQdGh6NVRKUlV5bG40R3R5X2k3Y2tkRzktYmpFeDd4NEpxQjN0d1B6RlpuV09NN0JtaGM3ZkpXaVZuWGZUaDJXQ2NlR3d5YTRKdXQ3UGtVbFlQWQ?oc=5,The Motley Fool,2026-05-26 19:41:00,False,neutral,,0,0,0.0,lexicon
95a52505aded,MSFT,Microsoft Stock Blues Persist Despite Earnings Beat; Is Microsoft A Sell Now? - Investor's Business Daily,https://news.google.com/rss/articles/CBMic0FVX3lxTFBiUlZveHVzWDEyWDY2MnJIcHJzaUUxMFhiQ0NnWkpPWC1SM1RocGlsQzBsVjZEdHJrV1lvZFV6S0RHb05yc1JiekdBU1NDMlEwUDJTZjhaeTFzVnR2d243UGZ1UFBNZmtNWDd0Y2Ziemc0NUE?oc=5,Investor's Business Daily,2026-05-26 19:36:00,False,bullish,,0,1,1.0,lexicon
a6e2cd28aa3d,MU,Why Micron (MU) Stock Is Up Today - Yahoo Finance,https://news.google.com/rss/articles/CBMilAFBVV95cUxQZ0NMWEx2MmxVaWgzdHQzMjdzXzZ1Qzl0RklnaTB0VHZDUXFBVnhMVlV5OTE1RzV3MjI0MVluWGFjTWRDcURYMkZqcmc2VFlzNDRpQ0xaRGM2NUtvZ1VqYzFzVzdhdTZSSFRjZ2NkSzl2Z3BEQ0RLWXZGd1ByZFNTRUlTcnJXZTM2VkREYXlEeWlxWXo2?oc=5,Yahoo Finance,2026-05-26 19:19:28,False,neutral,,0,0,0.0,lexicon
2d49ea04c51a,AXP,How Investors May Respond To American Express (AXP) Expanding Sports And Dining‑Linked Card Rewards,https://finance.yahoo.com/markets/stocks/articles/investors-may-respond-american-express-191710931.html?.tsrc=rss,Yahoo,2026-05-26 19:17:10,False,neutral,,0,0,0.0,lexicon
e32001596dbd,COP,ConocoPhillips Stock (COP) Moved Down by 3.43% on May 26: What Investors Need To Know - TradingKey,https://news.google.com/rss/articles/CBMiigFBVV95cUxNRUdWQkpWUHU1YXlIS0x3V1F5UWRjTVBINkpSVU1PWHRmYUR5RFNaUWlYSnVIQ1k0NzV3dXVCenYzMWJuVTYwV0l2b2FzYXB6Z2hrb1IzWDNnVzd5RER4dHpwdXJ6ZFNjU3VldkpiRHJMNkl1TnRHR3pJd3dKRjJwaXZCMWRCZnpwX0E?oc=5,TradingKey,2026-05-26 19:15:57,False,neutral,,0,0,0.0,lexicon
0a45e55124cb,COP,Oil Climbs as US-Iran Clashes Muddy Outlook for Peace Deal,https://finance.yahoo.com/sectors/energy/articles/oil-advances-strikes-near-strait-002750296.html?.tsrc=rss,Yahoo,2026-05-26 19:09:52,False,bullish,,0,1,1.0,lexicon
a3f79372f382,SBUX,Brian Niccol's AI Bet at Starbucks Just Failed. Is the Turnaround Still on Track?,https://www.fool.com/investing/2026/05/26/brian-niccols-ai-bet-at-starbucks-just-failed-is-t/?.tsrc=rss,Yahoo,2026-05-26 19:01:50,False,neutral,,0,0,0.0,lexicon
6208cdbb2133,UBER,"Uber: Takeover of Delivery Hero Could Enhance Scale, but Price Matters Too - Morningstar",https://news.google.com/rss/articles/CBMiogFBVV95cUxQVERVcWhndUN0YUdJZkRoYnRhRVBvR2xOcnhidXNqbUhJaHp6V1N4WmFwV0U2UjUtQnFvQ09tZGFXNDdfUUs4WENtRkV5U3RIa214T3pyeHE3S0g1TzRGVVpSMTNlN1JFZ0NOZkdwSDhmSVhvZVpERkRoS1AweS1KOFhkcFpTLVh5Q05aMDhUOGxabjNPb1poLUsxMEQzTG1YaWc?oc=5,Morningstar,2026-05-26 18:46:12,False,neutral,,0,0,0.0,lexicon
35c7b003235e,AMD,Nvidia has a $200 Billion Warning for AMD and Intel Stock Investors - Yahoo Finance,https://news.google.com/rss/articles/CBMimwFBVV95cUxNbWFMZmFSbFMzMDZJMEphSG9wNUtyVkZxQ0dPelF0eXJiVjBGQXA1XzYzdmRqbEFqdXZiUy1hWjdqT3ZDNm92VVpQWlVmR3dDcjdGQkl6Vm5QWnYzX2RhWWN5WTVsWmt4clRRYnUtZk0xdzdOeFREZ1lsc0JMQTZ3TE9RT3BBb1lxZDhwR2FrdUN0bVVCeXdicExSSQ?oc=5,Yahoo Finance,2026-05-26 18:43:00,False,bearish,,0,-1,-1.0,lexicon
8cae4bbba005,AAPL,Apple Just Hit a Record High With Its AI Engines Idling. Imagine What Happens When It Kicks In. - Barron's,https://news.google.com/rss/articles/CBMif0FVX3lxTFAwd2dEdHVpV1hfcnphRmJ6bVplRjJIVUJMZkpHRldLekRVaDV4R2F5QkozMG1wdUYyRzAyYkRBV2o5MnYwaC1uTnZMZFhEZ0hBbmllUHQ3SnVFTzVkSUkwRWZKT1hvc0RSQ1dpSXdtdWE0b3Zzc1NFYy1wX2dodFU?oc=5,Barron's,2026-05-26 18:36:00,False,bullish,,0,1,1.0,lexicon
6f7f3fbae038,PG,"Kroger announces retirement of Tim Massa, Executive Vice President and Chief Associate Experience Officer",https://finance.yahoo.com/markets/stocks/articles/kroger-announces-retirement-tim-massa-183000283.html?.tsrc=rss,Yahoo,2026-05-26 18:30:00,False,neutral,,0,0,0.0,lexicon
28d2925d4609,WFC,"Wall Street AI Trainers Charge $25,000 a Day as Banks Cut Jobs",https://finance.yahoo.com/sectors/technology/articles/wall-street-ai-trainers-charge-181751029.html?.tsrc=rss,Yahoo,2026-05-26 18:17:51,False,bearish,,0,-1,-1.0,lexicon
4a10c79a407e,AMD,AMD Stock Soars to Record High as Next-Gen AI Chip Enters Production - TradingView,https://news.google.com/rss/articles/CBMixwFBVV95cUxPQUg2YndvRFNsMHdTMW9VbkF3WEQ5dGoxY05pTEpkd2VTaElxMy1XSGZXaVdZUmJ5ZFFLSENXdE1CajBWdTZvQjF6V3hja3FOMlhmRjNPb3lmRUdrYlExc2xKNWE0S0ljbFVwN3FqdEFNUUlqVUU3OXZNUmYwdjBvWFdyZTZSYUhwYzVPZEZ1U2xZZ2JHSy1wQkFHb3dvZGVlRDhOU1QwSl9SNnhyc3owSHJIV3JDWlF3WHdiWXpFM1RfeDdxZ0RR?oc=5,TradingView,2026-05-26 18:16:42,False,bullish,,0,2,2.0,lexicon
3d7fe9a0b2f3,GE,2 Monster Stocks to Hold for the Next 10 Years,https://www.fool.com/investing/2026/05/26/2-monster-stocks-to-hold-for-the-next-10-years/?.tsrc=rss,Yahoo,2026-05-26 18:15:00,False,neutral,,0,0,0.0,lexicon
27c71eb32030,NKE,Nike (NKE) Valuation Check After Earnings Beat And China Manufacturing Shift News,https://finance.yahoo.com/markets/stocks/articles/nike-nke-valuation-check-earnings-181130936.html?.tsrc=rss,Yahoo,2026-05-26 18:11:30,False,bullish,,0,1,1.0,lexicon
2b404ae952f7,NKE,Don't Bet on a Nike Stock Rebound Just Yet,https://finance.yahoo.com/markets/stocks/articles/dont-bet-nike-stock-rebound-180915243.html?.tsrc=rss,Yahoo,2026-05-26 18:09:15,False,neutral,,0,0,0.0,lexicon
daaca514016f,BRK-B,The 3 Most Surprising Moves Berkshire Hathaway Made in Q1 Under New CEO Greg Abel - The Motley Fool,https://news.google.com/rss/articles/CBMimAFBVV95cUxOVm8ybkZlMTdIc2VrX1J0cHVWOFBEcWtfdVgtUjROdGRGLUtpZGhtc096c0ZMczY1d0lsQ0ZKaFVtODltbXRYNWNIMmVZUHhQdXc1RUUwVVQyWlFGMVdBbFUyOVdZMU1qWG1XRlljTVdNdWlRcGdqd1JGYUNCZTQ2MHhzV2tTT2g3SVJDYlpfNmtxa3cyaTk1SA?oc=5,The Motley Fool,2026-05-26 18:00:00,False,neutral,,0,0,0.0,lexicon
0e54e4a13fd9,HD,A Bright Spot in Home Depot’s Earnings,https://www.fool.com/investing/2026/05/26/a-bright-spot-in-home-depot-s-earnings/?.tsrc=rss,Yahoo,2026-05-26 17:54:55,False,neutral,,0,0,0.0,lexicon
f1f1c10cacd9,BLK,Is It Too Late To Consider BlackRock (BLK) After Recent Fair Value Signals? - simplywall.st,https://news.google.com/rss/articles/CBMi1gFBVV95cUxOeWp5WlRwcmJYZE5hQXhkS2xFQ2oyVDRlUHBjRjAtV0k5akZuWTNDeWlTZVNYX3Z5a1hobjFZb1pJNHlXaEd1V2JHQ09UNWJFckxqWk1GRnVTaG9LRmk2ZU5YX0NLYnhFdlg4R2VMNEpsc0VseTNPaUw3Z0xGUUliRTBLU3BoeXY1M09xR2ozbFFNdFk3UW9wSURTcXJsS09mZmpra2hQT1JGeldlSkhHZjU4OVNTX0NRcGkwWXlRMjdBQUR5WlMxUFpKMm94WWFxS3NJcEpR0gHbAUFVX3lxTE1BOGk0Y0dTSWY3a2NVbzd0dHA2R2JsTmEzc3ltSl9BYWhoNFdONlRlVWZiM1E0bmo5SE9UOWMtV2ZkTlBtZUFnZ29RalBUeGNlZklZdXZuNGItT2p0N0llN2tURzFGT2Zfcjk4ckVuYlp2OVVaRTNwQnRseG5YWXRiNzlQMUNRNWJVcHhBaEdzNDNCUUl2aWdGZ2pUMnF1R1NMbGl6cERieG9CV3lMdFRHem13QjkzckVrVkVqRThuQmZwbHN0ZGc3YUgxUVVEVHVtZG9NdlN4bFYwaw?oc=5,simplywall.st,2026-05-26 17:36:32,False,neutral,,0,0,0.0,lexicon
e85287c9e2f5,BA,Is It Time To Reconsider Boeing (BA) After Ongoing Aircraft Safety Headlines? - simplywall.st,https://news.google.com/rss/articles/CBMixAFBVV95cUxNamtxVzBVVkhadGhwbHVYcmlEc1dWdjB3azVNWGxYWjFmcF96dmZsRkFreU9MUzNlLXpEMkhnRDFCeUh3R3A1Zk5fRVdHVjIwV2FGOWZ3bTVLVF9JM2ZiTTJndktDNUhzNnhGS3FlTzNfb2JUVFBFZ2llTC1RbVRmYV9Ed1Q3UG9XYUt0Q0dyMk54cHRhQXppeG1jVDk2MzYybktfa29QLVh0QWJrMkQ2LVR5TVdhZmd6WXF2bTNEZDVIMHBS0gHKAUFVX3lxTE5XcEdVUXNwYXJ4WTVMRTFBOUpmNzlqcE04dEVlbjdobFJfYnBSQU1KZENsUFhNZlF6NnkyZTA0S3B2cFpteHlYdVZibms1TkFvZWpySlRDSHZTYmdWYnR6U3NEWWg0MWpUZkpHVVp0Wnh1UXc1MWhHbUJZNl8wdVlLQzlLeWcyRllac2pWRmxyRnNiV1NDSVo4MmRLQjJseUNVREFxU1NtcEsxc2NIbEpSVUltWkdEMkRxSlZFc0d4Z0tiR0dzMFpYVXc?oc=5,simplywall.st,2026-05-26 17:36:32,False,neutral,,0,0,0.0,lexicon
3d5a1f2e57d1,GOOGL,Alphabet Stock (GOOG) Opinions on Recent Price Forecasts and Market Performance - Quiver Quantitative,https://news.google.com/rss/articles/CBMitwFBVV95cUxPSWl5cXlPcG1Fb0J3NEVVZXhSb0ExQ2hHTkRZTG16YlM2ckw5WEc4akZnMzhNcEQ0a0lqOGZMQUxkZlUxQUFHLUV1MjkzYlNjbk1VeWZ6YWlOZDJGeFgwZ0F6X0E5N2p6TG9SbWFaczFlbGRIVGlMWERncW5oNVNmRklMZ1dWMkZ2N194Y2IwdGhXQ09YSThnaHNwdzhUQ2p1TnhkNDEzaFN3ZmxUd0JwaVI1RUxxOTg?oc=5,Quiver Quantitative,2026-05-26 17:33:00,False,neutral,,0,0,0.0,lexicon
5d9709b75e99,TXN,Micron Hits a $1 Trillion Valuation: What's Next?,https://finance.yahoo.com/markets/stocks/articles/micron-hits-1-trillion-valuation-173300061.html?.tsrc=rss,Yahoo,2026-05-26 17:33:00,False,neutral,,0,0,0.0,lexicon
31d193a9759c,SBUX,"Starbucks CEO pay ratio leads S&P 500 at 6,666 to 1",https://qz.com/starbucks-ceo-worker-pay-ratio-food-service-051926?.tsrc=rss,Yahoo,2026-05-26 17:30:43,False,neutral,,0,0,0.0,lexicon
ccab4ec4f6c9,F,"Institutional Investors Love Ford Stock - Buying Huge, Unusual Volume of Long-Term Call Options - Barchart.com",https://news.google.com/rss/articles/CBMi0gFBVV95cUxPbUEzeUNWQl85by1PVjdUdFAxdWVNYXg0eGRSb3hPTVo3MnhCRmhfaGROUzVtcDNuZXY4QUxwT1BfVkYwaG5zbVZQUV9LVWk2SW5KRWZpNUlZbnR0ZXNwbHg0OXI0cGRqbFZOdUp5XzdDZVVBLVAzYnpXRE4wYjdtS19Mc1c0YUo1bVc0T2g0c0pJZDNLb1VhTWpBOWgxdlB0WkFFQjVFbWdnaGFTcWFidnYwR1pTMnZ4UVF4dWhpcXhJNHFZM0ttVzZENDdhQ09LSkE?oc=5,Barchart.com,2026-05-26 17:30:02,False,neutral,,0,0,0.0,lexicon
b5554a94f079,SBUX,Starbucks baristas don't just make coffee. They run 3 restaurants at once,https://qz.com/starbucks-mobile-order-labor-barista-workflow-051926?.tsrc=rss,Yahoo,2026-05-26 17:29:07,False,neutral,,0,0,0.0,lexicon
24380afb27ac,MRK,Merck Announces Third-Quarter 2026 Dividend,https://finance.yahoo.com/markets/stocks/articles/merck-announces-third-quarter-2026-172800026.html?.tsrc=rss,Yahoo,2026-05-26 17:28:00,False,bullish,,0,1,1.0,lexicon
f71109710387,UNH,"Micron, UnitedHealth, Rocket Lab, and These Stocks Explain Today’s Market - Barron's",https://news.google.com/rss/articles/CBMiiAFBVV95cUxNaHljZHhsSElENlA0TllCbWhRci1za0ozTVB4TmNsdHNyMVVFNEJpakJZMFRGMFhtRjlmN00tbWtRcW5BNVlzaUZCU1k3eTAzREVwdG1TWkpta0NlamtRTXV3cUlNWFlkTlVWMjdoQ05iUTBmUjU3QjUxbC0wdjFYZ2tUaHpPRE1H?oc=5,Barron's,2026-05-26 17:26:00,False,neutral,,0,0,0.0,lexicon
17eaa4103507,COP,ConocoPhillips' LNG Strategy Emerges as Key Long-Term Growth Driver - Yahoo Finance,https://news.google.com/rss/articles/CBMipwFBVV95cUxNUF9uNlZXQXV6Wnh0SnFJUXI0dDJTWGNqYkZ0a0pSaDZ2enNib1NjQlhPVWtWdm42amNEcjl2Y1BtM0pBRWxfczZnVHNzVnZPM19MTzRJaGRYRUMxRzYxU0hVRkxQY2x1MHNwbGp4b1hnUHh4TUlHTmtFQXRULWNfbHNQU1ptV3VSRFp0VUhpeDhuVHdkc2l4enNJUW1pcWx2TkRmSlJsbw?oc=5,Yahoo Finance,2026-05-26 17:24:00,False,bullish,,0,1,1.0,lexicon
c6a90e581770,COP,ConocoPhillips' LNG Strategy Emerges as Key Long-Term Growth Driver,https://finance.yahoo.com/sectors/energy/articles/conocophillips-lng-strategy-emerges-key-172400792.html?.tsrc=rss,Yahoo,2026-05-26 17:24:00,False,bullish,,0,1,1.0,lexicon
a38d54d50964,BAC,BofA expects at least 10 Brazilian IPOs in 2027 - Reuters,https://news.google.com/rss/articles/CBMimgFBVV95cUxPQWxYV2MwNWVfdXk0dElDdVZ6TDM4cTFvN3V2SXVNbDlBT19nYTVHQk5mUHlIRmpVRjVUZkZSQTBhWWg4Mm5tNVZySE5sZlpJTVhmM3ZMYkp1MmEyTi1rd2VlUEFiS0xTMDc0TUhnTGU5TnJhTk9MUEVBbDhVNnV4UUVrQm5TX0hfMDVzSzlMWXRxblRjTkpqTTlR?oc=5,Reuters,2026-05-26 17:20:15,False,neutral,,0,0,0.0,lexicon
c3de2b4c03d8,KO,4 Dividend Stocks to Hold for the Next 10 Years,https://www.fool.com/investing/2026/05/26/4-dividend-stocks-to-hold-for-the-next-10-years/?.tsrc=rss,Yahoo,2026-05-26 17:20:00,False,bullish,,0,1,1.0,lexicon
33535e0ac2e9,AMD,"Intel, AMD, and Other Momentum Stocks Look Unstoppable. Look Again. - Barron's",https://news.google.com/rss/articles/CBMif0FVX3lxTE5wUEtrS1A2eDAxMnF6TkpVWE1pTGdqa3FCYU56X0todkh0a1RXWHdkUUdIb0dxR3ZKMjhMcEpMRURyRHJOZXNrYjBoVi1ocEFHZUtMWGlmVWFCbzNkaDNYaF9acERLZU15STdRd2RWWkdCSnMzVFhBQWEwZS1taVk?oc=5,Barron's,2026-05-26 17:13:00,False,neutral,,0,0,0.0,lexicon
5c7e5ac0bc87,INTC,"Intel, AMD, and Other Momentum Stocks Look Unstoppable. Look Again. - Barron's",https://news.google.com/rss/articles/CBMif0FVX3lxTE5wUEtrS1A2eDAxMnF6TkpVWE1pTGdqa3FCYU56X0todkh0a1RXWHdkUUdIb0dxR3ZKMjhMcEpMRURyRHJOZXNrYjBoVi1ocEFHZUtMWGlmVWFCbzNkaDNYaF9acERLZU15STdRd2RWWkdCSnMzVFhBQWEwZS1taVk?oc=5,Barron's,2026-05-26 17:13:00,False,neutral,,0,0,0.0,lexicon
1f9b9e367e4b,PEP,How The PepsiCo (PEP) Story Is Shifting As Analysts Rework Targets And Assumptions,https://finance.yahoo.com/markets/stocks/articles/pepsico-pep-story-shifting-analysts-170808849.html?.tsrc=rss,Yahoo,2026-05-26 17:08:08,False,neutral,,0,0,0.0,lexicon
d87e778a9bff,COST,Why Costco Stock Is Dipping On Tuesday? - Benzinga,https://news.google.com/rss/articles/CBMioAFBVV95cUxOSE5NQjgtSl9KcDhNbXJ6N3ppTldpamk2N19uUEVXcXpCYVltdllWUjhZLVpKV2ZXNjZBd2Fack1zUHRmV2czakFpZm4wUmtNTDkxSnJMX184WFd3a2xFM1B1OE8weUQ1ZzRiRGRlSmFXemhJRFlPOExpWEVMUTk1SkN6SlFiUzJ4bEdKbV9BXzhUZXpNdjNXMTVQbzJtbXlS?oc=5,Benzinga,2026-05-26 16:42:14,False,neutral,,0,0,0.0,lexicon
f59212d82080,PG,Can Procter & Gamble's Pricing Strategy Sustain Growth in 2026?,https://finance.yahoo.com/markets/stocks/articles/procter-gambles-pricing-strategy-sustain-163500948.html?.tsrc=rss,Yahoo,2026-05-26 16:35:00,False,bullish,,0,1,1.0,lexicon
79e30152bef9,MRK,How Agenus' Pipeline Progress Unlock Its Next Growth Phase,https://finance.yahoo.com/sectors/healthcare/articles/agenus-pipeline-progress-unlock-next-163100387.html?.tsrc=rss,Yahoo,2026-05-26 16:31:00,False,bullish,,0,1,1.0,lexicon
fe6826addb5f,GE,GE Benefits From Strong Order Growth: A Sign for More Upside?,https://finance.yahoo.com/markets/stocks/articles/ge-benefits-strong-order-growth-163100949.html?.tsrc=rss,Yahoo,2026-05-26 16:31:00,False,bullish,,0,2,2.0,lexicon
abbda1a45fe1,SBUX,"As Other Companies Double Down on AI, Starbucks Is Jumping Ship. What It Means for SBUX Stock. - Barchart.com",https://news.google.com/rss/articles/CBMi0AFBVV95cUxNd0NsRkhXREpuN3pVQ0VQeEVkOUI3YTMxQXk0dWRWTUxMOG9pMXdRdFZGYmNfV196MGZSdGdVZnhaOFdtUUh6UHNrSWZQakRDTlZwMFFDQXhzYjJmeFVMT21hZHI3WjRLRnA4czE5b0hjaV94Zng0YWd4MWVoTjA2a2U2UFFVbFlENHRMY0tuZDJkcktUY3YwX04tUU5rMzZOVWRUYkV4TDE0d3d4ektJNjRkNTlNUmVHTzFybFJjUUR3SkJQYldvYmt1czMtdkFB?oc=5,Barchart.com,2026-05-26 16:01:11,False,neutral,,0,0,0.0,lexicon
f589e5c005a4,SBUX,"As Other Companies Double Down on AI, Starbucks Is Jumping Ship. What It Means for SBUX Stock.",https://www.barchart.com/story/news/2133183/as-other-companies-double-down-on-ai-starbucks-is-jumping-ship-what-it-means-for-sbux-stock?.tsrc=rss,Yahoo,2026-05-26 16:01:11,False,neutral,,0,0,0.0,lexicon
5316179d379d,TXN,5 High-Yield Stocks and ETFs to Buy and Hold for the Next Decade,https://www.marketbeat.com/originals/5-high-yield-stocks-and-etfs-to-buy-and-hold-for-the-next-decade/?utm_source=yahoofinance&utm_medium=yahoofinance&.tsrc=rss,Yahoo,2026-05-26 16:00:00,False,neutral,,0,0,0.0,lexicon
8b9754f4f9ee,COP,5 High-Yield Stocks and ETFs to Buy and Hold for the Next Decade,https://www.marketbeat.com/originals/5-high-yield-stocks-and-etfs-to-buy-and-hold-for-the-next-decade/?utm_source=yahoofinance&utm_medium=yahoofinance&.tsrc=rss,Yahoo,2026-05-26 16:00:00,False,neutral,,0,0,0.0,lexicon
7a94f03e242b,WFC,Northwest Bank taps banking tech veteran as CIO,https://www.ciodive.com/news/northwest-bank-taps-cio/821150/?.tsrc=rss,Yahoo,2026-05-26 15:52:59,False,neutral,,0,0,0.0,lexicon
7f6854aaa805,CAT,"Is Caterpillar a Buy, Sell, or Hold Amid the Iran War? - Yahoo Finance",https://news.google.com/rss/articles/CBMimwFBVV95cUxPZTBGZjB4M1VsUVZ5V1pzVnc2bjVVTk5leE5PZGliYjNiMXNTTXRTemYwUXc0clFZWWFScXdqRWt4cUlUdjhDZHVmS2RwNVZtRTU4WDByLUdtVWtGR1F3Z090YlhNMVNhbXlfdk9EYVZiRVhuQjVIS3NWUERkY0UyY2RLeFoyMEFBejNxNjVfbGFSd3A4V1ZsQUVpUQ?oc=5,Yahoo Finance,2026-05-26 15:50:00,False,neutral,,0,0,0.0,lexicon
c0c515b29d5b,CAT,"Is Caterpillar a Buy, Sell, or Hold Amid the Iran War?",https://www.fool.com/investing/2026/05/26/is-caterpillar-a-buy-sell-or-hold-amid-iran-war/?.tsrc=rss,Yahoo,2026-05-26 15:50:00,False,neutral,,0,0,0.0,lexicon
7cb1e459aa49,WFC,Wells Fargo (WFC) is a Top Dividend Stock Right Now: Should You Buy?,https://finance.yahoo.com/markets/stocks/articles/wells-fargo-wfc-top-dividend-154502010.html?.tsrc=rss,Yahoo,2026-05-26 15:45:02,False,bullish,,0,1,1.0,lexicon
1096a31bf0c2,WFC,Wells Fargo (WFC) is a Top Dividend Stock Right Now: Should You Buy? - Yahoo Finance,https://news.google.com/rss/articles/CBMimAFBVV95cUxPS1JxVVlPbmtGeHdpOTQ5czlsbUZSVW9qYmNSS01xZDV4VVJjNEp2UFdkT2h1Q2M0Mk1YVllvbnlHYlMwdlQ1dG9wcU00OUs2ZEF5dzRJMjNraXVQaUw3UFl3cmREQ1BBUkhtV3g0YVZVWTJKWUU2OXlScjZnMWtUclN6a0FoVXFqbGVMYy1NLVB0enZUUGRuVQ?oc=5,Yahoo Finance,2026-05-26 15:45:02,False,bullish,,0,1,1.0,lexicon
ba28e3cadb47,MRK,Here's Why You Should Add JANX Stock to Your Portfolio Now,https://finance.yahoo.com/markets/stocks/articles/heres-why-add-janx-stock-152800742.html?.tsrc=rss,Yahoo,2026-05-26 15:28:00,False,neutral,,0,0,0.0,lexicon
e7c1650607d9,CVX,Why is Chevron stock sliding today? - Investing.com,https://news.google.com/rss/articles/CBMinAFBVV95cUxOZ18tZ1J1ZjZvMGF0WkdpVzAtakRQZjhCM1RtSEJVV0hITjhDcVJFNDRseExUMUctNkN0SEhVNHJWanFNZVNhbDVGZGFidDdhVlFpSjJRajVyN3NHeUs3eHZna0dYa01VbTd6dGhOOEdJaG1iVVN0WDljc2puUkhNaTBCeHljWkNuUFVFblJ1SUdzdUVmamUxLUFjdWI?oc=5,Investing.com,2026-05-26 15:18:55,False,neutral,,0,0,0.0,lexicon
6936c4e22d87,DIS,Disney World Strikes Back in 2026,https://www.fool.com/investing/2026/05/26/disney-world-strikes-back-in-2026/?.tsrc=rss,Yahoo,2026-05-26 15:13:00,False,neutral,,0,0,0.0,lexicon
61991ae4a02c,COP,S&P 500 and Nasdaq 100 Climb to Record Highs on Tech Stock Strength,https://www.barchart.com/story/news/2132344/s-p-500-and-nasdaq-100-climb-to-record-highs-on-tech-stock-strength?.tsrc=rss,Yahoo,2026-05-26 15:12:00,False,bullish,,0,1,1.0,lexicon
d22a75b7466a,TXN,S&P 500 and Nasdaq 100 Climb to Record Highs on Tech Stock Strength,https://www.barchart.com/story/news/2132344/s-p-500-and-nasdaq-100-climb-to-record-highs-on-tech-stock-strength?.tsrc=rss,Yahoo,2026-05-26 15:12:00,False,bullish,,0,1,1.0,lexicon
885ccffc2bf3,UNH,Optum Rx Transparency Shift And What It May Mean For UNH Valuation - Yahoo Finance,https://news.google.com/rss/articles/CBMiogFBVV95cUxPTWhuOVVBOGs3aHRvX21TQnJzS3FjWUNBQXE3WXpWTGlaSXZDWVZhNHg4aDE3RkpqV1RQUm5XeC1uSnJWcnBMMW5aNjdLeU9MendyakhNWkxVcEpuQjFOd3oxTU4zdWwwNENqTTl1WmRkUGN1aU80Q0hWWXYtbDlPZUNTTldrS0ZlejRWLS1hQUVPeFNvbUkxenJSWUd5Y3JuU1E?oc=5,Yahoo Finance,2026-05-26 15:08:11,False,neutral,,0,0,0.0,lexicon
fec08dc79a06,JNJ,Assessing Johnson & Johnson (JNJ) Valuation After Guidance Raise Growth Initiatives And Talc Litigation Update - Yahoo Finance,https://news.google.com/rss/articles/CBMipwFBVV95cUxOZFFQLTlqM25pTHk5eWkzX05tRmdjQ015RHRienNNV1NncVp0dVVSLTBTVTY5RzRhTVJyM0JZT1ZhMmlDQ0c4WXBoYUlDWFRPaTBrWTBlb3g2WUh0SThuQTBKOVdIR29fcmlHa2h5a2F1WUt0cmhVYUlQdFV3R1lUTEQ1ejFIWVdxV21Ld3NqSmdFZXZibzdVb0VaVUJ2bnZ4aF8xYnF4NA?oc=5,Yahoo Finance,2026-05-26 15:07:59,False,bullish,,0,2,2.0,lexicon
099d9888dae1,WMT,Walmart Sinks 8.1% Post Q1 Earnings: Exit WMT Stock or Stay Put? - Zacks Investment Research,https://news.google.com/rss/articles/CBMiowFBVV95cUxPX2t0SElVZU9pb1A2VXhtb2RTRW9qellBVnJzVF9QQllDWl81d0ZwX3dvMzNLY0txd19IYi1WNHFlakFhMEZtR0p6NmR6ZW5saThJUndMZEZHdFE2Z1RSZW9rN2MtanBMWHlCb1ZjVXZaN0tLTkxuWmduVHIwM1J6MXBRTndMT0xyMkJzZl9xdlhleUh0VDJXRFRIWkpHZ21iaFZ3?oc=5,Zacks Investment Research,2026-05-26 15:02:21,False,bearish,,0,-1,-1.0,lexicon
de8d04cf2c3e,CSCO,$CSCO stock is down 3% today. Here's what we see in our data. - Quiver Quantitative,https://news.google.com/rss/articles/CBMioAFBVV95cUxPdkNTSF9vU3hTTThOeUwyclNRZXN0NVZhczVieVJsUERhUV9CdzlGV21xUk8wTUpPcUhmZnFRTF9xNkZhc0djNUJRT24xS241VWFlb3FhWjcyQklUZTlRd0d3Y0hod21rUXY3VGdHMGltUHNHUHpGbWZKd1pGX3g5Q2FBYWdIbXlxWHhMQk1tRHNTS2F1c0F0aUlMSEJwWjUt?oc=5,Quiver Quantitative,2026-05-26 14:53:00,False,neutral,,0,0,0.0,lexicon
a1eb6b959416,MRK,Dow Gives Back Early Gains. Healthcare Stocks Are a Drag.,https://finance.yahoo.com/m/16695137-f679-39ab-b888-357c73364058/dow-gives-back-early-gains..html?.tsrc=rss,Yahoo,2026-05-26 14:50:55,False,bullish,,0,1,1.0,lexicon
bab15ee39966,SBUX,Starbucks Stock is Up YTD – Thank a Kardashian - Barchart.com,https://news.google.com/rss/articles/CBMikgFBVV95cUxQcTUzSVQ1UmlVMFd6Qk14Y2NzSi04TmlRbHZha0NSM1dJaGcwcElNNlU2eUh2TFFwSmtBNm9HR3lwWDVrQnRNSXZjOXJGZ3VyR1NfaTlZUnhpdFBUNWgwR1BmeEU0ZlFDQlJIcTFsQU5GMVlJUVdtMk9PRkk4TFdRLWxnSHpzTXFYbkFGM3RRT2tOUQ?oc=5,Barchart.com,2026-05-26 14:37:23,False,neutral,,0,0,0.0,lexicon
af7cc32363c2,SBUX,Starbucks Stock is Up YTD – Thank a Kardashian,https://www.barchart.com/story/news/2131771/starbucks-stock-is-up-ytd-thank-a-kardashian?.tsrc=rss,Yahoo,2026-05-26 14:37:23,False,neutral,,0,0,0.0,lexicon
072fc1e153cd,META,Meta Platforms May Be the Most Undervalued Big Tech Stock in the Market - The Motley Fool,https://news.google.com/rss/articles/CBMilAFBVV95cUxNeUxNcno3LWQ3RTZVVW8tVHFBNEktNXRXZHgwc05FT0M4V1BwVFgzWlFMNjZOQjNjVnFiMjg1cmNORXhyVFNNVnRLNFlWdmxaQXJ5VjhhNm1zTEQwZ0ZtU3ZWSEZiOVBmaG92R2ZFdFhrZElKdHVyZmh6ZUFHZUdLUUUyUXFCTHVaMll6LS0tdjNMWnpW?oc=5,The Motley Fool,2026-05-26 14:30:00,False,neutral,,0,0,0.0,lexicon
8921514479f1,COST,"Buy, Hold or Sell Costco Stock? Key Tips Ahead of Q3 Earnings - Yahoo Finance",https://news.google.com/rss/articles/CBMilgFBVV95cUxQX3ZyTnl4Sk54RGc1QW5kZUI4ek01SzFxYmF4SlFDM0tLYktsdnhwSW01Q1dtLTZCRWVIS2pPdnBpUDhQNzhvcXZIOGRreS1nYXFhcmJTRlpMSC11WDhmaU1wbkc0UUhpOWpsOGhOX0twWFpiOVdmZmtxcHgzRFp2NzJqUC1ReG40M1Y0QTQweWxPbUo4dnc?oc=5,Yahoo Finance,2026-05-26 14:17:00,False,neutral,,0,0,0.0,lexicon
6a1ad8b4c482,AMD,AMD Is Up 5% Today: Is It Outperforming Other Chip Stocks Like Intel and NVIDIA? - Yahoo Finance,https://news.google.com/rss/articles/CBMinAFBVV95cUxPTHpuR2pXc1JycFlIYkZVTkZxcDNnSWZPOVUzOVNtUGpJZ0kyN3c2dTV1bFFIX00xTmtkMzIyWXFjWjM1V0lkNXhmRGpYMldYRU9nVUFrMzZEMEZZcXJKdEFhY3dhcEZ4Z3FUcVc4TG9wV05lczZERVBkc2xnUVh6TjdIR1ZMR1ozWV9rS0Rvemh5ckJSS29xU002Ti0?oc=5,Yahoo Finance,2026-05-26 14:14:23,False,neutral,,0,0,0.0,lexicon
c96314ec5e66,UNH,Berkshire Hathaway Exited UnitedHealth. Here’s What That Means for UNH at $388 - TIKR.com,https://news.google.com/rss/articles/CBMiowFBVV95cUxQWFZwaUR4VkwtQ1U1a2hkeU1CX3V4QkNwbDI2NDJlb19NXzdxY1lzNUhlSy1SZXVnLXhKNDRISHlMd2VZN0ctQWV0Q0JjaHI5MWR2NFFsRERPSG43Q0RwRXdlWlhlNG5sdm5mQ0pkUUFUT2NVSFF3eDIwcE80cEowWXlTSlQ5SU05Zzk2RkR3M0dFd2lxM2hHdTdGTnhJY3pOM3NN?oc=5,TIKR.com,2026-05-26 14:12:44,False,neutral,,0,0,0.0,lexicon
77d2baea11fa,PYPL,PayPal’s online checkout empire is under siege as rivals squeeze its core business - Yahoo Finance,https://news.google.com/rss/articles/CBMiogFBVV95cUxQUDhqUGg1LXZKbEN5VWZ5YktCLXNMN1NTV3M4RXNtc0g3eExSeUF6X1lhaUpZYkdXdERQbE1PdTdtRl9ON3M0ZUNEeloyeW5VMk42dGlBRWswSjdlcDhZdFFWSGhBSlg3dG16bEREWnVjbkt3NTZmeFBtVXVIT2wtU1B6UUZKdDVMdUR4bXdaMUpRWTI0ZVk3SkgzM3JOUWxHa0E?oc=5,Yahoo Finance,2026-05-26 14:11:44,False,neutral,,0,0,0.0,lexicon
d78720228ce0,PYPL,PayPal’s online checkout empire is under siege as rivals squeeze its core business,https://finance.yahoo.com/markets/stocks/articles/paypal-online-checkout-empire-under-141144537.html?.tsrc=rss,Yahoo,2026-05-26 14:11:44,False,neutral,,0,0,0.0,lexicon
60f6a35ccab1,TXN,Stocks Jump on US-Iran Peace Optimism,https://www.barchart.com/story/news/2131316/stocks-jump-on-us-iran-peace-optimism?.tsrc=rss,Yahoo,2026-05-26 14:09:48,False,bullish,,0,1,1.0,lexicon
348f63eb2e28,WMT,Walmart (WMT) – Among the Top 12 Picks for a Dividend Stock Portfolio For Retirement - Yahoo Finance,https://news.google.com/rss/articles/CBMikwFBVV95cUxNNjBiUU9YcHNqX2tRemRNZnNyNW9tWko5UEFEVV85djc4UVNPTExJVy1hWmt3dlFLT0Y3ajByQS1XOXBKNklVTlBmdHNxc1kyQUpCXzFBRVBRdVFoTFg2ckI2cUczbTMtX09KTEw4TEpXc0p6dFkxUzB3MTlmbTdTUjN6X3hHdnhRYWVBRFJsbHA2NFE?oc=5,Yahoo Finance,2026-05-26 14:09:32,False,bullish,,0,1,1.0,lexicon
7e25c6bdbd36,HD,TD Cowen Says The Home Depot (HD) Delivered Solid Execution in Challenging Market,https://finance.yahoo.com/markets/stocks/articles/td-cowen-says-home-depot-140440854.html?.tsrc=rss,Yahoo,2026-05-26 14:04:40,False,neutral,,0,0,0.0,lexicon
e9724ab71da2,TXN,Why is Texas Instruments stock surging today? - Investing.com,https://news.google.com/rss/articles/CBMiqgFBVV95cUxOYjJqd1lqaUJaUnk3ZzJXWkZTYjFscEpLLVd4bC1RWXg5eENnNGRQWFJTM0xGdExGc0w0cTNibEJzYk4ydTBOc0dVWkVKT2ZsUFlsR3d2WHNIQmo5V0swcjlvNDVBa0M1Zm9rUTZzNFlhNC01ekZPRW43UWJ5RmgxRy1BZGtlR2ljYmZSWkhhazE4Qmx6LWN2NngyUm5WZFJ0dW1yNjZ2c2JBQQ?oc=5,Investing.com,2026-05-26 14:03:16,False,neutral,,0,0,0.0,lexicon
fda4a3adb899,TXN,Seaport Research Says Rising Data Center Power Needs Could Boost Texas Instruments (TXN),https://finance.yahoo.com/markets/stocks/articles/seaport-research-says-rising-data-140044965.html?.tsrc=rss,Yahoo,2026-05-26 14:00:44,False,bullish,,0,1,1.0,lexicon
9925f169fdf0,TXN,Seaport Research Says Rising Data Center Power Needs Could Boost Texas Instruments (TXN) - Yahoo Finance,https://news.google.com/rss/articles/CBMinwFBVV95cUxNVm9PT1d3SEkySEF3UE5zS2VYYzdvNTJoZkhvMXdyZ1NnR290X1hiTkhrQkVDNEVseVRFOFpDeE5LbHdfNjNVcHNkV1BqYzh3UDBWVjBLWUJMVEdsTGlsZnRCZEJHYUFvNDNORDV0YVlkR3pKVVZUaDlObEc1bkM5bS1FT20weDA0eURUUjJCMmtZU0Q1ZnpJSFZzaWpBZE0?oc=5,Yahoo Finance,2026-05-26 14:00:44,False,bullish,,0,1,1.0,lexicon
0085970255d0,F,Ford Rose 11% This Week. Here’s What Could Drive the Stock in 2026 - TIKR.com,https://news.google.com/rss/articles/CBMikwFBVV95cUxQZzlTRUpUTHBZVUYtNHhUeHpucUY2SUl0TXE2bGVjcDZCQ2FqV0dBOHVLeTNtUDZ1V0xTYldjWHAwS1NQc0NqWXVEa0d1ZVpvR2EwTWplZDF4el85YUtqTFMyM0J6dWVEbmFZcmRfa3E1Ym9JNkZZeDZBeEd4U01vVFp2SWxYWTNkY1h4eWhqRmZibGc?oc=5,TIKR.com,2026-05-26 13:59:23,False,neutral,,0,0,0.0,lexicon
f7374894635e,TMO,KeyBanc reiterates Thermo Fisher Scientific stock rating on AI tailwinds - Investing.com,https://news.google.com/rss/articles/CBMizAFBVV95cUxOeDdEVno1X3F1YUVhbFEtZHUyUDdwNFQ4RURvRlY4eXlOVDMzbTZNVFRhV2hERUxJM1pDUG5uc1BGSHR6LTlsM3NWbHNKaEszS29NWXBOV2F1bVZFTU9RUGJsYjAxbkFpakU3b09wRm94OWtMSFdyQjRucUdaelNHZmJPSjE2akVIc2dHclBia2lqYlVSMGFTYnJxN2FKYjR1SlJaMVZxT0FrMXZ0ZlBpRUVGWUlwUy1vMmNHV0QyNHM1REdxUVg1NHJUdjM?oc=5,Investing.com,2026-05-26 13:58:47,False,neutral,,0,0,0.0,lexicon
6848302bd943,DIS,AI is rewiring digital media’s power structure,https://www.verdict.co.uk/ai-rewiring-digital-media-power-structure/?.tsrc=rss,Yahoo,2026-05-26 13:57:15,False,neutral,,0,0,0.0,lexicon
010a4895ed9b,TXN,"BofA flags 3 chip stocks tied to AI power, 800V and analog demand",https://finance.yahoo.com/sectors/technology/articles/bofa-flags-3-chip-stocks-135527033.html?.tsrc=rss,Yahoo,2026-05-26 13:55:27,False,neutral,,0,0,0.0,lexicon
4c58cc9c22d2,SBUX,Reuters: Starbucks Ends AI Inventory Program across North American Stores,https://finance.yahoo.com/markets/stocks/articles/reuters-starbucks-ends-ai-inventory-135116717.html?.tsrc=rss,Yahoo,2026-05-26 13:51:16,False,neutral,,0,0,0.0,lexicon
a4b3257a27d8,PFE,Pfizer Beats Q1 Estimates and Advances Its Pipeline. Here’s Whether It Is Worth Buying at $26 - TIKR.com,https://news.google.com/rss/articles/CBMitwFBVV95cUxPYm1SREdqNnZnUlZXeTZhLXpxY08tR3llakRFWkJLQ2V3T0tIYnZQMmRqUFZnQWxYd0dTNl9UM3FWNGhsY21QcGlHck1JbzVrRVdRS1FSZXBEN3pCNmpiTll3aXQ4TmlaMGNlOUNfNmJhbllSTUpaWHdkdHhjNHEwbl9Nb0Z3S3ZfNmxfOGFkeGNPelBxS0JiRGZMWHg5Zll4N09mS2ZKMGM0TWljYzV2dG5rR1c5cGs?oc=5,TIKR.com,2026-05-26 13:49:06,False,bullish,,0,1,1.0,lexicon
396e56f6be2e,MA,Why MasterCard (MA) is a Top Growth Stock for the Long-Term - Yahoo Finance,https://news.google.com/rss/articles/CBMimAFBVV95cUxPZVJrbFVXNk5STkhNQ2FjX2Z6aTI0MTBRQ19OajN5VnREbm43QTNVMkh3NjRFZ3JPT0d5OW5JdUpUYVhDMGRlWTFJNkJ4Z2E4eGF0ZWd5MlVsYUw0YTJrdkJldmhjeVZ2Y1ExbjlvWW96WDRUX3pmcUJzUlZPSFdzdkRuSFAzVVNjcTRSV0tkY3RjN21md3c2Rw?oc=5,Yahoo Finance,2026-05-26 13:45:04,False,bullish,,0,1,1.0,lexicon
0c3973d04817,MA,Why Mastercard (MA) is a top growth stock for the long term - MSN,https://news.google.com/rss/articles/CBMisAFBVV95cUxQdEFpM0pXMVQ2a3BGYVlWWUt3VTZJcW9hU2pNa2MwMERiNnFaRE10MlhZLVk5X2dDUGtHa3Zxb1NUTzR1cXJsUHB5UXVubnM4SnVwZnZ1WFNsTjd6ck8xTXNqZzAzTk9JdHBmcGlaSWROdFUwR3ZxWHhidXdpR0Y4MmprSGI3R2hOc2hDZlhsdXZqcFJacW9pLXBad1JTVlBVb1RteTlwODJFOVJCV1V4YQ?oc=5,MSN,2026-05-26 13:45:04,False,bullish,,0,1,1.0,lexicon
93cac73855b6,AMZN,Amazon Stock’s Simple Path To 20% Upside - Trefis,https://news.google.com/rss/articles/CBMioAFBVV95cUxNcDljZEJNTDNNVGhmTGZ4Ym9sTW1TdWdOSHFlaV9GUXBTZ1k5UWUwT2JwWndQdDJEWkFrLVprclBBVlhpQmhyeDlxbjVOUjVaVGdjVHlCUGlST2ZsQzJtVWhGY3R0WUlFY1R1ZlBEcUhkX1I5NzdrR0dGZldTdkwycXZCY05sODNNeE5SMXZMdlJXWkFydlZzekVaRC1Fd25J?oc=5,Trefis,2026-05-26 13:43:24,False,neutral,,0,0,0.0,lexicon
2ef61fc01f25,SBUX,Pizza Hut joins Starbucks in an AI move customers did not see coming,https://www.thestreet.com/restaurants/pizza-hut-joins-starbucks-in-ai-move-customers-did-not-see-coming?.tsrc=rss,Yahoo,2026-05-26 13:33:00,False,neutral,,0,0,0.0,lexicon
a555b45f2853,PG,"Inflation Adjusted Dividend Income: How to Replace $80,000 in Today’s Dollars 20 Years From Now",https://247wallst.com/personal-finance/2026/05/26/inflation-adjusted-dividend-income-how-to-replace-80000-in-todays-dollars-20-years-from-now/?.tsrc=rss,Yahoo,2026-05-26 13:32:23,False,bullish,,0,1,1.0,lexicon
b1640c27ae81,PYPL,Forget Palantir Technologies: This Cash-Flow Fintech Pioneer Under $30 Is a Considerably Better Buy,https://247wallst.com/investing/2026/05/26/forget-palantir-technologies-this-cash-flow-fintech-pioneer-under-30-is-a-considerably-better-buy/?.tsrc=rss,Yahoo,2026-05-26 13:30:47,False,neutral,,0,0,0.0,lexicon
2ee8dfbcec54,COP,"Barclays sees multi-year oil boom, sees upside in OXY, Devon and ConocoPhillips",https://finance.yahoo.com/sectors/energy/articles/barclays-sees-multi-oil-boom-133038393.html?.tsrc=rss,Yahoo,2026-05-26 13:30:38,False,neutral,,0,0,0.0,lexicon
69709dcfcb88,BLK,BlackRock's Bitcoin ETF Sees $1 Billion Weekly Outflow,https://finance.yahoo.com/markets/crypto/articles/blackrocks-bitcoin-etf-sees-1-132954321.html?.tsrc=rss,Yahoo,2026-05-26 13:29:54,False,neutral,,0,0,0.0,lexicon
0b43997c57a6,MRK,"Stock Market News for May 26, 2026",https://finance.yahoo.com/markets/stocks/articles/stock-market-news-may-26-132700252.html?.tsrc=rss,Yahoo,2026-05-26 13:27:00,False,neutral,,0,0,0.0,lexicon
53b42f3e6cea,ADBE,Mutual funds still hate battered software stocks: By the numbers,https://finance.yahoo.com/markets/article/mutual-funds-still-hate-battered-software-stocks-by-the-numbers-132539802.html?.tsrc=rss,Yahoo,2026-05-26 13:25:39,False,neutral,,0,0,0.0,lexicon
181ddc3a0a18,BLK,Taiwan Pushes $630 Billion Asset Managers To Compete Globally,https://finance.yahoo.com/markets/stocks/articles/taiwan-pushes-630-billion-asset-132308610.html?.tsrc=rss,Yahoo,2026-05-26 13:23:08,False,neutral,,0,0,0.0,lexicon
e6815b82d50b,AMD,AMD Stock At $230? Get Paid 12% To Wait - Trefis,https://news.google.com/rss/articles/CBMinAFBVV95cUxOQWlzOWEtbUw0MGgzVTZZR0NMVnFoV0ZGaFd5dUxaWGZ1QUZBa2k3YmpLSmFNeG9sRTN0Wmd4SzRFWlhFV2lRWWdEejR1SUdnSHB1c2JqczdUQ3U2MFVQYnU0cWRiVU0tUzk2QkdqSnJvci1fODdMUUFkZlkxYmFIbnktVmk4eTBiVG1OUl9KVEQ4c3k4Z3g3S1VMWEs?oc=5,Trefis,2026-05-26 13:19:31,False,neutral,,0,0,0.0,lexicon
877e43811fcf,F,The Case for and Against Buying Ford Stock Right Now - The Motley Fool,https://news.google.com/rss/articles/CBMilgFBVV95cUxOY2kwM01IZkZMTWFORFNqTFNiZ1BkNnVMdEgxRUdmM05FTUhpdC1nd1BOQURyc0NDdmRpclNxT1JFTkpaVVk2bFQ2cmNKYzE1bnkxUFgweXBxOGlydTNDX3ZpbkpYVEJTRTRBN3IxU3EtSGtiX0paa1p1dGpjSTlWTFlMRXpqOEFmVjhGdzJYMWQyUUlxeXc?oc=5,The Motley Fool,2026-05-26 13:16:00,False,neutral,,0,0,0.0,lexicon
73c13205a66f,META,Wells Fargo revises Meta stock price target for rest of 2026 - TradingView,https://news.google.com/rss/articles/CBMivAFBVV95cUxQbWJUM0dzS0RpeVhScTdqSTBRcUl1S3BpbWhaaGdCNnJPYTZmX2RpVEJ6eGN1SklPS00wUnFTQUxUckFQeldnTmN2TTd2NjNCcERGVUxSMWNYNm0wQ3ZLVkdtZ0w4anBBdC1qUU0zLXhJanUyaS1fa1lHdWJGaThHWm9hMEdjTm85SmdEQVRVMld6WUxjVEJIOFRZUGZ5QXhaMl9JMURrYUJLcncxUG9LMjVCa3JqdGVjWmlmeA?oc=5,TradingView,2026-05-26 13:15:04,False,neutral,,0,0,0.0,lexicon
33128fd0c2bc,WFC,Lionsgate Studios Stock Pops 16% After Wells Fargo Reiterates Bullish Multiyear Growth Outlook - TIKR.com,https://news.google.com/rss/articles/CBMiwgFBVV95cUxOZjA0MF9vNE9VRUtUQVd2VWU5WWtQT1djbmZCWUJkQUh0TldsLW41WFBjVjBxMmN2NGxGUGlydDlpbjBGaUxFUDhsWTlOQ1ZHYlpBTGpNd3Y4Y0hVTWxaZFdaWkpwQ3VIY2EwNTVkS29wYWtwblJueGI3cHhLak5vTlpPd1Z6TnRDSGw2dVJ5TGVyU0dFTF9leEVXVU93Zmk3ZU9hWlNCVGstZEFNb2ZOMm9RYWtxTk95b2dNc3djUVR2UQ?oc=5,TIKR.com,2026-05-26 13:12:42,False,bullish,,0,2,2.0,lexicon
b18a102b3b24,PYPL,Leadership Change Weighs on PayPal Holdings’ (PYPL) Q1 Performance,https://finance.yahoo.com/markets/stocks/articles/leadership-change-weighs-paypal-holdings-130341938.html?.tsrc=rss,Yahoo,2026-05-26 13:03:41,False,neutral,,0,0,0.0,lexicon
8565ed42a08b,GOOGL,Investors Heavily Search Alphabet Inc. (GOOGL): Here is What You Need to Know - Yahoo Finance,https://news.google.com/rss/articles/CBMipAFBVV95cUxPYmgteEs5aGg2amQ4VlJwQ2I4VlB2d2NjWWdNOEZiQ1NCbkNJM1BWSVIyVGM1WkRDUzBlbFlFWktsd1lJYWZaMUhfM2lLNzgtQmgzaXQ0VDhnRVRFcTkwT3VocU1WVkh4azNYcjRfSEVNQ3VRVWhKUmJoWGVvMzJOYTJzOVY3b2hIWUxXUklFci1vaWtzSmJvQUdyN19mWlFfeE1OLQ?oc=5,Yahoo Finance,2026-05-26 13:00:07,False,neutral,,0,0,0.0,lexicon
42aea7486393,HD,"Is Trending Stock The Home Depot, Inc. (HD) a Buy Now? - Yahoo Finance",https://news.google.com/rss/articles/CBMimgFBVV95cUxOT2NrbGhpeV91dkxEcDNfRTNka3pDU0hic2dmeC03ckJLUENURFNicDdyUDRrZHphbTE4LVJaWE4zVnJRUUZZcjhtYWp2WVo0eGFPQXhTY1RieFhsdUFiSjk2SkNoakNYSlhJTmJjVTdfdzROYTREZlJlNno3TFFBX3pKcUlubjFMYVdvSFVYZkVkQ09peUJaX3Zn?oc=5,Yahoo Finance,2026-05-26 13:00:05,False,neutral,,0,0,0.0,lexicon
911991cea2d8,HD,"Is Trending Stock The Home Depot, Inc. (HD) a Buy Now?",https://finance.yahoo.com/markets/stocks/articles/trending-stock-home-depot-inc-130005795.html?.tsrc=rss,Yahoo,2026-05-26 13:00:05,False,neutral,,0,0,0.0,lexicon
f4d4f4a03361,DIS,Nift Adds Former Disney and ESPN Executive as Commerce Media Platform Accelerates Growth,https://finance.yahoo.com/sectors/technology/articles/nift-adds-former-disney-espn-130000680.html?.tsrc=rss,Yahoo,2026-05-26 13:00:00,False,bullish,,0,1,1.0,lexicon
4c7e3b6ec5e8,MRK,"Zifo, Pistoia Alliance, and Pharma Majors Launch Global IVP Assay Repository",https://finance.yahoo.com/sectors/healthcare/articles/zifo-pistoia-alliance-pharma-majors-130000955.html?.tsrc=rss,Yahoo,2026-05-26 13:00:00,False,neutral,,0,0,0.0,lexicon
42956c40b48e,INTC,What's Going On With Intel Stock Tuesday? - Benzinga,https://news.google.com/rss/articles/CBMimgFBVV95cUxNOHdrVE1haVJlTXUtQXZ5LTB2cW5oQ3NYd3Y4TUZEOGdsaERDQzVJWFh5aWlKMC1iaWhaQmt4RDlzQURSeXdLNjJ5SXJibUlfdWdHY0dWUWpmX09UN05RaTNicmpTTzcwX1NFNkZlQnJIQ3ExeEZFOHJNVXZ6aUppQkN5cHQwYVpjM0ozZFRxeDAtVnBoSncwTjNn?oc=5,Benzinga,2026-05-26 12:49:49,False,neutral,,0,0,0.0,lexicon
b13e18b790c9,AMD,What Is Going On With AMD Stock On Tuesday? - Benzinga,https://news.google.com/rss/articles/CBMingFBVV95cUxNV0RPYTBuSTR3NmFLMjZKTnl1OHkwb0pybnFvSjlTQjVyZmVKcTVzSHRJdWFaSmRBaFZwaWNGd21OOUowOUFjeF9mMFFJRHljU3UzNERGQTVfZW5MZW9vR2tiV0N5Qmp3amMwY2hNUEZrMWFFQUI4VVd3WklqcTFycnN2RWc0Sk1SM19nVkttNTJmdmJJeW5KTDdtRHA5UQ?oc=5,Benzinga,2026-05-26 12:49:04,False,neutral,,0,0,0.0,lexicon
873bb9df78a7,DIS,Disney's Star Wars Return Opens With $102 Million,https://finance.yahoo.com/markets/stocks/articles/disneys-star-wars-return-opens-124716668.html?.tsrc=rss,Yahoo,2026-05-26 12:47:16,False,neutral,,0,0,0.0,lexicon
6bb5faa254d1,COP,ConocoPhillips (COP) Price Target Raised by $4 at Morgan Stanley,https://finance.yahoo.com/sectors/energy/articles/conocophillips-cop-price-target-raised-124558377.html?.tsrc=rss,Yahoo,2026-05-26 12:45:58,False,neutral,,0,0,0.0,lexicon
09571e776eed,CVX,Chevron (CVX) Price Target Raised by $2 at Morgan Stanley - Yahoo Finance,https://news.google.com/rss/articles/CBMinAFBVV95cUxOOE9wSWNLNkhDMzc2T0l6Rmx6djJxZ3kxUm5HeUpndDhDa0QzN3FFbUpNQl9NSmRHY1o4c0FKeHAwajJpdFZHRXo3QzdiNGRZbnZlVXpkWFlaM01ibzMxUE9EalNTZEkzMFBwVUNPTFd3NENTUFlmS29iSERiYThhRTdGNEJvUFlFODNiNlJWSDNuUXdLZVRkVkZOVnQ?oc=5,Yahoo Finance,2026-05-26 12:45:31,False,neutral,,0,0,0.0,lexicon
fc659c7c5644,XOM,Exxon Mobil (XOM) in Talks to Re-Enter Venezuela After Nearly Two Decades - Yahoo Finance,https://news.google.com/rss/articles/CBMilwFBVV95cUxPVW9qd3BITkVzRmxaVFBybFV1WGl3TURyV2tuOVFGS19ONlJ5aTdRbWpjNFpRcXlhSlZnVnlaaGpQNlotZUpIMnM0WWJpMUtRYk4xMG9WVm12Zkh3ZHhWdHBhbUNEaWdRVWtUSUtjbmxoRFQyQU9VTDV2SEl5WjAwTmQwei02dWxnS2sxQ29IWUtXOGhEOXln?oc=5,Yahoo Finance,2026-05-26 12:45:17,False,neutral,,0,0,0.0,lexicon
ad53af12bd92,PFE,Is Pfizer Inc. (PFE) One of the Best Medical Stocks to Invest in According to Billionaires? - Yahoo Finance,https://news.google.com/rss/articles/CBMilwFBVV95cUxNdkN4UmRnR3czeS1TNlJxaWpQdDlBU0FyQk5BTHNGNlVHNzBMT29jbmkwMjhicDJrQ3FsVE1IQmRDYmhBN0Y4LXRfeFdVWUd0MDlaOFRBcDF5eFhtMmREVlhMc1NJS2JNR3pqWWRFUjJhaWc3b3pDaE91UWpKU2VLbUx5YlF3WEl6QWxPem5rMkR3LXpWUV9V?oc=5,Yahoo Finance,2026-05-26 12:43:30,False,neutral,,0,0,0.0,lexicon
0d489058e165,CAT,A $10.2 Billion Hidden AI Revenue Stream Most Investors Are Missing,https://247wallst.com/investing/2026/05/26/a-10-2-billion-hidden-ai-revenue-stream-most-investors-are-missing/?.tsrc=rss,Yahoo,2026-05-26 12:26:36,False,neutral,,0,0,0.0,lexicon
6ffab156ec3f,ADBE,Lawsuit Alert: Investors who lost money with Adobe Inc. (NASDAQ: ADBE) shares should contact the Shareholders Foundation in connection with Lawsuit - Business Wire,https://news.google.com/rss/articles/CBMipwJBVV95cUxOc0dfSUdoUjdvVVFpaUhrT2x6NkMzeldGYWJaZnZ1X25FVXlvSFFtVEZPMDl6cklRUDJtZks0d1BNUW9hRTE1SXNXaGJfcXRyMW5FV3pZWHBTelRrejJxTTllb2trdUJUVTFfN0dBVWIxYUU5SlA0Z0FVV0ZvS3Jab3JFNUtDVEZMUWFyeWg5dVdKdmVsRE85cUZxVTVQSURHTFYtVU9UODNrSUpyc2xuMmZ0MzdLLTZIczAyMVJZbzhKZkRuc0NvcklvRjhyMUgwLWhzUE5PUFZMRU5OVlNrT0NJZlpXeWl1LU9FVWY1ZVlZNTNTWDhwNjExS2ZZdDJqTDAyS0dtNEh5SXl3cWoxaFcwOFZSWUJab1V5Ujd4dE5ISG5tSWNn?oc=5,Business Wire,2026-05-26 12:25:00,False,bearish,,0,-2,-2.0,lexicon
93f1f7e16cbe,BLK,BlackRock Inc (NYSE:BLK) Strong Growth Stocks with good Technical Setup Ratings - ChartMill,https://news.google.com/rss/articles/CBMixgFBVV95cUxPblFhd0ctSGRqeWluSFNaYnFNc1JkSjNJYlJzQ0xWUFNDNWxnenllejRqa3dGaWhLOUJxeENOcVlGQmJYZEdxTUQyVEIxdXJMQzlDYTF4VnA1WXViUGY3RFpYWHpyVjlRYUE1UXoyM0pwU2dmNDhVXzJfN3JiNjNadmYzR012MWlRekNSQ1hxd3dYV01zY2RpYl94WkVhUEtTWDdvZDFNR0hCZ0N1eTQ4TlM2cEg3cUNGM1lvd3ItMTI1SGRBcGc?oc=5,ChartMill,2026-05-26 12:20:34,False,bullish,,0,2,2.0,lexicon
28776895522e,PYPL,"The Tour Guy Launches ""Reserve Now, Pay Later,"" Bringing Big-Tech Booking Flexibility to Independent Travel",https://finance.yahoo.com/markets/crypto/articles/tour-guy-launches-now-pay-120600238.html?.tsrc=rss,Yahoo,2026-05-26 12:06:00,False,neutral,,0,0,0.0,lexicon
971693b2c204,PG,PG vs. CHD: Which Consumer Staples Giant Has the Stronger Growth Edge?,https://finance.yahoo.com/markets/stocks/articles/pg-vs-chd-consumer-staples-120500714.html?.tsrc=rss,Yahoo,2026-05-26 12:05:00,False,bullish,,0,1,1.0,lexicon
2a117fc624bb,COP,ConocoPhillips (COP) Rallied on Rise in Oil Prices,https://finance.yahoo.com/sectors/energy/articles/conocophillips-cop-rallied-rise-oil-120138573.html?.tsrc=rss,Yahoo,2026-05-26 12:01:38,False,bullish,,0,1,1.0,lexicon
9e72bbf4fda4,CAT,Clinch Resources Ltd. Announces Acquisition of a Highwall Miner for ARI Project,https://finance.yahoo.com/sectors/energy/articles/clinch-resources-ltd-announces-acquisition-120000481.html?.tsrc=rss,Yahoo,2026-05-26 12:00:00,False,bullish,,0,1,1.0,lexicon
63fc941dc3e4,GE,Applied Aerospace to raise up to $682.5M in NYSE IPO,https://finance.yahoo.com/markets/stocks/articles/applied-aerospace-raise-682-5m-115609661.html?.tsrc=rss,Yahoo,2026-05-26 11:56:09,False,bullish,,0,1,1.0,lexicon
c5e145bfbe94,UNH,UNH stock jumps on Q1 earnings beat and raised guidance to $18.25+ - eciks.org,https://news.google.com/rss/articles/CBMimAFBVV95cUxPTEprdzNMNGZxdkg5Wll5MTlvS1dheXQybm14TERTcGVzcHQzY0llOEpTa0dpZ1hGdHVyNWZ2cFFiWmZRdkl1aUp4YVlTMVJxSDRzaEdzRFB1cW93QzdhSmNxcEZDMWhGX2F0ODJFcjY1Mk1kMVhLNnVJSUhVMHZpRjRtTHo2cXBvbVJ3a05SWlJNMUdrSzFPbA?oc=5,eciks.org,2026-05-26 11:52:44,False,bullish,,0,2,2.0,lexicon
bae90e72a4fa,LLY,Eli Lilly stock edges higher as company plans nearly $4 billion in vaccine deals - CNBC,https://news.google.com/rss/articles/CBMiiwFBVV95cUxOVzFPLXo4eUxXcFFMVXVIQWJnOUJBZnZHdjF1VGhTUzZtM1NXTFQtd1NmTEg4aFloTVFLaXJGTXpSaW52NUJPM1NZblJ4UTlRYzNuNXJnSDdPVTY2blR1SUw1UzQ0Q0c1WDBVdjVlWDhKdjFEYUY5VHlwa21QLVVlZ2NUOVBaRW1ROVpF0gGQAUFVX3lxTE9ueTR1SGFEbHN4al8yU0VSLV9xNjJRbFZqVXV1T1RWX0l0NjB4Skh5RTRVWkRJTVZXMWtnSEJjdGI5QnBqLXBRS3kwdGdQTkx1NHFUeVh3a3llemRDT1NZUjQ0SlJ1M3g1NUtsZHJLMlI4QUZJWFR4cTFXMzI4c3Mtd3pZUmh6dTBPOHhtd05xRQ?oc=5,CNBC,2026-05-26 11:50:20,False,neutral,,0,0,0.0,lexicon
7383e3ba6b7d,TXN,Texas Instruments Incorporated (TXN) Rallied as Guidance Surpassed Expectations - Yahoo Finance,https://news.google.com/rss/articles/CBMiqwFBVV95cUxQTE1pbmc1cV9DQ0dEcmhqR1ozWDl4NmwwTTFRSWcxQUlOQXVVUE54bElKTl9VOEFPQW9YZGF6LW5QMmJfVFNRb3Z6elgyXy0tNnZZbHJLVkpqVDNLcVY5SzZvUERRRlR4Z0dNUnAxTHAwa1VabnN1d2s2QWlGYUhPcXRsQmRPdzhhbXBVVVRFT3hhNE5jYnBGV2lRa1NoXzk0T3VWTmRWeU9kejQ?oc=5,Yahoo Finance,2026-05-26 11:49:24,False,neutral,,0,0,0.0,lexicon
937c60ffe16e,TMO,Thermo Fisher (NYSE: TMO) holders back board but reject 2026 executive pay proposal - Stock Titan,https://news.google.com/rss/articles/CBMitwFBVV95cUxOd1BmQ2hOdWkyYWJRT2dSYTBjNDV6V0U5THZvSm0zUmQ3YkZJU1N6N1NOdHhlR0ZNY2loQTBzM2wtdS1ZM0RUeVpjbFBoamktZ04yRjVWaEN4LVdESDRxdUVwU2pfeGo2cHdRaUg4bFNtRXlkNm9yX2lPUldaNGVpSmllYWxGUGdTOGsyM0tJRGdZTi1VMHhmSE1QaEtwRGdzRkVrbTAwcXpaQVdhekItZ3UtbEh0TEE?oc=5,Stock Titan,2026-05-26 11:31:03,False,neutral,,0,0,0.0,lexicon
19f1d4e2da34,XOM,Why is Exxon Mobil stock sliding today? - Investing.com,https://news.google.com/rss/articles/CBMiogFBVV95cUxQRTlFMFJROWJpS2VZSGhUSkV6Z0Vfa0tIUGV3YUZycDlORGQ4REhiSnFIZlFSSVBaX1lPY0c4UmV1T2o5Rk1ncEo1QV9Sbzc5NkwzTHdiWEpMV2k1eU4zclR2eEdvM2xRd3dmb3pWWUtUZmJfRG42OTA2NGRGVGtiZGpPTldUZzRKbWFFTW5IZVoxcU4yb2g2ei1SR05hc0lBLUE?oc=5,Investing.com,2026-05-26 11:23:48,False,neutral,,0,0,0.0,lexicon
06d5f230a803,AMD,AMD Stock Investors Just Got Fantastic News From Nvidia's CEO Jensen Huang - The Motley Fool,https://news.google.com/rss/articles/CBMimAFBVV95cUxPR1pQaEZSWjhyUC11NFB0WkhOVXJFVnBkSFE0WV8tRE1NT0lTblAyUWJMdEotN2JlRjdOZHRKTkV3ZXZfOW0wUFpkdlFlM1RGQVNaaENIVVUwd2o4bV9CRk1QLUE5YXBfcWh1WnFXWHJaT2VaTG8wdHlFejBUb1Jxc2ZUREx0RXYzSEJYbGJnZzlkSVZiaDU1aw?oc=5,The Motley Fool,2026-05-26 11:15:00,False,neutral,,0,0,0.0,lexicon
b3ccbbb3c312,F,Jefferies raises Ford stock price target on capital discipline - Investing.com,https://news.google.com/rss/articles/CBMivwFBVV95cUxQWlpVMk9pc0pFTzRfVEpndWV0YUxBVUJQeWwtQVUzclJNc0FfSGlCZDdKbFZnTzhITkNhNDdYWHJ1NHl3OExvcjNZU3lWVkV2eUk5aWtfM1pHbjJZZVJDT2d5Z09xQlEyZG5nM0JYcFdMMExZeFhQT0FCZ081ZktiRXczM3dKeC13MGx0N0dBTlc5Zl9IbkxPenZGaTU2bjJTYXRZd3hibndvM2ROT1BaYUJISEpxUDkzdWZuNmFuSQ?oc=5,Investing.com,2026-05-26 11:01:54,False,bullish,,0,1,1.0,lexicon
6080e23ce565,UBER,Uber stock price target maintained at $100 by Citizens on AV growth - Investing.com,https://news.google.com/rss/articles/CBMixAFBVV95cUxPV1R0bkxaclN0aUVtcFVpdE1YY1ZWbi1oN1M4ZU5ydVRyRkVaOWFxMTdQLXlvN3M1NU0zdkpKSFBRbS1pWXdRTFFMWlA2a3dtM0N5ZWFhWGJDNXE0ZWdLM3ZUSUlwbndjWW1hNHF5RWFlR1Q0RVF4RW1kQS1YV0ZtSUR2aE5xdmVUem1Sam05QVA1cWVRNGszaTVVYVdrZ2xWOWNzSGc5akkza011NkROY1F6ekJhcHh2QTlKVkRxYjNwdWdj?oc=5,Investing.com,2026-05-26 10:47:50,False,bullish,,0,1,1.0,lexicon
806bf4945bed,KO,"No Matter What Happens to the Market, These 3 Dividend Stocks Belong in Your Portfolio - The Motley Fool",https://news.google.com/rss/articles/CBMimAFBVV95cUxNaWlMMElfS0ZMamVYYjJxd3ZveU51US1VOEkwZncwQUpYMlhfcFVsWDhGMndYdnlhd3g5djllSExtTFZFYVlHUkdTU0RidktYakFOOEdPX1dlRmp4WDJ3V3Nqenc3X1UxNF8yaDA5bkdORW5DSjFGX2pNcXlpRk10bWVPbGRZTFg3X29OVEsyWDFKdjNsNGF3cA?oc=5,The Motley Fool,2026-05-26 10:37:00,False,bullish,,0,1,1.0,lexicon
93c1ee7bc8fe,AMD,AMD Stock Investors Just Got Fantastic News From Nvidia's CEO Jensen Huang - Yahoo Finance,https://news.google.com/rss/articles/CBMimAFBVV95cUxPZGRwT09JeUVXc0R5RFhFS1p0MEFqQmQySGZjYVA3SmpoS2VBYWdkX25HNDBsMmJUaEEzS2NUZ2FreERiZWl3UDY3VktVY1ZldmxrcW9INzR6enBIWHhrcU8wSGs5TEI3N0U2QkFIajF5djRFbmt6Ymd6REJWbkxvTEVrQ01uU2Y3b291YXlaYzk1WGVkN2ZVYg?oc=5,Yahoo Finance,2026-05-26 10:35:00,False,neutral,,0,0,0.0,lexicon
cf3f89f93564,CVX,Have Chevron Insiders Been Selling Stock? - simplywall.st,https://news.google.com/rss/articles/CBMiowFBVV95cUxOQjlpODlKMWUyUENiQV92c1hBY1VmUFRIRzN5dXcxcnZuSEVtdDA5VGd6czBuWnpQRnVVNk5RT0s1NTlFSFZ6OG9hN0xPUWVsRkNpNS1NQ0llNkFGRm83S1FKdjFBZG5DcG1VSnM2YlNuNG13MER6TW1VZnZnZVdxOTI1LU54TURUQ3N4VnBaY044VDlmNmQxaTNqY2lyMVZSVWE00gGoAUFVX3lxTE9WWlI0WHJQWVFfWTNoR3lCSk9wYjl3MlpBRFlHSERtS2Y0b3BlMzNDanRMaldURlEtc2t4NWlDMDNIX3BERmhoTGdFQVBZQk05U0JsR0dCUVQ3QTZyeDZPaEREMWxpaXhlYVVLWFg2VUU2TVlmM1lCRnFZS244RHFxV0pZSWFPbjRvd2JNUUlvcXNVcGx6eTFiLTVhcW5ISlp6ZF9mUnhiaQ?oc=5,simplywall.st,2026-05-26 10:15:11,False,neutral,,0,0,0.0,lexicon
1ca30d9e9cd0,HD,"After Earnings, Is Home Depot Stock a Buy, a Sell, or Fairly Valued? - Morningstar",https://news.google.com/rss/articles/CBMinwFBVV95cUxQS1ZzZkN4UldqeGhXWEUxREF2cmlCODd3eVp1bE5GSkRvRnRoaDMtS0x6LUlKeVU2N04yR3RoMVZXandxdDhVckdaSk1USmQ5c2ljZ1RmSUFuY3RpcVh6M0F5NnRyd01NODNKUUhEbXN3c0szX1pLcU1uZ0dlVU1aWXcwMUlyTkotcjBZdVltUlVHVVE3SnppNnZXVVdoYkE?oc=5,Morningstar,2026-05-26 10:11:34,False,neutral,,0,0,0.0,lexicon
cfdb127dcac1,SBUX,Summitry LLC Increases Stock Position in Starbucks Corporation $SBUX - MarketBeat,https://news.google.com/rss/articles/CBMixwFBVV95cUxQb09WOVNFcTJGNGhodld3ODdVTlhPOXg1WnBEMGRobjhGYzBNVFlldUFLbGl3bm5HalhDQy1ka1VEbmNhcldMMFB5RUxjVEFweHlmR0JLTmg4cTliQVJqeHk0UjZWTDZjaVVNS1hmN0MtVnJQS2lEdXd4RVFoYVJMU1daWVEtN2pYRXFyRWNid2plR3l1bTZYQXdfdHNvQkhnU3RDcXZNd1lfRER0aFYydFI4blJmYjVQMUJKNXl4akN6Z2dNSFA0?oc=5,MarketBeat,2026-05-26 09:52:07,False,neutral,,0,0,0.0,lexicon
b88b72f07833,BAC,How Does Bank of America (BAC) Look After Its 3-Year 98% Share Price Climb? - simplywall.st,https://news.google.com/rss/articles/CBMixgFBVV95cUxONV85eVAxVWZiQU5wUWlZSDBVNzZmQlh0ajRFaG1RdFNSWkdOd1lwNlI0LWswcC1VdjlPRThuUFpCX3NKVnA4eGFlN3RzM0NxLTJNbG1nNkV3dmQzVGN1THRQUXZ2ekFHbVM2LTVsWUMyd3AtYTdKRnVUbDhaNGhQZEgxdXdKbC1qaldHbkRJZFNhMHBXeTVaNWNYdmc2TXJhakZEZllvZnlMNW1TaEozd0hfdkVTekN5VU92QkZvRm1aUGpPdWfSAcsBQVVfeXFMTnhqNlhBXzVYUFpRRDd5bXlCU3BXakxGM19Zck50NzVaOEk4Vlk1bGxmRGZjNklCM01WMmRobnJKMVl5SmVabG5xUjY4bENhMmd6VEVMeVBYQlJTd1dYelFkYnpUa0lXR3RPbFRXaFFzZXV3T0thcXJXTG1fQk1FSzVTTnh0anNGRWZUYm15Y19YZjFxNjlEOWFVNG9DRV9EWGFrbHVpc0NBNW1mSTd2SUoxNGpNT2ZOSTR0V2l2Y0k1eS1yQUpqeWswa0E?oc=5,simplywall.st,2026-05-26 09:41:00,False,neutral,,0,0,0.0,lexicon
c16c117caf28,SBUX,Is Starbucks (SBUX) Still Attractive After Its Strong Year To Date Share Price Run? - simplywall.st,https://news.google.com/rss/articles/CBMi0gFBVV95cUxQY3BvclFMbDFBWEM0NUtkUGtPOEhVYVQyejQxUVg3SURPMHpTYkVNVHhzeEktWWFTeUFla2lMeFFUQ3ZRcmRUejZiOVlpOE90WmtRT2RxYjhpenhpZTdNeEw4U3pnbWJkT0pMUEkyNFk5eGtNRDZFSHVVRXJjZmJwclZYaXh6VTUtMFItVHlpbU5udWF5Zl8xem10YWpaSDQya2JMWkxCWGJTWXM2OUY4VG4yMTdJaVB2anNSaG94a1RsSGtZRFJwZ09EVlYxTnRHRWfSAdcBQVVfeXFMT1RLUE90a0IySWgzT0tFX3AtSE5qYXhHbjZTMm1YMVV5TjM2cEtQUmk2SHRPT21SSnpQUC1fQklPSTdCc29ZX3Q2ZVlzRUoxZFdrLV9HdVpROEE3NXlmc0txaV9XSDBzUjVsa0JhZ0VhaENROGFkU0ljcjNUa05taENnWE5CUWhpY0dhX3hocWdpcnktY3o1UVhXLTBpcUVGYUNzMVhxdzJfMmRxQzVuRFRZdWt4R1ExRGtaNmRyVUdfTXRGRU00TUk0RWJRbXd4c0dWU0VrRm8?oc=5,simplywall.st,2026-05-26 09:29:00,False,bullish,,0,1,1.0,lexicon
9da101b25c02,CAT,2 Dow Jones Stocks to Research Further and 1 We Turn Down,https://finance.yahoo.com/markets/stocks/articles/2-dow-jones-stocks-research-091549675.html?.tsrc=rss,Yahoo,2026-05-26 09:15:49,False,neutral,,0,0,0.0,lexicon
c3a88edf67bc,HD,2 Dow Jones Stocks to Research Further and 1 We Turn Down,https://finance.yahoo.com/markets/stocks/articles/2-dow-jones-stocks-research-091549675.html?.tsrc=rss,Yahoo,2026-05-26 09:15:49,False,neutral,,0,0,0.0,lexicon
1baeea47669e,PEP,The use of AI in food NPD is changing,https://www.just-food.com/features/the-use-of-ai-in-food-npd-is-changing/?.tsrc=rss,Yahoo,2026-05-26 09:00:00,False,neutral,,0,0,0.0,lexicon
697c467a834d,PEP,"Zacks Industry Outlook Highlights Coca-Cola, PepsiCo, Monster Beverage, Fomento Economico Mexicano and Vita Coco",https://finance.yahoo.com/markets/stocks/articles/zacks-industry-outlook-highlights-coca-081500355.html?.tsrc=rss,Yahoo,2026-05-26 08:15:00,False,neutral,,0,0,0.0,lexicon
459e835c95c5,MCD,McDonald's expands in Ukraine; Penetron technology helps protect concrete,https://finance.yahoo.com/sectors/technology/articles/mcdonalds-expands-ukraine-penetron-technology-080000948.html?.tsrc=rss,Yahoo,2026-05-26 08:00:00,False,bullish,,0,1,1.0,lexicon
2d885a7c430f,HD,5 Must-Read Analyst Questions From Home Depot’s Q1 Earnings Call,https://finance.yahoo.com/markets/stocks/articles/5-must-read-analyst-questions-074739338.html?.tsrc=rss,Yahoo,2026-05-26 07:47:39,False,neutral,,0,0,0.0,lexicon
af277e9e520e,HD,Home Depot Sales Recovery And Mingledorff’s Deal Strengthen Pro Growth Story,https://finance.yahoo.com/markets/stocks/articles/home-depot-sales-recovery-mingledorff-070812547.html?.tsrc=rss,Yahoo,2026-05-26 07:08:12,False,bullish,,0,2,2.0,lexicon
1a6cd5199ed9,BLK,Weekly market commentary - blackrock.com,https://news.google.com/rss/articles/CBMingFBVV95cUxQLWJDTjBBalYwVHVpc0VxV1BwRE1xeUt1RWlLQ1VJdnJQRXNnb3p6MnFNbjRBV0s0TnlldW4wSVIycFRQeVNISWJ3VV9wMWdjX1ZndE1Tc24tNzc0anNYWjl0SVBsRDhSa0dVTWlyVVYxX0w5b2JhTFB0Tm9Vb2FwYVZubTU1SVJlcy0zMEpXOEM4ZlhiSU1QazdVQVlldw?oc=5,blackrock.com,2026-05-26 07:00:00,False,neutral,,0,0,0.0,lexicon
5bd743e2a082,BLK,Global Weekly Commentary - Insights - blackrock.com,https://news.google.com/rss/articles/CBMie0FVX3lxTE0wRnFZUUVMVmdxMzVuc05Yc2JFS1BqSERBU3hxVVdiblNPY2lTNkJyUWNlYzVNU3M1ZGFzbGd5M0RPYlBBYk9nNUk0X1QyRzJfU0xkTE5NTm1qNXhNeWs0Uk14WUJVc2Zra0dTWDI0NkhieDB5WW53TnRmYw?oc=5,blackrock.com,2026-05-26 07:00:00,False,neutral,,0,0,0.0,lexicon
accc9a5bc10c,NKE,Nike: No Margin Of Safety At Current Valuation - Seeking Alpha,https://news.google.com/rss/articles/CBMijwFBVV95cUxPNXF1aWcteVN0b3VWV01xdzFpSjZzazMwcmdFTFRIc1k5YnB1YWJ4TGhJOVh5c0dCeVR0TWFGd0dweE5KTk1ZUXJhVzQxWkltc2hpXzFXQXpfeFdBNkR2NHdzS2lqSnJkRkJyTG9GaDd3R0lJa0Y4bklZZE5YSTdtVGtwR2dtNlhGQ2FNSzl2VQ?oc=5,Seeking Alpha,2026-05-26 06:32:32,False,neutral,,0,0,0.0,lexicon
990f99159192,NKE,Don't Bet on a Nike Stock Rebound Just Yet - Schaeffer's Investment Research,https://news.google.com/rss/articles/CBMipwFBVV95cUxQRmdNT1B2VzVuU2c3WXNqTS1aalIxVlBHejVqazNTNFd6WV93a2VlZ1l3UmJGbE16aWtkaUxsWjVWWHB3b2x0OVZqc0FXVUJSc2h2SWdaVy1jX3RhdTM0Q2ltUk41dy14V19CdzNyTEIxU2pZVnZPUkQtZi1TTERfcUhRVmlrdFpjTHdiWEUyeUo0SlRTQmhucGZCTmZVSHB4MzRVeHl4RQ?oc=5,Schaeffer's Investment Research,2026-05-26 06:09:15,False,neutral,,0,0,0.0,lexicon
33d2444c1fef,ABBV,Is EMA Backing For MAVIRET And Boey Reshaping The Investment Case For AbbVie (ABBV)? - simplywall.st,https://news.google.com/rss/articles/CBMi1AFBVV95cUxNd0h0YTY3cGZWNjE1WFdoeE5mMW0tTzJrV0hWYUZ1R1ZnYXoxdDBoeGZheXM0SXBrazBnanUxaW8zZzNPTGpmVGpKaC10dVljcExTTGF2OWd0T0V5SnpNOTU3YW9kb1haWGxWbzBoTHJ3RjRKSXd0azFTMk13b2NRYnZZMUdIZDJScU8yLWxPRXpCT1VwUHRJTlQyQjk4TzBoZTA1em5UTEJHa1ptY0pkdGlWYzBCaEpMRndDNHV2UTI5TGhSZFJQb0VfYjdZLTcxSnpoVdIB2gFBVV95cUxNTXBXLWRnV3JreWZndTA0VG1wWUVSaXRMcGplN2d3RVJtbDdvenZNQ2tFVFAxVnA3X1BDTlZtQllOY1MwbS1wY2txTTlrVGxmVk1XTEVEUFJjYlUzTVpyQXFjRnMxRFdjWVkyMWU1aVV4d3luSnpiUFFPeGtQNXNzYTBMQXNPcktwVWlQdHNBNjR3elc5ZDZXdUR5dGloQ1JwVUxxVnBaOGYtdldjQWJSV0Fwb3BrUUxiVHpGc3JaY0RHWEpFZ0xWTWJhUU16dzJ0ZENSQ2t3YXlsUQ?oc=5,simplywall.st,2026-05-26 04:47:53,False,neutral,,0,0,0.0,lexicon
7c7f0faf5be0,TMO,"[Latest] Global Bioprocess Automation Software Market Size/Share Worth USD 6.19 Billion by 2035 at a 14 CAGR: Healthcare Foresights (Analysis, Outlook, Leaders, Report, Trends, Forecast, Segmentation, Growth Rate, Value, SWOT Analysis)",https://finance.yahoo.com/sectors/healthcare/articles/latest-global-bioprocess-automation-software-043000302.html?.tsrc=rss,Yahoo,2026-05-26 04:30:00,False,bullish,,0,1,1.0,lexicon
e3f731164500,DIS,Is It Time To Revisit Disney (DIS) After A Five Year Share Price Slump? - Yahoo Finance,https://news.google.com/rss/articles/CBMimAFBVV95cUxPamIyT1QtTjlBcTZBaE53WnRHTnItY3loNTF0bi1QRlVHS2dXSXp5UGlLRFlyYU9xMGx5dnFLSFBvNXd5dzROY1M3Q1I1bXFEcEFNTDRNNlRST05UM0VVd2o1MWwzZDd5YmJYOE1ZV2tiWkZNc1h6amNqYVIzY2E3Zjc4T2RSeERQZG9tY2IzR0llUTRQUGg0ag?oc=5,Yahoo Finance,2026-05-26 04:29:00,False,bearish,,0,-1,-1.0,lexicon
1bd5d19d2042,BRK-B,Is Berkshire Hathaway (BRK.B) Still Attractive After Recent Flat Share Price Performance? - Yahoo Finance,https://news.google.com/rss/articles/CBMimwFBVV95cUxPdFJQMUZ6U1hJcXM5bGNjVnJsMG5TeHk2YlBidWU3c1NPa1ZtQlIzQks4cjhTZjBIOTgydkd4WFhfeWFDSHZnSUdscFFtWURRV0ZNeVAtak42S3R6TnN2TTBUNEZaZ2J1Vm9BVWJtYldfdnNYUm5DbGs0WWU1eVkzVlU0aEpJYzZONEhhZlRaQXdoT0tteGtlNGt1UQ?oc=5,Yahoo Finance,2026-05-26 04:29:00,False,neutral,,0,0,0.0,lexicon
f5514fc09fc3,JNJ,A Look At Johnson & Johnson (JNJ) Valuation As Investor Interest Builds Around Recent Performance Metrics - simplywall.st,https://news.google.com/rss/articles/CBMi3wFBVV95cUxQdUNiOXVrbWdwbjJoYjNnaDVISElkUkJCSGphQURxREVvald0UFJ0VExIS0M1UWJ4S1VyRWFwUWNvakN0UUpKM0k2eDRIOW8xaWE3ZVVUQTdRSEIzeTM5MFZsRDhNQUI1WWZaVkItY2FJNjZXUktMVVFoazE1MnlpOTN6Rm9nZnRPOG13NDM4ME43TEZiWVBrbFh4RERSekRYRjNnQUZRR2pPTW0xSDZsV01Xa0lqZ1dXTzFSajU5MkJpTDVYUG1yZ055ZGdiYWFBa3ZhNXdkeFY5dkxDWlNR0gHkAUFVX3lxTE1FV2FVSGg3Mm1zVWtfeTA3b2N4SFZ2QVJnRGlLQThqMWdTSHFhUzhLckZoNUtDV2V2dm1pUGNmNERBSEtyV1B5YkxBSnJlbEZkOEtxX0MzUXNNUGVUdG5hVFEyUGpNX0ZrUUw2bnI2bFJ4cjlyOHk5YUF6UWtmcFNncWNJXzQyejFqWVNtcTZKQkZhZU1iQzJBMnFhS2xiVExUclFueFo2VUd4NnoxdFRDV0NQSW03MTNBTWdjQ3FwbnI2b0hnSnpxdjZoN2gtVFZwQzJyYnFBbWkxcU1pOXFfNGFBUg?oc=5,simplywall.st,2026-05-26 02:29:34,False,neutral,,0,0,0.0,lexicon
1788dfb822a9,KO,Coca-Cola Tests Fresca Hard And Cane Sugar Sodas For Growth - simplywall.st,https://news.google.com/rss/articles/CBMi0gFBVV95cUxOaEprWFFJdmpLSDd0WEdMTG1Kblc4TWdrQWMtem9MZTlMTFlMRDVWc240SDg3YnJ6UElqT2dDSVp5Rm44OEM4Unl4TllkZlpRRXh4ZjJnYWx1YW0ta3o4QVExT2lHeXdBR1RqTjNPcTcwLXNxRGhIUldNTjY4T1dnUFFfeWdvUHhTZExFaWFzUE5uZ2ZmTklOWGYwOWFpekQySXBYVlg4N0E1bG02cXh4NjFwQ2FkcTFJck5TWmJuSFFXblhXUGk5WjJwc0ZnaXRMR3fSAdcBQVVfeXFMTU9oT0lMckRyRkcwdTE3ZWExS1JaOThDbEdSMnB1eXhMSEI3Q21ZS3I0Vlp2Wk5zSHFIZDk3ejU4YklxVm1VcmJ2NzdUN1JhNldOWG0xQVlaSWJaX0trbk9PUGJYa0RERkdleHR0anJ1NmFYZ3RuQnB6Y2FhWUI5WURFVndocGpmSEY0YUJPYjdUQWpUQnZzMkJDZkZndzd3ZGR1T1k1S00ycjBObE9ibUtGdU9WV3RMNTN1Zkk1cHNGZ0laQmI4NnVIck1qRGlOSXB5bEtCUWc?oc=5,simplywall.st,2026-05-26 01:32:06,False,bullish,,0,1,1.0,lexicon
22634028d997,PG,Is It Time To Reassess Procter & Gamble (PG) After Its Recent Share Price Slide - simplywall.st,https://news.google.com/rss/articles/CBMizAFBVV95cUxNbW4wVFRzT2xnZ2RzY3FESmNVWjNNOEprTlNlTk1CaDNrc0VMelNURjJwTVREdENZek8yMzM0aFNlMHlSUDJTbFBmZjdPdUdYa3Ffam5YeWFrTnZuMXpoanpCWWVpdFRYSlNYQkpvRVFhYTJENE56eElGaVA0MlNjWHJid05Vc1BYN0pjTFpielFQSzVQc1RwMzNSb2VrNE9vb2pvQzlRY0VSTkVRYks4QnV6MlRJcF9Nb1BRSjlQQjRRUnhkVmhvaFVyVGbSAdIBQVVfeXFMUFFNc3VwcE5iWE9QZE9abG5tOGlCWWJaOVlDbzhWOFBEZllzYVdRcGQyQWg0NmtzVGQ3eW13Z3lsNEtDc0tqcEtDUHpEdlN4WDJMMmp4RGVPNnRqZ3QxVjlaS1ZhYVphV2pjTHBKUWR2VUc4VG9EaFhjQjh0TnJ6ZE5MaFZjYmx0WlRYRzJzQkkyQXFscFFBazhNaEk0eE9MaVNJVUZTaEMyRklka1FRdUloSmJqSWFjNFM5eWJfU2tCd0ROSE5pOWpmN3N6Mnl2TE9R?oc=5,simplywall.st,2026-05-26 01:27:01,False,neutral,,0,0,0.0,lexicon
6724326000ea,INTC,Is Intel (INTC) the Best High Growth Stock to Buy and Hold for the Next Decade? - Yahoo Finance,https://news.google.com/rss/articles/CBMilwFBVV95cUxNcElUdUV0blRlTkdqY1JpeXBSYnNtZWxzOXA1NjlzYjBFc2tNa0lhWFhGcXB4a2hqbzM2YXhEZDZiTTlOcFJCQVp0WmpDLWhRaFZRekh6S2JYTU9wUm9mSWVicnJLYkZaRFM0Vl92WUZFMThnMU8xMXNwU1NDY09hQ1hFY3BWQ25VQ0VEVkhTejQ0WExLSkpR?oc=5,Yahoo Finance,2026-05-25 23:48:38,False,bullish,,0,1,1.0,lexicon
c3d288d0b409,UBER,Ride-Share Drivers in Massachusetts Formally Unionize - The New York Times,https://news.google.com/rss/articles/CBMilAFBVV95cUxQU0dpYUp2QXVTRUtrT21lSmRUb25BTWJHRHFQS1Z5WnFtSHpXeDVBR1UzNkpteUdGTGZIS0l4N2ttcnFtZlI5REtxSTZsY2ZxdEJ5Q0ttSEtjMUEwQVhiQ21DMk5JajhsdWxaWmtPeWhyeWVVbmFVdkM0RXhxU203dlRBdHN1ZzBBV2o3UHh0Z09sMkFr?oc=5,The New York Times,2026-05-25 21:29:58,False,neutral,,0,0,0.0,lexicon
95753f47dbdd,PYPL,"Should You Buy, Sell, or Hold PayPal Stock? - Yahoo Finance",https://news.google.com/rss/articles/CBMilgFBVV95cUxPSVBIM0VzOEZSYlZHY240YVl3M0g1NDRCUUtyWkJNNHdJSEJnYWl5QTJKQUhLQWMxek5mNXo4OW5RZnFfcUxfU1k2enZGMm9tcVB4VUt0UEtYVWFWOWtaUVhOYjhoWm5WMjRrNU1SZmlISC14NVJ0WldiNGx4YUxGWmFURDgwbFNOYnBmZ2gzaG53RHpJb3c?oc=5,Yahoo Finance,2026-05-25 19:20:00,False,neutral,,0,0,0.0,lexicon
3405970ce82a,PEP,New Walmart soda line takes on Coca-Cola and PepsiCo,https://www.thestreet.com/retail/new-walmart-soda-line-takes-on-coca-cola-and-pepsico?.tsrc=rss,Yahoo,2026-05-25 18:25:00,False,neutral,,0,0,0.0,lexicon
163b916f40d6,BA,What Does Boeing's Acquittal Mean for Its Stock (BA) - Kavout,https://news.google.com/rss/articles/CBMijgFBVV95cUxQOVNRNDk0ZU5kLWdOVGVvV19LcGhqdTNSZVhBTkdBQVRiWm1OZTNIVGVGb2hod2p2SEFjMkwydERVREktWkd2VVVjbldJeWhQQXFqWVJSRmxhVnAyU3E1UFdSWlV4SmpfWUhSTTBNRVNDXzV2aTloWDQ5YThpMzA5ZVd6Zjg0SWk1WV9UMEdB?oc=5,Kavout,2026-05-25 17:41:41,False,neutral,,0,0,0.0,lexicon
371f640a7656,NKE,Jim Cramer Shares Tip For Nike (NKE) To Turnaround,https://finance.yahoo.com/markets/stocks/articles/jim-cramer-shares-tip-nike-171806962.html?.tsrc=rss,Yahoo,2026-05-25 17:18:06,False,neutral,,0,0,0.0,lexicon
405856458a5b,IBM,Jim Cramer Reveals Why International Business Machines (IBM) Should Be Doing Better - Yahoo Finance,https://news.google.com/rss/articles/CBMiowFBVV95cUxOdmhDT1NUNDY3YzFWa1V4UVlsb2lUeXY0NzNyOE9STUlxRUc0Rm56TVFlMEdFRnZPejRlU1NUaFRDSGJXYk1oOGswU2lmVnI3eU1oRnM0bXJZYnVNdlFLaG80V2t5U09VWUVFSmxTY0lNRl9xRk13VUlqWFhKV25ISHM2YnZrd0JLb1F6cjIwQTVORmVhSjhfZ1A1ekZ0NW1KN1Vz?oc=5,Yahoo Finance,2026-05-25 17:17:45,False,neutral,,0,0,0.0,lexicon
c1061fe7e5cc,BRK-B,Berkshire Hathaway Stock Lags Industry in 3 Months: Is it Still a Buy? - Yahoo Finance,https://news.google.com/rss/articles/CBMipgFBVV95cUxQYVAxdDBTMWhPWmNIeUZ3dVZBT1d4RC1kek1Gbi1mcm1OZHRTbnpVdk1rcEJpN1dOZGtGUlB5a1d4c3l5d1VVaWdxX3J1NEhXNFdUanBVRGJQSEgxRU16YTZQRk5vam5TaUJOb0h5SVlsRjc1ckZ0amtjZUQ3bmw4cjJlMi1HZnN0dlVBelp3YjdwTHRidWdNMXNmYXptcTJkZVZENHFn?oc=5,Yahoo Finance,2026-05-25 17:06:00,False,neutral,,0,0,0.0,lexicon
f333c04fc21a,XOM,Is ExxonMobil's Guyana Expansion a Game-Changer for XOM Stock - Kavout,https://news.google.com/rss/articles/CBMinAFBVV95cUxPRTVCMlM0eVpTSTU5ZVNjMk5OYUZxbHJoM19ySHZwU21vTzB4Zy1MaG00WmFQbUpxdTdES2N2R1ZNaGdlYVRMWUVzallZMlVQc0lWd2tSQkd3OF9mU19zbkgybjNPdkw1VUZRQTZOYlB6bUU0Y2cyTy1aR1NSUEM4RXFOTHYyOVpUT3RlX0o1a21ZTkloS1FFeXpFT0Y?oc=5,Kavout,2026-05-25 17:05:54,False,bullish,,0,1,1.0,lexicon
bb4042846fb9,BLK,US Stock Futures Gain as Crude Oil Drops on Iran: Markets Wrap,https://finance.yahoo.com/markets/stocks/articles/us-stock-futures-gain-crude-170202219.html?.tsrc=rss,Yahoo,2026-05-25 17:02:02,False,neutral,,0,0,0.0,lexicon
a43e642c5fa9,TXN,Texas Instruments (TXN) Is Up 2.14% in One Week: What You Should Know - Yahoo Finance Australia,https://news.google.com/rss/articles/CBMigAFBVV95cUxQaHRKUmZDcEdQYzdJWDJuRmpqUEdvNC12Z045SGtIQ2hCdVpCVlBIWGhzNENzcUx3TG9nNkg2Nkl6QXZsMjBfbkk2cGpvSzRTcUs2YVJvWFJlVzEtaUdmZUpLSWlhNW1BWWVWeWYyWWl2MWdwQlZEYjEtandPOWNXMg?oc=5,Yahoo Finance Australia,2026-05-25 16:00:02,False,neutral,,0,0,0.0,lexicon
932bdd413392,COP,Is ConocoPhillips (COP) a Natural Hedge during Uncertainties?,https://finance.yahoo.com/sectors/energy/articles/conocophillips-cop-natural-hedge-during-155410293.html?.tsrc=rss,Yahoo,2026-05-25 15:54:10,False,neutral,,0,0,0.0,lexicon
e36a11dd4f6d,MRK,MRK Stock Gains After CHMP Backs Keytruda Combo for Bladder Cancer - Zacks Investment Research,https://news.google.com/rss/articles/CBMiqwFBVV95cUxPZU1HSUVud29rZ2J1S2pxMlhma0hzbU1sUEdZZUJJRVNKekVvSm5VN3BIcWVVNDBPVGZNMWV6VXZkNlBrblo3bm5XTmhKenZicnh3aVRZY2dCVkg5NHdEdVFiUTdtblZLczdpXzlrTUdfajlxb3M0LXZydDFZU1ZIck5QaWg4NUptTE9fMGtIREJYQU1jckpSZG5wQmRuUzFySDY0dFVNSVRVdUU?oc=5,Zacks Investment Research,2026-05-25 15:30:58,False,bullish,,0,1,1.0,lexicon
0579e0b34305,COP,"Occidental Is Trading Above 200-Day SMA: Buy, Hold or Sell the Stock?",https://finance.yahoo.com/markets/stocks/articles/occidental-trading-above-200-day-152700081.html?.tsrc=rss,Yahoo,2026-05-25 15:27:00,False,neutral,,0,0,0.0,lexicon
97283820ed05,PEP,Can PepsiCo's Innovation Push Reignite its Growth in 2026?,https://finance.yahoo.com/markets/stocks/articles/pepsicos-innovation-push-reignite-growth-151600402.html?.tsrc=rss,Yahoo,2026-05-25 15:16:00,False,bullish,,0,1,1.0,lexicon
e47f748cb18f,NKE,Can NIKE Grow Despite Sluggish China & EMEA Consumer Demand?,https://finance.yahoo.com/markets/stocks/articles/nike-grow-despite-sluggish-china-151400377.html?.tsrc=rss,Yahoo,2026-05-25 15:14:00,False,neutral,,0,0,0.0,lexicon
c983ce4eb9c2,GOOGL,SMCI vs. GOOGL: Which Stock is a Safer Bet in the AI Ecosystem? - Yahoo Finance,https://news.google.com/rss/articles/CBMilAFBVV95cUxObW9CS2NieUxlLVZOVExkRzlmdTJoSkE1MWNiR0RsWk1OeUNGYWo1WmpXR3JNQ2xtSFZhWVBPaUFrZ21nQm5QNTBHb0sxYzdINlR4VF9odnZYVzM1dkhySmdIdm50cDlwSnI4a0hLMzFwQktNN09fb2NaMm1QVHZlRkdqYnl1cm5mcFRwNlpXRDVRSk1T?oc=5,Yahoo Finance,2026-05-25 15:00:00,False,neutral,,0,0,0.0,lexicon
e5e1930567b9,MCD,Can McDonald's Support Franchisee Margins Amid Inflation Pressure?,https://finance.yahoo.com/markets/stocks/articles/mcdonalds-support-franchisee-margins-amid-145600757.html?.tsrc=rss,Yahoo,2026-05-25 14:56:00,False,neutral,,0,0,0.0,lexicon
c98dc007aecf,BLK,BlackRock Stock: Is Wall Street Bullish or Bearish?,https://www.barchart.com/story/news/2116245/blackrock-stock-is-wall-street-bullish-or-bearish?.tsrc=rss,Yahoo,2026-05-25 14:31:06,False,neutral,,0,0,0.0,lexicon
3bccc145483b,AMD,A $10 Billion Reason to Buy AMD Stock Now - Yahoo Finance,https://news.google.com/rss/articles/CBMilAFBVV95cUxONGxxMFFGdVc0d3pUMk95cHVTbDVHZndBUkZFbzdpRzRXOG9QSTkwRVNsdEVnM2dKU1JzQkU4dUFJbGI1eW9vR1NDSUdvd2YxUUNsOW9PS09Xbmd3MVhJeEZOMXVrekw0LUp1d3Z5aXlQQ0VaWG80ZkE0cHR0MzVzVndUXzdzT1FlUGhlV2VrYVFRZ0lo?oc=5,Yahoo Finance,2026-05-25 14:30:02,False,neutral,,0,0,0.0,lexicon
794eb577d716,MS,Morgan Stanley Gains 13.2% YTD: Should You Buy the Stock Now? - Yahoo Finance,https://news.google.com/rss/articles/CBMilAFBVV95cUxQWWdyNDJMV1QydkdLUlBUV1ZtVUdISzdkWmRwMmxEVTFGUDZIQUJfVl8tTzJHeENDdy0xTXhtQW03b0xBWC1LOHJKbnY5T2R4TGhWRFBLenIxaUtrbVFHRUFaX0xxbHlmeXBxa09XMFVXYVJPSXhOWEdHOFNUYnFmc2oxdllxMG5OcGNrdEUwakZBX0ZR?oc=5,Yahoo Finance,2026-05-25 14:19:00,False,bullish,,0,1,1.0,lexicon
1bd5ffccf0b3,QCOM,Qualcomm Stock (QCOM) Opinions on AI Data Center Pivot and Pre-Market Surge | QCOM Stock News - Quiver Quantitative,https://news.google.com/rss/articles/CBMisgFBVV95cUxQR3ZOVE9rZjBEYmt2LWp5bGNWZW9Ha0NYZE1wejZZTDlHcUNvMm5vaDVnalBCVU4tcUpOQlE5aFRkMVBBYnlVV215WWNxYlhRZ1VoQ2psN3hrOV9YaURsaWRLS0JjVnhVRi1vVmhRdFBpa3VPRGZTNFgzWWRfOEpsM2c1OUxYVHEzd3dkTklZZG1vczN0djhlbHNCVENETUl4czRTWkdFVFQ5cUlFU3JkTEZn?oc=5,Quiver Quantitative,2026-05-25 14:04:00,False,bullish,,0,1,1.0,lexicon
d4b34a86eb87,BRK-B,Berkshire Hathaway Just Loaded Up on This Genius Artificial Intelligence (AI) Stock - The Motley Fool,https://news.google.com/rss/articles/CBMilgFBVV95cUxQREtBSWFXZ2ptVzRpZkM5amZPUnBybG9NRm1nT0V4b3QzYjMwQnRKQzc4SXVzVml2VUh6bEwyTWV2eVNnVjVibi1GNjR4emdua3pGdVdLSnNfcXZ3UzFTTFdfeG9qQU01eEtOTnhyUk5XRllKX3Q1aHF0alg0WW16Z29CSENtZno5WF9GakZyZlZZeTkwQ1E?oc=5,The Motley Fool,2026-05-25 14:00:00,False,neutral,,0,0,0.0,lexicon
b89001506e3b,KO,The 2 Best Dividend Stocks to Buy Now and Hold Forever - Yahoo Finance,https://news.google.com/rss/articles/CBMilgFBVV95cUxOdlllQURuVFQ2Q1dHcFc0YnN0bjNJMFNJbHdwSEo4SEhGcHMyVkV6dGp5RDF2SU5jb3kxVzFNdWphLTVBWWZzcjZDS0JnR3picGtfVUw0RERWTWpKRTNEQW5DTDJkTXE1RFFNTjJzeHBJbWE5cVo3bVdHVVlxT00zaEFoQ2RTSW9RY2lDa19Ea1g1bjFyU1E?oc=5,Yahoo Finance,2026-05-25 13:45:00,False,bullish,,0,1,1.0,lexicon
e35bef0d775b,MS,Is Morgan Stanley (MS) Stock Outpacing Its Finance Peers This Year? - Yahoo Finance,https://news.google.com/rss/articles/CBMinwFBVV95cUxQRmRIeTRRN3h1NkZKSkg5UVJsRWM3YlJoaXgwcl8wb1IycmNYd1lSSWR3Qkk3SzAwalhxbDI5aWl2ZjhHdVNLM29UNGJpcWc4MFBkNjVEZ3ozbGNpRFBGVHIxODQzNUU3S0JFOTFsaTl1RUVUZVVkUkJHSGlWLU9WTmNzRmo4UFlBNm82T2RsYjU0LVVNY2NOQXRfdlpvOTQ?oc=5,Yahoo Finance,2026-05-25 13:40:05,False,neutral,,0,0,0.0,lexicon
b553b53777c8,MA,"Mastercard's Stock Is up 11,000% Since Its IPO -2- - Moomoo",https://news.google.com/rss/articles/CBMikgFBVV95cUxNLUlfbXI2Zml1LWVqQTNRZnRSUFhrejZGOVRHTUhMNWNxcVkySWRUc0RTd1o5ZzVCcEZDck5lQjZobHFZeDRDNW9Ld2ZnaGwzdGdFekVkbnZyQTBlNXJRZUdhTkZESzlEZ3I1MmN6Z3BtYWM1OXZvLU1MUmVWU3hwTGdQaWdPT0UtdWlvU0JOQmFudw?oc=5,Moomoo,2026-05-25 13:30:00,False,neutral,,0,0,0.0,lexicon
89eee1b4d009,AXP,American Express Has Been a Monster Stock Over the Last Decade. Is the Premium Card Story Already Priced In? - The Motley Fool,https://news.google.com/rss/articles/CBMiiAFBVV95cUxNanMyN3RZOFlYV0g2bmw3LXVISHFUZmFtbktSYUl6OGFLVU1QYWppRUY1VG4zUU5QQy05NWNlR3FYS3hwT3ZwQXc4eDlzYWh5S3k3eG9iTGFzaWF1aXRoaEh0SXlGOXVfS2NxbU9nWkZNOGw4MmhUWE5UWmkteUdmTW1LVTJ6aHl6?oc=5,The Motley Fool,2026-05-25 13:30:00,False,neutral,,0,0,0.0,lexicon
e244f337096f,MA,"Mastercard’s stock is up 11,000% since its IPO 20 years ago. What comes next? - MarketWatch",https://news.google.com/rss/articles/CBMitwFBVV95cUxNRWo3TTE3TzVwblR5RDBJUGc1dFdoUGlsMVhUYUdENW82YlhQWlVzMlZvcHNGZ1gzNDFUeEVSR2p4QWhJcXgxUFNuNmVRSG4zQXFZLThJbDFTbXUzOXBnM3RlVjc3bUlUN0xLUkF3SnVYUWZTUzM0UDU1cXUxeUNKU0R4cjFxXzlKRFN2dUNqSXdJMGRKQjlVdkJPaTNZcm9MdVhBN2l0UVdQSnhZNGxIOGIxTEN2bGc?oc=5,MarketWatch,2026-05-25 13:30:00,False,neutral,,0,0,0.0,lexicon
e5b2edefff54,HD,The Careful Consumer: What Q1 Earnings Reveal—And Where Cracks May Appear,https://www.marketbeat.com/originals/the-careful-consumer-what-q1-earnings-revealand-where-cracks-may-appear/?utm_source=yahoofinance&utm_medium=yahoofinance&.tsrc=rss,Yahoo,2026-05-25 12:55:00,False,neutral,,0,0,0.0,lexicon
bc6b9cb86fe9,BA,Where Will Boeing Stock Be in 10 Years? - The Motley Fool,https://news.google.com/rss/articles/CBMihwFBVV95cUxNZ2tMNkRCZDdFd0lFc1FydEVJOXVEb25qUXprUnlGTDFFS2FtNVBfU3RaandwUXJtU0dNSzAwWklLN2dPeGc2U0p3dW9GWmJ4LTVvcllOTlJzb1lyTVN5Zkxzd3VSWWc2NzBpTTAtMWxldTdnRHpaY3laMDhXSURyeWwtWVkweTA?oc=5,The Motley Fool,2026-05-25 12:15:00,False,neutral,,0,0,0.0,lexicon
c98fad0070a9,NKE,1 S&P 500 Stock Worth Your Attention and 2 Facing Headwinds,https://finance.yahoo.com/markets/stocks/articles/1-p-500-stock-worth-121151387.html?.tsrc=rss,Yahoo,2026-05-25 12:11:51,False,neutral,,0,0,0.0,lexicon
adf13b853526,V,"Buffett Bet Big On Visa, Mastercard Stocks 15 Years Ago: Here's How Much Those Positions Gained - Yahoo Finance",https://news.google.com/rss/articles/CBMinAFBVV95cUxPWDlERktoSUdBVTE3THVDcG5OdVpCV1NYczdCSEJPY21jWWVZckdQUEIwc0V6RG1SbVRYTktPamhDRkMxaXFMQU1TQUZrSXZxQTFKM1BVT09YbHY0cnktT1JuRGN0c2Q1UVRBS1ZEV20zMVFGT212UUhGZXc4TnJXRVFxYkxkb2t0M2VmNjdlaXF2X1hRMlh4S250ZHY?oc=5,Yahoo Finance,2026-05-25 12:01:07,False,neutral,,0,0,0.0,lexicon
850f907e4b50,JNJ,Johnson & Johnson $JNJ Stock Holdings Lessened by Legal & General Group Plc - MarketBeat,https://news.google.com/rss/articles/CBMiywFBVV95cUxQUUFJUXZIa3AxdXNjZnNMX2k0Z2NlcmJaTnVJWkxwUDRBdnBRSVFCUmNWdkxOdkV3WlFuYTBPcnd3aVJleTQyb0l4bS1Ob09TQVhMREp2eEt1RzRVRmNYM20tY0NReC0xS25hejNoQ1Z0eWxjX3BPaFJNT2JyY0dOcWxOVUNGNERxSHRoRTVFNHRUaGFwRDZtVnk4SlFDWUZhbU44dm14TDdHdEN3SlJFWWN0VTM4RXFmb05fcG0xRXZFRHlXWUZnTTl1bw?oc=5,MarketBeat,2026-05-25 11:05:58,False,neutral,,0,0,0.0,lexicon
28a70184bfad,PFE,Why 1 Wall Street Analyst Thinks Pfizer (PFE) Stock Could Soar 38% - The Motley Fool,https://news.google.com/rss/articles/CBMilwFBVV95cUxPdFdfSUZ0S0c0ak1YTGpsOWNtUUR6eHVZT1JhZHBScjJBWjZodVRYMnZQZEN4SUEyNFdvODFyeUVwNzhTY2RhWTlDQ1Z3Sy13eU5kQXNVVzZ1bjFhWEN1S2FIMTlkb1NGWGYwTU1kNGRGcnZqTGVLV0lSZV91THVVc01QVVJRWm1MYzVNZ1ZJTnZRbTR5MmZN?oc=5,The Motley Fool,2026-05-25 10:45:00,False,bullish,,0,1,1.0,lexicon
181f00390f3a,UBER,Delivery Hero shares surge to 18-month high as Uber eyes takeover - Reuters,https://news.google.com/rss/articles/CBMiqwFBVV95cUxOZkxCSDhybGExT2h3T1l5X2VXLS10RTRyelBNd0IyRno0ZnhGTVlWNlI3X3ZIenhLREw2dlRkVTlmX3pKT190aVZQUGVQS1VsZC03UlRfN3htRWRleGdxRko3eWdnT0stRVNBTEFRMElBSEt1c0xwLTgzOGlnY2lHbmExdGFaMDdRWVlkREw1aVdtWUI5aWlzVlZTZmJVclhwQk5sQ2s0cXlHbVk?oc=5,Reuters,2026-05-25 10:16:20,False,bullish,,0,1,1.0,lexicon
81531533071c,BLK,BlackRock exec. on how Fed policy & midterms impact the market,https://finance.yahoo.com/video/blackrock-exec-fed-policy-midterms-100000109.html?.tsrc=rss,Yahoo,2026-05-25 10:00:00,False,neutral,,0,0,0.0,lexicon
b2336e39d505,ABBV,AbbVie Inc. (ABBV) Stock Analysis: Unraveling a 17% Potential Upside Amid Robust Buy Ratings - DirectorsTalk Interviews,https://news.google.com/rss/articles/CBMi1AFBVV95cUxPVWVfbTFJVE0tdzc1MXdDajBEVHBrTVhoYzdHYWJIdjlvb1Zmb3lWVXoxdHJwOWs1QTVqT1h2V21FTG1mNEtEa3pyMWNiUERxRWNfLXJjSlY2b1dtem5CNzkyNkV0QWxSX0pPOVhDa3JTV0VoU0dHOXkwdlRqcGd5RnpsUHRlNHEwdDlfRmFnUUt2N0NBWmxLVjhvdUhjcjNBOVJxdzIxdlBuU0RfU0J1aEtvNklZdy1QbFNFTXZicGJ3S1BsLUdPZVAwX0J2Z0d1cXZteQ?oc=5,DirectorsTalk Interviews,2026-05-25 09:00:52,False,neutral,,0,0,0.0,lexicon
baec74532321,TMO,"A Look At Thermo Fisher Scientific (TMO) Valuation After Investor Day, Sweden Lab Opening And Dividend Reaffirmation - simplywall.st",https://news.google.com/rss/articles/CBMi6wFBVV95cUxNcUw0WVgxTFhKR1BBQTNrVHhRM0hDZm5KSkR1dDY4cnIyYTgxWXZKekhxOFZxeGVjNS1CWDhVMmZTT0JfYmRsZmJscUJOS1NOYklDNkNVWXBTVHh2TzlzcjhFTExTVWZsSDZOLWxEbExoV05nVEp2OXcxXzNPWHZiSk5nVmgwb1pINWI4TGJkaHdjM2pwcS10c2FSR3VkNUgxUG9FQTB2N3Z6RG9OOExQQnJnbW8yYzc2SE1TQnFhZ2FBRnRaWEh4d3lQY0I2YVlaRy1fWl9pNzdVQTBWNmNIczFDWE1lakxmT1Rn0gHwAUFVX3lxTE1zamNMbm50SXVCSVhzZlZPeGdTWVVZbFp2Y2VhbEVLSWdoTm80dHkzRWtHdC1JbnQ0dEFoN00tRTFpaVdZRE5RNWZlUWxydExSbzF4bUdBclg0ckhZMzV3Wkd3QXJvUEZtYXN1LUpJWTJSblItb1Vvclh5RUpnWXV6MnAyM2xxTHJWZXdRS3Z6LU85bXZ2eGhzeTVMc0xiem05WkxhZENLUmIxYy1hOUJXLXhzdG5mOVBjMUZZWGppTEJFbElTZ1lzUWpCeWEyWlc4ZFpaQi14enNvVWE2SDEwaFU2Q0hxZTBSVFZBeTZROA?oc=5,simplywall.st,2026-05-25 08:24:21,False,bullish,,0,1,1.0,lexicon
3dda8a837a91,UBER,Delivery Hero shares rise 10% as rival Uber mulls another takeover bid - CNBC,https://news.google.com/rss/articles/CBMimwFBVV95cUxNU2dsd2Z0R2lWU0xMNHpkeEQyMWpZSk5SRWJaamh4b0YtN3RWYzl1QTlhZHhtWmxYalo1d2FXUjVZbmtPczlyVEpMVDdyMXlPMUdpd0IwVWJaaHh3cFNUWU8wZWxobEJPZ2hXZUR2M1VTNTJVZG9IOUNPcHMwUGhUd09GVENSQUVnSGRLZWRtbGJ0MUFwYy01UkpUa9IBoAFBVV95cUxOQUthWFdlTG00dzZIbnV3UHFVS3hRZklUY2lwVjVEZEM2VFpQa0Z3c3hMSjlmcmxjRW5IbzBtUTRRUlc3b2QwTGtpTjZSXzFiZEtXM0JoVTk4dWJDQjgyQTF5bTNQT1hSWDZJbl9TVVFoZU96ajkzNFhwWUpvcnBKN0JoNUVFd2FsZk8tSGdfTTVteVU2RDI3c2RYUGNHaHYt?oc=5,CNBC,2026-05-25 07:15:54,False,bullish,,0,1,1.0,lexicon
d81e0cdb8f9d,AMD,Is AMD Stock an Undervalued Stock to Buy? - The Motley Fool,https://news.google.com/rss/articles/CBMiiwFBVV95cUxNOFVTZEZGRE54Tjh6YXBYQlVwV29BaVhIQjNUQjRCYURXYVBBZ0gwc3lGdkx1RTlHQ0I2XzVadVVOR0ZYNFBEUnNkZVNXMkxuSHRveHp4RG5UUUNjNnp0czhMWWotNFNoWVdEVG9kemRqOFJpNm9XV1l1MWZkanVYY2NneTZuUHF6LUpZ?oc=5,The Motley Fool,2026-05-25 07:00:00,False,neutral,,0,0,0.0,lexicon
8ae6a0b96d27,PEP,Bloomberg Reports PepsiCo Preparing New Snack Price Increases for Late June,https://finance.yahoo.com/economy/policy/articles/bloomberg-reports-pepsico-preparing-snack-220143628.html?.tsrc=rss,Yahoo,2026-05-24 22:01:43,False,neutral,,0,0,0.0,lexicon
3580b49671fc,KO,Is Coca-Cola (KO) Still Attractive After Its Strong 2024 Share Price Performance - Yahoo Finance,https://news.google.com/rss/articles/CBMimgFBVV95cUxNU1FQdWQyOHNXZ05JNER3eFp0akZxV0hELUVRVDlfdVpBbEE1d3VkTmJEcWhFMER4MVgzY2VrUV8tSHdjU3oxaUpfYmdkNWlqcmp5cXZjbXMtMlo1bnFUZVRRY25BV1VVM21ZYVNLa19NcDJmUVFDUmJjRkJTUHA5enhBbzE0bEhac3ZQN0MwdTZpbFZaYXUwM3h3?oc=5,Yahoo Finance,2026-05-24 21:16:08,False,bullish,,0,1,1.0,lexicon
694c3bb42da2,WMT,Walmart Stock Fell After Its Earnings Beat. Is the Post-Earnings Dip a Buying Opportunity? - The Motley Fool,https://news.google.com/rss/articles/CBMilwFBVV95cUxOSFJsbW1uYjBDNmFtNmR2XzZEUVBUdTdYOVVzRGV6bTRNdy13TWxpT3FaZnlkYzZIbWVteTd6aHRfUEtTQ3p2NFhNeW1VYjdzbGhkNUE0bVZZOWQzTUZMWnk4Ykk4eng4ZE9RVndkc2NmUnFxcURNUXpGM1k1WDlmQTEyQk9yUTRrYmlxQ0dkWTZkU3FhVVZz?oc=5,The Motley Fool,2026-05-24 21:03:00,False,bullish,,0,1,1.0,lexicon
07f224cc7a4d,BA,Boeing Stock (BA) Opinions on China Aircraft Orders - Quiver Quantitative,https://news.google.com/rss/articles/CBMikgFBVV95cUxNMzdhY0NBNHBoM2h6ZlBWSkpPSS1KT1E3R3JwbHVhaDNzQ3RmRHp5dDFrUHdWZDZ6Y1pRV0lWZXg0WUtpOG5PMUlTZ05DTExNNlpLRE1NMUZsWXgyQjdQQ3BQcjIwTnlTeFVsdnVlSHNEY3dqQ1pjaEVya3c3LThRbktKakZxTG14cGJuQmNFLTI3dw?oc=5,Quiver Quantitative,2026-05-24 17:33:00,False,neutral,,0,0,0.0,lexicon
d9ea96f822a6,ABBV,What's the Better Dividend Stock Today: AbbVie or Pfizer? - The Motley Fool,https://news.google.com/rss/articles/CBMilgFBVV95cUxNMkI0Y2FHTFNqaUNvU2lKUUR6SmZIemVLVWR5Qzg5S3VpYXFTN0kxMndyWU1rVW1sV0NNRjl4THdvbWotSVU4enJnc05wYXdHRTRPUmU5eHc4Umg0YzROVDF6Nk1nT3RBdkVDN3ZlWlkwUmJjbFB4SzdBUUhhQlJSQ0F1a2gzQk81em1mZHMxR2pjTGZkVnc?oc=5,The Motley Fool,2026-05-24 17:00:00,False,bullish,,0,1,1.0,lexicon
a84e090ab429,MS,Morgan Stanley sends clear message on Take-Two stock ahead of GTA VI - Yahoo Finance,https://news.google.com/rss/articles/CBMioAFBVV95cUxQQUpUUUNvb0pEREdRak1vVWpNa3poRU92UGFraVoyTW9XZkJHYWY0aVdkSHRCNDZfV1o1MjNPNndJVHZiVi1GYVdkd0t0S25kSm5hQVF5WnRUeDlSNDY4b3JtWHc1WG9kMjZob0Zwa0owYlpxYWsyRElvUTV4NUZIbkktT3FqYWtSMGVrQ3g5OFF4bktidExWSFo1S3R5eUla?oc=5,Yahoo Finance,2026-05-24 16:03:00,False,neutral,,0,0,0.0,lexicon
038ab249de7b,MRK,Merck Stock Rises 6% as Lung Cancer Treatment Cuts Tumor Progression Risk Significantly - TIKR.com,https://news.google.com/rss/articles/CBMivgFBVV95cUxPWVN6cDdPTTNMdGRvVzlJT3U3cUFWM1FJY3RMOEFQTFhtNDlobUpyU2dGSldhaVNiVjB0ZDJ0Z0lRc1RJaXZBa3hndmlkTjRPQ1cwZmZPZGdQVHd2dnhBWjZCOGp0X0NKeDdWSUdVS1pIY3ZMMVFNdmJPSGQxcWR5d2N4N2ZYcWVKZUVudDhDXzlneUNMNENKc1VhWHBjM0lTUXJ2OEJQTlNOaGlEVG56NnZGMXN2Z2hQaUxteEN3?oc=5,TIKR.com,2026-05-24 15:09:18,False,neutral,,0,0,0.0,lexicon
194d052fcc42,CAT,Caterpillar Stock (CAT) Opinions on Trading Signals - Quiver Quantitative,https://news.google.com/rss/articles/CBMikgFBVV95cUxNZks5SE9XcEFQTWFXZVU4eHFHUHlNLW1iMTlkbmJOczRQZE93MGZVY19zMmhWdVhPRk9GeHhoWWtuVExTQXNHbGppX25KWS1pOXlOQnAxY0VwMHo5WEx2WTZ5d0VVNzFNOVpnYTVCQTduVjI4ZUNzbnZfS1lSUXltRXh2QTJ5QllpYUdlWERoRWZtdw?oc=5,Quiver Quantitative,2026-05-24 14:02:00,False,neutral,,0,0,0.0,lexicon
7fc379014cc8,MSFT,Microsoft (MSFT): One of the Best Long-Term Stocks to Buy Now for High Returns - Yahoo Finance,https://news.google.com/rss/articles/CBMimAFBVV95cUxOVmhIR2hnQWp0S01ObVl4bXVDN09RNk5ZbDJnWjJXUG1nQTlUSHZzZ1FSd1dxckZwUXlHMXd6ejF5cXdjRlk5U1VzMUtOWUNUV2xoMXpjcHlnLUFKU01tSXBhWVRFdnV4NjZTcnRoN1NvZWNXRm9qa0pLMlhEdGN2X1FYR2J6UUhOX1FYX01TRG9odHRTTXJBQw?oc=5,Yahoo Finance,2026-05-24 13:30:20,False,neutral,,0,0,0.0,lexicon
07238190a78d,BLK,Hyperscaler Debt Flood Brings Derivatives Bonanza,https://finance.yahoo.com/markets/options/articles/hyperscaler-debt-flood-brings-derivatives-190000196.html?.tsrc=rss,Yahoo,2026-05-24 12:42:06,False,neutral,,0,0,0.0,lexicon
7ef906990cd2,BLK,BlackRock DOJ Probe Tests Private Credit Valuations And Investor Confidence,https://finance.yahoo.com/markets/stocks/articles/blackrock-doj-probe-tests-private-060913282.html?.tsrc=rss,Yahoo,2026-05-24 06:09:13,False,bearish,,0,-1,-1.0,lexicon
2f656d824e97,NKE,Lululemon Was This Close to a Peace Deal With Its Founder—and Then It All Blew Up,https://finance.yahoo.com/m/f7c165e3-58eb-3d3c-b00a-1143f7d85840/lululemon-was-this-close-to-a.html?.tsrc=rss,Yahoo,2026-05-24 06:00:00,False,bullish,,0,1,1.0,lexicon
193f04ebade1,CAT,Is It Too Late To Consider Caterpillar (CAT) After Its Strong Multi Year Rally?,https://finance.yahoo.com/markets/stocks/articles/too-consider-caterpillar-cat-strong-042026966.html?.tsrc=rss,Yahoo,2026-05-24 04:20:26,False,bullish,,0,2,2.0,lexicon
86f6c6826656,CAT,"Novanta, WillScot Mobile Mini, and Badger Meter Stocks Trade Up, What You Need To Know",https://finance.yahoo.com/markets/stocks/articles/novanta-willscot-mobile-mini-badger-021255883.html?.tsrc=rss,Yahoo,2026-05-24 02:12:55,False,neutral,,0,0,0.0,lexicon
dea7b81a4966,CAT,"Matrix Service, Hyster-Yale Materials Handling, and FTAI Aviation Shares Are Soaring, What You Need To Know",https://finance.yahoo.com/markets/stocks/articles/matrix-hyster-yale-materials-handling-020455093.html?.tsrc=rss,Yahoo,2026-05-24 02:04:55,False,neutral,,0,0,0.0,lexicon
fd1729e00202,CAT,"Hubbell, Rockwell Automation, and First Solar Shares Skyrocket, What You Need To Know",https://finance.yahoo.com/markets/stocks/articles/hubbell-rockwell-automation-first-solar-015655592.html?.tsrc=rss,Yahoo,2026-05-24 01:56:55,False,neutral,,0,0,0.0,lexicon
c9b83b52d97c,CAT,"WESCO, Luxfer, and Johnson Controls Shares Are Soaring, What You Need To Know",https://finance.yahoo.com/markets/stocks/articles/wesco-luxfer-johnson-controls-shares-010855560.html?.tsrc=rss,Yahoo,2026-05-24 01:08:55,False,neutral,,0,0,0.0,lexicon
a29e2f3e9fec,GE,"Rocket Lab and Redwire Shares Skyrocket, What You Need To Know",https://finance.yahoo.com/markets/stocks/articles/rocket-lab-redwire-shares-skyrocket-224455197.html?.tsrc=rss,Yahoo,2026-05-23 22:44:55,False,neutral,,0,0,0.0,lexicon
4c9d110c0fc4,GE,"AeroVironment and KBR Shares Skyrocket, What You Need To Know",https://finance.yahoo.com/markets/stocks/articles/aerovironment-kbr-shares-skyrocket-know-222855214.html?.tsrc=rss,Yahoo,2026-05-23 22:28:55,False,neutral,,0,0,0.0,lexicon
e62ea66515e8,PEP,Will Constellation Brands’ (STZ) New McDonald’s CMO Director Reframe Its Consumer Brand Playbook?,https://finance.yahoo.com/markets/stocks/articles/constellation-brands-stz-mcdonald-cmo-221243734.html?.tsrc=rss,Yahoo,2026-05-23 22:12:43,False,neutral,,0,0,0.0,lexicon
a31206eddc94,MCD,Will Constellation Brands’ (STZ) New McDonald’s CMO Director Reframe Its Consumer Brand Playbook?,https://finance.yahoo.com/markets/stocks/articles/constellation-brands-stz-mcdonald-cmo-221243734.html?.tsrc=rss,Yahoo,2026-05-23 22:12:43,False,neutral,,0,0,0.0,lexicon
8b5e53a6dd22,MCD,The Best Blue Chip Stock to Buy After This Year's Market Pullback,https://www.fool.com/investing/2026/05/23/the-best-blue-chip-stock-to-buy-after-this-years-m/?.tsrc=rss,Yahoo,2026-05-23 18:20:00,False,neutral,,0,0,0.0,lexicon
9d94e2abc65f,PEP,Is It Time To Reconsider PepsiCo (PEP) After Recent Share Price Swings?,https://finance.yahoo.com/markets/stocks/articles/time-reconsider-pepsico-pep-recent-181255413.html?.tsrc=rss,Yahoo,2026-05-23 18:12:55,False,neutral,,0,0,0.0,lexicon
a99fb457943a,HD,"Down 30%, Is Now the Time to Buy Home Depot Stock? - The Motley Fool",https://news.google.com/rss/articles/CBMilAFBVV95cUxNM2x4SlczcDVJcUMyX2xIRVIyRS02VE1LdUIyWTU0UmIxcDFWSlpYdGdZTmtJWThpbUpRX0lpc3E0QzJqT3I4WFBrM25KMlBmZUF6aXdudHc3ay1HbVlJcjdLOUlPZjBPaGxoVDZBYXo2WFlIYmhaTENVT0pweVloOUdwdUpray16RXByNmxLYnpYZUw0?oc=5,The Motley Fool,2026-05-23 14:45:00,False,neutral,,0,0,0.0,lexicon
f142cf39b134,MCD,$8 for a dozen eggs: Billionaire Ken Griffin warns Americans are still getting hurt by ‘deeply triggering’ inflation,https://finance.yahoo.com/economy/articles/8-dozen-eggs-billionaire-ken-104500269.html?.tsrc=rss,Yahoo,2026-05-23 10:45:00,False,bearish,,0,-1,-1.0,lexicon
87519ffde3d9,CAT,Caterpillar (CAT) Valuation Check As PROPWR Power Deal Expands Data Center And Energy Infrastructure Opportunity,https://finance.yahoo.com/markets/stocks/articles/caterpillar-cat-valuation-check-propwr-081230969.html?.tsrc=rss,Yahoo,2026-05-23 08:12:30,False,bullish,,0,2,2.0,lexicon
e39a55cfda34,GE,GE426 Engine Award Gives General Electric A New Defense Growth Angle,https://finance.yahoo.com/markets/stocks/articles/ge426-engine-award-gives-general-071703411.html?.tsrc=rss,Yahoo,2026-05-23 07:17:03,False,bullish,,0,1,1.0,lexicon
1071b5c92ffa,MRK,"Between Johnson & Johnson and Merck, Which Stock Looks Set to Break Out? - Trefis",https://news.google.com/rss/articles/CBMixwFBVV95cUxNOU9IY1QyRGJXVENLWlE5aFg0VV9QSzl5aW5iUUM3aWZ1SmNEb05kYUZHTHJMbVRWeUNJWEItdGtTcHNvM1g0SkF3YXM2cUgtOURDSndpUl9TWWo1VFNEeVF2bDNqWlZqRnpqbElOTnBLMDBsX1AxVVlPYmV4dU81YmhDRUJWNkFZb1g4SGVCUG1mTWhZdUV4N2xLSnEzcnlvLXMxWGc1ak56MzVnMkd3b3VyYXg4bURZQ1BMUjVzVE40a1ptM1Iw?oc=5,Trefis,2026-05-23 06:10:44,False,neutral,,0,0,0.0,lexicon
313b8d1fa902,V,Should You Buy Visa Stock Instead of Mastercard Stock? - The Motley Fool,https://news.google.com/rss/articles/CBMimAFBVV95cUxOVEhXZklwMDBXWlhyQW1ZbmV3R2NWUkN3NmdKdFhfSzR1SmRhV3BFd0tfUWcwSmJoN3VRX2xxY1QxdUM3dlhIV2RWWmpmdHh6LWhET2JrZlJCXzNvb0x6aldQOWRRbVJZWDNOU0xlaldZUlhsVXg5bmdNdnNUTkE1OEpoOHlxT1RLMDlMeDdMZ3BRMHp3d20tcg?oc=5,The Motley Fool,2026-05-23 01:31:06,False,neutral,,0,0,0.0,lexicon
b3f23347aaab,MCD,Is It Time To Reassess McDonald's (MCD) After Recent Share Price Weakness?,https://finance.yahoo.com/markets/stocks/articles/time-reassess-mcdonalds-mcd-recent-231103847.html?.tsrc=rss,Yahoo,2026-05-22 23:11:03,False,neutral,,0,0,0.0,lexicon
e4efd2543238,PEP,PepsiCo (PEP) Exceeds Market Returns: Some Facts to Consider,https://finance.yahoo.com/markets/stocks/articles/pepsico-pep-exceeds-market-returns-214502281.html?.tsrc=rss,Yahoo,2026-05-22 21:45:02,False,neutral,,0,0,0.0,lexicon
9f51dc3255e2,MRK,Merck Stock Climbs on Cancer Data. Why the Drugmaker Is More Than a One-Trick Pony. - Barron's,https://news.google.com/rss/articles/CBMihwFBVV95cUxOWFRrbExBdDI5YmZwdmdtcDJCLXZoVFVwcmZNVU1fR252N0lDeDM2c1hJVy1lU19fRHRaZWNUNHpmS1dBaGJKR2FnMWlOSWd4TlBuMGt6RXV3WkM3ZFNPbHR6a0JObjJ4LW1oTW5FX1ROVmptcW9NR3ppbXlyZWgyVk1sSll5RW8?oc=5,Barron's,2026-05-22 21:20:00,False,neutral,,0,0,0.0,lexicon
5a997f45326c,IBM,IBM Stock Just Had Its Best Week in 24 Years - Barron's,https://news.google.com/rss/articles/CBMihgFBVV95cUxPVTlfZlJ0WGJTaGsyRGJ5T284djJURV9mZmt6Tng0RXgwYTFFMTNQcXQ5YWxhNUgwZHpnV3dQRzA4ZTh5Mi1Vaml4RXlpLWlQNXFjRU84bC1Zcm84OF8tTWxMNlRQSWhIdjkzS2JfQktzcTBlazRnckpOcnJDVGlsb1JBaDFndw?oc=5,Barron's,2026-05-22 20:56:00,False,neutral,,0,0,0.0,lexicon
22c3e511a335,MS,Morgan Stanley And Two Insurance Stocks Hit New Highs - Investor's Business Daily,https://news.google.com/rss/articles/CBMirAFBVV95cUxPNm1DaUQxV2Rra0ZKVnVwU2tkck9MMUJnMkw1SGxXSGxSR2dFalN2QlRTVVJQNjZoVTFaZlgtN1UyVmRhRm9BdFhSSEJXclFpdTd0bFBOS0sxdFZCcVE1UXh1MS1HbFpPOF9yR2c0YzRvUEtHUkJERnoxLWVGSmlLMVVNQng4UTNEREZheWZYdTNjRE5OQUI0Tk9RQzVnVTZ0MjRvOWlaYy1UUXpU?oc=5,Investor's Business Daily,2026-05-22 20:21:00,False,neutral,,0,0,0.0,lexicon
f7d502ace677,BLK,2nd Princeton CorpGov Forum Video Recap,https://finance.yahoo.com/markets/stocks/articles/2nd-princeton-corpgov-forum-video-173644703.html?.tsrc=rss,Yahoo,2026-05-22 17:36:44,False,neutral,,0,0,0.0,lexicon
994693b227f8,SBUX,"Arm shares extend weekly rally to almost 50%, and Starbucks pulls the plug on an AI project - CNBC",https://news.google.com/rss/articles/CBMizgFBVV95cUxPZlRJSmhpV3dINXBSblBFWS1kMjRHa1UtVG0zUzlXZ3NXOEM0ejRwZ1hxa1gzNWZmVHdmNk1yQkNEU2VrYnBwbVU3MGVpUWRuWlF6alFIdFVBVmdqZVZkOFlsMC0zSWc4aTNiSTRhSGlMNDhscmgtbEFPdWM1M3h0MGxQZTZGRFdObFRFZ091bXF2TG1JQ29NbmV2Q1FXaVNPN2dVLW1pNS15LWlkai05OW91WEpiMTAzeklUdEJ5NEFWMXVpSFdjZEN5dm4yUQ?oc=5,CNBC,2026-05-22 17:32:16,False,bullish,,0,1,1.0,lexicon
050bb4735d82,CAT,Is Caterpillar's Power & Energy Segment Its Next Big Growth Engine?,https://finance.yahoo.com/sectors/energy/articles/caterpillars-power-energy-segment-next-172100479.html?.tsrc=rss,Yahoo,2026-05-22 17:21:00,False,bullish,,0,1,1.0,lexicon
eb7ec8aaf30c,BLK,It’s Now a Supply-Shock World. A BlackRock Leader Explains How to Invest for It.,https://finance.yahoo.com/m/fafb9698-05fa-31db-8b7c-ea7fadd8e20a/it%E2%80%99s-now-a-supply-shock.html?.tsrc=rss,Yahoo,2026-05-22 17:14:00,False,neutral,,0,0,0.0,lexicon
727f2fc3bc3b,UBER,Uber shares fall on report it is exploring full Delivery Hero takeover - CNBC,https://news.google.com/rss/articles/CBMiswFBVV95cUxNQ3FFZ3hqLWhLdnUzV082SzRLdTRUN1lnMi1MeWN0UnFfSk1UWEx6X1I4UmV5REMtS2xqbGJvemZxYXpWcWo0emNxbWN1YjNIRFhSdXhxeDRvb0xXRU9wQWRYRUtoM21SRmMxX2dGeWJ5SExVNzFSQWF0QVhHMkdXZFJmNmotSUlNNGhiX0V6OV9yaUtSSmxWd000aE9OTTFDT2pfM1I4OU8xeXhwNERRdExQWQ?oc=5,CNBC,2026-05-22 17:02:00,False,bearish,,0,-1,-1.0,lexicon
10d8b138e515,BLK,"Bitcoin's Recent Rebound Was Driven By Futures Trading, Not New Coin Appreciation, Experts Say",https://finance.yahoo.com/markets/crypto/articles/bitcoins-recent-rebound-driven-futures-160106630.html?.tsrc=rss,Yahoo,2026-05-22 16:01:06,False,neutral,,0,0,0.0,lexicon
f67a350a229b,MCD,"SpaceX, OpenAI, Anthropic: Investors are 'better off' waiting for IPOs",https://finance.yahoo.com/video/spacex-openai-anthropic-investors-better-154306223.html?.tsrc=rss,Yahoo,2026-05-22 15:43:06,False,neutral,,0,0,0.0,lexicon
16e469cab5f7,NKE,"SpaceX, OpenAI, Anthropic: Investors are 'better off' waiting for IPOs",https://finance.yahoo.com/video/spacex-openai-anthropic-investors-better-154306223.html?.tsrc=rss,Yahoo,2026-05-22 15:43:06,False,neutral,,0,0,0.0,lexicon
11bdb19b58fc,NKE,Nike vs. Deckers Outdoor: Which Consumer Stock Is a Better Buy in 2026?,https://www.fool.com/coverage/better-buy/2026/05/22/nike-vs-deckers-outdoor-which-consumer-stock-is-a-better-buy-in-2026/?.tsrc=rss,Yahoo,2026-05-22 14:36:07,False,neutral,,0,0,0.0,lexicon
12449a8ccc49,NKE,How to Invest Now If You Want to Profit from the 2026 World Cup,https://www.barchart.com/story/news/2086163/how-to-invest-now-if-you-want-to-profit-from-the-2026-world-cup?.tsrc=rss,Yahoo,2026-05-22 14:10:02,False,bullish,,0,1,1.0,lexicon
8ac4e4f7c9f9,NKE,Can Nike’s AI Push and 2026 World Cup Presence Reframe Its Brand Power Story for NKE?,https://finance.yahoo.com/markets/stocks/articles/nike-ai-push-2026-world-132510821.html?.tsrc=rss,Yahoo,2026-05-22 13:25:10,False,neutral,,0,0,0.0,lexicon
17585faeaf85,PEP,5 Soft Drinks Stocks to Track Amid Margin & Tariff Pressures,https://finance.yahoo.com/markets/stocks/articles/5-soft-drinks-stocks-track-131700562.html?.tsrc=rss,Yahoo,2026-05-22 13:17:00,False,neutral,,0,0,0.0,lexicon
ba57944e1b69,PEP,ChillerOne Installs Water-Cooled Screw Chiller in Pepsi Cola in the Philippines,https://finance.yahoo.com/sectors/technology/articles/chillerone-installs-water-cooled-screw-123800821.html?.tsrc=rss,Yahoo,2026-05-22 12:38:00,False,neutral,,0,0,0.0,lexicon
672c6d2d4375,NKE,"Nike (NKE) Stock Is Up, What You Need To Know",https://finance.yahoo.com/markets/stocks/articles/nike-nke-stock-know-122055764.html?.tsrc=rss,Yahoo,2026-05-22 12:20:55,False,neutral,,0,0,0.0,lexicon
e053f45acf19,MRK,"Stocks making the biggest moves premarket: IMAX, Merck, Estee Lauder & more - CNBC",https://news.google.com/rss/articles/CBMioAFBVV95cUxQWG56VGJXWnZST18zMVlLVGNHV3V5UXVJR0lJaDNfUDNPMlVUbWZNdGVLNFZnVXhrcElYcVU5VkdoQzBBeUYybXY4NFF0amJYb3dOM1hkUl8xbHVFQzB6eVpQSTlTT1VkWFAzdTl3T3U0TmZtamtKekQ5aGNfN1IzbWo0cVlWV1Z4MTAwSGd4Rnp3MEkzbU1mV2pDT2M2SDhO?oc=5,CNBC,2026-05-22 11:27:49,False,neutral,,0,0,0.0,lexicon
eb0c95db09ab,MCD,"Six Boring Blue Chips Generate $54,000 a Year on $920,000 Without a Single 7 Percent Yield Trap",https://247wallst.com/personal-finance/2026/05/22/six-boring-blue-chips-generate-54000-a-year-on-920000-without-a-single-7-percent-yield-trap/?.tsrc=rss,Yahoo,2026-05-22 11:15:27,False,neutral,,0,0,0.0,lexicon
843f0728886a,MCD,"Why McDonald’s (MCD) Is Leaning on Scale, Loyalty, and Value",https://finance.yahoo.com/markets/stocks/articles/why-mcdonald-mcd-leaning-scale-103450638.html?.tsrc=rss,Yahoo,2026-05-22 10:34:50,False,neutral,,0,0,0.0,lexicon
aec1d64cd326,MCD,"Dutch Bros (BROS) Stock Trades Up, Here Is Why",https://finance.yahoo.com/markets/stocks/articles/dutch-bros-bros-stock-trades-074055430.html?.tsrc=rss,Yahoo,2026-05-22 07:40:55,False,neutral,,0,0,0.0,lexicon
4d99a2a0a72b,COST,"Costco Stock Split Rumors Explode as COST Smashes $1,000 Milestone Again - Barchart.com",https://news.google.com/rss/articles/CBMitgFBVV95cUxQVEhsTnhRMWRfSEhldkJuRDQ3aUV5eHJfdUFHWEkwUVlkZDdTZGVNV1dpdlE5R3E0YXlYWFpDRnQteHUyY3ZYUkRHQzZTSXpMNnM3NlM4ZFZYVEU0bWN4NFhsSUJxcVppQkVsZ2FjSTVVTnc0dVl2RnlUZzRLeFVGTXRyNndSTXN1SVZyUlMzaWRRRk9FNWhWYlVQRVRjLWNROXdfZFdRZ24xeUhYZVJuckVVcFROUQ?oc=5,Barchart.com,2026-05-22 07:00:00,False,neutral,,0,0,0.0,lexicon
a0dba23461d0,PG,Procter & Gamble Company (The) (PG) Is a Trending Stock: Facts to Know Before Betting on It - Yahoo Finance,https://news.google.com/rss/articles/CBMioAFBVV95cUxQNWRPM1BDUzF2bEV3WThqOXJzTHRQVWRFQU1YbTYzaUdob2ZyMTA1LWdiVDYtUEJjOTI0TnZybmFjSkxyUWN0N1pSV3ZPR3hZMjlpTlNScThUOHFBODkxQzRLQTQxbGxWSlJwQk56eVpZSnFmM3ZTVGJteVFFOHJtbzBJdmtHOXkyWjF2SEJQMERZSlc4UGo5MkZBS3NhakJB?oc=5,Yahoo Finance,2026-05-22 07:00:00,False,neutral,,0,0,0.0,lexicon
1299d7e3babc,GS,How Hedge Funds Are Trading Semiconductor Stocks - Goldman Sachs,https://news.google.com/rss/articles/CBMimwFBVV95cUxNX1ZVMWdIVnpxZ3Y5UGpXRldRV3RRMEpKTnVqSnNuWmJHcENVOGJjXzJQcUtQTnFzQUNtRDkxb1VFbHhwdGdlRTg2Z05aM1VvSTNHeDdUNTN0N1RQWlYxYVhoMnFMSGs0YlUzcTJnVHpMRm1KTUk4cHp0czNJekxqeS1SSFptUGVDV2lFRk5iUVVhT3IweE40Y2djZw?oc=5,Goldman Sachs,2026-05-22 07:00:00,False,neutral,,0,0,0.0,lexicon
45fdc7807818,GS,Stock Markets Are Increasingly Vulnerable to Rising Bond Yields - Goldman Sachs,https://news.google.com/rss/articles/CBMirwFBVV95cUxQZ3c5Y2JnSFVZTTQ5SVg5MUdLZGZIS0dqdmxtRER4bkRBcEZfMW1tNHZCODFwZjU4S1k5ZmRVOHNOemlmUHV4UnE3bzBhd2tISEpoSUlRNENmTUh4dkdtVlJvZWt3VXAyZm1nbWZhVDEwdlowY0lFaFVzZGY2X093N01FUFNZZERrNWdFQWN1cU1GVTloZVA5b0dvSUhHTWVjMUpTMERxckcwTzlFbjhn?oc=5,Goldman Sachs,2026-05-22 07:00:00,False,neutral,,0,0,0.0,lexicon
dbbeab463807,HD,"Home Depot comps finally catch Lowe's, opening the door for the stock to do the same - CNBC",https://news.google.com/rss/articles/CBMiuwFBVV95cUxOY1dJeEFEcUdSYlV5M0xlNzVySXFBdlgzeGczNEp2RFdocWlSUWxiOHBaZjRaUEJaUE1ta1FzY0lDSWdFSGljRWVEVVpTNW1GYnE1VGNjbjFaX29zd01nZTIwMk1DcHJJeEJGN0tlMFBXTW1TSDVZUUFuWkQ0OHh5TzhZQS1Ud2ZGMmNCQ2U2SXNqMlVtaXlfbTJSYjlCamh0YTMzVzhlTmNRTXRJWDdobS1oM3BRa2FFTG5J?oc=5,CNBC,2026-05-22 07:00:00,False,neutral,,0,0,0.0,lexicon
d019f77e3bf0,UBER,Why Is UBER Stock Falling Today? - Yahoo Finance,https://news.google.com/rss/articles/CBMimAFBVV95cUxNcnlBeWtraEpZT3ZTdXlManFZaS1Ic3l2UUFaVXFYcVR2YTJOUjVBVjE1ZDdsT3VaVVVLem5WZWZ3dUVtb0pLaE1Ra1RhMXFpMHItYmVsMW5HNVZfQVRNNVoyTFpxQkNSRHVJZE9NMEdnckRKSHR2b2pQb3ZuQmN3N3d0bktvYlFNTUFZT0pJcGpzWG14WFY4MA?oc=5,Yahoo Finance,2026-05-22 07:00:00,False,neutral,,0,0,0.0,lexicon
3ec541f3f289,F,Ford Stock Soars as Wall Street Wakes Up to Its AI Play - Barron's,https://news.google.com/rss/articles/CBMid0FVX3lxTE1uNWtHRjFydldhT3gtUExrbXRwaDNGNlRZZkhPUEFuWHdlS3ZRcU5JSFFUQ0VaU1JfbjNKUzFabmszS1RoY3o1aHpOQ2trbHQxZV9mcnJJd05PUGdFNjVXNkNoTGpGMjR2dEV6TFp4dHRLbmdLdTJ3?oc=5,Barron's,2026-05-22 07:00:00,False,bullish,,0,1,1.0,lexicon
65e81209b605,AMZN,Amazon.com Stock On A Winning Streak: Time To Get In Or Book Profits? - Trefis,https://news.google.com/rss/articles/CBMixwFBVV95cUxQYTljQ1NhTFlCWVd1RmJGQXc5c0VNY3E4Vm50TC1zQ1lMWS1oak0zbjZfY3MwYS1lTEdhV1N1NXFKcUJYMm1ZZGtibzhOczVDZW1XbThweWtPR3MwXzFHZjdqYUhQSEdjM25LY2xEWWh1ZWEtMzdpeWxid2hJUE1MMDRRdEZEWURxeWUtV3F1V1ppSTBFN1FhNzlNX3ppdGtCb3MteHowX3QySDNCaFRfUjBYWVRUQ3RQaG54ckNqLWw1WHlVVFVN?oc=5,Trefis,2026-05-22 07:00:00,False,neutral,,0,0,0.0,lexicon
b037f0358efd,BAC,BAC Slips 6.5% So Far This Year: Should You Still Buy the Stock? - Yahoo Finance,https://news.google.com/rss/articles/CBMiigFBVV95cUxOWm5TNGVlam8tVnlaV090ZzlySGxPRklubnQwSnBvNTZoLVdkVVZ5b3piT082YTEzbmZ5VTdydmxRcktBcE5uSnctUWlXQzRmb0FIQXhGaFZOU3prSEJYNFZTb0JvcW1TWm5yYVIwRHJNbGpqNVlELTdwQ1h0YUt0bnEyd3N4ZGZGcFE?oc=5,Yahoo Finance,2026-05-22 07:00:00,False,neutral,,0,0,0.0,lexicon
a3e165fc48e1,TMO,What Thermo Fisher Scientific (TMO)'s New Gothenburg Lab Expansion Means For Shareholders,https://finance.yahoo.com/markets/stocks/articles/thermo-fisher-scientific-tmo-gothenburg-221532771.html?.tsrc=rss,Yahoo,2026-05-21 22:15:32,False,bullish,,0,1,1.0,lexicon
713c58fb13f9,TMO,Shapiro Administration Highlights the Need for Funding to Grow Pennsylvania’s Innovation Economy During Visit to Thermo Fisher Scientific in Dauphin County - PA Department of Community & Economic Development (.gov),https://news.google.com/rss/articles/CBMikgJBVV95cUxNczJFZXdhcHB6LUJWSFRhNTAxaDRHaml4N1F0RmlXU2tqRG1rWW44dmJXR2tfaEMtY082YnFkM2JET3I2WHYweXpBZTlpaG9LZ1BCb0ktTlQ1di01U2F0RDNOc3VkRzMzeUR1TVZ3b0p0OEpfbTZJel9DeWpHazhiT1l1ZzBvTXMyX2lpVTFybGVpRmZkeVZ3NlVqeDU1SEpFMUwwdGotWDRwazFnTXVFMzNiRDdOclpMV0UyZ01EZHIzLWZsWlh0eDdvVjRtd1BYUmpGTTJqRVFTTWxiaXc2c2JqU09mOEQ2dktyMUpmRlpseE9SWFU0dXZHN09JWER2YnB0SXZyYlpYbGlHTUlXaHd3?oc=5,PA Department of Community & Economic Development (.gov),2026-05-21 18:08:38,False,neutral,,0,0,0.0,lexicon
19e9f2e085f9,BLK,"Tokenization Will Reach $4T By 2028 And Ethereum And Solana Will Not Be The Primary Beneficiaries, Standard Chartered Says",https://finance.yahoo.com/markets/crypto/articles/tokenization-reach-4t-2028-ethereum-174607744.html?.tsrc=rss,Yahoo,2026-05-21 17:46:07,False,neutral,,0,0,0.0,lexicon
6c207cc41926,TMO,"[Latest] Global Genome Editing Market Size/Share Worth USD 55.7 Billion by 2035 at a 17.4% CAGR: Healthcare Foresights (Analysis, Outlook, Leaders, Report, Trends, Forecast, Segmentation, Growth Rate, Value, SWOT Analysis)",https://finance.yahoo.com/sectors/healthcare/articles/latest-global-genome-editing-market-173000513.html?.tsrc=rss,Yahoo,2026-05-21 17:30:00,False,bullish,,0,1,1.0,lexicon
6aa57ba28a4d,WMT,Walmart Stock Falls on Earnings. Soft Guidance Overshadows a Revenue Beat. - Barron's,https://news.google.com/rss/articles/CBMiekFVX3lxTE5ieE4wRk12Zkc3YUsyeHBjM3JwdW9aa2NHeDhhQ0hYZ1JzeUZJbWJvVEVtdVhKV2FSUlpPLXdrMWRSUHBCekxyU0tGQXFGR3Z4Y3hTcjNxS1l6TWlpbGhOdW5wWkNzbDkzc2RRUHVVakM2OFhPM0VEYzRR?oc=5,Barron's,2026-05-21 15:32:00,False,neutral,,0,0,0.0,lexicon
6162521e118a,GE,"GE Aerospace Stock Soars 5.2% In A Single Day, Wait For A Dip To Buy The Stock - Trefis",https://news.google.com/rss/articles/CBMi3AFBVV95cUxORmM0WktjSkFYV2ZJa3lCNzZsV0EtNjZzZU1lQ1VsTTVDZTNBQkJ1UFJPdFBkaFZkOHJHeENwMm9QcUpybGV6UFlVYlA3R1ZER0hBU3dnbzRJQU15eGExVEN2ZXVQYVBsaXEwbXZlYVlhYXl4a1NpRkRUejdZN0Y4ODBIbFMyQVJVZ0R2MVhuUFlBNE1iZG1vQ2ZiVmYzNVpWemxkeERzOFVJazV5Y2ZtVUZneExkelh2Q3hxMy1XOGVWQU5VTFVFNVlrS29GZHRkaFE4LWJ5SV83TkZK?oc=5,Trefis,2026-05-21 10:24:29,False,bullish,,0,1,1.0,lexicon
e98e871a84c9,TSLA,"'SpaceX is his new baby at the expense of Tesla': Elon Musk’s IPO could be bad news for his EV maker, investors warns - Fortune",https://news.google.com/rss/articles/CBMiekFVX3lxTE94RG5JUEhfSnNVdjFfSGdLcGlHMVhuemRYRFpzLWhGQnhUazQyaFI1STNKUTlEdVVmdWdqbWZjaXpuSEkyek1EcnplVzJmTzMzSlZxTWxFVVJCSHJ6a3lIalR0aFZGbDdmMjNKdm5nRnpmdnEyWlNJeTdB?oc=5,Fortune,2026-05-21 07:00:00,False,bearish,,0,-1,-1.0,lexicon
f018f485cb9d,TSLA,Why Tesla Stock Is Up After the SpaceX IPO Filing - Barron's,https://news.google.com/rss/articles/CBMiekFVX3lxTE82MHFrUFhVaElRUnRpd0p6azNlWVZwdHJVTUZhbC1uNThxQm5EZTNoejN1VGpVdzhYN3FIYXlxVS1PVGFhdWRPb3FGR1VCUTA0R1hMUHVWeEpHZWVfa2hxWWd0azVqRWtBcDZqMjZla3RSU3V2WTZkc21B?oc=5,Barron's,2026-05-21 07:00:00,False,neutral,,0,0,0.0,lexicon
7236a26dbf24,IBM,"IBM, Quantum Stocks Jump After Trump Administration Awards $2 Billion In 'Powerful Endorsement' - Investor's Business Daily",https://news.google.com/rss/articles/CBMijAFBVV95cUxOTU9FZllrU2w0bXhQMVdSMXB1V3NfRDVTQ1ZNYTFsMjBDbXoyYTc2bzZHcXhhX0dYRmFFYkZlWkNseGtXd2M2M1lZTUhjRk1Oc0NUMDgyMTZDRmljYmNiQUxJTHNXOHczT2hMc0dsUDY4aHZEbEg2a3JVdUFyczZZNWhuQ2k2X21FUlpfRQ?oc=5,Investor's Business Daily,2026-05-21 07:00:00,False,bullish,,0,1,1.0,lexicon
176ca097cb9d,GS,Korea’s Stock Market Is Forecast to Set Fresh Highs - Goldman Sachs,https://news.google.com/rss/articles/CBMingFBVV95cUxQZGpwVDhtbHV0a2RaNDZkSURFWlhXdHhuQWJPOHRjaXRMbW1wWTQ3WnlsU1ZoNzZlOVlIVl8yX1ZPMm5UdDh2VWpWdlFIVERFd1d1akdzRFhDc3RYN0Q2V3EtWVFyN0dldmpDUUlZSHhENjJrYzlXUWNRZGNNLTl5UVI3QVY4UUxLWVMyd2FUek1vbXI2cktHS0oyckN3QQ?oc=5,Goldman Sachs,2026-05-21 07:00:00,False,neutral,,0,0,0.0,lexicon
40a604c4eeca,COST,Why Costco Stock Dropped Today - The Motley Fool,https://news.google.com/rss/articles/CBMifkFVX3lxTE1tYWJjM1VTZml6SW5kcTNNcXlXSldkaTItTFp4T29SbHg3SmlFVjE3SDJVUDNHSFR0ME9WOEN1eGMydUhkUGV0Wk1yNzE2TGlZWDVWbmI4R0xBemxYWk5pbC1WMUFsU3NDVnNmRWZ3THhnamdiQkluN3FmbENkdw?oc=5,The Motley Fool,2026-05-21 07:00:00,False,neutral,,0,0,0.0,lexicon
4dbc857aaf78,WMT,"Walmart issues worse-than-expected outlook as high gas prices hit shoppers, shares drop 7% - CNBC",https://news.google.com/rss/articles/CBMic0FVX3lxTFBtOS15eV9xWHNjUmx0blE3c2docUEtU2E5WUIxQl94VWdPQTFUZ1hnQzFudXBOazVkSHNSRlFhaG43YnNFV1diQWJvZkpKRmMybjkyOUUtQndtcjUzTFdYUzhBX1Z6UlVIS2FyYlVuSVlGQ1XSAXhBVV95cUxNUG95TGo5R3VBZnJaTkN4Zm1mbTdVdXByTy1iQ3paZnllRHR1ZmhibzZjUXRWbkZBbzl5LVl2OWxyOEZ2cVhEUnNObk9YWE91bjFNUE9WNGpqelhTdUZWUU5rOWZlUXBDSGxjeXhZS3ROaFdoSVFWajE?oc=5,CNBC,2026-05-21 07:00:00,False,bearish,,0,-1,-1.0,lexicon
87ac74a82b42,WMT,Walmart Shares Sink as Investors Fret About Price-Conscious Shoppers - The New York Times,https://news.google.com/rss/articles/CBMigwFBVV95cUxPckVWXzNPT3ZHNUM3Y2lFM0M2YmpsRVNiMWlSNTJpQy1KWTV3OTVYdGlrRl8xR3F4ZUlaUmFxMk9wRkRSTW5hc0JWOGlPVTZBa3hBYkYtSFZ3cm1aMFZHUzB1RXNiZm9yaG9SMVRLTDJMVVBfTEoweERiR1NNVm9PaGVfcw?oc=5,The New York Times,2026-05-21 07:00:00,False,neutral,,0,0,0.0,lexicon
8331231335b6,COP,Is ConocoPhillips (COP) Stock Undervalued Right Now? - Yahoo Finance,https://news.google.com/rss/articles/CBMiqAFBVV95cUxNOEQ5NVpJZFp1MU0zeDNiQjNiOHFBc0VIWDJsWV9rVUxDSS0tYVpkaHhDc1dFZDQ0b1NtMG5HNXpabVkwQkh2d3pFY2h6UkRzQU1wNlQ4d3BCZkxuQUhZTy1VcWh2X0VQMTBOLThoSXVqLUNmendRRmFwVnNnQ3RKSE1ld0JLTHY3b3NHUGphOV9seTJkT0ZzaFhwZzcwcy1VYUxkRU54NTQ?oc=5,Yahoo Finance,2026-05-21 07:00:00,False,neutral,,0,0,0.0,lexicon
2fb5b8a44f4e,TMO,Thermo Fisher Scientific Announces Quarterly Dividend,https://finance.yahoo.com/markets/stocks/articles/thermo-fisher-scientific-announces-quarterly-210000905.html?.tsrc=rss,Yahoo,2026-05-20 21:00:00,False,bullish,,0,1,1.0,lexicon
6419bf03081d,TMO,"Thermo Fisher Scientific Highlights Industry Leadership, Growth Outlook and Long-Term Value Creation at 2026 Investor Day",https://finance.yahoo.com/sectors/healthcare/articles/thermo-fisher-scientific-highlights-industry-123000347.html?.tsrc=rss,Yahoo,2026-05-20 12:30:00,False,bullish,,0,1,1.0,lexicon
85babb1fce30,TMO,1 S&P 500 Stock with Promising Prospects and 2 We Ignore,https://finance.yahoo.com/markets/stocks/articles/1-p-500-stock-promising-092455145.html?.tsrc=rss,Yahoo,2026-05-20 09:24:55,False,neutral,,0,0,0.0,lexicon
785fbe475a03,CSCO,Cisco stock flashes rare technical signal - thestreet.com,https://news.google.com/rss/articles/CBMiogFBVV95cUxQb2Y1UnJwcmpRNzB3ZGl5eTFIUGt2Wk9FRlk2Z3VTVndiNU1rTmJpUHF0ekN1cjlIVEx6cHNMWnpwZXFZeTdjRlhRQUZ6WkQ5OTRCdkhjSkkyZDNDcTZaOXQ2S3dGNkpGZGtBTkNaTEd0MnRJa2JGVlpQNGNIT2RLMW0xdFdYUHQyZS1SaWg1b2Rlc2hLOFRZRU9UWkJPUzR0aWc?oc=5,thestreet.com,2026-05-20 07:00:00,False,neutral,,0,0,0.0,lexicon
3c44a9e10fa1,TMO,Thermo Fisher to pay $0.47 per share dividend on July 15 - Stock Titan,https://news.google.com/rss/articles/CBMinwFBVV95cUxPSHZSeElUYmg4TDMyeFgyWTctUGdsQzE5ME9vNUl2R3V3M0dWVzF3cHpQa0pmbGVYd2N2UlBxRDNubUk3d05nak1TVHMxbHNsQjdsVzF4TzZZbTdxeDhWYlhvRndOM2Ffd3lQVFZ2WmJtN1NpcFZXOGlNZ0pmZGZ0cC1iVTh3RGU5aUhaQURwZTdKd3IwS05scTAxMmFmUUE?oc=5,Stock Titan,2026-05-20 07:00:00,False,bullish,,0,1,1.0,lexicon
9e2dbd83b811,UNH,UnitedHealth Stock Hands $67 Bil Back – Worth a Look? - Trefis,https://news.google.com/rss/articles/CBMirgFBVV95cUxQbGt5VWIyTUtHTmxGakxqU3dSbGJhM2lnaWJhdFZESGhkLUhPSmlETWpFR1FaUHc2YWtiYnl6M0pQMjUwWlJ4cldORE1tOEw5a0JSZDNUaS0zdlYwR1NSeXpYc21CQ0lBUkl6U1FoZ0JQdUY0RS1XdTI2cFBFOTJxRzFOOG0tNW5MX2tkZVZ5QnNLVmdNeTgxUnprVWhJaUl0b1lSaGx4WlpwOFlCQ3c?oc=5,Trefis,2026-05-20 07:00:00,False,neutral,,0,0,0.0,lexicon
c3196443384b,TMO,Thermo Fisher targets a $255B science market as AI reshapes drug discovery - Stock Titan,https://news.google.com/rss/articles/CBMitwFBVV95cUxQS29kSk1jT05JVHVGSlVPSEVEVTVZeFVRSnBuS3RmUV9oRG0tSGZfanl4VWV5T3dDVlZ4VVFyVmJWeXU4aF9jMFlwMWpvYUJlbHFaNjhLeUtEOExpaW1uTUJ3djVaQjZMYW1TQ2pfV3NqVVFkR3NuU3VLcmF6SENoUzg1Tk9TeUhYQzdqak1aS2tCQUhfNlhrM0V4NUtxSnJtck5BekY5NlRfb25RLUZoZ0FXcVhyYlE?oc=5,Stock Titan,2026-05-20 07:00:00,False,neutral,,0,0,0.0,lexicon
f432d197f84a,GS,Why Goldman Sachs Stock Popped on Wednesday - The Motley Fool,https://news.google.com/rss/articles/CBMijwFBVV95cUxNakdQenY5b0xnU0RURlZBTWlSVlFnc2JjVEh2RTQ5Y3prMllWblZibEE1WFlZaVNWTElVZ0RWczBwa1VCZ2dRQmNYZU5EdnJwZVdYa3k3LXhQMkZ3N3dWaWVMWjZHYWdpcV9WcEo5YjJQZmFhajltc25QSW9DTnFmbjNJWHZ2eXZfS28zOVpuOA?oc=5,The Motley Fool,2026-05-20 07:00:00,False,neutral,,0,0,0.0,lexicon
24685c7ac576,TMO,"Amazon, McDonald Surge Into Jefferies Top Picks Broadcom as Gets Cut",https://finance.yahoo.com/markets/stocks/articles/amazon-mcdonald-surge-jefferies-top-144719545.html?.tsrc=rss,Yahoo,2026-05-19 14:47:19,False,neutral,,0,0,0.0,lexicon
8cdfc379e595,TMO,Thermo Fisher Stock Down 31% From Its 52-Week High Despite Raising Full-Year EPS Guidance. Here’s What Happened - TIKR.com,https://news.google.com/rss/articles/CBMizwFBVV95cUxPQkNUTFUzNnhqcEtxNk1KWlpUM296OTl4cmxKbm4zOU5BX2xKbWZrMXh1cmxFcE95eTJqbFhhNWwxX3FWWDhseDE4cU5sdDgwZXR3VjUzb1IteHFienk3QVd5SUwyTDZaWnQ5TC1neUFuRVJfOGQ1TnByaENzd0FCODRVOE9yMW1fNUZzeHNEc1g5ZGo3OHdxcjQtellyTm1QSy0zZnJ6MWRJY2hCTHlDSHd0WFpfeFpNXzFNYzJrdllyZWdoZGJGZlFGQTZqdzQ?oc=5,TIKR.com,2026-05-19 14:04:11,False,neutral,,0,0,0.0,lexicon
ac4fa27b12cc,TMO,"Global Cell Culture Media Market Outlook 2026-2036: Biologics Manufacturing and Cell Therapy Expansion Accelerate Growth for Avantor, Thermo Fisher Scientific, and Lonza Group AG",https://finance.yahoo.com/sectors/healthcare/articles/global-cell-culture-media-market-103900997.html?.tsrc=rss,Yahoo,2026-05-19 10:39:00,False,bullish,,0,2,2.0,lexicon
eb23abff0e10,INTC,Intel Snaps Its 5-Day Losing Streak - Barron's,https://news.google.com/rss/articles/CBMifEFVX3lxTFBvcUE1VUNuMlRaUkY0QVdwZTZvejdXZkg4TDd0cEFMQVo2b0FZZzRGWnozZnFjemdZZm1UREQ5MVEwZXV6SVdxM1drS2puLWxPVkpXUzBrUkRQS1ZNSzBSWXZidVRnNWJLc3ZneDNmZ0lPX0MzR3pvRUhNVDc?oc=5,Barron's,2026-05-19 07:00:00,False,neutral,,0,0,0.0,lexicon
7529901d9a82,WMT,"Up 19% in 2026, Is Walmart Stock a Buy Before Thursday's Earnings? - The Motley Fool",https://news.google.com/rss/articles/CBMimAFBVV95cUxPcmUzS2I4N3pNbGVxWTB6V3hySkktclhvWFBFOEIzaWZhYzhoa3hVMGp1WGdvalBfSDFKR2JRVWV3OFNBdVZ2dFFXY1RSaVpvYlBQemhBWU1YamVmVmtHQnpTTkZVN1c4YVA0cWN0b2w4YXFyZE02WmU1ZVRzU2N3VWRfQTNUU3J2WEpyeExSVEdZYUFDR2gyLQ?oc=5,The Motley Fool,2026-05-19 07:00:00,False,neutral,,0,0,0.0,lexicon
e714c6b6207f,WMT,Here's How Much Walmart Stock Is Expected to Move After Earnings - Investopedia,https://news.google.com/rss/articles/CBMiuAFBVV95cUxOSURpTzNBcmJ5Q3doSEJpb3NpN2NxZjQ2ZVB6emx1NzhVWG1jV1lQMmZCa201UmdxSWpvRDdScmktdDFuZEpoTThjcnVrZmhXUW9FRnRLWVJ0SUlPM1VlUmZIWTVScE91ckZJRWlGX2FLYkhvNEwteGxYWEhMaUR0NnpPX1E0WGZZNkhTNkwzNDFPVFZkdHJnQTNPNUZyMkdvbzRCM1NHZEJFNlI0MzNYTVlLQmFFbTk3?oc=5,Investopedia,2026-05-19 07:00:00,False,neutral,,0,0,0.0,lexicon
5fe8cedbe02e,TMO,"Thermo Fisher Scientific’s PPD Clinical Research Business Expands Bioanalytical Capabilities with New Laboratory in Gothenburg, Sweden",https://finance.yahoo.com/sectors/healthcare/articles/thermo-fisher-scientific-ppd-clinical-123000442.html?.tsrc=rss,Yahoo,2026-05-18 12:30:00,False,bullish,,0,1,1.0,lexicon
270cbd1cf513,TMO,"Life Science Instrumentation Market Forecast Report 2025-2031: Expanding Activities in Genomics, Proteomics, and Drug Discovery with Thermo Fisher Scientific, Danaher, Agilent, and Shimadzu Leading",https://finance.yahoo.com/sectors/healthcare/articles/life-science-instrumentation-market-forecast-111800206.html?.tsrc=rss,Yahoo,2026-05-18 11:18:00,False,neutral,,0,0,0.0,lexicon
82d316eda43b,TMO,Nuvation Bio Sharpens IBTROZI Focus With Thermo Fisher And FDA Steps,https://finance.yahoo.com/markets/stocks/articles/nuvation-bio-sharpens-ibtrozi-focus-110720867.html?.tsrc=rss,Yahoo,2026-05-18 11:07:20,False,neutral,,0,0,0.0,lexicon
8cf840341c41,UNH,UnitedHealth stock slips as Berkshire Hathaway exits stake (UNH:NYSE) - Seeking Alpha,https://news.google.com/rss/articles/CBMinAFBVV95cUxQOXhtWmdHUVdIalFVeVkwRVFVMERaU0xXLVZQTUhIZTZBOUZmLTN0N3pSR1gybWd0NEt0Y1RaeFR1bmNRUWdqa3hZTmp6a09QVjhNUlF1aE80bGR5YVU3MVFMZ1ZVcnVoS2NNODF4d3IxRW9zOFJwcnFWRjdKMUpaMkhJblktVm1yb3ZfdEFoRzJjbGxleFp1TVZudTY?oc=5,Seeking Alpha,2026-05-18 07:00:00,False,neutral,,0,0,0.0,lexicon
c174a78f4676,INTC,President Trump’s Intel Deal and Soaring Markets Prove America First Works - The White House (.gov),https://news.google.com/rss/articles/CBMiugFBVV95cUxPR0lCcWJWZzdEQ1c0QUhVOEdpenM4SEtFeHlKQmlIYmZLdWRqUFRuM1cxTVRUU28ydkluVWo4RUxHX3FqS25WWWhBd2lUcHhIZWp1UkxtcXI0cjNVRW95UFBlOWQ3RjRJMGlTcGF2UFVnOXhZbnoxT1JkSWJJY2F2ckZtZ0xlblNDSTJESVFaYTNpaGs5YUFWOUVXZEpCeVp4TEVzZ0dUOGhNb0NCUkctcFU1THZXVnJQLXc?oc=5,The White House (.gov),2026-05-18 07:00:00,False,bullish,,0,1,1.0,lexicon
6932738b9dea,BRK-B,Here Are the Current Berkshire Hathaway Stock Holdings - Kiplinger,https://news.google.com/rss/articles/CBMimAFBVV95cUxONlBuU3VzSkpYc2ZwNm1FaHpGMW50blQxaDJoenVIbDI2OXgtNThBWHdPZmRZNmsyTU9IVnRLdFBEWVZvTUpiQ0dDU1FoOXMtVG9vY3hJeXh6RGVjc3BvVHdsbWsyOGhhUlY1dnB5YmRwMUZDTVhGcWNPS25Xd2l6Ymx4X1VxX0pnRGlrTzM4QjdleXpab01wNw?oc=5,Kiplinger,2026-05-18 07:00:00,False,neutral,,0,0,0.0,lexicon
0b088a373954,PFE,Why Pfizer Stock Still Looks Deeply Undervalued In 2026 (NYSE:PFE) - Seeking Alpha,https://news.google.com/rss/articles/CBMinAFBVV95cUxPY0FOUG0tc1dQLXBwN3dfeXREYkUtLXVxLXF0VjlXMDB1UFZ0dFZwVkFITDdrVm1NVHp0T3ZiN1ZsNEMzMHZsTHp3ckV6TDZQOEJObFhuLXJwdmFCSjNHS05PWm5BcjhTSEZtcU43RUdTemJuQzhfTFdXTVJBVzNvb3kydWFTcWhFWHZQbDlsMlJMM3c3MHNHTUpmaDI?oc=5,Seeking Alpha,2026-05-18 07:00:00,False,neutral,,0,0,0.0,lexicon
0eacf736f4b8,TSLA,Tesla Stock Drops as CFO Sells Shares. Can It Hold Above $400? - Barron's,https://news.google.com/rss/articles/CBMiggFBVV95cUxQSkcxUFROZ3BtRFR4STU3RnhVMkJkSWVyWnVkWFYtemNvcm5NM1kxWjRzTkM0SXlTdERnNUFqYWxoR2x5eFY2UUFuUDdLc1hjeGQ1cm1BSzcwRGFqZC1JVVVlNlRIZGkzNVgtU1RzOXUtVm5BWWU1OUVEZW5JM0NwV2dB?oc=5,Barron's,2026-05-18 07:00:00,False,bearish,,0,-1,-1.0,lexicon
5e8fdecb009e,V,Truist Raises PT on Visa (V) Stock - Yahoo Finance,https://news.google.com/rss/articles/CBMikgFBVV95cUxQc2ZnOEtGa0RBbFVtV2xkelVqdkEySUNBNUhLcWxMeTNGVl9ETUtrVm9RYlV6S3FDVV92d0E3aFprMU81V0ZLYnpoUVlYT0p5UkhvRXJxTjlEV3Vmd1hFMWFoNlM3enFTVTBsU29ULXZ4clU4dTVJMWI4Y2EwOVlLdzU3RlRrWHZVdGJ0WWl3TEN5UQ?oc=5,Yahoo Finance,2026-05-17 07:00:00,False,bullish,,0,1,1.0,lexicon
eead0eedcf2d,HD,Here's How Much Traders See Home Depot Stock Moving After Earnings - Investopedia,https://news.google.com/rss/articles/CBMiugFBVV95cUxQNjE5bFN6Z0pMMUFSckk5T3J3enp2ZGtNYTU1NWIwUUx6VGhCZHd4bnZRR2J3YXlVelQ1R2ctYXRBT0JBSk1oazJ3N29jV2RpOEZnUGRkRktYcFM0ZDloc0pnQkRTaXNaRklmRTRDMlRYY2ZCdTRHNGI2Y3FmZ1FmcnY5czJJbF80NUwzREllNXVOWGljcF9lYmNPSHUtcm5aSkRCdHM0MGNfbU9jRlU0VW5Vdy1YbWpaX1E?oc=5,Investopedia,2026-05-16 07:00:00,False,neutral,,0,0,0.0,lexicon
aec5f711f6d7,ORCL,Oracle Corporation (ORCL) Named Top Pick as Oppenheimer Lifts Price Target - Yahoo Finance,https://news.google.com/rss/articles/CBMinwFBVV95cUxNN0ItOHlKc1pmUXVIbHZKVnd0ZktvWE9EYnBjSXgtRFQ2WmRqdWpZeGJEcERUQWlKSjFhZkNzeGVwRV9NY3FhWmpfVC1YMWRJZGM2SWd6WW9iZnpHSGN6QlVpendEWnRCcjlmU2VKLXdNX2Qybk00M29uYk9ReTJ6MG4yZzNVUHY3dVQ2WHNWYjJXUUJmcDJLNUpnWlZGX2c?oc=5,Yahoo Finance,2026-05-16 07:00:00,False,neutral,,0,0,0.0,lexicon
4afe98a7509f,MS,Morgan Stanley Declares Dividends on Its Preferred Stock - Morgan Stanley,https://news.google.com/rss/articles/CBMipgFBVV95cUxPOTRGaWp3aFhqZkZySGI3SHBsTjhYY3lpc0RZNEdkbkRIZkFwZVpKejlFalRCdWdqY1lld2dDWDB3NmpOLW1VQ3JjYnhjbUNpZmEyZ1RfMXphaTJzYU44TnVBQVEwR3BMRlZGcFU0ZzRYOFk2UF8tTHEwdGI4UXZob3N3d05tV19LcGUxQWJiWkU4U1BNd1JlLVFNTWt0bElPX0Jld2dR?oc=5,Morgan Stanley,2026-05-15 21:46:41,False,neutral,,0,0,0.0,lexicon
57ba7541e153,BA,"Trump Bought Boeing Stock, Then Announced New Order for 200 Planes - Yahoo Finance",https://news.google.com/rss/articles/CBMiygFBVV95cUxNV19Pd29YWU9mVm1fYkNpZ0lHcmtBUE9fZjBVeWVLb3h4RUxQdGZVRnp6R0x3YWgtbjRKRndCRFp2bEl3ZWwtTDYxd2dDakZoYm1xM21rZHN4emduMXQtckF5Nl94U0tOSE9Ua3ZaaUlydzIwbmxZTC1QeEo2dkVZb3lnLUIxYlVHLWEyZEV6N0FzMTZkbEVWX1VLZ2NRcXI4RWJRMDlQQzlCLUNqNkFxMWdES0VNd1VFZXpMa05Pa1lkV2ZCV3h1bjJn?oc=5,Yahoo Finance,2026-05-15 07:00:00,False,neutral,,0,0,0.0,lexicon
cab0ee0eaa5f,HD,"Is Most-Watched Stock The Home Depot, Inc. (HD) Worth Betting on Now? - Yahoo Finance",https://news.google.com/rss/articles/CBMimgFBVV95cUxOZTRSZVR1ak93TDFVR3BuLUI3dVNpUjd1M1hkM19QejFlTFJSREdndVI4WXJ6cE1vZ2N3N2J4ZnQwbjVjcjd5Sl9HMFp5SmFnRVJpUUpDSGxNLUJpVHZCT3ZnYWQ0M3lrcXlVNzhUNXB5ZlFaUloxSklPX0lQR056TTJxRDJubFZfM1JDa01GMFQ0c1ZheXU1Z3NR?oc=5,Yahoo Finance,2026-05-15 07:00:00,False,neutral,,0,0,0.0,lexicon
10d21c3c1917,BA,Boeing’s Big Order From China Isn’t Big Enough—and the Stock Is Paying for It - Barron's,https://news.google.com/rss/articles/CBMihgFBVV95cUxPR0ZsdzFpNWVORF9hRWV2cExZUllRMGYxWUV2bVRXcTh3OXVWNWNEY1FtV3Q3VXp6SnV3aVdJS2o2TF9GU3JKek5NaFVRZGpFR0lfbkE1NXVjam1NcVQ5LUp1bVpJOGRhc1FlcndxMnRuTS13dFNDQ2YxMUJCRUJKZU9peXVYUQ?oc=5,Barron's,2026-05-15 07:00:00,False,neutral,,0,0,0.0,lexicon
c7f7f1d99057,UBER,Uber One Member Days returns for more savings and deals - Uber,https://news.google.com/rss/articles/CBMic0FVX3lxTE9nMVltRXg4LXY0U0l4ZWZnV0ItcVZzM1ZpYVBNX2Y4cWJsUnM2VmhZdTA3WHY1N3ZaR2wzcEVHNWZmWTlURlFmczIxUkVIWXlhWWd2VFhNNFhEaXZpT1ZYTXRyQXFWd3EwQm9nR29UMllYSDQ?oc=5,Uber,2026-05-15 07:00:00,False,neutral,,0,0,0.0,lexicon
d46e46416e12,GOOGL,Berkshire triples Alphabet stake and buys Delta stock while dumping Amazon in Greg Abel's first quarter as CEO - Fortune,https://news.google.com/rss/articles/CBMisgFBVV95cUxQc2tJOUJvbTZadmNiMlVMYVA5UEE5a2Vtb0laWER2T0o4STZ4cF8zSkYwcUFmLWdZOVBaX011VkdkYVRkaWJTdmhuQk5GVWRyT0dZQkVYU0RtdnYySG5BVHJfT3AxRmk1aXlPdVRQUEltT3ltZjFpcU9WcUltZDhITDlEZkFjMEdUNGtUcEF6ZXB0RkxHNlBLNUpaQlVyMC1WdWp5LW1tX1RhQUtEOGlhRGlB?oc=5,Fortune,2026-05-15 07:00:00,False,neutral,,0,0,0.0,lexicon
c62af611511a,NKE,Nike Stock's Terrible Performance Just Keeps Getting Worse. Is It Finally Time to Buy? - The Motley Fool,https://news.google.com/rss/articles/CBMimAFBVV95cUxNZmY3YW1xTnl1TGl6TnNPVmRVU1VMX0dZSlFka2g4LTZ1WW1Wb2VYT0lNQWkzelh1ZF9GS21WVXlhTXdvcFBPeVI4TW93RmQtOGQ3R21TNGtpWnEtQzlSMWpsQVExRGFmY1BvRDlyR0VSQlVlWmdCd0tjRk95SUtZOUdMSzRLeXp4VG1ZNVF4MlFKdkNBbVFGQw?oc=5,The Motley Fool,2026-05-15 07:00:00,False,neutral,,0,0,0.0,lexicon
7d87ffdba45c,WFC,Wells Fargo (WFC) Stock Expected To Stay Under Pressure In The Short Term - Yahoo Finance,https://news.google.com/rss/articles/CBMimwFBVV95cUxNMUxpemZiQTNLTDc4VE9xM0pUT2t5Nk1ZMkZ0YVN3YWkyUm1uRUc5WlBwT1ZEQzhaQ3VlOEI1ZWNQM0R5UFVOd3VVN0lFSXhzMmpISDhrUGsyRXpjUlJHWnQ5dmxBc3RQaFFpWGtZNkFXUXcwcV96VGJvV19kRTd1UTdRQnBmWXpaOUp4cmM0SFV1SFFUbHhQajBWNA?oc=5,Yahoo Finance,2026-05-15 07:00:00,False,neutral,,0,0,0.0,lexicon
07888ce4022f,INTC,Why Intel (INTC) Shares Are Plunging Today - StockStory,https://news.google.com/rss/articles/CBMipAFBVV95cUxNeDdVR0RXS0JyclM1VjhyOFpZcWFIeDN3MlBkUkQ4VlNrZjk4YVpxZ3VPNkUwV1hBN3RQaUR4SHE1cW40a2ZoaTItNXNPWmMzbXFsNTZrRUZlVTZ3NXNqNjFVb2JIa3Z0aHVFMDJzZlN1NGlETjB2enFHeVV5dk5qQ2NMNjV1WHhNU0Y4NkhBWTBoZUJYSl84U2FnMTlLOW55Tm1xZQ?oc=5,StockStory,2026-05-15 07:00:00,False,neutral,,0,0,0.0,lexicon
6af9daa1a4d0,GE,GE Aerospace Stock at $292: Iran Conflict Compressed the Multiple but Overvaluation Persists - TIKR.com,https://news.google.com/rss/articles/CBMitwFBVV95cUxQMVc2NjE5TXBTSWsxOGE3M0htcGxjY3EyOVhsb0VNQy00c21Yek9YeWdwNENRcUJOdEswdUVuWUtpZi1hVzdMRHlRbGJiRjBRTTZ2LWJUS0Z0ZW00aFdqby1zVTBGeEVQbEJnUzFzT05JVTdJc2MxWFNSSGl5YzZMb0ZwUTNHMVFfVWxEWEdNZFpVSWFNbzdjUGZaZjFyZmRmcXQ1YnBPaG54ekZBVzBSc2pzY1dQSDQ?oc=5,TIKR.com,2026-05-15 07:00:00,False,neutral,,0,0,0.0,lexicon
dfbf59e40f22,CSCO,Cisco Price Prediction: This Will Be CSCO’s Stock Price Next Year - 24/7 Wall St.,https://news.google.com/rss/articles/CBMiqwFBVV95cUxOSEV5NDJNUFB4MkVtdE1NaEdFLW8tdGF2cnRVLTRsaFUxQVpXdjNsSm54ZS1lZTBHd21zNFhoU1BMbjZRLWNVNEFxMF9GTU9FUE9uX2hhVWUtaUVvRUpnRTZ3YXh1RlIzdk1FdDBha3JKb0ZJaS0xRU1WSUlESFJqVm9IY0lLdlktUlRCLXpCUUtqdmNMcjVQMEMxa2wtamNaTlEyZDdtVVA0QVU?oc=5,24/7 Wall St.,2026-05-15 07:00:00,False,neutral,,0,0,0.0,lexicon
f9ecbe4fefa3,V,Years of Rewards: $95 Bil From Visa Stock - Trefis,https://news.google.com/rss/articles/CBMingFBVV95cUxPbWx3TWZWWW1CYWxxLVRrd2lMRW10WWN3M3psMnE2dGZkQ253NTJSVlFvSWVrMzZ3ekZuR1BGQjJtelJqRndaUklDQ05HSV9TOGFLNVZ2TTh5NnVVd1V6T1pySFpiVkFTZDd5aUk4bFdkMko4MmljYkVYYnJQV0JIUzZoc2ZLYnlnQTVxaUtpWjhrS1F2UHhFM0dLYWUxUQ?oc=5,Trefis,2026-05-15 07:00:00,False,neutral,,0,0,0.0,lexicon
b92aa135e0bb,GOOGL,Why The Market Is Re-Rating Google Stock - Trefis,https://news.google.com/rss/articles/CBMipAFBVV95cUxNdnBjemVXeFU4WFhmSzBlVGVoZktiMzdUREhnelZhZTBYWURQVGttREZzdEp0MV95emxlMS1yUmlpUUMwOVNVNjNUNmNxRVVsOXJJRmlNZ3JMWEhqZmR1bmV5OFZJMW5kVmZuRGZGOEpxNkR4OVRuc3Q5cDFvSy00cDVQZWItc1VITWVtUGlzcERuNVE0SmNJVGVhWU9hblRvQzNvRw?oc=5,Trefis,2026-05-14 07:00:00,False,neutral,,0,0,0.0,lexicon
055102e170f6,BA,Boeing shares drop 4% after Trump announces China orders just 200 jets - Reuters,https://news.google.com/rss/articles/CBMiswFBVV95cUxOVG5aMmxHckU2Y2N6eExzdTJjSkhFS1MzRHVzSmVldTczTDNnWGlvS29wc0dicnNKOWlQVlRJZFl3UXBQTmtnUHVMbHpqZDlpeDM3VFM4c0lLNENHWFh4QnhoU25ZbUEwZ0FtdWstdHdqNGlhY1VtSWtyRWZTVDVBd0Uwa2IwTFhYaTRPaXVKVDNlcTlxaXdzSXM0Y1Y5VVBvb3ZOdWt4VnhVdnVKdFJKNUFlZw?oc=5,Reuters,2026-05-14 07:00:00,False,bearish,,0,-1,-1.0,lexicon
78a7f6ed034e,UNH,Goldman Sachs Just Added UnitedHealth (UNH) to Its Conviction List. Here's Why the Stock Could Soar. - The Motley Fool,https://news.google.com/rss/articles/CBMimAFBVV95cUxOVEM3NWhRZVVkdXh4N3RsczdOcnA3QVgyVzNoRTRXb0ZBVklNWmhFV0loYkFqSDVRYWx1dENQWHowdDgyemRDTjg4LUREcm14VGlNRWxxY2h0SzZYSXFzeExGV05UU3FHU2JVWnYxeHd6RUUwa3VVbWlHdGhoWTFsVnBWcFpWdkNoTlVNejN5QVdQMzZycmZDcQ?oc=5,The Motley Fool,2026-05-14 07:00:00,False,bullish,,0,1,1.0,lexicon
a66fd4cedacd,QCOM,Why Is Qualcomm (QCOM) Stock Soaring Today - Yahoo Finance,https://news.google.com/rss/articles/CBMinAFBVV95cUxPVFFoUUdIWWVKLUVyNWZuUlJuYzVrQTV0NjBmVWNNZEFpOU5KbTBIMldOUTN4aElTdXhOeFZ2eEE3ZkhkLXVqOGtwRmdON2dCdTd5WlJXZXBwNU5KaGJlc2MwYkNNckpNQ21MZlBHSTRfekFvYVJYcElsaHp5Yk1MSGRTcklWbm95NE5HMW95WllhdmduMWQxVVpZMHE?oc=5,Yahoo Finance,2026-05-14 07:00:00,False,neutral,,0,0,0.0,lexicon
672570bc8be7,AVGO,Why Broadcom (AVGO) Stock Is Up Today - StockStory,https://news.google.com/rss/articles/CBMioAFBVV95cUxQaDlyMk5ITFcyOVZFR2JXRFAxTWMwTXpwYzhBZ1NBbGxaSmpfT3dpY2lCT0V6Sm5qTTc0R2I1dERSQ1lJeVhhTW9OWmR2bUY0YWdhZVZjbjk1QXdyWDJxSVEtS2VJQ1dhVmo3TjFmT1lRQTdGb1NLdzRNZHM0RjFlYUZRWWZVbU05cDBaaVFtdVhfamJCTXc1SVFCcVpZUkFv?oc=5,StockStory,2026-05-14 07:00:00,False,neutral,,0,0,0.0,lexicon
f513b3f708af,MA,Mastercard Stock Is Down 12.6% in 2026: Analysts See 51% Upside to $744 Target - TIKR.com,https://news.google.com/rss/articles/CBMiogFBVV95cUxPNjdYbzlTWVg3T196dVljai1aRlVxR2l6STNlV3RtUk1UMkJYRS10c1pCSFpLQm90MXVNVUFkN01fNDhVLWt4cE5oUzF2eDJrczNoVXpuNVFuNzY1ZExzek5BRUV0TXNTNTY5LXNDX1VObm1QRXBkZWRRNzBZck8tLWR5WlFGT0VmUmRCUmgzNUttTjR0TkpSR2kybXBHZ3Uyb3c?oc=5,TIKR.com,2026-05-14 07:00:00,False,neutral,,0,0,0.0,lexicon
c12d973e5e3c,CAT,Why Is Red Cat Stock Tumbling Today? - Yahoo Finance,https://news.google.com/rss/articles/CBMifEFVX3lxTE5uMVVHNTE3N3dEdVg2M0JhNWZQVDdEUkFIQXVid215aUlaXzNQZl8wQjRfVFlHMXlCeEJqSEdqLUxsdnpzSmRFUmE2LTRwMnQ0WkcwYXRMVk9vRUlPeFdlTXI5YmxxTEdpR3lnNm9kb2hOQkVTLXlncWFaQnY?oc=5,Yahoo Finance,2026-05-13 07:00:00,False,neutral,,0,0,0.0,lexicon
12dd7031a4fc,HD,"Ahead of Earnings, Is The Home Depot Stock a Buy, a Sell, or Fairly Valued? - Morningstar",https://news.google.com/rss/articles/CBMingFBVV95cUxPREZBa19IbFpDa0EzdHk4VUlsQ2d1SFdMZzRMM1RrRl9fU2oxRG1WSzdKQjcyeE5ReF9HdXRqWWtBWVJPUHpXOGcyN0xLWHhid1FnX2xpeU1WS3ZHOFBHNTJwXzJrNmhuQ1hsbXpscGE4WktTMmJjUUJGUkhBdnM5ZWNJcUZKUHZKNjlLY2N4bEtFeHQxRkUxWFlDVHljZw?oc=5,Morningstar,2026-05-13 07:00:00,False,neutral,,0,0,0.0,lexicon
42da2181717f,PYPL,What Could This Step Mean For PayPal Holdings Inc (PYPL) Stock? - Yahoo Finance,https://news.google.com/rss/articles/CBMigwFBVV95cUxQRWV5alFSUHpOT01WcU4wZFNkWWhtd3BiM0JlR3JaYkNaazBFRGdJdmY1TEY0cENQZFBFSU4tWW5UeXpKYjhIMWJIMmgtN0E3a0l6Wk1yLW9waHNwZjdRTG1MdF9aMWxvd2twdTRaaF95bDV0Ry01YkNVV2ppcTRHQjEtcw?oc=5,Yahoo Finance,2026-05-13 07:00:00,False,neutral,,0,0,0.0,lexicon
110099452ad3,CSCO,Our Path Forward - Cisco Blogs,https://news.google.com/rss/articles/CBMiWEFVX3lxTE11R1B4UEJJR1UwNnh0MnJVeHVkMmpQWnEycmhKQUdQdWhkaXZfem9NSERNNHlydXI5N0hDcGFZZ2ZZZkZHZVFmTkozUUlVSkRmWjN6OEZOWXY?oc=5,Cisco Blogs,2026-05-13 07:00:00,False,neutral,,0,0,0.0,lexicon
a7de7ae9f5cf,CAT,Should You Pay Attention To Caterpillar Stock’s Momentum? - Trefis,https://news.google.com/rss/articles/CBMiuAFBVV95cUxOZ1VBbU5DNERwYVktajc2anhQSDNCYzJaTnBDS1N3LXJoRllWT0xiZENXTnR4V1Q3RVd4b1dYaVVrZVY3ZllVd3c4VHFXb21CMktuN2xpVnhTdXNjVGI0RDBWUXdvZ3o4eXhOLWlkMTJVcVNEUWdjc0lfZmJ4bWp2TUNNbElaN3k2cnp4czg4TWRrRE85SlBaWjkxU0Z0eHhtLW5JZTZMQXc1QnpHLUNyTHA1NGNJMW0w?oc=5,Trefis,2026-05-13 07:00:00,False,neutral,,0,0,0.0,lexicon
ad1e95358e2e,NFLX,3 Reasons to Hold Netflix Stock Despite 16% Drop in the Past Month - Yahoo Finance,https://news.google.com/rss/articles/CBMif0FVX3lxTE4wb3drdVVQYjVoRWpjcVB1UGJ1eEt4dHgwOGUyaEt3YkJDS1c4VVNnQTBaaGUyWnFDXzlOQ2tPcWVDUm02LTBIYUR6MWVjZ0lWdWs5VTVLY0hUMGw4bGxHdFFJOUhRSkNtQWRnb1JQMUFabU5IVEdVV3J4OW53bkk?oc=5,Yahoo Finance,2026-05-13 07:00:00,False,bearish,,0,-1,-1.0,lexicon
7198737905ef,CSCO,"Cisco's stock pops 15% on surging AI orders, as company says it's cutting almost 4,000 jobs - CNBC",https://news.google.com/rss/articles/CBMie0FVX3lxTE1DOGg4U1hTbndyWGdCWGZnZlRVVzBCRm5aMllkU0lBNDk1OW5MdzIxUk95dEhUYmJlRXE4MjJCaXZQZXRMblhUR19OcW44SGlxUThIX3ZzRHVKaGQxdnNQVlBpcklFbERxZEJDRzkxTWNQM19ZT1hIUXl6VdIBgAFBVV95cUxNRGd0ZGZJZHlWaWlCaXFJSlB1ZWVrTVRoTDdlNUQ1UFNpUFdscmx2cFJkaTlXbmZTejBUY2FoTl92MlhIWTBpMkxnN1dSWVRBM2JVNTVUMGVIcWhUWmRaRVN0TTV6RnZPTGhFdU5aTmdwOUhoU1ZtY2dwM0M0ODVNaA?oc=5,CNBC,2026-05-13 07:00:00,False,neutral,,0,0,0.0,lexicon
ebe7d4ada241,BLK,Why BlackRock (BLK) is a Top Dividend Stock for Your Portfolio - Yahoo Finance,https://news.google.com/rss/articles/CBMiggFBVV95cUxOT2VCWWFMNzFhUjJtVThtdlB2VjM4UllXbDFrTl9zUEdYSVEzNHQxOG5Yb0NoR0FuUmdEei1mTlA2azRxMk5XMS1US0I1eGhnQ1AwcGxvTzRNTG1nTm80ZmoxaG9lSG45eXZjd1hhM1ppNUFkV3hLRDM3X2tyVmRsTVVR?oc=5,Yahoo Finance,2026-05-13 07:00:00,False,bullish,,0,1,1.0,lexicon
14acd8d81a43,ORCL,Why Oracle (ORCL) Shares Are Falling Today - StockStory,https://news.google.com/rss/articles/CBMipAFBVV95cUxOSEFhMkdXRlpraUltUE9HRC1UV3RmNjFXRGt3S2tkWTM1amkxMG1pY3JpXzI1WFhVTlM0TWhpeGE1ZWxqWmMtQi1jMFNuZTNKcEdVaVpqNVhRUER2RVJiV1EzUk4tNFY3dy1pNGE3eW1XVjdFb0I0ODdUMzVyeTJBSUF6enhZTW94Wl90WVBuNzVCdWxBWWI3cElpczh3ZUx0MGhtTA?oc=5,StockStory,2026-05-12 07:00:00,False,neutral,,0,0,0.0,lexicon
981fe5e9e9c4,COP,"EQT, KGEI Beat ConocoPhillips Stock on Price & Growth - Trefis",https://news.google.com/rss/articles/CBMirgFBVV95cUxQWWMwWUpGLVdVeFJMYm9OY3N6eVB6cnJWYnFFcXQydk50QlhQd0pUNkMwMmhNTWxFTzk2bEtjYVJZdlU0QWg3eUhUY3dBWGVqdm0yeXBJbzhGMlVBVFJmN1RkeE9fdV9wbGxVaTIwSG5iTVhuTUhHbmJTcF9zQ25rNnRwTzl4QnlEc1hwcWpBaVJwRHRKR25KX2dtc29DVHp6T3JUc2dySnBqcXBnYVE?oc=5,Trefis,2026-05-12 07:00:00,False,bullish,,0,2,2.0,lexicon
17afcae19612,KO,Is The Coca-Cola Company (KO) the Best Stock Under $100 to Invest In Now? - Yahoo Finance,https://news.google.com/rss/articles/CBMilAFBVV95cUxPNEI5Zzd2ZkpWWjhlWGhOdDdHeWRDUExsaERXQVNPTm1uWEtvYzhYVnlFWXpKLUVxTUVfOVV1bHQ2bXB6WFFjWlBwUjdnckFvT0l6TnBSVnluMUFGeWs0NW9YOVdwZ1hMZlhJYUQycXFJQWZrcm9VTWFUcDVKbUt2VXpHYzNYVUFlQWtGRjN6RjFIZTlu?oc=5,Yahoo Finance,2026-05-12 07:00:00,False,neutral,,0,0,0.0,lexicon
b886a3473666,MCD,McDonald’s Stock Near Crucial Support – Buy Signal? - Trefis,https://news.google.com/rss/articles/CBMiqwFBVV95cUxQeU1ReGtoVVBMb1pjTTRoNlBKNURFcXJDUnM4b3hnU0VaN2xhb0NmUV9HZnpKSl9JZG9WdXFLcE1aeVIyMDJBZ3lFcXIySUFoTGlpU3NnWkpwSVVETDd4U0hLR3JpWlB6RF9ZU0x3c25oUFlkRnFoQlh1VVRObVRuaUxfdXM3UDNpcEVEREJkX1BkMmtITEFHeGdSdkQyNVM2T09uM0VLNTZ0NU0?oc=5,Trefis,2026-05-12 07:00:00,False,neutral,,0,0,0.0,lexicon
1fcdde70b8f2,CAT,Is CAT Stock Setup For A Rerating? - Trefis,https://news.google.com/rss/articles/CBMipgFBVV95cUxPc28wMVRPbjYtcy1oVjlZWHZ2eEN0a0IxeFM1bE9xY2JrWjhsaGxpWEFzOWQ5cFJMYmZTSjhsWjZUN1BrQ01Ba2puVmJJTkZMRW8yWFBQNW9MZHVjV3BndFo3VHY2ZWxpRzdubm1GM0hRVm9TZVQ5R1k2SzRTT0NHa2tQN1g1RlNxbWJray1ZQnRGMnlzZUdlb2RsQVhjTmkwQ05uZjlB?oc=5,Trefis,2026-05-12 07:00:00,False,neutral,,0,0,0.0,lexicon
a2274754d9d1,ABBV,3 Reasons to Buy AbbVie Stock (ABBV) Like There's No Tomorrow - Yahoo Finance,https://news.google.com/rss/articles/CBMimwFBVV95cUxOeV96NzJOQ1FzeHotQ0pqV2w5Tkh0VVdYMVlBZnllLVFNdUZUY3RES0NUUElCYi1DenpMZUk5R2JOUkF0djJZSGNWdzk1U21TanBuay14bkhJd19Gdjd6ZXRtTlViWjk2OGNicDZ0R0dOMmpPSkdHbHdLRkJkVE11VlZ0ejdXNG9STzkxV1NDSTVqUFpRSktuLTBnWQ?oc=5,Yahoo Finance,2026-05-12 07:00:00,False,neutral,,0,0,0.0,lexicon
3f3a4e7fe1a6,WFC,Is Wells Fargo (WFC) Offering Opportunity After Recent Share Price Pullback? - Yahoo Finance,https://news.google.com/rss/articles/CBMiowFBVV95cUxOMjlLRDFuXzhfNE9UQ2RVbHpFSldkRzNwbkZLZGVJU3hyM3B3X2VkZVhpbGFMQmlwdzE3dDVxMmJHWjFzX2R3TUlpRXFqbW1MUEZJdW5uZ3VQRDkzcDhEUVZheDZGejNRa0t5TG9uMXVVYkxhc1h5TFBNNG1IS1lTaGFWdE1tb0otQW1xX1p1YkgtSUZfZzRuVFdlRGlCTlJGM1Nv?oc=5,Yahoo Finance,2026-05-11 07:00:00,False,neutral,,0,0,0.0,lexicon
0a168a15311a,CSCO,"Cisco Systems Stock Can Sink, Here Is How - Trefis",https://news.google.com/rss/articles/CBMipgFBVV95cUxPakIzbVM1d2VuTDRWakhia2o3SHFxQ0NHeEtoZFFVTElOMWhiUU5xd1R1U3VOdG4zaVkzVkEzeEdpZEh6M2k0LVdUWDBsNTBxZUYwOEl1UTJHVU9LWWJoZG5abVFpRkNxdGwyQ29lc2JQSkt4RndEMWhxT0toTjBXWmswSFFUT3l5cGMyT2pnSTY1djNTTFFIOHNjOW1fQnhzM19fSm9n?oc=5,Trefis,2026-05-11 07:00:00,False,neutral,,0,0,0.0,lexicon
929f037ec68c,PFE,Is Most-Watched Stock Pfizer Inc. (PFE) Worth Betting on Now? - Yahoo Finance,https://news.google.com/rss/articles/CBMimgFBVV95cUxPSjI0ejExUlJxMkVWb1pfZzRFNGZFb2lUM3cwRzZHeVZwUHMzNWdrV0JVby1OMmhnV0txSkxQemo2dFhHdGt2c3hBbFpROWdpb0dfazAyNzUzVjlMeExoc08xVkxWT0VhclBJMTB0YlFhSmRYS3d5eGtSMUMtdTZRSnFQcktaLUJQY2hLNVF6SktmVmVDb3lvejdn?oc=5,Yahoo Finance,2026-05-11 07:00:00,False,neutral,,0,0,0.0,lexicon
875fdb151169,BRK-B,"After Earnings, Is Berkshire Hathaway Stock a Buy, a Sell, or Fairly Valued? - Morningstar",https://news.google.com/rss/articles/CBMiqAFBVV95cUxNT3BlMHpWdW52ZEt1UUZUaWdqRU9tQXVLV0VTRUg5R0RuSlhhUnk0RldEZkxnUm92TXE2eG5RRVNUMWUxN1dUWnlSbWdtZ3ltLUJqMFZVRWtZenlLUW9ySDFMb3hRM3lnd1h6Q19CeHQzR3ZkUU9oOTRtNmFQUmRzaUVHbl83NFlNaEVCdWhJYTdCcEFpSnpVemg5bDVkeXJRMFJET1k0eGY?oc=5,Morningstar,2026-05-11 07:00:00,False,neutral,,0,0,0.0,lexicon
ffa23ea2c7a6,NKE,Why Nike’s CEO bought $2 million worth of shares at a low point for the company - NBC News,https://news.google.com/rss/articles/CBMilAFBVV95cUxNdGFZUFE3MWw3aEVUdHdubUdMeGZZNkVtOTJYa2N5VWstQjZxUjlIQjRBOHlBSlpobUFlYmNFV2dfN1h2SFZUM0JXa0tQd1dEQ2hqY3lWamlpQVV4cllCUUFpeDRXcl8zOXUzTzc0R2ZCbnNScnpYaFBmZE8wWmc1Ulh0TVR5eTkxcXBlUFREdkFFcS1U?oc=5,NBC News,2026-05-11 07:00:00,False,neutral,,0,0,0.0,lexicon
b42d405030ce,JNJ,Is JNJ Stock Setup For A Rerating? - Trefis,https://news.google.com/rss/articles/CBMimAFBVV95cUxQWXU0Rkc5TDF6SzkzSF9iZmJPRWU5emxNZVQ1cUotTUoyb0ZiYnh1dDd0d0tXT3dUNFJMTXB0NmpNVmYzbmt2VWdvbGtQTktFcHoxWTNvZG5XcnUxYjJfVTBtdDVLRDh0Qm9xaGJEOUtXYUpYOGZxV3RPbGRZSXd6NFRlRWZCbmdkTHhab2dIbUp6a2g2YTh0dw?oc=5,Trefis,2026-05-11 07:00:00,False,neutral,,0,0,0.0,lexicon
db5acd3adbb7,AXP,American Express Stock: Analyst Estimates & Ratings - Yahoo Finance,https://news.google.com/rss/articles/CBMiqAFBVV95cUxOakd3X3BubGlSS1huX1M4LWtJaF9MVFQ4ay1DbkEySDZWdDBaX0xQZkFsSGxRaW1OVGdkYXVqVDNjTGxSSXAwZ0RhWDQwT0kxbmVxZV9wYWNUMXZpRko0X2piR3JxRUxQbmlFdmNINDdzX2xTdWRHaTZFSGw1aHVTVkhhbGtaS3pWLXNyTzFmYlcxU1NBdkdHamhqUGRQWlAxazFGZG56R1c?oc=5,Yahoo Finance,2026-05-11 07:00:00,False,neutral,,0,0,0.0,lexicon
f9e306429562,HD,Home Depot (HD) Stock Sinks As Market Gains: What You Should Know - Yahoo Finance,https://news.google.com/rss/articles/CBMilAFBVV95cUxNbHZxTW1DMVk1SGp1ci1kWlM4WlpLNXFYOHplODFqTmhZaWJDWm1TTk41RHRhTTRLM1JCaHVYZXJyaHlrSGJoNjZJS0ZzWUp0RTVNcVRrZElrQk5laDVDUFNqbHlKdE1oUy1FWHlyd0dkT21HYTUybjhTRWR0ZmJkNE9MRzU5T0NrcEtpQ1lCZDJvVWFK?oc=5,Yahoo Finance,2026-05-11 07:00:00,False,neutral,,0,0,0.0,lexicon
3f235841e558,NKE,Nike (NKE) Stock Declines While Market Improves: Some Information for Investors - Yahoo Finance,https://news.google.com/rss/articles/CBMimgFBVV95cUxQd0k5VDZ4d2NyX25UNzg0dE1ocGNsVlhWMkVMUGJiU3p4UW5KdkhkajJkc1VXdTJYWW81VE4tMXBQbnZSbmZ6V09kVWVBTU9hcXF1b1pKalhCQjBCWVR4VUtzSE45eHhYNUl2ODhjbUJZNXNmWk1lWjBBX201RjE3cERVa3hXNlNpYU9aQXBTN2tGcTJWLTAzZmJn?oc=5,Yahoo Finance,2026-05-11 07:00:00,False,bearish,,0,-1,-1.0,lexicon
b45296f08006,PG,Procter & Gamble Drops 9% in 3 Months: Buy the Dip or Sell the Stock? - Yahoo Finance,https://news.google.com/rss/articles/CBMikwFBVV95cUxQUHJSN3M5SWR1VVo0Rzc3dFFsd0IwYnNnaC0yZHBhdlY1Y1BJcWdPak1ReUxxS0t0dXZJeVJyVElBWGZKT1JxX2xuVjRlVGdZYVd4TjBJeXlFMG9YYUItd0pwUXo2VEN1VFlLMEt1b2FfTkI1MUFWN2ZRNEhBSVlNOWdQUTg4S3hnWVROa3ZXTTU0dHc?oc=5,Yahoo Finance,2026-05-11 07:00:00,False,bearish,,0,-1,-1.0,lexicon
d28529cd6a8d,MCD,Is McDonald’s Stock A Trap Or A Missed Opportunity? - Trefis,https://news.google.com/rss/articles/CBMirgFBVV95cUxQZXBoOTRVR3lOMGFJSDJQdnJwaFhzRmpnUW0ydUY5NkZlVElSWEUwSFdiSnZjdkgwaGNLM1g2bk1lQlllZXhtNVBaSVdPQWtzMjVhRl9lVHNBM2FvcmRSS1E4TWJKTHUzNGN2aEJJNVgyd3hhejFWNGswZm9lMTF4NWE4VXlMQzlJX3p3enpGdzVhbHZXU09RVUp4LU1ZdjY3eTBsYlNqTUJfMnQxd1E?oc=5,Trefis,2026-05-11 07:00:00,False,neutral,,0,0,0.0,lexicon
b5302d3dc08f,GOOGL,Alphabet's 160% rally in a year reflects value of owning 'most of the stack' in AI - CNBC,https://news.google.com/rss/articles/CBMisgFBVV95cUxOVUZtOGgtTkRRM3VUaXN6U0hWUkk4RHU3QzdiMmJJd2d1U1V1bFhIc0F4NGJ5bmhDN09qS3VycFhTTVhFSjRMM1pKTGtuSG1pZHl2QWNUZUwybmZoMzY4amVNVkVQTXg2LV9XMjZUUXNqV2UxTE5lM2dhUTY3SmVoUS11VlJocmpSWUtmd1JtQVRHUmN2Z0VjTE1RRkwtd19TUVQ2NVNnSTkwQjMzRzZsa3Nn0gG3AUFVX3lxTE51UENFWHNVekdLaWNQc3JJdTM4NHFvSXgzVWNGc0hZSFRreW93bVBKb1BUYkhCTXNPR2s1VXNXVmxXRzdZZGRXLUxVdDk3cXZiYUdqMEt6YmJzS1MxZ1RMZm50RTZtNWktTHJmajk3YWpwajBYR1dOWmJ5bUZvQ3cwUTlqcVh5Q2tUYnJjd2hMU3MxbDZsdWhpdHVxWlNFd0dueFhHM3huMVNaN0tfckFHMThEQWt2dw?oc=5,CNBC,2026-05-10 07:00:00,False,bullish,,0,1,1.0,lexicon
d0979406ff57,CAT,Caterpillar Stock Surged Over 170% in One Year: Can the AI Infrastructure Supercycle Keep Delivering? - TIKR.com,https://news.google.com/rss/articles/CBMiwgFBVV95cUxQX0hPVzZTZXFDNy0yZ0NpWC11WVZVdm5tZWpqVHZIUVpEOHFuSDdyY0ozUndsRFZjejhPZmx3bnN5OHV5SWk4RkRZMU1ldllqcE5ZY1FNZzNxNFhNVEU4V09mcmJRY0oyaEdnU1k2cUlHVXNnQTdMZE1XQTFSOUw2bHA5d05SdmZFdFdOSWdPbGNTaHdSalo5NGs4UldnYmU1T2ZBNVRMTGJURS1iMVdyUXlnbjlHZ0FqNXZfcjZmaVNIUQ?oc=5,TIKR.com,2026-05-10 07:00:00,False,neutral,,0,0,0.0,lexicon
00410eb57d1b,INTC,Intel stock hits fourth straight record high as Apple report fuels chip rally - Yahoo Finance,https://news.google.com/rss/articles/CBMizwFBVV95cUxNLUdwY3RtLThPcGpXSFU1c2lnaVNaLXdiUjdDa0hRUmJGY2dzeEszZWRHeEhXZG5OVmlZX09lUDFFWjRjZjdHTERaQXBrQUlrOGNXQW1fTS1hY0lUSU03bWNFN0lZTms5dkhaRzN4UlVMZkhEX0ZUUWJBYm0yN0stNjNUQWxFSzFDckxwWGtob0MxclNQcUZPVGV0dkkzQjVqc3J6dnJwcV9LUl9Db1NUSGp5WEVFM2pmdkpidzM1WEs4YU9GZ3hySk1aYWY1bDA?oc=5,Yahoo Finance,2026-05-09 07:00:00,False,bullish,,0,2,2.0,lexicon
6353b29a20ee,PFE,Here is Why Pfizer (PFE) One of the Best High Volume Stocks to Invest In - Yahoo Finance,https://news.google.com/rss/articles/CBMikgFBVV95cUxQa21UczVaRm5ROFEyRGdabXBCbGRURi0tSUhUU1RSQzZPZGhoeXRGLXpVY0t6Yno5bkhVTENxbU0zdGxUS1owNWI2aEJ5b0Yxa2dwOHRKRFU2QjNaTFpaajNab2lGMHluSUtMbTl6YVcwX3RnbVk2RlU4LWRNVWp2SWFRWklGRnpFWjlZeVFIQmNmdw?oc=5,Yahoo Finance,2026-05-09 07:00:00,False,neutral,,0,0,0.0,lexicon
a351dd83f2b0,CVX,Goldman Sachs gives Chevron stock price new target after earnings - thestreet.com,https://news.google.com/rss/articles/CBMirAFBVV95cUxQaWYzazlfTTVka25yUWNrNFNoeVVVSTRqNkhLVmVRbFRCeU83dmtaYlMyOUxaQk9xRTRiWWV1S0U4alJDUEctR3VQdUNqbVpvT3FhQ0lQVWUyd2ZpdGR1Wm9tbURSRDhITnVnRjUwbHh0YVIwNTJ4VjA0SkVCUmVFS040X2FZTXpFQVN3Z0tMNWI3VHQ0MEhHdFlQYi0wbG1FOUJiR1k5UWVwZ3lN?oc=5,thestreet.com,2026-05-08 07:00:00,False,neutral,,0,0,0.0,lexicon
250f8bf59a92,GS,Why Goldman Sachs (GS) is a Top Momentum Stock for the Long-Term - Yahoo Finance,https://news.google.com/rss/articles/CBMikwFBVV95cUxNMW5iT2gtTjk5T1pjaVBPamNFMEVtTnlQUEFJWEgya3VpNHFMdmVEdmZ6SDRoWXpGUXZsb3k4YnlibHlPdHNCaV9IZDNrdDY0cTh3UWM2bU41bGx2Zzd0MzVQUjktOU82RVFMdllUaWtJazJENmdXTjBncUhGaHlVa0tBSDYwLXpFY1JHdDFrWkplRVU?oc=5,Yahoo Finance,2026-05-08 07:00:00,False,neutral,,0,0,0.0,lexicon
acd630b13d92,KO,"After Earnings, Is Coca-Cola Stock a Buy, a Sell, or Fairly Valued? - Morningstar",https://news.google.com/rss/articles/CBMiqAFBVV95cUxPdmVoYjQxamMwWFBpT0xIMlJpUlEzM1FtOVJZdURLbGtEQXpUMjc4d1hHRlQ2bGlCam9Rd3ltbVZMVWFpNW1GT1RhSVNuakQ1bWh6ODBaZVpNbmU1eVB5WDZjeFlYdGh4d09talVjUFFlbHdaRExlWmJyN3hFOHpKbl9ZdHJ2YnplckJ6bGhOWllXbU9YRTlKRjV2R1NsMklCR1dSRlpFZUQ?oc=5,Morningstar,2026-05-08 07:00:00,False,neutral,,0,0,0.0,lexicon
245be2d8c527,META,"After Earnings, Is Meta Stock a Buy, a Sell, or Fairly Valued? - Morningstar",https://news.google.com/rss/articles/CBMiogFBVV95cUxPNjNwanpMa0x1ak9seGRQRFZpVzlaQTZvSW11VndINUxyS2FxWFZMOUp2RF9XU2lKTGtuX0JfR2tOZUliUjVKc3FVcXFzdDBSNlpUbGFtWkdEVkNTOEFtdzFZY1J2amo4b1FzdXhNWGt3U1V6cHlrcWVGRVlrLVRPMEtRbzdRTGhRdmVlOUVlWElNRXlBUjhUQk5yQ3htVnlGMVE?oc=5,Morningstar,2026-05-08 07:00:00,False,neutral,,0,0,0.0,lexicon
d35a64d2630e,JNJ,Johnson & Johnson Stock On A Winning Streak: Time To Get In Or Book Profits? - Trefis,https://news.google.com/rss/articles/CBMizAFBVV95cUxPbGZDYmNCd3NLMFRtQk9sU3J3QkVHc1BqTGUwN0FJUlp5X205d25GZlhyZFR6QWdnd2VSUnBkVlkwMFk5ckpQRll0LW4wYXdOYTQ4RUFXWldMY2xneklZek11eFdRVktnVW8xZjNVXzB3dXZMeEJ1MG52ZGw4WUc1TEU0dVh2MzRfNlJQdjNjZ05ZU2hLTXJuQXcyRzJESVdYZ0tmQmxIN0cxSFVSVy1uY0VoRE5lS2NhMmhoMWYzWGJZLWI5WVRkTGtadEg?oc=5,Trefis,2026-05-08 07:00:00,False,neutral,,0,0,0.0,lexicon
258e7bd39eba,META,Opinion | Meta Is Dying. It’s About Time. - The New York Times,https://news.google.com/rss/articles/CBMifEFVX3lxTE1ueUVtdlhsclN0OFlDN0ZOdF95T18zNnpHVHE0MTR5b2FhVzB4LUJBZVdZQkhIMlZjc0ljeGo5c2xSQ1NtX0FSWmk5T282a1d5WjFOdDlGb09vTmRJdGhhYTNiSlAtdHBTVWZ1S21HY0xrVWVscVdFOU5feUo?oc=5,The New York Times,2026-05-08 07:00:00,False,neutral,,0,0,0.0,lexicon
944b93e9d4fd,WFC,Wells Fargo’s Comeback Is Real—But Not Risk-Free - MarketBeat,https://news.google.com/rss/articles/CBMijAFBVV95cUxPNVJ2Wk42NGthRVdfQ2hIRzhsYThZeXdlSlBRWUZzNE9jaTNCZ1NSRC00RkV5YU1VZS11VlZrS1RUaE9BQzdPOG5sUDBxZ2pGVC04eHBoWHBjdVE3Z0xvTkxsU2QzM3BCVUlYQlNHN29vS3pPVkg0Q1Z5NzJZWTE2OWNTRHk0Y09GampoYg?oc=5,MarketBeat,2026-05-08 07:00:00,False,neutral,,0,0,0.0,lexicon
f6cd25d7fe9a,NFLX,"Jim Cramer on Netflix: “It’s Not a Buy, Buy, Buy” - Yahoo Finance",https://news.google.com/rss/articles/CBMilgFBVV95cUxPWTZPeXJkSkRKempfeFFwVUhCOVFWWXJfd1RXUlhvVFdIaUZvTGVuTDVXd3NkMnpMZlpIaWo2aXJVd1RST08wVTBxY2puNmdhaXZSYm9lOGlxS0I0NFpHTng4LUVocno1VHZYOFl0Nkl6M19rRXcweFRZZHR4Z21SRHo3V0FWV3liOWdTRVotbW1vQ3d3TWc?oc=5,Yahoo Finance,2026-05-08 07:00:00,False,neutral,,0,0,0.0,lexicon
07a89544b698,NFLX,Netflix (NFLX) Is Down 5.7% After Cautious Q2 Guide And $25 Billion Buyback Plan - Has The Bull Case Changed? - Yahoo Finance,https://news.google.com/rss/articles/CBMijwFBVV95cUxPQ1QzQnNRdUJ5QzdqQnR1aXpuZ01EOHdaaGEwN2s2N3M4YklTVDZ2a3FWc3ZESTZwdlBVY2hfV3JjMnMxVW8yLWhQTzE0VlFDVnMxaDd0dU5reVhLV0tuREZnSUkySWpicXpadzlYdkd3UFM2Q09mYlFKa013WVR0aUtxOUFuSXV4c2ZqUFA5dw?oc=5,Yahoo Finance,2026-05-08 07:00:00,False,bullish,,0,1,1.0,lexicon
8d4eecdebb8b,UNH,UnitedHealth Group (UNH) Valuation Check After Earnings Beat Guidance Lift And Prior Authorization Cuts - Yahoo Finance,https://news.google.com/rss/articles/CBMipgFBVV95cUxPVFR3UEVBbDQ0WnByRmZjU1d3em5GbklBcEhlTGFIVl9xdFA5amhpQVpERnZHS2VNYnNhY2NlMVFQSG5US0V1Sy1WcllxZ1BPNU9RZ1FQbURqaWh4cGYyZE9pTTRQd25OSXVTMndIYUhDdTdJTmR3N1BvQ0VmQl82cGxLQzZvQXM5bTBodnFjajE4RkVlSHNheXF5RzBQWmsxeGJ5Wk93?oc=5,Yahoo Finance,2026-05-08 07:00:00,False,neutral,,0,0,0.0,lexicon
7eef7787a4ea,INTC,Intel shares soar on Apple chip deal report. Here's why it signals a total pivot for chipmaking - CNBC,https://news.google.com/rss/articles/CBMickFVX3lxTE90OXhpS2o1Zlp3UE5WMmd5bXhSZ0ViWG9VbXZoWXpqcDRCcF9COU9iZExpbmtNc00tTmM2OG5uTGlKcW50ekdLdy0wUi00VEMtZGpzNWZjVFBNaTkyd1MwUVlyTS00eFNJTGVYaGdiRVluZ9IBd0FVX3lxTE5WLXRaTmFidlFGcmlIeTA4elhIQVpUODZSdlZCZ0Q3WDdVUndzSUZRbEJIWGRkRjV0Q0JiSUQxanU2MUo5blBScGhhR3RfbXBMN1V0X3hmaHluR0RUVDlIc1ZLR0d0U1J5X01ZVkJqY3lrMG9rSUdJ?oc=5,CNBC,2026-05-08 07:00:00,False,bullish,,0,2,2.0,lexicon
eebefcee1c74,KO,Is Coca Cola (KO) Still Attractively Priced After Its Recent 1 Year Share Price Gain? - Yahoo Finance,https://news.google.com/rss/articles/CBMinAFBVV95cUxPV3gzc0ZPVUFNdjBKZm93QzAzdnNaR0JIV2dyQU04aVhtY083Wi1zQ2xlSTRpVU1MRG5pYnNvQkktbWR6aTJvSmRDU1Z5NHFWcjAxTjJrM1dyYXN3YlRYOGFSaTNHSGp3SXpzbldadTNSbEZZNGRmSUszQkc5RG56c21vSkxieWs3cDN3b2tiOHJtZ3JBbWgybHZzMTg?oc=5,Yahoo Finance,2026-05-08 07:00:00,False,bullish,,0,1,1.0,lexicon
c79a2373185f,MCD,Baird Revises McDonald’s (MCD) Outlook after Earnings Update - Yahoo Finance,https://news.google.com/rss/articles/CBMioAFBVV95cUxNeTd4MFBOV2I4RHpKR3RGRWswSjJLWXpoSHRSeXBGd2Fnd2xidHRIQ3VRUGVlMVFoSEJsaDYtb2x2blFrRGlDdEpLMm1ZWnk3QjlvTDdHWGhDU1c1ZG1SRml2SjBkNXNaUU5sVUM2bjJIM2dmSXRHdWFIY2xxaVRDTWdTajA4UjMtM3l0MXBkc2dOcFBRRjJOQWNxUTdMZEs1?oc=5,Yahoo Finance,2026-05-08 07:00:00,False,neutral,,0,0,0.0,lexicon
a2bc37e662b5,GM,Jim Cramer Reveals Why General Motors (GM) Is Better Than Ford - Yahoo Finance,https://news.google.com/rss/articles/CBMimwFBVV95cUxQY2s5OVFaUjJGLUVNY1BTX2VGWGlKbjNJZXRDOTFvM2pDamVNVnI1XzJ5eklrZWg2WUwwQUlLVE1mZW1NZ0dEV2VHT2pndEU5WElOYjd0NFVxWndWYVpNQ0ZnTFA4QXJoNDVBU2R0V01OZzRpYzJPdmRFUndpWk5CbVZoZm1Fb1ZDTWhCU2FiX01VY2Jpd200Y0VwMA?oc=5,Yahoo Finance,2026-05-08 07:00:00,False,neutral,,0,0,0.0,lexicon
458121bd8aee,ORCL,Jim Cramer Says “I Think That You Should Go With Oracle” - Yahoo Finance,https://news.google.com/rss/articles/CBMimAFBVV95cUxPS3J4dm9JTXdyZWNISHllV3JMdTJkTExJUVZLUE9acjNIN0lMRlpPazFvMHRnNGMxc0luSXVHMk1INDNobnBaaVRZNjFFNW00eE1tSXMxYkN0TUNHZWhOd3ZmRWVQREJ2WjBZOXZvSndIdXFaUXhoZ0NMdk1aQ1laNEt3dGZGRkd1WFV2UUVWYXVSWV9MdzlNNg?oc=5,Yahoo Finance,2026-05-08 07:00:00,False,neutral,,0,0,0.0,lexicon
511ced5cf0d7,CSCO,"Cisco Systems, Inc. (CSCO) Is a Trending Stock: Facts to Know Before Betting on It - Yahoo Finance",https://news.google.com/rss/articles/CBMinAFBVV95cUxNczJadkZGaHZwSlJWSXBjbUY2amFqVUwwTW5GNXJCdUoyREdlTlQ3WHdUUlBQY0hadnQ2Z3UzRGx2TEhUbGNTUXZnRHFibnczdEN5Wng0aFBtZ3diMThxU1hUV3dOUEd1aGJqWDBWTlc3d29zOE81MHpuZWc4S2hNOGZwRE1sbjNIY3dHamx2U1NpclpBVDJYUjJRaHM?oc=5,Yahoo Finance,2026-05-08 07:00:00,False,neutral,,0,0,0.0,lexicon
959511b44068,V,Visa Just Posted Its Strongest Revenue Growth Since 2022. Is the Stock a Buy After Earnings? - The Motley Fool,https://news.google.com/rss/articles/CBMimAFBVV95cUxOVEgxczR5ZGV2Mi0yRXo4ZTdOWDFTaGpqRTBjYXBlZEcxb3VZVkN6dFUxdURSOVkyajUzR0ZBcTZJSE5zWFl2Q1MtLTdDdjBwTXRPYVIxYXR6WFpoVktldmVHaXZsNUxPUzdxSzR5ZUlZa0xiNjRUeHlGSTFlYzgyM2h3YUd5aS1vUUFsWUs1eG5HaGpoYWd3Vg?oc=5,The Motley Fool,2026-05-08 07:00:00,False,bullish,,0,1,1.0,lexicon
e5408e5c5cfd,QCOM,Qualcomm Just Ripped 70% in a Month. Is It Time to Sell in May and Go Away? - Yahoo Finance,https://news.google.com/rss/articles/CBMimgFBVV95cUxQYVItMzNmeUlVUzVCdEUyWDN4Wkd3dzBNUTQ3X1ViX1ZHZHUwd1ZPM2JGazNMVGdwbXNYYW9BS0kydWhXYnpucVdxZHhzZkFINjFZNmZXWGJRemRXMjhsa2Ywd2k2clotYWo2UVVxTUxsLU1fWl9ESk5CTHZWVVNiRnp6ZFZ3QlJBQUVvTG1Gajh5dnJfRXd0OERB?oc=5,Yahoo Finance,2026-05-08 07:00:00,False,neutral,,0,0,0.0,lexicon
ef7a349b621c,MA,Are Wall Street Analysts Bullish on Mastercard Stock? - Yahoo Finance,https://news.google.com/rss/articles/CBMipwFBVV95cUxPT2FGY0VDcTRmZmpER0twWlB4X2ZwSjFHNmpoVkMzZXlleVdSTXYzbHAzblFyODRzTGRUTThSUXRyUHFxRkJXclloM2oyX2JnTGN2Y3c4VHZWNHdZNF9qN3lXMUxnQi00VUdoTUlaenFQdU9MdWpBa3RrNGV2QU9xNmJmM2ZWTkF5VTZIUFhFSE1LLUo5QW1kWjVGd2Y3Q3lZX0d3TmZSOA?oc=5,Yahoo Finance,2026-05-08 07:00:00,False,bullish,,0,1,1.0,lexicon
f85793a4b43d,AXP,American Express Just Showed Why Berkshire Hathaway Still Likes This Credit Card Stock - The Motley Fool,https://news.google.com/rss/articles/CBMimAFBVV95cUxQalUwRmN5Ri1JNDB5RmhPcHYzXzlJY0lhaWJ5TzBMUkptV2I3ak16MXBhUHJpSmF4U2R0MldIcXRQdGFid2hGUUM1dGNxTW1Ebi04MjB5a2NJdGlyZ2JXTkVFMHkydmZXU25EbnV0Z3VZcnlObzFOZzNWM05iMEtHT3g3RTFKZThhSHdqVXdjWGpKY2Q1NUotNw?oc=5,The Motley Fool,2026-05-08 07:00:00,False,neutral,,0,0,0.0,lexicon
eb910c33b02e,UBER,Is It Finally Time to Buy Uber Stock? - The Motley Fool,https://news.google.com/rss/articles/CBMihgFBVV95cUxNZU1Md2M2ejcwSkFyZ0M0Q19nN2E0TlI5MERwQklRWl9SVU5MbXctdGgtNGprSFNiNGpubjNDZlhFMHVpZzU0Z2FUWVNDNDIzWmZTV25FWUVnVEc5YXdJd2lxaWsxNGY0V3FJT25TNk9FVFd5anNFVTI3eTk5cVVlRjk0elRDdw?oc=5,The Motley Fool,2026-05-08 07:00:00,False,neutral,,0,0,0.0,lexicon
ea3ab2f51283,COP,ConocoPhillips North Sea Revival Ties Undervalued Stock To European Gas Demand - Yahoo Finance,https://news.google.com/rss/articles/CBMipAFBVV95cUxOR0k4RFB2bFBud2JDXzlRamUxTzBaX0hzVnJwaVZ1Xy1TNmF6b3NIand4V2RWeFZ6Ykk3MUg2M2FpXzlSZkRSc21QZ2QwTjZoNTFJZm05MUtIRXRCUTlzc004Rk9FZE9PYW0tbG9QRE42dVdBbmNpc1N4bXYwVXFqUVJKYlNLZXdEdlAweF9HeGhEeF9GRk9LMTRmbW9QaFYxMUN5TQ?oc=5,Yahoo Finance,2026-05-08 07:00:00,False,neutral,,0,0,0.0,lexicon
ccbe4b94aea0,AAPL,Apple (AAPL) shares gain after Wedbush raises target to $400 on AI optimism - Yahoo Finance,https://news.google.com/rss/articles/CBMioAFBVV95cUxOMmVCaDB1MmhyQzU0MF9MaEVVc0VpU0JBOTZIcDh3Z2dEZGhHRXhTVVZFTGF0b2Q2S2IxWkl5SXJLRXdLZkhQTURUUWlnOGdqSzFVVUlReWhRWktBR01fQUlfb045d2x6bl9tYkg0aExhMi1zQ3dPRlVvbkhkel9VTWhBVFB4bVgyVkNaaTFWWWVmbFl5VVYwZnFSRUNsc3c3?oc=5,Yahoo Finance,2026-05-08 07:00:00,False,bullish,,0,2,2.0,lexicon
2a4a512afd55,AAPL,"After Earnings, Is Apple Stock a Buy, a Sell, or Fairly Valued? - Morningstar",https://news.google.com/rss/articles/CBMimAFBVV95cUxPb2ptY29uSmx1ZkQyTUdmRmZoZzF5SU9tb1ljVkpuQld3MFVwZnZ1MzZjc1l1cWtYMHRsTEQ2TnNjemxCaDF1ZWh5Tjhib29aQWpCR2dfNWxVRF8wNG5ScXNZMGVRQ1hyNmdQMWVFMHVsQVU4d3g5Sl8td1ZjMURYRTE3RXI1VnVjQkxZY1hMalN3aHdVZjdOdg?oc=5,Morningstar,2026-05-08 07:00:00,False,neutral,,0,0,0.0,lexicon
915fec8fd05f,CAT,Jim Cramer Highlights Caterpillar As One of the Backup Power Plays - Yahoo Finance,https://news.google.com/rss/articles/CBMipAFBVV95cUxNVmhuUTdGXzFhZ0N4WEc0am41M3drdEVfZzBhRmRyQW9LVjVSelFCUzU2Y0syZjZ5b0RaVnhtS20zYTN3TjB3YTNmMXQtS3pVVDk4aXN2QXloS2tmS1V1eHdDY19iTXNDWmJKbzd4RVlJamhYZWZxVTU0NG54aEY3TWV2MkdQZC1CbHNTdmx1V0xmd3VSc1FQN0N6N09aRXJGUFhJWA?oc=5,Yahoo Finance,2026-05-08 07:00:00,False,neutral,,0,0,0.0,lexicon
3ecc195b3567,PYPL,PayPal’s $6 Billion Lifeline (NASDAQ:PYPL) - Seeking Alpha,https://news.google.com/rss/articles/CBMidEFVX3lxTFBQV2VHUEFDcjI0ZzRKQ01ic3R1RjlzaF9JWVBNV3ZwcDVsU2FGNExXN3UwUThtbnlCQV9Gb2JwSkVuVkFfRDhTT2taS0JacGt6cXYxWVF3cFN5UHptV3FzOUVTdmtSaXdmNDI4RUh1NVczN1o4?oc=5,Seeking Alpha,2026-05-08 07:00:00,False,neutral,,0,0,0.0,lexicon
e477e04e32d1,BAC,1 Reason I Will Never Sell Bank of America Stock - The Motley Fool,https://news.google.com/rss/articles/CBMilgFBVV95cUxPbWtTNFFyMFlXdXhqYjl1b3I4M1N6WkVTSjZUbFgxUG9GMTJ6WlRZSmtlRVNTLXV1ckVmd0lqNFhKNWtBNDdVSXI0aTdMbEpHbnJ2aldOYTJqczRQUHF1LXJsU3F1ODdHTFQ2amRlaWUzYlRQeFpvNS0tREs5VW9VNzlwblB6OXR2Qk5qYU14S2g0T0ZFTGc?oc=5,The Motley Fool,2026-05-08 07:00:00,False,neutral,,0,0,0.0,lexicon
ec355e504d7a,PEP,Is Wall Street Bullish or Bearish on PepsiCo Stock? - Barchart.com,https://news.google.com/rss/articles/CBMimgFBVV95cUxQTDBydXRxLUFFclNjQ05uazZzeUc2UE02bFNjQVZWbF9mOE5nai1McHRPZ0puZVFnRnZXMFdldkNOR25ucFloWHduaVFSWFJ2SUctVWV2N1NMeGJPMGtFTkRETDhyUm1sV1BOc3V3Y1U0RWZkQW1QeVVTTkhKb2ttdldKWVBxeUhtUUt1Y1pYRzF0S1Vla2RxQ0JB?oc=5,Barchart.com,2026-05-08 07:00:00,False,neutral,,0,0,0.0,lexicon
041d31e91e1e,GOOGL,"After Earnings, Is Alphabet Stock a Buy, a Sell, or Fairly Valued? - Morningstar",https://news.google.com/rss/articles/CBMipwFBVV95cUxQZTdTSmFpLTM2a3dzejNfZHdBUFFmVWpRbnQ3alZWb0VnVy1ZUlBHbEtZQl93MHVSU056YXdXMDJxV21PRHg1cFJxMzl4cmpsUk9PNDhqOTFZbW9Rd2k0YWhGVWYxMVdqd0J0WHdHWVBWNWdJVUdSaGhDNmkyZW55Q0xBZUo5S2ItcEVtRnFVRFhuTF9uNWRPMklQV055TF9FLXVSVUNHYw?oc=5,Morningstar,2026-05-08 07:00:00,False,neutral,,0,0,0.0,lexicon
80adc7655a51,PEP,Is It Time To Reconsider PepsiCo (PEP) After Its Mixed Share Price Performance - Yahoo Finance,https://news.google.com/rss/articles/CBMinwFBVV95cUxNT1VtWDVIbWVrX20zdTZhX0s5WUpEa3QzNHJ5aHZOZExqZi1ZV1NiN3FiQUNRTkN4SHVpOUI2SUpxLVdqaDR1LWg0VzFITk42UlRrN1B3Z1B4bEhjZEtvZXczZnlhS3lxVUNhVVpwUjlHaGN4dndHaEZrdUM5WG9BaFZzekVySkE5Q3J0UjlFMjZ0MjNIbWtONUV6d2lSelU?oc=5,Yahoo Finance,2026-05-08 07:00:00,False,neutral,,0,0,0.0,lexicon
0943535c24e5,AMZN,"After Earnings, Is Amazon Stock a Buy, a Sell, or Fairly Valued? - Morningstar",https://news.google.com/rss/articles/CBMimgFBVV95cUxPSV9WUXZNS09ZSmRzbnU0YlZXMlIyM0xFTW9wRTdQZUJzTmNjeWlVUDFTMndNYXk5S2FqMXZoTU4zVVZ0SG42S2x2dVhzYXRuOVMyYkdWZ1RTR0lNczVoM3cwVmNHNzdvYVpYUkxBTHEtOGZWTU94RGszTTVyOFp2Zzc2X3lnbWNucDNySFpJbVpic3F5M1d3ZVlB?oc=5,Morningstar,2026-05-08 07:00:00,False,neutral,,0,0,0.0,lexicon
cb2a43935a39,WFC,Wells Fargo (WFC) Could Be a Great Choice - Yahoo Finance,https://news.google.com/rss/articles/CBMilwFBVV95cUxQYzkyTXhRWjRkSTJMWnhNdkZyb3FHcG1UOWpSZXJkdjhhaDNYMnRYV3J2dWxlNHhhMm05R1NSSEJucHAtOC1fNlA5SWo5VXhzNWNHVm9CNEtseXRYaFlvQTZWNkgwYncxNUNPcTJaUzlDRzNlSVNlN2hmaHFSWXJTUHEtd1JZM3hOeEpwYTJUalpBV0dtT19B?oc=5,Yahoo Finance,2026-05-08 07:00:00,False,neutral,,0,0,0.0,lexicon
090491fc32fe,MSFT,"After Earnings, Is Microsoft Stock a Buy, a Sell, or Fairly Valued? - Morningstar",https://news.google.com/rss/articles/CBMiqAFBVV95cUxORDZaQ2VuV09xYnEyNzc2S3FXTDhXTmhXMGpoM0NKSEJnd1hCWDFweFowZmZoUnFCMUZMVkNmREw2MXplRDAxelg4b09FaTZCeDFXSVdPeXJ0N3NmemJYeFdwd1dxeFJOUnpuZk90MDdjbFlRTGtpMWxFcW45X0Jqb2pxZVM4ZXhQX0dlV0pYa1NoMWx0REJMQndmU1FWQXVzazh6d2NyT1U?oc=5,Morningstar,2026-05-08 07:00:00,False,neutral,,0,0,0.0,lexicon
2d9d8325ee69,GE,Do Wall Street Analysts Like GE Aerospace Stock? - Barchart.com,https://news.google.com/rss/articles/CBMilgFBVV95cUxQYThaWGVqLVM5Q2Y3eXBnelJuWFEtUjZnbmpZc1dVUnh6bHhndWZFSkt0b3kyNWZwaHI2TGJzQkFMVFQzSHRsZ1Ita1FsTXRQWlI5dzQ5eVJqUkVLZnpXdjJiaWQ3RUQ1Z3FYWTVEcXpiWlBzcmozYURSNGU3Yl9TTnMtM3ZJbUdjc1EwZWstWllYY1UzbXc?oc=5,Barchart.com,2026-05-07 07:00:00,False,neutral,,0,0,0.0,lexicon
e48c3c818718,MCD,McDonald's CEO says consumer spending could be 'getting a little bit worse' - CNBC,https://news.google.com/rss/articles/CBMidkFVX3lxTE9IRlJqd3l5SEZyNTN3NlUwMmdITDBoLWxGUzZ4QVdOVEZ2VnVYdFE3VDM1YjRqdDNjRXRud2NKRXVlM3hraTBMLTVuQ0F1WHdfRVY5Nld6Smt6VkhlR3NTbGFnRFYzYkFyS2RyLVlRRGhHZXJqNFHSAXtBVV95cUxNcHZKend3eGJqQ0V6QnhwNmE2ZGotM2RFeXl0RGJKMkFTNm1WRzNRQXlPSGo5enctT0c5dWF0SXBheDhNMlRLU2l0eXEzNC11TWZodnQwR2g0VEI1VUx6YzltTEZIZHpFQ3JLVkpUeGVXaHFaeUlFWFNlem8?oc=5,CNBC,2026-05-07 07:00:00,False,neutral,,0,0,0.0,lexicon
bf66ad86385c,PG,Procter & Gamble Stock Is Down 14% From Its 52-Week High: Here’s the Path to $176 by 2028 - TIKR.com,https://news.google.com/rss/articles/CBMirgFBVV95cUxNeXRmZ1NCVXdvV2pBUXoyTzRFYS1UN195V0J0bnpzbmxGX1l0NnhKMExMYjVRYmkxSEpxb0VyOHRiLXNHMEx0QnhEMlVHVVcwelBNeWdPc0VMQ1hKeE1ZSjhxSTlGYWpTaDI4VU5GeEVvT1JWUWM2Q3F6dXdqaklOa2pjd1AxblpWaERuZFZfLUJaa2tEUVBRNF9hbDdNNHBxcEdEeUNXVGRzaU85NXc?oc=5,TIKR.com,2026-05-07 07:00:00,False,neutral,,0,0,0.0,lexicon
a7b97acb3fa7,HD,Home Depot Stock Outlook: Is Wall Street Bullish or Bearish? - Barchart.com,https://news.google.com/rss/articles/CBMipAFBVV95cUxOS3ZUSUMzcmZWSEM5NHZZTFo2TUxSdmE5MVdBVHJIMFFlYWNaaGhxaVM1VktLSVM3YWF6bk0wU0xNMk1BcXJjZFNWNHprWlBhNmpUdEw2VHZteVVwcDZjRzk4Z0htYU9FLUFvOG9qN1RLRHlaeVFza3VabHY2ZnU2Z21mYTBXd251RjBZUXdrcmhPNWVySVd2Z1VNT1lWcm43X2p4Mw?oc=5,Barchart.com,2026-05-07 07:00:00,False,neutral,,0,0,0.0,lexicon
f0b269528e74,HD,Here’s Why Home Depot Stock Could be Undervalued at $427 - TIKR.com,https://news.google.com/rss/articles/CBMihwFBVV95cUxOVXA3cVRIVjFfak14ZV9TNFBmNTNKcjhIT01RVjJrTU5YYmN3RTE1ajRRVlJUUlN3azhTTGVQanV2a2VCM1drTjlwUFp2NDFwcGRtU21hZWVLdFI3dWZaMDRQazgtWlVCZnd3bU9mSGNUM2s4TjFrTnhsVTZoNzBxVTdWbjhZRzA?oc=5,TIKR.com,2026-05-07 07:00:00,False,neutral,,0,0,0.0,lexicon
85e6331c8c9b,XOM,"Argus Hikes Exxon Mobil Price Target to $169 as Permian, Guyana Production Power 2026 - Yahoo Finance",https://news.google.com/rss/articles/CBMimgFBVV95cUxPZ190Slc4eU5lNmtTN0tCSzMxUGFoV1pQbVJ6d09PdFNYT3owNGNlLU9abnJXR0FGQXFiZ1BaTXNtTjg0cWtiTndDZ3FGTTBPa2pJNnVRU1hheU5fZGZCQmRWakFwb081dmk0em03ejl1Ymk0VXYzZDFjNnB1ZlJXUExzRENkYm9zemdYREZ6MUwyNlpoN3dXZURB?oc=5,Yahoo Finance,2026-05-07 07:00:00,False,neutral,,0,0,0.0,lexicon
357eedcb13f7,PYPL,PayPal is no longer a growth company — and that's perfectly fine - Moomoo,https://news.google.com/rss/articles/CBMidkFVX3lxTE00bXdLRmJvejBENDRjZ0dmajhJR3d1TjhMU0JUcHpvUndKdHY3amhvSHpQMXNxdEh0VmVpN25Yak5zOGZRalR6aTZKNGRfTFhBYlY0QUNZVlpRRE9lT1dCTmpsM1UyRDJLV2pUQmRlMF9yRjk1cXc?oc=5,Moomoo,2026-05-07 07:00:00,False,neutral,,0,0,0.0,lexicon
b9af64ce4235,GE,GE Aerospace Stock Has Been Unfairly Punished. It’s a Buy. - Barron's,https://news.google.com/rss/articles/CBMigAFBVV95cUxNOHN0QVpneUNkZi1EdnM1aFJvSkw2UG1hbEcxMVRta043WDR2c0tiVzNsVGdzT25vcmtqQmQ2Q3RQNXZBNzZRQzlxQmZTUzRPdklEZEtnbENWTzZQdi1VS1hjVTBjeXY5azJvUTM3NXFyMmFodGpxeVZtLUM3YUdIUQ?oc=5,Barron's,2026-05-07 07:00:00,False,neutral,,0,0,0.0,lexicon
34be35a1f4b5,BA,"Software stocks stage a comeback. Plus, why Boeing's CEO going to China matters - CNBC",https://news.google.com/rss/articles/CBMitAFBVV95cUxNWUZya1MwcnVCVGpmTjk2cE1oQXYtR0podHpfRlpheGtDWGRMTzI1cjBJWkRvSjRSRjVEYThwVXFzUzIzdGx5TWRJQVcxY0RLakNnT1JDVlJGVkxaMFFIemdrZ3pZclltSk8xNUg1Zi1FdF93SUMzNXNldWFod1V0YjEteXBnYU5faW96WHlSQVlkd2E2ZDM3dGJzUHFaaHltcHhEY0ozUFVtcmxaT1Q4ZEw3Z24?oc=5,CNBC,2026-05-07 07:00:00,False,neutral,,0,0,0.0,lexicon
c7c6c8e868f8,COP,Here is What to Know Beyond Why ConocoPhillips (COP) is a Trending Stock - Yahoo Finance,https://news.google.com/rss/articles/CBMioAFBVV95cUxQMmpZOWtfLVViSUluckVsdTJyQTFlcktwX1docnloMGNIZnlTb2FTeWdpU0QwSGtHVVRQdktMQmw1NUR1aEJuQUhxc3dyWDB0NDhqbERmYkhYRFJ5M1AzR3JObTFhc1ByZUxWSzljWlpiMC1CYkw0SWF6ZVVDNlZ2TmN1aEYzV19qVUNpTUNUbmJrVDA1TGZDZEdOcG9YNGoz?oc=5,Yahoo Finance,2026-05-07 07:00:00,False,neutral,,0,0,0.0,lexicon
d6698da293a5,TMO,Thermo Fisher Stock Falls 20% Year to Date Despite Earnings Beat. Here’s the Path to $628 by 2028 - TIKR.com,https://news.google.com/rss/articles/CBMiuwFBVV95cUxQSC1vMGhHaFdvNk5CYnk5TmpRYldXSHhlT0w2Sk5ZSGhhTzdxdnpxclhrMDZFbldxMHZabkZ3aWw5dE15T2trWFFVRzBjdlNIZDVheGZqUlVITkIxT09sRlpOdFhDdlpGaEFFTDhqOG9fWkJaZXFWY1paeUdNWjZ2bkNZVmFRV0pvM3o3amhuZE9IUVR3VG1FWlIwNEo1QWUzeGRENVEzTk9LZTN3UlVtNldxcU9tX2xCNFBN?oc=5,TIKR.com,2026-05-07 07:00:00,False,neutral,,0,0,0.0,lexicon
b387844c0794,DIS,Is Disney Stock a Buy After Strong Q2 Results Under New Leadership? - Yahoo Finance,https://news.google.com/rss/articles/CBMilgFBVV95cUxQeUdlQWV6UkVGLUt4THh4aVpNc2RjWnhBS3piVmg4ZmVwdEd3Vl91czFDZlBpZDlzd2JaMjZCSzJxREk5R0NXUklQaXdVVVVPRkpMMkN0d0JrQVdibi1pSklVRjNORXhZZk9QaTY0eU5fcmtCMlo2SWlfQXJ1eXNBZ0ZwR2lvczBuY3FZc0YtNFdwSFE0d0E?oc=5,Yahoo Finance,2026-05-07 07:00:00,False,bullish,,0,1,1.0,lexicon
ee81b7f317d4,TXN,Texas Instruments Stock Up 58% This Year as Data Center Revenue Grows 90% Year Over Year. What’s Next? - TIKR.com,https://news.google.com/rss/articles/CBMiwAFBVV95cUxNWVhSc0dzeXl5RkMtRW1NQWRLVUxEMDJ6elhmUGNoS0JRNEZINXRwSmlZSkF3UVotaG5aSzV0clV0eWJPd3hPQmNnekRVR3hUNXJ6ZjdLZUY5bWdhUW1sRk40WjJGQ2Vyd2kxOXlDem91bHhwWW10T2VxNmFQaTJWZVFRX0RQMklIdkx5V3Zsc25QcGpOSlpScV9WakpCc0M1YTBGQ3N6WURscWNVTWxSTjBKWGd3NlVWWGJES2hiR0k?oc=5,TIKR.com,2026-05-07 07:00:00,False,neutral,,0,0,0.0,lexicon
0ee1cec5a224,MCD,McDonald's beats Q1 earnings estimates despite challenging environment with value meals and new menu items - Yahoo Finance,https://news.google.com/rss/articles/CBMi_gFBVV95cUxPVUh3eFlFd25lNzE5SWYzOXNnbUdqVlFXVHc2T1U4YmhseF9CRjV1ZzNQOUx3RGY4ZGFGZFpNWkMtMEpGc2ZsdDYtd2V1cnBaU1VuV25KeEJLN0I3UDhoNDR3Y18wY3NqZmxwenlWN3NxVjI5TmF2alpBUEt1YUp6WG44a2Y3c2RUVVdiS091Nll3anpGUjJ1UmNxT05XbVY5UG5JbkJnXzdadERkcDNxT3lGWEtpcVotVVM4dEY5MmFYVWhoc0V5djdMYXJHcURCRkRNaHlGWl9Ta0ttdzlFaEM4V1N5S2VjQ05EbzhjcUF2WE5NU2o0bUR2RGNDQQ?oc=5,Yahoo Finance,2026-05-07 07:00:00,False,bullish,,0,1,1.0,lexicon
c31dec596103,ABBV,AbbVie Stock Beats Q1 Estimates as Skyrizi Hits $4.5B in a Single Quarter - TIKR.com,https://news.google.com/rss/articles/CBMinwFBVV95cUxPalhMVi1hR3NodGVmN2plN0pvZ2N1NnI5UENRQmt2dzdNMS1pY3pfdi1zcXJvSmFZMkpTc3VudUdEbkJ1U1oxNk1XM2VWSVUzaVlUeVhaTmE2Uk95ck9pQWZmQ0VtVlplVmhYZFkwcjByRXMwamE0VkNXRDktWjZqVlBCcVpyQ2pVZUNSdFplejUyaGg2SUpCQUJyNUlWZkE?oc=5,TIKR.com,2026-05-07 07:00:00,False,bullish,,0,1,1.0,lexicon
9b4fe6aece90,AXP,American Express (AXP) Stock 2026: Buffett's 35-Year Hold - Gotrade,https://news.google.com/rss/articles/CBMihwFBVV95cUxOUlZXUVIyZXdCNXFPTUhmU2U3VzNmOEMwRTIycmFkaWhFT0RYd1llZ3BYaGR4RmtNMkc0SlU3UWdMYWlqSGVRaFA5ZGZ0eGJSNWVCSEF0UzQtbHg5ck92U3VERy1DRld2LVdVMnByd0NaRExLd2RLdUpFSDh2eG1nSUtCOExRMkU?oc=5,Gotrade,2026-05-07 07:00:00,False,neutral,,0,0,0.0,lexicon
f42b6e37fb1b,KO,Coca-Cola Stock Raises Full-Year EPS Guidance After a Strong Q1 Beat: Is $86 the Floor? - TIKR.com,https://news.google.com/rss/articles/CBMirwFBVV95cUxQdDUxTUp0RklhTzZUcTFLQVh1aTdhdFBPdlFXNlg4TTFRZWZFNldyUVNNNW9ZQ1BaSWd0clhJZDNSWVVZZjZvNmdEenY1SmZ6cjRLS0dUZ0RMVGp2RDNVU2N0c1ZDWjBfTEJER3lsRFdSTlNwZ1Q5dlJpU2gzNW94VXJfd2xLaktFUlVSbmt0UG1odzhLaEZvSENfYTVCRHNSWlltZGVLT0NUTGRVaG1V?oc=5,TIKR.com,2026-05-07 07:00:00,False,bullish,,0,3,3.0,lexicon
9b80d2610a7e,SBUX,A Look At Starbucks (SBUX) Valuation As Shares Show Building Momentum - Yahoo Finance,https://news.google.com/rss/articles/CBMiowFBVV95cUxPdWdPclktQnhCN202YXhId1lDMGxLRFBHNG15cThMcnkxU3FyS3pjLWxHZFYzY3FDRmtxVHNOSFNBaWw4MkU0VlF5aF9KdDJjUE9ROTBOU3ZWS2FsdEFFVFhqT3ZBQWdnWVE3V2tBd3lGQTVGZl9mMXhhNU43TTFFcS1VOXg4V2p6cEQ3em5TWG9rdGt6b1AxUWFXOVRld2ppM3Qw?oc=5,Yahoo Finance,2026-05-07 07:00:00,False,neutral,,0,0,0.0,lexicon
9627f16cde7f,GE,GE Aerospace (GE): 3 Reasons We Love This Stock - StockStory,https://news.google.com/rss/articles/CBMipwFBVV95cUxPel9oeXBjbmk3VEJwR0I5RERUMmVfQm95VjBkclYwRERBcFNrU0NWTV9OZGlsTHdCYTNYNk5iTWV5ZTZ0RUNxcDcyUWktOGYyRDBYbmFjaS1CTEtJbzRIeVdJMlFTNElpdS1IQVVMUGhEMW5wV3ZMNDg1MkFUOTE5UHJENm1jUU5RU2o5bUpLU2cwSm5kemFfRVVHeXV5ZWZZWkx6YnZSZw?oc=5,StockStory,2026-05-07 07:00:00,False,neutral,,0,0,0.0,lexicon
c02c36c42bf7,HD,124-year-old Home Depot rival hardware chain closes its last location - Yahoo Finance,https://news.google.com/rss/articles/CBMikwFBVV95cUxOUlJtdmk3dnJuMGo3MEUyeG1ZTUVMZVVlNFZWb2c3NXlIWS1EYlliUDF1LUxyNkc0ZEplTnZneFdwOERsYnJ0d2hUNzJtQldmV0Q2SnhxYUsyVWhtMVpReXpQZW00X2pVWlh2TDBBRWx0WDVGZGcwaWU2cy10UlM3RGo4SmFlLVZlRFNFS09iUWxzWU0?oc=5,Yahoo Finance,2026-05-07 07:00:00,False,neutral,,0,0,0.0,lexicon
122fc9e1bd6f,CSCO,How The Cisco Systems (CSCO) Investment Story Is Shifting As Analyst Views Diverge - Yahoo Finance,https://news.google.com/rss/articles/CBMiogFBVV95cUxPdV9qVlRIbW0yZFFHT2w1T1QwQkEyWUtFYVdpUWJ4WVFLdTl6YWt2OGYya2JabXhhcGVJTGNlZ0tRZGVaNFdBUnJDck4xbXcwT0JiQWNoTUxNT3hxbWRkNzlyYzI1Vnl5T3pfbWR2WmdYX0thZEFHZklNaUNQb3JIbVlSUElfdEhmTVRzSzA3Q2phLWNqdDlYOWI3aXduUjhaYkE?oc=5,Yahoo Finance,2026-05-07 07:00:00,False,neutral,,0,0,0.0,lexicon
a2b927859a4e,PFE,2022 Pride Journal - Thriving with Pride - Pfizer,https://news.google.com/rss/articles/CBMiXkFVX3lxTE9YVndWQXJWWnNVVEFXbTNlb3R0elNRZXFCUzlBc3o3VE5Icm9vQUZ0UHc1NHNQNUNCajFDeGFrTHFTMGFwd1kyQWlGdmp4VFRyN0tPemFESWMwTEN1eXc?oc=5,Pfizer,2026-05-06 15:50:45,False,neutral,,0,0,0.0,lexicon
9083b090ba6d,DIS,Why Walt Disney Stock Jumped 8.6% Today - The Motley Fool,https://news.google.com/rss/articles/CBMihwFBVV95cUxNM1B1REZmMWNhUTlqTTEzdFJveGVfN2JvWXgzX2JzS0RPbTIycmlCSWttRjJkMUd0MGZXMXpkcnllZWlSZGxtS28tcHJMWGZib2NFU2NzV29Xb0F2Y2MzN1AySEszVko2VkJfd2dGZlUyalJlc1AxSkVNZHNGOFZyZldMU1RSV3M?oc=5,The Motley Fool,2026-05-06 07:00:00,False,neutral,,0,0,0.0,lexicon
da7bb685b67f,CSCO,Cisco Systems (CSCO) Earnings Expected to Grow: Should You Buy? - Yahoo Finance,https://news.google.com/rss/articles/CBMiowFBVV95cUxORjVtUjZkRHVtUWNLSy13LW5SYXhJTkVjd2V2RjFNM09CWHN1aXROYkR2ZUtWZ1lmdUNuSmRHMEk2WklsY3lGVDhPYUtGblZvTGZIZWt0d3JLc0hEUzdkSlVVTVY4TzIyeFN6NHR4NzI2bm9yVXdwcDdZQmx5dGRidTM1WHRwTHUzZEFXMGtJbURfc3FoT1dndzk5akxCZk5UZDVn?oc=5,Yahoo Finance,2026-05-06 07:00:00,False,neutral,,0,0,0.0,lexicon
077c8b42a550,PYPL,PayPal Stock's Bad Year Just Got Even Worse. Is This a Good Time to Buy Shares? - The Motley Fool,https://news.google.com/rss/articles/CBMimAFBVV95cUxQWGFLV1NySXc5LS1qbVBrSlRsNkNXUjZReEdERkVMN3pkRExxYTlzZ3RONTBkV1hQVXc1QWNMcS0ySFg5N1B0WTJzMTVta2VVem9Xejl4ZnJpbGtHbEJqM3hqby1zWTFKYXVOTEh2dDk3UWNDLUpVYi1PZ1hjYmtYU0NRblYwUkNOQlNybGgzbWZrc1hOUmxVcw?oc=5,The Motley Fool,2026-05-06 07:00:00,False,neutral,,0,0,0.0,lexicon
d051fdf098ab,PYPL,Is It Time To Reassess PayPal (PYPL) After A 34% One Year Share Price Slide? - Yahoo Finance,https://news.google.com/rss/articles/CBMimAFBVV95cUxOQTYwMWJWQnZvWFlUaVZ6RWhYM282bDBjLWR6Tmw2cU5INTlBZ3l0LVM5UFdGUnVfa1o1TUxYbEdwSUVJX2xsMUV3eWR2NFJvUkx5RDRWdC1lN2Exenh5RVpoZVNfWFlXcW1ta1Q0dVlIZGxfYlRmenQxX2NITThrQ1c3NzRYV25HZ0VvaHR3OG1hcGNtTmdvVg?oc=5,Yahoo Finance,2026-05-06 07:00:00,False,neutral,,0,0,0.0,lexicon
1a7820409665,V,How Much Upside Can V Stock Deliver? - Trefis,https://news.google.com/rss/articles/CBMimgFBVV95cUxNZTBqcmYtRXpZTlNOMVNIWDRuX1h1X0FfbmZIS0h4M0dmclV1bnZ0NlduU2xxRTRFN1puVVd1dlpKdkFTamo5b1d6WDZ4dkdtUUk2WldERm1UMmgzRDZQQUxHaE9SQUI5MGxadkV5dmJfSHgyb0luYndFbDJQVTFVYlZZa2tYUjNRLWVRbWVsR29FRHJkWWRQeW1B?oc=5,Trefis,2026-05-06 07:00:00,False,neutral,,0,0,0.0,lexicon
61a0f0989cf5,DIS,"Disney stock rises on Q2 earnings beat, US park attendance dips in first report under new CEO Josh D'Amaro - Yahoo Finance",https://news.google.com/rss/articles/CBMi_AFBVV95cUxOcDJqbUYtX0VFWnRaUVR3X0lXVXdWVlRZRlNWZWhPSjlfdTRSVExYVURMTUZPSVd1ZjlBbU8zY2ZiY2hRTG5mdTZYRHZrcjJrREEwUFl0ak1reUJwNV8zcC1Sd3VKSHY3WjRlTzFCUFBGU0lWRllmOVhEbnNyZkZlYmxOUzk2eGN4RUFSb3E0M3Qxc3VYZGdvS2RpNjZyc0NLOV8zeFk2MjVMM1ZMMDZqdDNXNWpNTlQwSDQtNzVvdE04YXg2eFZVaDJtdUtGYWt1bDZjYU1Dc2hpaktZc0NIZ0xrckFUamlZX0pMbDBoS0MxTVgyY2c5d1NmUTY?oc=5,Yahoo Finance,2026-05-06 07:00:00,False,bullish,,0,2,2.0,lexicon
ecd691a4eb71,COP,Are Wall Street Analysts Predicting ConocoPhillips Stock Will Climb or Sink? - Yahoo Finance,https://news.google.com/rss/articles/CBMisAFBVV95cUxOS2FjY3lUbDlQZk9mV3ZoOHVEUmdvaUNPazNua3FxMUdYU3dUamx1TFUyX1l0MnFvZFRsblJnV2tPOE5Hb3NkWEpXNVZES2oxZXAybU5RZ0NyNHFlNXhEXzhwME5tVHRTbEFVa3FORUU1SHU3dm56eV9walJjMl96NThSLVFyYTRHeVpUZ0tGYmJaVVJLSGhZUXpINmRhcEQxTWNrdVJPOERGVDkzMmdMeQ?oc=5,Yahoo Finance,2026-05-06 07:00:00,False,neutral,,0,0,0.0,lexicon
d28a81f10642,DIS,"Disney Stock Surges On Results, Streaming Profits Boom. Warner Bros. Misses Views. - Investor's Business Daily",https://news.google.com/rss/articles/CBMi0gFBVV95cUxOTjdmSnVVbFhkSnJISXNvdVZKVzJRWkV1WFhEM3BIQXdBVVpiYVpKVG5ObDNqamdRZ3dsb1FhZzU0T0dDYjBGY3ZtVEJVdG1fdWRqQmdRV2VLSERmZnI4NmxRMF9ieEtMdGp0ZXNSRFI3cF83NkxYX2ptSUJ2QkZCUENaTEZSdXFvbXpLSFpTc2RMZ2gwLXZWc1ZZYmNTWTkyd1ppOVpwTXdkV245UnkxR2RtclRUZkR4UXVXVl90UzQ4MjcxdWxlZ1VsSzR0SU15enc?oc=5,Investor's Business Daily,2026-05-06 07:00:00,False,neutral,,0,0,0.0,lexicon
3b557b014b3c,TXN,What Are Wall Street Analysts' Target Price for Texas Instruments Stock? - Barchart.com,https://news.google.com/rss/articles/CBMitAFBVV95cUxQZUhLeDlONFM2UjRDNnRRX01zbU9pamN4WTlGLXpkZkV4Sm4tWldnUTg3eUJrMnNhdzJtZllxUVRWcGJBTDJJY2VvR3JDYjBUaWtfNXVJSGVoLVlUcV9MckMzLUxmTTBTQUZBTHZGSTNFWXJOemlpVHJFUGFkRzE3OWx6Q0dPWmJoNVZrM0t6YUxlTi04d0JwTGF1S2kyVFZMYVdTXzJsMTNKWGIzenU2WVg2RV8?oc=5,Barchart.com,2026-05-06 07:00:00,False,neutral,,0,0,0.0,lexicon
4882e73ce120,COP,"ConocoPhillips (COP) Stock Trades Down, Here Is Why - StockStory",https://news.google.com/rss/articles/CBMiqwFBVV95cUxOQy1BRmNqZ2s5MVBzU3Y4NVVic2pqWlZ1d2hZbFBjcmFhUmNDczZ0SGJ1WHM0ajE0RTVQaVJRb2JIQmo5RHZZSXZzNkd4OFlwTlJERlNBYTg0cDBpQ0hPeDR0cm9lTlczeDljeDVTNGlzNDlRck1zbTVJdE9LNmlKem1CZGIyU09rWmp1Q2FHc2hmc0UyUDVzT0w4ckdxSllxSXhRWGMwdmlFNEk?oc=5,StockStory,2026-05-06 07:00:00,False,neutral,,0,0,0.0,lexicon
5ea9560accc4,PYPL,PayPal Stock Drops Despite Strong Results. Is This a Buying Opportunity? - Trefis,https://news.google.com/rss/articles/CBMiywFBVV95cUxQc3p5cWMtMlpHLWs2WnhfQXZWRWE4b25pck5tVzJFVTBfMTdUWDg3TGY5M2NPc1VkVkVTNmZOU01RV1NZLXhVZWFuV1JVMlpwZndmTzl1bnMxX2VFRFN0MDlFb0RkQm1VRkFLbnc1WXRxcDFGSmMtQklzUDRvTk44NE51UDB2MmFwV0ltMWtIdmpCOTVmcUpRcjJZZENwYXozdkM0VVBnVUtOMS1Eblo1NlNlejdIWktCaHB2WkJBQ0FWaDFYNjNTVlRIdw?oc=5,Trefis,2026-05-06 07:00:00,False,neutral,,0,0,0.0,lexicon
ec168c8dff3a,TXN,"Kulicke and Soffa and Texas Instruments Shares Skyrocket, What You Need To Know - StockStory",https://news.google.com/rss/articles/CBMi1wFBVV95cUxQSFlBNHI1WjBySlNCMWoycDJqR3JxZHpzUGdHOTFmdk1sblhSX1hYNmJNZm5VRm1yeENTSG1XR1RCa3JnLW05TklNS1h5RWVhUkRZeHlBZnozUlFBd2ZqWlBrTHpCZEt1MHVPWkQ1cG5rWWNkeURHT3FRTGJqcTNTdVlkdWlRcDUyWVZJODgySlJJcnNMZmp3RzZqOG5lMjdSdVE3QVFsZmNjeDRZa0NWb2stMHU3RW1iZ3pUY3lFaWhjWklobjlCbFpuN08ycExpeGxmU0xYYw?oc=5,StockStory,2026-05-06 07:00:00,False,neutral,,0,0,0.0,lexicon
97334af9b7fe,TXN,"If You Invested $1000 in Texas Instruments 10 Years Ago, This Is How Much You'd Have Now - Yahoo Finance",https://news.google.com/rss/articles/CBMioAFBVV95cUxNX0RWeXZMbFJaZFItcW5sSzNHazBMVW9YQXV6UGFyR25SblpnYVI5YmZKUjBjT2NmalZoX3hMSXFEMExFM0lzZjFqbFNsUkQ4VDZudVBrZFl0cmlGdVpEWVNyNXQzWTZvbnRzM2ZieWdYbWx4VDlQalQxbW10aWl1UENQZjdSSDB5ZExXMi1ycmJPX2Rwb0NuaDhxeHE0dHBR?oc=5,Yahoo Finance,2026-05-06 07:00:00,False,neutral,,0,0,0.0,lexicon
0877c8a504a4,F,"After Earnings, Is Ford Stock a Buy, a Sell, or Fairly Valued? - Morningstar",https://news.google.com/rss/articles/CBMilgFBVV95cUxQRTI3dWFPLW9icVRMckpjMDFsc2tacWdTa2ZEdnlERGcyeGVrTG5qQXRhandNV3BEVUNlSmhqOFBFWU5tV1AzdG5qUDBuanVFZ1kwVGNQQ04xeUIyOVFpaXVkLXk0elhpcWVuVWFGNXFqLUg0YkNoTVFXUTNyc18yc0V4YzVWZ04wVXlDTGZCUUFBUnJMUHc?oc=5,Morningstar,2026-05-06 07:00:00,False,neutral,,0,0,0.0,lexicon
f0309e1154a1,NKE,Nike’s 65% 3-Year Plunge Could Lead to 41% Upside Today - Yahoo Finance,https://news.google.com/rss/articles/CBMikAFBVV95cUxPUmVnb1hHYVdHckkzYmpIQTRkOHBHOHFyX0lSSEgwb2lWaF92SlduQ0N3cXdPTHRvNlJoeVlCTkJua2NuSDY2dFlkY3ZrekdweXpiSzhyMk1KbE92bG03YWlUX3pVUnZEa2ZlSWRncFNYaFM5dWk1Zk9RZE9adDVGcUl6UUxTRldnRTZVMERfVmc?oc=5,Yahoo Finance,2026-05-06 07:00:00,False,bearish,,0,-1,-1.0,lexicon
e422f66f77ec,ORCL,Oracle Stock's Breakout Is Real and the Long-Term AI Infrastructure Case Is Only Getting Stronger - 24/7 Wall St.,https://news.google.com/rss/articles/CBMi1wFBVV95cUxOQTRVdzlzZ0RDREprQUpRTVRqNUZ2QVBUQkVvb3RJZTBjem9JX2ptY0JDVlVwODVtaktHV3BEVnl0TDkzd3JaUXZWd0JKQmI0T0NrRXF5OVctcC1vYzBqOUJ3ajRNUWFVMS1GOUI1eGtmc0NRQU1WdFc4YnA2TWVBZEdoMzloTmc0NnQ0cllETE5DR1lhNmFOWF9aczM2RHQ2bHUtcnpfY1d3ODBDZW0zTWswNnFKdFRBYjQtQjViRFR6cUFMTnpCdzVhNWFUbE5OLWt1b19kNA?oc=5,24/7 Wall St.,2026-05-06 07:00:00,False,neutral,,0,0,0.0,lexicon
f86ee123a8de,PEP,PepsiCo Declares Quarterly Dividend - PR Newswire,https://news.google.com/rss/articles/CBMilgFBVV95cUxOZEs3ZTlQMUJLaGdXcVVOWFdmYldKOHZzbktxR05wR0lGOXJnZ3JKY0RsNHpMdmNPUmM0OHN4b09hOGs4emZUTUwzaHNwOEZOQllYWUFkQ21kbHBkOEpSMUM4MldBcU9LWnJwOFpnZVRvZUxFcENkcEIwcHpGUWRQc0czMzJLNWNOY3BBVVVTaUpLbng4M3c?oc=5,PR Newswire,2026-05-06 07:00:00,False,bullish,,0,1,1.0,lexicon
6621bee11752,PFE,"How Pfizer’s Q1 Beat, Oncology Wins and Patent Deals At Pfizer (PFE) Has Changed Its Investment Story - Yahoo Finance",https://news.google.com/rss/articles/CBMingFBVV95cUxQUVJtUmJoMmxIV25TQXlial9LMEdVakQxV1UtcTQwRUhwRXFobG90LXJKcXdDbUhLR1ZfSXZobUI2bUViWnJEQXVsWllhdWJYUDF5eWszNmFpVkIyWkdWLTdROG1ic00tb0x0aUdQc2N6WDdCbXI2Um5fU0JCLThTT2J6TlNoQlBhcll5WVdQblN6M2ExWDFCRVlNSy0wUQ?oc=5,Yahoo Finance,2026-05-06 07:00:00,False,bullish,,0,2,2.0,lexicon
bf463d8697d2,KO,Piper Sandler reiterates Coca-Cola stock rating on World Cup tie-up - Investing.com,https://news.google.com/rss/articles/CBMiwwFBVV95cUxPdXVaR0trLUtNd1piTTlkT2tNVDM0alpuNFpDZlk4c2Nfa21aNUprYU1oc1ZaMzhUYmhJSlVXMDNTZzFsZ1ZINlNGUVlraEdMakh3ZFdlV1ZLUDRLdmpMcmhnb011X3FNa1NlNzdIUlhNLWxreWp6OWJlYWtCUnd2TXFkQ2lISUwzZ2FvZmdlbkxPdFp3UC01c0JRb25vbFhtUkZNR0pqdno2aXFmclo0Q3RZZkdoYXB2U29SSjNrNEVxMTg?oc=5,Investing.com,2026-05-06 07:00:00,False,neutral,,0,0,0.0,lexicon
747d03384af9,PFE,Can Pfizer Stock Outrun A $17B Revenue Void? - Trefis,https://news.google.com/rss/articles/CBMipAFBVV95cUxNTFBZODhNM3ZOTjhkOUw4TVppSDB3dzR4RE0xM2t6c2VWdC1aWFRldUZPN05DSU5JeXVqRFJRRGpuTE1wTkJROWtXYVBlcGhNNmxvWXMzRmg2N0J1UXpaN3p4XzBBMHdES2V2N3ZZa3BPOHYxcDZYQ0duNmdudWR6enZCeDY1b2tyNEdWNG4zQjFibXM4SFRtb1NxZXQxSGFOYUFzcA?oc=5,Trefis,2026-05-06 07:00:00,False,neutral,,0,0,0.0,lexicon
161d35ce9d6d,QCOM,How QCOM Stock Rises To $340 - Forbes,https://news.google.com/rss/articles/CBMijwFBVV95cUxPUTRJMVR2Y041MWI3TUZOMmV2OWp4UmQxcU5CUXpjbWpONDFBbHFQdm5KUHcyZUtSTkpBS3BXVXdEMUdETXRCYmZ3QWJzdVhrRDNVMTk5aDRCTkpxSGZzVW9hTUJrWm1sN1dmaGVuM1lnU2F3aFR3N0lhMkdnTFBPYWhPdW9nelUycGZ3VWhXSQ?oc=5,Forbes,2026-05-06 07:00:00,False,bullish,,0,1,1.0,lexicon
77557c225a4d,MCD,Here's How Much McDonald's Stock Is Expected to Move After Earnings - Investopedia,https://news.google.com/rss/articles/CBMiuwFBVV95cUxNd0llR21tRUFldllmM3RudUtYUGE0OXJaektkYjRLbXFfczJqSmNqNkFwT3gxYnFwVjV4dUZQOUxxRjFIZGtqV0sxbTMzOGpJTTdBLXI1clFSMFhhcElOQ3hLNXhaVVp2MHFFYUZMQXVqMHJRYklDdTZTZjFPSzdYalUwUEE2WFdEcG1zeVFUdml3SE1LWTZMVUwwUWdlUEFySzY3WkRGa1lqNlRCSFlsaG1fZEY2Z2IyWXBF?oc=5,Investopedia,2026-05-06 07:00:00,False,neutral,,0,0,0.0,lexicon
9cf127842265,TMO,Is It Time To Revisit Thermo Fisher Scientific (TMO) After This Year’s Share Price Pullback - Yahoo Finance,https://news.google.com/rss/articles/CBMipAFBVV95cUxQMmNTaTRfOVpnLTZSNEgzaEpKeW44cU9oc0RTTTlValVyQ3Q4RzJlS3dZQnk5REdQTFFpMGo5aGNsLWJ2TWRHRHVacklqUU4tVHY5amFpZG9iTktkQTdiVVFVUXRSLUlRUlJOaVJFbl84Vm9PMlM3dVc1dGRqMHY1TnBLN0ZOdXNYNXpTalhNcnNjb1pYT0dlSXNzSDlmdFVGNy1YQw?oc=5,Yahoo Finance,2026-05-06 07:00:00,False,neutral,,0,0,0.0,lexicon
4f1318f155d3,XOM,Exxon Mobil’s Next Big Milestone Could Be $197 - 24/7 Wall St.,https://news.google.com/rss/articles/CBMikgFBVV95cUxQQmdfWWtZb0xzeWE0cHBrVzlRVjNxakVlMUxhZUF2am9hYUl4cUFPZHBLUE1lUjZRNVZzbVIzaGY2ZHdad3hJTWd6a1d1YnFXYzVueTFST2JYOXRoWUFLUWNUMG81bm9mbkZKeENwTldYQVllTFRoZ210ZG9TNDNUMDlvRl9NU1lPOUI3VkxoV3U0QQ?oc=5,24/7 Wall St.,2026-05-06 07:00:00,False,neutral,,0,0,0.0,lexicon
0ae7275bf3c5,NFLX,Analyst Downgrades Netflix (NFLX) From ‘Buy’ to ‘Hold’ - Yahoo Finance,https://news.google.com/rss/articles/CBMiogFBVV95cUxQU3kxcXRmZmI4SmxzOTE4YTlUQTVHV3k2RjliRTRNdDJEWjg5TFM4R1pxdHdZcER5TDNhbF9zMmpBLVRSU21EaEFSMEhWX0tUeDBuYjNSc1oxRkVJOXFZVEU1LXVoOVVYUlI1ejhLQm5oYjMtMWMwV0gxQURhVWdHY3MwOFZQQnBsb01NMURUdlhac3cwZXZ0eDJxaExnaE5kTlE?oc=5,Yahoo Finance,2026-05-06 07:00:00,False,bearish,,0,-1,-1.0,lexicon
8cf9383e701e,ADBE,Adobe Systems (ADBE) Stock Sinks As Market Gains: Here's Why - Yahoo Finance,https://news.google.com/rss/articles/CBMimwFBVV95cUxPa2tBYXptcjc4eFdSc3BKbGZva0lORDlPbDhCMUEyRE16NmNjT2plcXlMcWRQSVZxdTgxZ3V1a0VUVXlDb2h1QzViZlZzbUMwVWhqaUU3UkFtNlhRVHFnSmdJZ20zeUtyWDR5SWNvdWFyWnAzLVR5dTF1VHlOQkJHQWs0VGFBTGg2cmZkVDlrOUFYOUJna1c2c2pzdw?oc=5,Yahoo Finance,2026-05-06 07:00:00,False,neutral,,0,0,0.0,lexicon
db573fb5f59c,GE,Analysts See 24% Upside To GE Aerospace (GE) - Yahoo Finance,https://news.google.com/rss/articles/CBMilAFBVV95cUxNZHdwRDU2WTNMVDVWWGU0VlNXX0F6X05vRzc4TEhCekd0V1R2UmthWlZmYmo4MndRVVp3Rmd3bDZ4Y1poa0h3cDFCcTJTOHd4czBvNWk1SlZXNmxYamVFVlBrWXZ5a0JqNkhjWTRRYk1Oa3cteTJGN1A2MzB3VlNLZWU2T1JPN19ZdjNYcHpIeFQwMlgt?oc=5,Yahoo Finance,2026-05-06 07:00:00,False,neutral,,0,0,0.0,lexicon
20891f183d7d,NKE,"Nike Is Down 32% This Year and Under Investigation by the EEOC. Is NKE a Buy, Sell, or Hold? - The Motley Fool",https://news.google.com/rss/articles/CBMikwFBVV95cUxPaVhfTG02a3dsaXJVZ2d3dmtTeUZObEhFaXJhVjlLVjRzMWlsR0s2Z3J3aXphQXkwbXgwM2NOd1o0RFM5TzFoYS1EUF9rWlc2ZFdLWVNIelRpbHQtamlKX0FSWktNS1VVYzE0R2ZVYnBPNERtNWtib0ZGdEdZUGxjUUVtcTE0bWV4SUpLRWhoSGt0WVU?oc=5,The Motley Fool,2026-05-06 07:00:00,False,bearish,,0,-1,-1.0,lexicon
f2b98cf23935,DIS,"Disney pops 7% after streaming, parks drive revenue beat in first report under CEO Josh D'Amaro - CNBC",https://news.google.com/rss/articles/CBMickFVX3lxTE1nNlQybU9GNThkZzNnWEFzWnVMZU4xdE81eTB5c3ByVXNiWXN3MEpMTWRnaUE1a0YyMjBIRHVFZ3lrOTU0bGlFSHdOTzlDSTJmbllWZklnWkxsSzZxdDk5a092ODVFSVJROTdrdm5Yb3FmZ9IBd0FVX3lxTE8zTElMYlJaaGp5dm5CeFZZM2NNZG9PN09wb2F2YXNQalpHbEd4aE1nZUhHYXJLREx4QWU3aWxKQVM2Sk9LV0dWTlI1MWdjc1NaWHRCWVhFZDA5QXp6cVZjdlVFNDdTR0VkNkJzdjVNR1pITG5aUGJ3?oc=5,CNBC,2026-05-06 07:00:00,False,bullish,,0,1,1.0,lexicon
4079a304c4f6,ADBE,Adobe's $25 Billion Buyback Sends a Clear Signal. Yet Shares Remain Dirt Cheap. - The Motley Fool,https://news.google.com/rss/articles/CBMimAFBVV95cUxNazhVR3g2Y1ZmTnpVQ0JNbTdHVG5sWjJUWkk3MV9ZMHdvV1VIUS15U1ctelZDMmZUdmRiWnNJV3RNemZ3MkhvSGVqa1dPcDBOamN5Y2VPNEFfR0JlcjJ6aVNUaW1tZjFMYUpEMFByRXA4dnIzWE0wc3puM2pWUmNWUVlyZzVoMnZaTGp5NlJhdkJyeHZQSVpTTg?oc=5,The Motley Fool,2026-05-05 07:00:00,False,bullish,,0,1,1.0,lexicon
e75f522b2500,BRK-B,We May Soon Find Out Why Warren Buffett and Berkshire Hathaway Have Almost $400 Billion in Cash - Yahoo Finance,https://news.google.com/rss/articles/CBMilwFBVV95cUxNempXZkpvWlR3T2NENWphTE5idjl4QkhUajlqOXhCZ3pVeTdPVTBzNU9LeHpvLVBYbF94YVhEQ3YyMndyc3o5YXA0NzRHWk1QbzhOM1BqS2FocVNaQ0lVY3JVWndaanRpUWphV2Vpb2JKNGhORHdKb1RsU1ExajFCSDJBRWpiSmRkUl9yTU43X0NpMjFBeGZj?oc=5,Yahoo Finance,2026-05-05 07:00:00,False,neutral,,0,0,0.0,lexicon
886bcdd02888,PFE,"Pfizer tops Wall Street estimates, reaffirms outlook as newer products show growth - CNBC",https://news.google.com/rss/articles/CBMickFVX3lxTFBrZHdWS3A1blJxbjF5OUVqVzZSUzFFVklCN3B3NjIxNkpUQm4tdG40TUdWTHlHYU5XaDFTSkNCbzZKbktFQnBQR0JacVdlY1ZfVk5MTE5GOFAwcEFhdUF6bmZMakJmWGlPYXJieXh0Nkh1Z9IBd0FVX3lxTE5Zd2piU2tXNVVnbmtJdnRvenlrV1gyUi02MGxEbGw1VlRtZm9xbTkzejNIczluWXE3cnFCQmExV01IR21FN0ZjVVFJXzZGajVVeHJ6dlZvNHZkZkM5a2JkaUJJNUx0WlVBTXBmY3hCSWJWNU5Sb3VR?oc=5,CNBC,2026-05-05 07:00:00,False,bullish,,0,2,2.0,lexicon
fe5edd21f001,GM,Is Trending Stock General Motors Company (GM) a Buy Now? - Yahoo Finance,https://news.google.com/rss/articles/CBMipAFBVV95cUxQRnZBNElNSFlTYTBwNEp0WTQ3WXhYWVJkckQ4YS1FSnhyQ3NrMlg0UUFkcWdjekk0OU9PcnVId01VQ3VISFNKdVh2U1hCbXFFMHk2QUgxZUJLWDRFUVJOSWVNc0RRb2pTa25Xb28xNlRwVjBMUm5UcENPZVI3Nkg5TGlrdi1qSm05SFBnd3cyeTUxMW15bkU0b3YwWEVPTlRLYVp6bQ?oc=5,Yahoo Finance,2026-05-05 07:00:00,False,neutral,,0,0,0.0,lexicon
0405c04f57d6,ABBV,Is Trending Stock AbbVie Inc. (ABBV) a Buy Now? - Yahoo Finance,https://news.google.com/rss/articles/CBMimwFBVV95cUxOeWVsQ1hZbkI4WnVBbzd3bmNMTDZGUU9MZm5xTlVsUnBuOTBHTUMxbkJuUEgzYU5ieDhBMDBYWFBjZ0ktLTA5eWRWMmxQVkF4Tlo5d3FuWnJBSk80ZzBYcXJER2JaVGhrMHphMkx1YVM5WW1nXzJtd1lDN2hyemFBX2Y2LVU4cXRMcWpDMVN4eWZZUnZKV0lFTGtzRQ?oc=5,Yahoo Finance,2026-05-05 07:00:00,False,neutral,,0,0,0.0,lexicon
0bcaea9979fc,CAT,"Should You Buy, Sell or Hold Caterpillar Stock Post Q1 Earnings? - Yahoo Finance",https://news.google.com/rss/articles/CBMinAFBVV95cUxOVktlaHFKYnlha0lZbVJLamZFUXdKb3hLMnZSN1NjZ2hmNDlXQ3hIcUZ0YXloX3ByaVZaR2tNR2NmUEVtem43NU5TMHhtV19Qc1pocFkyeXJZLWdOa19vTEU4cm5EcFdMLXljcTE5a0x0N013UEtsb3hwS0lqWnpBMVl1YkdDWVc3UjZ1ZVRYR3F4ZlVZS0U0T1RMX1I?oc=5,Yahoo Finance,2026-05-05 07:00:00,False,neutral,,0,0,0.0,lexicon
280d292d971a,PYPL,PayPal Shares Are Sliding Despite Earnings Beat. Here's Why. - Yahoo Finance,https://news.google.com/rss/articles/CBMipgFBVV95cUxOaTZ5TjZwTjRBMmdrODNOa3gwZDlKTVM1czJPdmhZMTZKclJDV1MtbkZtQ3BJeTlPcHR4Z3YxRTZ2V0tjeEpMRGpmZlU5R1d5N0R3VGR0M1pBRW5RcHFJeWF4MVdjM3VKQVJKSmx6NzNDd0s1UXk5RzVkMTFVbl9JTncxM0xRcFBxdzhOZloxbURqVlRVUkpneVNLUEZ4QTlSWWc0aVpn?oc=5,Yahoo Finance,2026-05-05 07:00:00,False,bullish,,0,1,1.0,lexicon
cbdeea610253,CAT,Caterpillar Stock Jumps 8% After a Massive Q1 Earnings Beat. Here’s What Could Drive the Next Move - TIKR.com,https://news.google.com/rss/articles/CBMivgFBVV95cUxNS19RMG50eldDOWx0bGVSMmU3d1RvNDVVRXZqYU5hdTdlUktsUVhrTlN5eHcwWFp2aWs3R191NHM3TkxkLTQwUzNFNXQ5cjF1N3VpdmxtcExLOXZxZ3pQRTZwNkdxTkQ3VVJ5X3JGTjhfdU5QUWd1VnA2TjRfemJfcHNjUHZtb1lNeXRFVUV2dldzcFZJbldTSEtFbVBFaGs1cDdvRlVEUE5OSEVrR05RVVRjTUYxV0FJVlBHOENB?oc=5,TIKR.com,2026-05-05 07:00:00,False,bullish,,0,2,2.0,lexicon
2d83856e2865,PYPL,PayPal Earnings Beat But New CEO's Commentary Sends Down Shares - Investor's Business Daily,https://news.google.com/rss/articles/CBMikgFBVV95cUxPOW5pcC1VVnhfcEZDVmpRdXgxR1h6OEM4YlBwc0NVbXJpNWV6VFE4VjBEYWk1RkFBaGtoSzFOdnhVOGJTYU5TSnNHSjNpNENfc3U5LUxYQmlScW5kTWtXazk3Zk44cXVUME1JaWFvZXF5WTVpNTkzQ1dOOXM2dEdEYUNMVHhVWlVab0xfd2JxU0xJdw?oc=5,Investor's Business Daily,2026-05-05 07:00:00,False,bullish,,0,1,1.0,lexicon
fca62bb07cea,JNJ,"Put $5,000 Into This Dividend Giant and Earn Passive Income Every Quarter - Yahoo Finance",https://news.google.com/rss/articles/CBMikwFBVV95cUxOSWlPalZtNGpSTFBRYnBaaDZ0LXlaRm1RZm80aG9WaE1fVTRhRl85TzA2b25CeHdfUUlBS1J3VFF3TXY3aDRTcl9LRFlwMU5STlUxS01qZFZEOWFpdjk0REEwOHdhSzF6QVNCcGRldTZiaHkxR2FQUEtJdDNZam9mdW83Uk9SQTVDbFNZT05TWThRQjg?oc=5,Yahoo Finance,2026-05-05 07:00:00,False,bullish,,0,1,1.0,lexicon
50a148ae4fb5,META,Meta’s Cheap Stock Is an Investor Trap - WSJ,https://news.google.com/rss/articles/CBMif0FVX3lxTE11WDNITWRORXdJZzNWcDJVZHhwUkFsYjBmcVlPMzRaVThBT3dHR2pKejJUX3B4Vm1GYkxXOWF3NUNxUlltTmFuNC1KaDgxclRubXdibFd5cl9iZmEyZU5vSE9yVHZmNjJZSTVHMVJrNEhEUDhnTW81N2V3M2hkN3c?oc=5,WSJ,2026-05-05 07:00:00,False,neutral,,0,0,0.0,lexicon
0516681824fd,WFC,Wells Fargo & Company (WFC) is Attracting Investor Attention: Here is What You Should Know - Yahoo Finance,https://news.google.com/rss/articles/CBMioAFBVV95cUxOQmEyeGpWdUtfemdTRUp1Y3hwU0NSWnRsMHYyelVLRGpTdmFlZW9yei0xZWRYUm8tM1Z0X2FhalNKdE1vOXhhYTluaHdfeTZsV2xTM2UwUERNN0haN3hTS1FqZ0g1TnlWVXlNMTcxRHhDV0xCZDBoWkZnOVFGNVEtSHBYdm96RUdNcFVPTGFMQmJjeVNsaWdia3BoOFdPelRX?oc=5,Yahoo Finance,2026-05-05 07:00:00,False,neutral,,0,0,0.0,lexicon
690cf0b652bb,BA,Are Wall Street Analysts Predicting Boeing Stock Will Climb or Sink? - Barchart.com,https://news.google.com/rss/articles/CBMisAFBVV95cUxOVzhDMmQ1SjFLZGtRSHJnTFg4NmV3Q2V1MF9jM3BnQ3VDbHhPSUhMdEJpTjBBZ09FLUZpa0k4YzJXVThxcnVybFB5U2k4RDNIT29wNjRWc2hvTzBNZTk4ZVZYdlZNOHRRaktTeXdMb0QycXpkNmI2T0VBNE1OZG9SSkRtdGVyd1JYQjZPWThXOUJiSHhkRWZKRk1oc0dHUlFOeldjdVluZGFhNFlaS25MSQ?oc=5,Barchart.com,2026-05-05 07:00:00,False,neutral,,0,0,0.0,lexicon
86e70a7d893b,UNH,UnitedHealth Prior Authorization Shift And What It Could Mean For UNH Stock - Yahoo Finance,https://news.google.com/rss/articles/CBMiswFBVV95cUxQVlhjcGJKcVhoVUViQ0E4OGFJNEJFcENEdGFDUWNoejBhc3RYQlg3Wm9KUGE1Tl9HSFVEV3JoUnRNaU1OeTNOVFVWWVNuTU1ZcXZBX2F5TXVndVhIUlBpUG4zLXJPNDlJVmJHUWcyNFpUbFlSaVVtdUNRR01nemlpVE04aG5yRXBJZ3JLOGNrN09EdWdrMXVJN3FaMVp0VUl1eXhrVFRTTjFYeGo4RlRfZlRodw?oc=5,Yahoo Finance,2026-05-05 07:00:00,False,neutral,,0,0,0.0,lexicon
3ce8b6df0c89,UNH,"Goldman Sachs Names UnitedHealth (UNH) to Conviction List, Keeps $435 Price Target - Yahoo Finance",https://news.google.com/rss/articles/CBMiqAFBVV95cUxPSmVBdHBGLXBILVlBclJTMVphZzhzNUhydHdsVHFpZjJER29TNnQ5TVNSc3dZYTUzX0VjNGMwMDR1OS11aE4tNnJjMU1QMVJWUE9MUTh1LUwwWFFBMVdMZ2d2TDd5aTIxMGtTUGIzbXNQOHRxZFc5ak9yRE5Fa1J4T19sTlJ1VDYzVTRfcTVkU3VRbkxnX0Zoc01qaXRxMUc5a05tUUluWFg?oc=5,Yahoo Finance,2026-05-05 07:00:00,False,neutral,,0,0,0.0,lexicon
2876888e7f2b,NKE,"Bets surge against Nike, heaping pressure on CEO Hill - Reuters",https://news.google.com/rss/articles/CBMimgFBVV95cUxOaTF4bDNtNFlBY01IZXBIcEdnMXNHNUhoWUgxRmVHaDF0cjMwdWRGQmZRUU91eU96UjBieWFmcHRoTkpJbWluckZfdXl0Z0E1UnFIMl9Da1g0S093aG1ubG12bE9Ib2hycXgwUTZVSEJJUDRZN3RxM1BFZy0wVUxHQ3hzdl9xTmFyb2VzcEJ5V20yMk42anRINWhR?oc=5,Reuters,2026-05-05 07:00:00,False,bullish,,0,1,1.0,lexicon
6169c5b1a33c,PG,What Are Wall Street Analysts' Target Price for Procter & Gamble Stock? - Yahoo Finance,https://news.google.com/rss/articles/CBMinwFBVV95cUxOR2U3UU5EbV9BOVBaMnBuMk1LeUxkRjNWOFZpR1FOb2FNc3BUYVBYNHRwd0xKWE5PdHoxQzJFc1k3dlVBUU1OUWM1RXE4Z3M4SGZIUHZjN1doQXdvdklIVi1kNzNBQlViR244YVNWU1RTUWpOVGJkbkJmRGE5US1pS2puczZVemNDQ0h5LWdFZUE3elJncUlVbDNxZERsZ2c?oc=5,Yahoo Finance,2026-05-05 07:00:00,False,neutral,,0,0,0.0,lexicon
2ede1a230173,DIS,How Will Walt Disney Stock React To Its Upcoming Earnings? - Trefis,https://news.google.com/rss/articles/CBMiuwFBVV95cUxQbjdCMzN5OGVfWWlzRVhyTG5Ea3o0clJZbGxna2FwVkoyYV94SlpmNWtiRTVoaGVZY2d6WXhZblBDaGltOVBBOVdnQkZmaURmVHAwcElVSkNXUVl3a2w5WHlGVzlGbmVyWUgtcUpMb3NDcWEwbUwwZkl2dWR5am9XNTNCWHRWalQyQVhXdUdseXZxUjA0Z1psRjVqdDdJZFB5TnNCNTZEVzRRY2taOGx5WXpLVmZfc2JET1ZV?oc=5,Trefis,2026-05-05 07:00:00,False,neutral,,0,0,0.0,lexicon
34a53dae7955,V,V Stock: 3 Impending Events That Could Invalidate the Thesis - Trefis,https://news.google.com/rss/articles/CBMiuAFBVV95cUxPdFVkR2d6VjNTdjNjUEZ1eWN4THd2dFR5YThCeVYyUEhIMmdpVWxFbmdWQlVNUE1mNllaQ2JGMngzWER6SmN3Q1pycmp5MUpRbHNOY0wtNmx0a1BqcVU0enJiQlpBNXhCQnllOGtBSXFVUEwzRTA4UTF6ZkVhSDBDUGUxa1ZiNmdkcjFQUjBncFltUGdZLU0tcHB4Y01TVDNqMHFGV3h4NWlOampLcmRfZmMzVkJ3Y3Yz?oc=5,Trefis,2026-05-05 07:00:00,False,neutral,,0,0,0.0,lexicon
3f0c1306f6a2,SBUX,"Jim Cramer Big, Explosive Prediction About Starbucks (SBUX) - Yahoo Finance",https://news.google.com/rss/articles/CBMiogFBVV95cUxNN0x5YktkVW1ibXpjajBXdHdIeHp3cURiZ0lORFV5QnctTmRTT3NUU0lWSTg0ckNDdGtndjJTZGJkMEx4YnRobnlqclFDZkpwV2JOa041WTEwaFZzc3Zzb0huZGFhRExiNGdXTTE3SG5ITmxCRzZSUS1PZUxtNlEwVmsxUlItSVRROGxhVGpjQ2F3TlBYOTh5SWtmSlNvNG1BWXc?oc=5,Yahoo Finance,2026-05-04 07:00:00,False,neutral,,0,0,0.0,lexicon
e01a398b2d01,TXN,Texas Instruments Soars 62% YTD: Is TXN Stock Still Worth Buying? - Yahoo Finance,https://news.google.com/rss/articles/CBMimwFBVV95cUxOaG9tY1k1WTNQMEZCcXhKVWxHdXRGamNkSkJyc2JvczdRREpvRVFwaU1qWXNtc2dULWJ2MjlxTWRKUVVOeG1wUnR1b0Y0WGdKMm9BYUlwSU1jTmJFSk84NHVWTVZyR2pFZVVYekJHWDRQU214b0F3WEx0OW1WZnExNUFCcjMwS2lJLXlSbVZYUGgzQ2haVTZiMC1Naw?oc=5,Yahoo Finance,2026-05-04 07:00:00,False,bullish,,0,1,1.0,lexicon
3a861ea78750,PG,Procter & Gamble Stock Jumps on Strong Quarterly Earnings Results - TIKR.com,https://news.google.com/rss/articles/CBMimgFBVV95cUxOa0M3aEV6ZW9OelN5TjJ2eDZEc2R0STJQQ1ZLZkNhV3ZiUS1jLWVnSkNFR1Y3S0tnM0p2ZDZTTUo0MENIb1ZsempaNC1mX0JFMWdDcWZvNmljV1NrcmlCVi1VZ09iSnlDUWN4OTdtNFJ6UUhGSTZ2YWpLOWpqUDBnYlVlRk9HbFB3Y256VXA3U2l2TE9ReWxueWtB?oc=5,TIKR.com,2026-05-04 07:00:00,False,bullish,,0,2,2.0,lexicon
536bb738e847,CSCO,Cisco’s Path To $106 - Trefis,https://news.google.com/rss/articles/CBMihgFBVV95cUxQUnpUT1VtUEUtNm1PQ2xPbHVnNEdfY1QwN1RDTWdLTllIbFhBWThGd05JV2ZIa0NlQWFudk5vTHJDWXdfb1ZXWGl2bE5XN0NKZEZDNE5lTzdiMWJhdDlaQjRvWGdNeDZKMnlPOElLdDQyZHE2bzgzVTlja3lLZ1VVOHUwaXd2UQ?oc=5,Trefis,2026-05-04 07:00:00,False,neutral,,0,0,0.0,lexicon
818ff4bb8afa,NKE,Are Wall Street Analysts Predicting NIKE Stock Will Climb or Sink? - Yahoo Finance,https://news.google.com/rss/articles/CBMiowFBVV95cUxOUm9NN3pSMV9BRU1BOVlBd0hfZmp6TUNhd2pVX1BWZGxtX2lrYmpETmxXaFRZSmx6bHkwZzhNUk5RQWZnWnd1dXF2eTFEUGZWbWR3MW1Fdm5kdFNnaXhPRDhiYndvYy1ueS1weDRuMFlyRVI4emthanZPMkg3bFhROVlqc3RlN3RJaHFidnBINkpVYVpGQjdrMlBkN0kwSEZfbV8w?oc=5,Yahoo Finance,2026-05-04 07:00:00,False,neutral,,0,0,0.0,lexicon
12bd40e28640,NKE,NIKE Stock Drops 29% in 3 Months: Buy the Dip or Stay Cautious? - Yahoo Finance,https://news.google.com/rss/articles/CBMijwFBVV95cUxOVzd4TVB6ajhWRWk1bjBiZjZDU2d6WTNzdEVHM2lReDVjWXhPdGdjY3VadW43SkowTUVWWml5UndSa19NUnNCTnJfYTR3TVZTMWVuQ1MwRkZRY2h5Y1B4MTNsYTV0WEc0QmhEdzFOeVV6aDhCSzFrVHBrZC1vWF9scVRPYU91TDhZZ3RnbVNIWQ?oc=5,Yahoo Finance,2026-05-04 07:00:00,False,bearish,,0,-1,-1.0,lexicon
1429c0bc099f,ORCL,I’m Calling A Bottom For Oracle (NYSE:ORCL) - Seeking Alpha,https://news.google.com/rss/articles/CBMie0FVX3lxTE5YeG04ZmlFRndyRmlPT3N5QlNyZF9hODFyTzdRMnBNNkdVOG1OLWxHaldNU1hMS21KUW5tSGVENG80TUNOTmpnM25Ud1RNcmNQQWhGNzM4QWJEeHdSOVNickJuLWEyY3doVTlqS1ZBMk1ITUZMMVZUUjZGcw?oc=5,Seeking Alpha,2026-05-04 07:00:00,False,neutral,,0,0,0.0,lexicon
1ffd437a7ba7,HD,Home Depot vs Lowe's: Which Stock Wins on Capital Returns - Gotrade,https://news.google.com/rss/articles/CBMie0FVX3lxTE0wU29BMmdseDhIOWd4bFNmTG5GckN2RTJQTnlIcWlHR19qVWhubUJ5eDNPWTRwZXlIS2g5MDZmR28wc2xQYW1zb2UwY0psSkZMVTIzem1rZEFmVS1oNXhBZHV2RTYtbWJvRUpzRzNfWVJMdDBuUERQWVRhQQ?oc=5,Gotrade,2026-05-04 07:00:00,False,bullish,,0,1,1.0,lexicon
4d0fe321f195,MRK,Jim Cramer on Merck & Co.: “The Stock’s Starting to Come Back” - Yahoo Finance,https://news.google.com/rss/articles/CBMilAFBVV95cUxQeFd5UlpjVGkwVm9kaXpweVFVUkwwSkxrSzFnd0tzZzFqNHluTTQzQVlwOERqSU5wVE9fUmxiX3VteTItcFVHOXM4UUxnMEozS1V5b09Ubi13MG5kT05ycXBQcWw3ZUlBQU10azdCVjlXWGdEUGJCbVl3NWJxMjFmRTlOQVl0VU9KVEdMUHRib3BOQnh3?oc=5,Yahoo Finance,2026-05-04 07:00:00,False,neutral,,0,0,0.0,lexicon
33b20a42d369,BRK-B,Berkshire Hathaway: 5 Key Takeaways From the 2026 Annual Meeting - Morningstar,https://news.google.com/rss/articles/CBMinwFBVV95cUxONGlRcXRCVFZDQVRCOEFqb0hnQ3dFWEFScW84RkdzdnRpTThpZnlIZGt5b204OUp3UDROS2VPTjRTZ0MtSG9NRW10aE1wOFJtZ0xzNG5ESUFqN1o1X0tiZEdRLUJKcUdMdWhXUTduUHIzVDMzUEU0NDFuWUFwcDdqczNpN3V4bW1GbmtGNDNBZDJ0WFZLU3o3TzAtRXNYa0k?oc=5,Morningstar,2026-05-04 07:00:00,False,neutral,,0,0,0.0,lexicon
29346abbe015,MRK,Do Wall Street Analysts Like Merck & Co. Stock? - Yahoo Finance,https://news.google.com/rss/articles/CBMinwFBVV95cUxOSVNHeVc4OFdHWTlhSFV3MHJFQ01CMkZlNDFoUExTWFRZV0liSE9KRWJKdndGNVNQWHFRN08tWFVDeTJpV1hYRE4xWnRiLUJtLWxLTDNLRWhNR2ZJakthb29wZGpLQTJJemM0eTJhRnNhX2NnZmVUUHNQSFl4LUdvUjF6NnNnZmFGRGNnUlZPVHFMMEtpdmppZmRSUmw5aDQ?oc=5,Yahoo Finance,2026-05-04 07:00:00,False,neutral,,0,0,0.0,lexicon
85d15bd5d8bd,XOM,Balance sheet - Exxon Mobil Corporation,https://news.google.com/rss/articles/CBMiZEFVX3lxTE9semJfczlYdl8xUThiYTE2YzFBTVd5V1BydmVLeGY4ajFza3Frb1F3RW5GMjJaNnNKcHVzV25ld3UxeFNueDhoektkTF9WVm1vTm1pLUNxdzJDMXd3OHFpblE3Vlk?oc=5,Exxon Mobil Corporation,2026-05-04 07:00:00,False,neutral,,0,0,0.0,lexicon
2254e90fa927,XOM,Should You Pay Attention To Exxon Mobil Stock’s Momentum? - Trefis,https://news.google.com/rss/articles/CBMiugFBVV95cUxPX3lONkE2V0FqT3RLX18zX2pMb1dyZ2tkRzRsLTVaMjhvVkEyU3AtRDZYZHBPSThLLWdpa1JSV3p5Rldvdi1uY0ZGSTU2eWJTY1hmUHNjSU5WcHl1OGVjRzhFRktaQkE2S0dkRTNCUW00SERiMnE3c1hjeGpJMloxUlIybUFCRkVXWGUyeXJDN25VaktMaUdQUEthTGFmMno3enhfZV9pclNnNmNiTVhuUXpCNXpnUlpDMVE?oc=5,Trefis,2026-05-04 07:00:00,False,neutral,,0,0,0.0,lexicon
65b9132477db,ABBV,"ABBV Stock Up 5% on Robust Q1 Performance: Time to Buy, Sell or Hold? - Yahoo Finance",https://news.google.com/rss/articles/CBMikAFBVV95cUxNYTlJQmxJUm4xTUVlTU9rbUx6bVZGZFdwOHotMFZ4WGMzYXA5LU5FblhWVkFFYV9IU1lKbG1JZ3hBTjc4RHdFc3pkS3lSTkZPQXlvSThhUkFQNHFFdFNycVN1QzNZaWhTd0NUUnBLSkFaSUlzVzJGc0tVVk96WFdMRFV6QWhNX3FRZWtzYlpJS1Q?oc=5,Yahoo Finance,2026-05-04 07:00:00,False,neutral,,0,0,0.0,lexicon
017210e8ead0,GE,GE Aerospace Stock Is Down 18% From Its High. Here’s the Path to $405 by 2028 - TIKR.com,https://news.google.com/rss/articles/CBMioAFBVV95cUxQQWtwdjM2Mk4yT205WGxVVFFCQTRrdlIxWWtaQ1MwM01yX3pSdm9LcXh2amdTSmREangtbFZHdXZzUDJ4bzVnem9oWm9OYkZBNzgybmJMT0Vjc2VjX3Nia191T3RiNmxNcDV5WXp1cWR4dXNUZFVGckN5dmRka2FYa01DUmJJSGxFZFktT05fcDBMZU5FRWkzNGJoQ29xZTZB?oc=5,TIKR.com,2026-05-04 07:00:00,False,neutral,,0,0,0.0,lexicon
b178b2b20857,PYPL,"Dear PayPal Stock Fans, Mark Your Calendars for May 5 - Yahoo Finance",https://news.google.com/rss/articles/CBMilwFBVV95cUxQdi10VFhhdVhjanBJdjFJbWhpS29nMzdtdlB2NnJydGNjQmM4V1V5SjBid0NfRTB5T2RFRlZ0aU94RzdOSmxJVDhBbWh4OG9JemtOTFRVT2lsNVFxMHRvRTlCUk4wWTlGNHBjZmEwR01WbmJDRUFOZTlMTXYzNW0xclYxLXRHWHhyT0Y2UUxmSzlpTWo0WWRZ?oc=5,Yahoo Finance,2026-05-04 07:00:00,False,neutral,,0,0,0.0,lexicon
d2b9c6b5a061,TMO,What Is Thermo Fisher Scientific Inc.'s (NYSE:TMO) Share Price Doing? - Yahoo Finance,https://news.google.com/rss/articles/CBMinwFBVV95cUxQRERXWkU5bnpGVnN5bThzZmNmb3lpYU1pVzNjeGI3Sl81X1l3MVZMZksyTTdhRHVIYVV1OHJLNlhCS2ZZcUdkRnlSeFQwR0NNMU9HMVUtZXpPeXhaQlV5RE9lZTZ1SGZGNGRBazRpVWdtcFZxLU9KWWhRVEVFaE9DWkY1eWFEeHlkVlZYbGozZVcwdW8zM2RLQ1Z0czB5Qm8?oc=5,Yahoo Finance,2026-05-04 07:00:00,False,neutral,,0,0,0.0,lexicon
b1c1c549f0ea,JNJ,Are Wall Street Analysts Bullish on Johnson & Johnson Stock? - Yahoo Finance,https://news.google.com/rss/articles/CBMiowFBVV95cUxQM09SV1hNVnlGbE4tRTZKcVhoeUd0bXQ5LXYyZmc0QVc4RWVIb2ozd3ZGUWVrWlN3S0N0OHk2VjNWajQ1ek5oaEhJRUd4a2c3ci1DaUFwd1NvdTNOdUVLTlhxTm9peHZpT1RrdEFtd21NYXpzU05aRzJaUHVwMzF2WWF1aUdBS3lkcmZaSG1Vc1BaUXo5MzktYnNiWEdITnc5dTYw?oc=5,Yahoo Finance,2026-05-04 07:00:00,False,bullish,,0,1,1.0,lexicon
2a451f6102b1,DIS,Here's How Much Disney Stock Is Expected to Move After Earnings - Investopedia,https://news.google.com/rss/articles/CBMitwFBVV95cUxQaXdlRXNXcEQ1VWMwWFJkM3hnSW84dTg1a2N0UG90X0ltUUMxc2tHbmJaaS1mYXJYT29yNjJpaDhGNEZsTnRmNksxTVJleEprZVlRVEoyZDhhODRNMV9WVzJpV3N3VnREcDYyZzVnT0ZRYVdjMUs3T1pUeEJvYXJ4b0ZaMWJTTWpldmlPaTJNVi1RSTAyOXRILXg1UWhuOHhOVWhkNHM5aDlwaE9EeUJHNGVsTHlkckU?oc=5,Investopedia,2026-05-04 07:00:00,False,neutral,,0,0,0.0,lexicon
4e02367da89f,COP,Jim Cramer Left Stumped by ConocoPhillips (COP) - Yahoo Finance,https://news.google.com/rss/articles/CBMipgFBVV95cUxPNVNReXhIdWdwNUVkTE5yOUFHZ1lGclRVekRRcUVWRkEzeENERGNOT1duWFVpQTMtNGtwUlhOX0dmc0dhN0QwMGl5bmtCREVXcUlRMmFnc25QaTdySHNnZm9obkdIZ09FRVZGdHJkNm8wQUdBaDJMRF8zcDEtdF9BYkdvM21maEFpbFFRYVhmVXFnMW5GUkR5MjFCX3BRdDJpS19xWnpR?oc=5,Yahoo Finance,2026-05-04 07:00:00,False,neutral,,0,0,0.0,lexicon
8783e6ec3d2e,BA,Bank of America makes fresh call on Boeing stock price - Yahoo Finance Australia,https://news.google.com/rss/articles/CBMihAFBVV95cUxOdlpqRlRKZTFuNmV4ZUhldG1LUElXYXlQT2FERFoyWTFnRmlLaWN0UG5mSFNTUW0zZXFlZGU1aDRaaHlhVGVROWtfTW9fejduUUFyZ0I5WmVNbTlVc0pHQ2lZNndSWTdxNjAtVlUwN2VkeHl2TEg5QWR2cTRuTzRRVTZBZ2E?oc=5,Yahoo Finance Australia,2026-05-03 20:43:10,False,neutral,,0,0,0.0,lexicon
762dd582c502,IBM,2026 CEO Study: 5 plays for AI-first transformation - IBM,https://news.google.com/rss/articles/CBMijgFBVV95cUxNLU9RbDhqVVF4QWRLeU1BTUtFX0JROVdsaldmZk5BR2l5YlVwb2pVLXBsSHBORDNMaHVLeDhlUE9mWUNDN3l2OVl1QXdoSUdQVXhzSFFoa05EOUZROVg0SjRyNDAwVU9acmo5SnF4N1d4X0tIY2p6b000OXVzNDRVQnhhejdjd1N2N3JGMGF3?oc=5,IBM,2026-05-03 16:26:00,False,neutral,,0,0,0.0,lexicon
32fee1712af6,NFLX,"Is Netflix, Inc. (NFLX) A Good Stock To Buy Now? - Yahoo Finance",https://news.google.com/rss/articles/CBMilwFBVV95cUxOWmJVN1NQTmN0dk5UVkhBWGlkekZoZTEydGlyYzZxTGZESmJRQnBidXFEM19JODQ1V2JnMjltb3I1eWxHaHFwUDlfVVl2RlhzQzNaTTNVc1hEaHF6VHdvOGFXX2hLLWw2TVF1U2ZsT1JYX0VRTFN6U3dlUUk5R205N1lDZzBoR3IzbHE5TDM2cGw4R0l6QnFr?oc=5,Yahoo Finance,2026-05-03 07:00:00,False,neutral,,0,0,0.0,lexicon
d536cba05524,PG,Is The Procter & Gamble Company (PG) A Good Stock To Buy Now? - Yahoo Finance,https://news.google.com/rss/articles/CBMimwFBVV95cUxQWjItd3ZTVWdjYkVuSFdnM1ZiMGE0WGNIaHVzQkhkMl9sTExVRXNJSXpBVHA3ZU5zc0Z3OTMxYnVEWlFtbGZxYk11TGxTb05mSVhkMXpzZEMwXzd2bnhRYl9YWUVqQVZ0Z2pPWFAxTjN6NzZUTHdmTG1FR2FFck01UnZEY1B4bHRSLUFMYk5mVEpWekpQRUdZLUZvQQ?oc=5,Yahoo Finance,2026-05-03 07:00:00,False,neutral,,0,0,0.0,lexicon
1f8ab10bedc1,ORCL,"Oracle (ORCL) Stock Trades Up, Here Is Why - Yahoo Finance",https://news.google.com/rss/articles/CBMimAFBVV95cUxNbGVsbGRQYXowTFFZVm1nenNHZkxqNXZ3djdTQ0tiVC1qTmtab3k4WjQxd2JjZWVzckNOLVppcFNLampGTlNjbEJBRElJVGY2NkFFWmFUaXZkTmxWMkdmaGRmR1FJU05FYmNZZW02bWl6QWhxeG9ZOEpWY0ZJNXNXNGlNeVdHcjJrNlFkOU41WmpkOWIxdWtQNA?oc=5,Yahoo Finance,2026-05-03 07:00:00,False,neutral,,0,0,0.0,lexicon
ff52a97bd502,TXN,Is Texas Instruments Incorporated (TXN) A Good Stock To Buy Now? - Yahoo Finance,https://news.google.com/rss/articles/CBMipwFBVV95cUxOdG5oWWhNWmNYYUJYcFBrOGUzbktuOUJCak1EZWxtMmZaN0h1WHl4TERra2w2WGw5ZlZsVWxYVWdRTVM1ZVEwZVlpSnVRSUFYWXM5c19EdHh0NjNXek4xVnBLQjVXbnctNExFdno1Y0tnZWlfWWdneTBYd0dEeFVjWGVwMEJHRWwtNjVRS3FwSzByb3JfSVN0VGtOT1hlMklib2packxfdw?oc=5,Yahoo Finance,2026-05-03 07:00:00,False,neutral,,0,0,0.0,lexicon
779da5559769,NKE,Why Nike Stock Lost 16% in April - The Motley Fool,https://news.google.com/rss/articles/CBMif0FVX3lxTFByV0NMaDA1QzBwbm1jZWNpVFVhNVFlUklWSkpYTW5LcFNCNlpDMzBhcnFvVk9rT0JvWndleHU4aHlwTGUzcEY4Y0Q1eFlqbkQxWkt1TF9VbWczUnJ1RXV4bmtVdjA0NXZLZ2dHWEt2TlU2ZDZBamxvZGlEQ3Z1VlU?oc=5,The Motley Fool,2026-05-03 07:00:00,False,neutral,,0,0,0.0,lexicon
124840372583,NKE,"Nike slashes 1,400 more jobs as its stock crashes 70% from pandemic highs — and the real reason isn't 'woke' marketing - Yahoo Finance",https://news.google.com/rss/articles/CBMikgFBVV95cUxNMkNKZlBydkZXTzlMaktGc0VoZlZzZ0ZuVjlCYWlqd29FZnlscThPbm9Ka0VzQU84UkN2cHFFNXA5am5uNjJKSVVLNlJLY19VU04wSlhUVnZ1ZS04N2s1YUtSek1rMnBtekxNRlc0UHhXRVFGdWVpRmR6ZHR2dzR1Q2s5MjV0RWZyc3o0SEhOdGtrZw?oc=5,Yahoo Finance,2026-05-02 07:00:00,False,neutral,,0,0,0.0,lexicon
3a9bab3fec48,TXN,"NVDA, MU Top Texas Instruments Stock on Price & Potential - Trefis",https://news.google.com/rss/articles/CBMitgFBVV95cUxOSFZCSTI1ZEtTY095RmZ5X0JzYzYtZkhDdzBnVXlTZmNwSXRjYzNMMnVuZVZBSEhZa2pHUG15RDlyN0cycndZMjFUdE5ycGtCT1FIZDRISWxmWU9mcTdveVZHZUpxcEZkVXVsNUh0Tk1RcWE0ZnFZakpEWDhyUTREV01LcS1RUndHQWVJaWRjX2VPUnVfa3EyblU1WFVveTBJdGp3UVdKNm9saVJ0SkFVZTBwY3ZhZw?oc=5,Trefis,2026-05-01 07:00:00,False,neutral,,0,0,0.0,lexicon
183785934c6b,GM,The Reason GM Stock Is Beating Ford and Tesla. (It Has Nothing to Do With Cars or Tariffs.) - Barron's,https://news.google.com/rss/articles/CBMikwFBVV95cUxOTlZkZzJDa2NCcl9kcENFc0VhZ1R2NWc0Znh3TWlVZzV6bUw0TkI2OHM3VVRqSGhJT3ZaTUE5S3FkNkpOMVR3WkdrMXZROHdSamtUQ1ZibzlMNVAzbkc4eUt2cm1BNHBCaHdtZ0NRNWJpc1JDZng3TFcxaGN6US1mMnY1SFlhUG81bFB0eDJTakM2UFE?oc=5,Barron's,2026-05-01 07:00:00,False,neutral,,0,0,0.0,lexicon
c8754af16ed7,XOM,ExxonMobil Announces First-Quarter 2026 Results - Exxon Mobil Corporation,https://news.google.com/rss/articles/CBMixAFBVV95cUxPV21lRVBSNkx5NjNTczczMHZfX2ptdFFINDUtRFpPTlBSYmRfNHdCNGFoSDZwLWZ0OHVIblAya3VaaDcxQ0JycDBKTXQtdHZRei1wVFdZVEF3cW9VTDlmTktSRTFxV1pHN0lvVEo0YWk5cFhnRXpVbF9NY3dVeE53bVdRMzJ3VUphTkxtSkZEYXpVMUhzdG9HV0hvWDhTam5kNWdrX2d3X2syNEl0X3JFR0xvWldYaGZ6aHhFeEVNQ1dYaTd4?oc=5,Exxon Mobil Corporation,2026-05-01 07:00:00,False,neutral,,0,0,0.0,lexicon
74a9617d9bc1,META,Meta stock might look cheap if it weren’t for Mark Zuckerberg - Financial Times,https://news.google.com/rss/articles/CBMihAFBVV95cUxQbGJaMkdEWXZ6dWJWTldIenBuQmtDUFhGNHdzbHJKWWQ4NldXSGNIWXRaRG5ia3k3c1BFR1hNYjNIQmhyQWJTbVM1R3pLalBidHU5Mm9MbG83ZWtoRU5HT0ZESnBQMmoyQUZnVlh6ZzNwWmoxU0FLWEk2YzlBVzlHYUFjSWM?oc=5,Financial Times,2026-05-01 07:00:00,False,neutral,,0,0,0.0,lexicon
465c5d8bbd65,AXP,Is American Express Company (AXP) A Good Stock To Buy Now? - Yahoo Finance,https://news.google.com/rss/articles/CBMinwFBVV95cUxPQzhWSzlLNGJEVGtGUC1SdXZqMUhmN1ZZRUdnVXZhQmhDbkVlR1dMb3ZIRTFHWjZDZTJYVnlMNHBGaC1wQjZZRXRiYm5sa1hTUzA3QWs1dkhZcWl0UlhiTmc4NEk4bXhja09KcF96Tzk4bTZsUm0zWUNIY09rS2dDTDgyX25QRzc0SjhqalQ3VUxnSGlNTjB0MTdUUExQYnc?oc=5,Yahoo Finance,2026-04-30 07:00:00,False,neutral,,0,0,0.0,lexicon
773178a6e085,CAT,"Caterpillar stock jumps after first quarter earnings as company highlights record backlog, boom in data center equipment - Yahoo Finance",https://news.google.com/rss/articles/CBMihwJBVV95cUxPTTFROWxfR1NwSE5QZVI3WnIyclJQTEZMUnc0eGtXc1ZDYUlBdXBOeC1LMXFZck9WaC16YU9JYVN4bUZpWDZ4V1liQ1hzdGdramQ5Wll6M1JhWktHLTFWWmdqT3RpSllhdTFPRUVmSDVIb181MEIxU1MzY0dxVjRFX3QwUlY3SE56cS1Xc3hTNi04MHpkcld1QlFYaUx1cjhhaGtvbzJTczRqVGZ5R180UEdGN3c4M3NxZXVfdVNia3lfWE9abDVBTnpTZkpGMTY3c29vdXdZUDhCdW5JNmtGcnVvNGNYNWlHTTJiRmFyREREckxWRUk2c0ZKeVBXeXVSaGRzR1hZcw?oc=5,Yahoo Finance,2026-04-30 07:00:00,False,bullish,,0,2,2.0,lexicon
f0dd9ad93d18,META,Meta stock sinks after Q1 earnings as company raises 2026 AI spending forecast to $125 billion-$145 billion - Yahoo Finance,https://news.google.com/rss/articles/CBMigwJBVV95cUxOa0RCZ1pOME5RMXRjMzgzYWFSR0lpR1RiWnlPa0Q1ZWF1XzJ5VW04bU92bzRlQjRDVm9aM1RCX3JNOUZhYVBMb01GSzJqSGpfV2ZLcEd4MVo0VVZtRjhCUzR1V2g3amYxYXVkalRlb2paTlFQaDdVQTVabHIzRHhOMlB4ZXZtTTdpbUNmLVA3U2ZheDJ4SEdfRjE2c0RCT0s5V1UxQlhOaHJLS181NlNBR2pCdHY2eDhxR0s2WVo2WklWaWlHUzdxdXNRclUteFZxYllYLVgxWkE5c1YtaHNUUFZpdUgtWThJZDVTVmFLMEFiNUJGU1NjX3RGLXNfMy1OeFJJ?oc=5,Yahoo Finance,2026-04-30 07:00:00,False,neutral,,0,0,0.0,lexicon
6ba03777f790,AXP,BofA Securities Lifts PT on American Express (AXP) Stock - Yahoo Finance,https://news.google.com/rss/articles/CBMinwFBVV95cUxOZzVoVlpSdzdXSTg1MkFrQWRTcE1ieGJpSS1kM3ZrdTdhOFo3TTRfWDk2QVF5aWRDZ2d0SEZkcjIyS05FZm5NU0VlQ3NPdmtYUkZVV2MzeFVpZjBEc3hENjc1RTVEYTNpNFZzNzRiaGNlU044SmREQmpZdFAyNTRhMmRKLUQ0a1cyV09wM2l1LVdkNlVUX0RIV3d2bm1zdFU?oc=5,Yahoo Finance,2026-04-29 07:00:00,False,neutral,,0,0,0.0,lexicon
0551f795ab80,SBUX,Starbucks investments in coffeehouse partners are paying off - Starbucks Coffee,https://news.google.com/rss/articles/CBMiogFBVV95cUxQSGxwUXlfUEpIbnRvX3lmWGRBUHRRTzB1cHRfYi16TjUyekUwcUE4WXhmRmktVFBoY3F6TnFGZUVWa3ZyRWYtWlFzanV1TTlQWTVKVk9sc1pMbGVFV2tvcXFtek81SHJkSldtc2NQQkJuSldrVFB0bWxPR080eGxFaXFYNHNqMU9DWGZxeWhER2hvdV9zeXFaYVBSbFpDd0FmSGc?oc=5,Starbucks Coffee,2026-04-29 07:00:00,False,neutral,,0,0,0.0,lexicon
0895276dd967,GE,GE Aerospace (GE) Is a Trending Stock: Facts to Know Before Betting on It - Yahoo Finance,https://news.google.com/rss/articles/CBMimwFBVV95cUxNR0hYeWEyUzJ3RlRzbU9BMjl2OTdPalVzSlZ0YjktMmVIeE40TFJTLVZzcnNsamVjN190QjYySllHRkJWTVJXVy00Mzh2QVZBLVNEd2tVRGpBYnJFZUlHWDR3c25SNWd6bFV6VUtkcU1rMGlVaEsyUF9PMi1zd2QtRU81Z2JDWDlheEtRYUttVHVlTkhfTWxQRGNtMA?oc=5,Yahoo Finance,2026-04-29 07:00:00,False,neutral,,0,0,0.0,lexicon
2ba251c69294,SBUX,Starbucks stock surges on upbeat guidance — here's why CEO Brian Niccol says the turnaround is finally coming together - Yahoo Finance,https://news.google.com/rss/articles/CBMi9AFBVV95cUxQcV81Z3ZPcVdqcXhWLWp1Y0xJUTYzb09HdF9RRGtfcGZROUl0U0lTYktXYkxVOUpPMklvaDdYR3RwR2hvMTB4bVVId0xETG5RbndlRU9rR29fdXR5ZC14eTREeGIxc2VGVE1ucGNFa2JfVjF1M2gxY05oNFBRdzNLSUUteUtqN2h4Z1kzQTQzSG5JdnlPVzVmZU81NFNILWJ1V2lFLTkxQ00zaFFiWThFdmx3aEkzQ3ZEUzRuUjNtVHdBdnRPTTNQNkllSTVIbjFhcTlMSk91NjZRRHM3enVuVVY0UVhWajdrdVpkd2NldVVla0kz?oc=5,Yahoo Finance,2026-04-29 07:00:00,False,bullish,,0,1,1.0,lexicon
c6ae02a60d72,GS,US Stocks Are Forecast to Rise 6% in 2026 - Goldman Sachs,https://news.google.com/rss/articles/CBMiiAFBVV95cUxOZFBsSHBVbkVBaGV4R01qR2lyS3kwQVhLbTM2SUExLTlicHBYeGhfZnAtVTRtRllJTVQ3SXpSU2FGZ2lkdEpTQmZVMk90TGlyOVFORkhqTzNjZ3ROUWFnS0g3bjU3ZUJCLTJLUFZaQWppM2V6V0E4dXU0eGlHMHlON3hIQzZQazU0?oc=5,Goldman Sachs,2026-04-29 07:00:00,False,bullish,,0,1,1.0,lexicon
fbbfafdef54b,MRK,How Will Merck Stock React To Its Upcoming Earnings? - Trefis,https://news.google.com/rss/articles/CBMiswFBVV95cUxQX0RkQnZTbVc1NDg3cG1oWDRlRGpTSm8xbW1LLTdWNGZuWUIwTG80XzhRd05rTzRfOEhwY1ZabkFvQTc5SDVjbkxPTFBpcHhuWVg3aS1jYlAxemc0UXU0OG5VTk5yOXUzTFNpQnNVUUthUk1FRnU4Sm5HbmRTcHhSV2dHdFVhZGVPVjhldVpWYnVQME1objg1Y2dZRFJJLWtXU2VORnRYVHJPU2NVN0pQUkVQaw?oc=5,Trefis,2026-04-29 07:00:00,False,neutral,,0,0,0.0,lexicon
6322fbcd9e18,WFC,Wells Fargo’s Long-Anticipated Wall Street Expansion Is Here - WSJ,https://news.google.com/rss/articles/CBMipwFBVV95cUxPTnN1Y01UQzA3Y25ieGpxTmlxX1M3aGhnVU1GRWoyT0VxSEgzMkFxVGZSdmpEYmlLX3lmUFJ6UHhKcGRLQS13OEI4cWFTZ0podVZyVUlDMkdXRGl3VVZ0ZGdTdXViVXFlN3pJcmdSNGZ0VC1hLTNTU244Rk4yUEdETFFKT1BmYWFUWGpENXNJWTk5Mk1pbzFWZVdIQ2FsTHhuSldhampkbw?oc=5,WSJ,2026-04-29 07:00:00,False,bullish,,0,1,1.0,lexicon
954341e8e69f,KO,"Coca-Cola (KO) Stock Trades Up, Here Is Why - Yahoo Finance",https://news.google.com/rss/articles/CBMilAFBVV95cUxPVmpITVBfUFd3VkFvYUVGcXdrbm1jZm1ieVFCcko0empBTmtLSVQ4NW5MV2ZRRndFZU5HY0tWUmZrWXJJQzNjTUpmb01Vb0hHdVVWblAtS3UwNUZuVTBSQXJmaVpTcHVMbnF0R3RpR3psRmJxWkVyT2V6MlNJZ3dLVmQ2QjZ3eHlnSFNwN2VBZDVnbzUx?oc=5,Yahoo Finance,2026-04-29 07:00:00,False,neutral,,0,0,0.0,lexicon
3dd0595ca1e2,DIS,Here's the Worst-Case Scenario for Disney Stock - The Motley Fool,https://news.google.com/rss/articles/CBMikwFBVV95cUxQZmcwRkRlYmJZZXZodGdjZ2NxRHNoRHd5ZjNhWXhpM2x4VEtweVpmUU1oSHhPMzVKWjZEN2ZrV2s2MEZWM2FjOTlIUDZMcmlYakN3VFVhTWVDNEdwNE1UUElSR3lHUHVWYm1Fa1BWSmtSdnZsWlJkYWZVMFEwc2JJdjZhWnc5YkFxVjk1cGFPQkY4ZkE?oc=5,The Motley Fool,2026-04-28 07:00:00,False,neutral,,0,0,0.0,lexicon
ff3e2f2bd1a2,WFC,3 Reasons to Avoid WFC and 1 Stock to Buy Instead - Yahoo Finance,https://news.google.com/rss/articles/CBMijwFBVV95cUxPSTVfOUtXWUUzYXNsUXRydXNxQWhIUjBwcWZwcmlSczVCZUNtb1d4MVhTZEFiZmFVWjdmdnJvNFNVRU50X1JueVZ5Q05ZUWNialYtU3NrbERKMkFVVzRRUWowSTY2bVZTdGZZX3VDX0FaWmNKS1k0SkJfVnRERmlVVWtuMmJlbXR5N2pyM1h0SQ?oc=5,Yahoo Finance,2026-04-28 07:00:00,False,neutral,,0,0,0.0,lexicon
8bc9129d97d8,MCD,McDonald's (MCD) Stock Sinks As Market Gains: Here's Why - Yahoo Finance,https://news.google.com/rss/articles/CBMingFBVV95cUxPMXlfUmE1QTRuYk5EM0FDbDRfWVFOQ21yYVhINWNIeTc1MXQ4eEVGNzVUVXRmRmZzLUJKMVJOaTZfWmllX3ZISzJLQkxmeTBpd1ZHT3gzVlZkRjBoWHlKTnZTemp4Vnlrc2NmeS1YRHdvYWZiTGNzbVhRdHB4ZmVPTG4tM1dhWTJjTzFJbS13VjZIMG80a1BjWVpJdXA2dw?oc=5,Yahoo Finance,2026-04-27 07:00:00,False,neutral,,0,0,0.0,lexicon
6b2e4bed8ba9,NKE,"Is NIKE, Inc. (NKE) A Good Stock To Buy Now? - Yahoo Finance",https://news.google.com/rss/articles/CBMikgFBVV95cUxNdXBRZzlaY2NiREd3MUZfSkMtenpaRGVHaUFkZkJvSUNaOTFCSzM1MDhNRDZGYktqX3VaY3pWOEx1TjR6Zk9ydnFZTHpfN2NJZS1uSmtlejV1NEFUakY2emRrRnlRTFJiZUx6cjRNa2hIekpsb1ZPbERVSU5DZXd5ZjJwZWp6b0dZYkdaX21tVTAyZw?oc=5,Yahoo Finance,2026-04-26 07:00:00,False,neutral,,0,0,0.0,lexicon
b5ef75549c54,TXN,Texas Instruments Stock Jumped 18% This Week. Here’s Why Analysts See $324 Fair Value - TIKR.com,https://news.google.com/rss/articles/CBMiqwFBVV95cUxNS05pVlJKZ0ZCUmJrVGVyTmdCMEU4YkdTb1ZDV0NtMkZpT1dRU0J3N3A0QUhoVGFKeFN4WlRnTFUxWW9GWjEzVmV4czZIdXVVZWJkR2R0ZlNHenI5OGstQzdKNExtb1RBX2hsdlNkNjAwS2dVUmZYMUllNUlQQ0hodkM3cnA5M19vM0Q0ZHptZW12aVhQTTFUODE1cXlDajd4Y3RLaEhGeUVOQUU?oc=5,TIKR.com,2026-04-25 07:00:00,False,neutral,,0,0,0.0,lexicon
c3e2402d5276,LLY,Why Eli Lilly (LLY) Shares Are Trading Lower Today - Yahoo Finance,https://news.google.com/rss/articles/CBMikwFBVV95cUxPTl84bUdmalBnT2t4ZVREY204ZXVXSG9HV3RGWFZPbHNXRHVHTlZrMU44bDdxWTVjV3IySmxGbUthcHdZM1JhWVQtTjJpZXM1RWwtaEZzelpXejZCaVdGd2l0UHlnaVBxUzVINVBlOWoyeXl1dnZqTzZIWjAzSXM3RVN3Q0w1VnphVWxvWS1jczFtQ3c?oc=5,Yahoo Finance,2026-04-25 07:00:00,False,neutral,,0,0,0.0,lexicon
5e173006a6f7,BRK-B,Berkshire attracts interest as it slips further behind the S&P 500 - CNBC,https://news.google.com/rss/articles/CBMipAFBVV95cUxNUDBxZE9IalowVlBQOG9EMUFONURRd19tV1kxZ1BOREltWjNwTDEzX3VsRnFGNW5wQnZ3ekJoQ3J3X1BfckstVTF1VkhEYTNlR2RFOUZpaFhyWUpTcVdyMjF5YXFLa3Y3N3JMMmd3d055VV9Md3ZrNUdlc2JPdlhRSGljMXVFaklwS3dfaXg5NEpScWNVOGFXSFctUE5QX1NZWnl3NtIBqgFBVV95cUxNMXk3eGYyekhIbUJ5WS1sMG96bWtDelNVNVFIaGYyMVJaeGZxOWF2M1R1LUVMRXZ0Y1pvbE5nZzVtSk90eHpYdTdvUzBiTlkwb0N4Z0hKZ2pVLWQ0cXdXNXZKSUxxN3VDa0hERjVfbHVvbDlyTE9jZGlvSDI1WUhsb0h6eW4ybTV1SEd1eGYxZFJzODg5dWRhTjI0RGxjVk5TVGg4Z28waHd2QQ?oc=5,CNBC,2026-04-25 07:00:00,False,neutral,,0,0,0.0,lexicon
84f20d44ccf1,COP,Why ConocoPhillips (COP) Stock Is Trading Lower Today - StockStory,https://news.google.com/rss/articles/CBMirwFBVV95cUxNdmZ4T3YyeDZ6al9VSGFNdlJQdVd0V3h5OV9mOG1JcTRFSm5WM0Nqbl96TnFVUUUtX1FqUzJLQVJYRGdRVmpkcy12QS0ydXZUVXVTb3BZLXZXSEt2dFhyaU1TNTdvVzlfajMwSmRXbE5abmRrYjdqRU5FaUU0aEc3R2JiX1p1UHhEbVVYVmFLTlBKbWpZSUw2QXZlWm9Od255VlI4NFNRX2FfZXdKN19n?oc=5,StockStory,2026-04-24 07:00:00,False,neutral,,0,0,0.0,lexicon
9adcd19ecc0e,IBM,IBM Stock Is Down 21% in 3 Months. Here’s What Could Drive the Next Move - TIKR.com,https://news.google.com/rss/articles/CBMimwFBVV95cUxNZmNxTWlaME40a1RiMzFIaENFUjNzVHlPN2pfVjlqMHBlMjd5b1AtT3VvM2xHd3pmUFFQWHdJZ3FFS0t0dWhDUGJRS2Q2clJIZDhZOVVxS0dmN3NGeVFvZ3VLMFRBRG55cjlBanRTdTNCejRXWG1IOFBsb05YM291cGlRai1La3BxRWdEM3hXSTA1MzFqSWI5bmYxSQ?oc=5,TIKR.com,2026-04-24 07:00:00,False,neutral,,0,0,0.0,lexicon
2d0dfb7c6455,AAPL,2 Reasons Investors Should Be Excited for the New Apple CEO - Yahoo Finance,https://news.google.com/rss/articles/CBMinwFBVV95cUxQNUtGYXZWdlJzWWt0Vm1pRW5MbkpUbEtBcDE0bnJlWW9rbkxnU3BRVjEyRnltVGFBT040V1Q1OEQ3RnlEOUlhYTN5LXdQUDA1c1dtWVhUUG44M0x2VnRLMnpqTk9NZVlQaUpRejFzUl9GZko5bk41M0JxUF9HRFhxSWVpUVpxRnBvdF9HZVRJZlY2YThoMUd1N1U5MGVHd0k?oc=5,Yahoo Finance,2026-04-24 07:00:00,False,neutral,,0,0,0.0,lexicon
da2b9be6729f,COP,A Look At ConocoPhillips (COP) Valuation After Recent Share Price Pullback And LNG Growth Expectations - Yahoo Finance,https://news.google.com/rss/articles/CBMiqAFBVV95cUxQMVNidGVEQnhmQ3VvZnBFSWViZHZsMnd6alVkNXhYX1JjWlMxQjRYdW8ya1NnRTl1OFc4Vno5cnZmdEcxemc4cElyVmc1LUd2OVRpZEw3SURmdldwbkdYODhGWDBVSG1wWEdGeXpUQ1lBdzJwRUpYTXF3NTZneW83M3NLeER6NXVCakE2VlFDNmwyZG5QVHRTYU9PakZZY3d2Q2lUMnh6bk4?oc=5,Yahoo Finance,2026-04-24 07:00:00,False,bullish,,0,1,1.0,lexicon
2518f3c73cce,ABBV,"AbbVie Stock: Skyrizi and Rinvoq Already Cleared 2027 Guidance, But Does the Discount Still Make Sense? - TIKR.com",https://news.google.com/rss/articles/CBMixAFBVV95cUxNYWhKa2RPcWdkaE1MRmNCRkY1ZWFWbEMwR2cxVnZGOGg4MkNhbzNidnhZajZjNUd1RVZJcGJ5LW5YQ0FCREJfeDN3d3JNamtBcHVmVTBlMHBuOGdtRG05bFB5XzU2di1YQXBhclZMaG1BcGFnRVoxZnczbGM4UnFTS0RUTVFFLXUxZjZJczVfY1lscFpqV3E1RTZzbDNlN05qb1p5V1BLZWhmb1dyLWZCMm9jaDk5djAtcjdBd0dYSHkzMWRO?oc=5,TIKR.com,2026-04-24 07:00:00,False,neutral,,0,0,0.0,lexicon
765da046a340,TMO,Why Thermo Fisher (TMO) Stock Is Nosediving - Yahoo Finance,https://news.google.com/rss/articles/CBMilwFBVV95cUxNZk9YS3owbzg2MjVOYmRKN3ZOQmowQzk4SjV5bUFOTl84azIyeGF6WnBOMy1pNVRVcHZBcU8ySmtEa05pV3VXS1VSNXdtbDY5Q0RYTnVHem5FUjduYnkxd2VOWW9vaS10NUMxMzlraURUSWhramZpSk5QcEV5OGZXSXE2N3lRbkVueHprM0VIVUxiSDVtR0g0?oc=5,Yahoo Finance,2026-04-23 07:00:00,False,neutral,,0,0,0.0,lexicon
e616b2086045,GOOGL,"Going Into Earnings, Is Alphabet Stock a Buy, a Sell, or Fairly Valued? - Morningstar",https://news.google.com/rss/articles/CBMirgFBVV95cUxORG8wd0E4MnlWMW9MQ3pHWWlSWE5kNkw4M3A2VnQzcWhmbEExeXlPTk5HVHN2ZHJqaEpzYVpuOE9zUlk1ZFF1WTNUMXMtdzQ5SXFzT05teGExcndFd3pzcTZTSVNpR1hURThwUHd0U1I2ZHJ1S0hTOHNWbEJmVEFxNDF0WFB5OVhhQWRFYVdVdklXWnF2OFhDWkt3dGhIbks4XzRneGpLejNGdzBvVkE?oc=5,Morningstar,2026-04-23 07:00:00,False,neutral,,0,0,0.0,lexicon
044dacd02051,ABBV,AbbVie (ABBV): The Best Stock to Buy on a Pullback - Yahoo Finance,https://news.google.com/rss/articles/CBMilgFBVV95cUxNOUNhdjNuSURzYWVjRE1uWjhhbnZSMHdCV3JtMUROaEpDRVVkSjVWZnJfbng0a2tQelVCQ19LWEc1Rlc0RlBFMzgzcjFfZWZkV3F0dERWR2QzLWpndFRSaU1ZaTAxXzhVZF84cnNTUTR4Y2VJYVpmNEN2Tk5xcE9JYm1IX0pkRVl2dlpfd3B5YkxOQWN5UFE?oc=5,Yahoo Finance,2026-04-22 07:00:00,False,neutral,,0,0,0.0,lexicon
4398ec4aa81d,MRK,Why Merck (MRK) Shares Are Trading Lower Today - Yahoo Finance,https://news.google.com/rss/articles/CBMingFBVV95cUxOa2dWeTZvblFOdXpGRk0wUXhzQ2pIWU05dkYzQTY5em1ab2hsemRxRm1nb1lWdE9FbmJ5bUNHTTVDc2phdXZHTnFsanBiSUlxZTBBd1c3QmhiNzRRcEVacEduUENSS1c0OUtzcmtPX0huTHU3SXR6UVVyS2VvV0d4eFhvTmdvVlFnbUhCWmt2bUJYWXBZdW9kczlTbXFFUQ?oc=5,Yahoo Finance,2026-04-21 07:00:00,False,neutral,,0,0,0.0,lexicon
95dad4c9b799,JNJ,$JNJ stock is down 3% today. Here's what we see in our data. - Quiver Quantitative,https://news.google.com/rss/articles/CBMioAFBVV95cUxPU1lka0F0akFKSjQ2NUhSd3BRY3cyN1dfQmNYZGxqeEN4aFRPbGozNEhzZ3JkSHBDU21CRjdyaFcxcXdRRzNSMGtZZGtRMnp4M0dUQkk3d0FLR2VfWTNjeVNRQl9ueTh1eWZ3b0xZb1RKOXRWcUptVzVPY3JHVG1RMl9MNUxnNWRfQlRfMDhwX09BNzZCTlZORlBDb2diR1JJ?oc=5,Quiver Quantitative,2026-04-21 07:00:00,False,neutral,,0,0,0.0,lexicon
158497570177,JNJ,Why This Popular Core Stock Is a Sell - Morningstar,https://news.google.com/rss/articles/CBMihgFBVV95cUxORzRRR3FpVUFWeEJ1MGE2VHUxUGJRU3Bma2pYckpiQXRzanBUQUxTcUlLNHNpNGxEU1M4azllTkdXcFVfenRQMXVNN3ZGN2V0Q2NmWGVsR05IOGUyM2daMFBoOVp1S3M2WG9mLXoxQkJOYUtrX0VWMWhiOEpqcTJyOF9PeUcwZw?oc=5,Morningstar,2026-04-20 07:00:00,False,neutral,,0,0,0.0,lexicon
d59ebdddf78d,COP,Why ConocoPhillips Stock Dropped on Friday - Yahoo Finance,https://news.google.com/rss/articles/CBMipwFBVV95cUxNcnRaTEl0QUdJYm51OFVZRUlWNVZCeEhqS3VzUm5pSGhvS2xSZmczYXlxVGRDZjIwRENMYzlnY3NoSDEtV2NnZ1A1amh2aXVFVnlnczNLVFlEQjJxVFctOWNCeDJoZGZLNEwyVGd6dWNTQjhNZWFUS2I1V3ZaNE5QUENoNUQxUUVZU3V5VWxkdW91Z3BOdGlVQ2xIWmRfdFJVckRXRlZVTQ?oc=5,Yahoo Finance,2026-04-17 07:00:00,False,neutral,,0,0,0.0,lexicon
9db6a23d6569,WFC,Jim Cramer on Wells Fargo: “I Think That Stock’s Trying to Bottom Here” - Yahoo Finance,https://news.google.com/rss/articles/CBMimAFBVV95cUxNNjJZdGFuTmVkRlVSUHhQTGFhb05DZFZlcUR3V0NxbUludkR2RFRieVFXcTJ4RzJFckFzbG92WGZOTFI1VXBsaEtIRm9HdTRRa3ZCNHRXRFdJaWRodVMwTklMNlg4ekxrT0lwdHVTSlZMdUNZSGUzT19NRThiWkRMRlAyMzMtV056eTVISzFFSzhIdWdhODNoMg?oc=5,Yahoo Finance,2026-04-16 07:00:00,False,neutral,,0,0,0.0,lexicon
c0433638e628,WFC,Why Wells Fargo (WFC) Stock Is Nosediving - Yahoo Finance,https://news.google.com/rss/articles/CBMilAFBVV95cUxNY2RJZEhCT1BVU1ZfNE13X2w4NWNlVWdoQ0NRNEkwSXJyRjZkYU51UEwxSG1obWRIZ3N5T21SUjhVUEYydXZOaGs0VWl1di1GbjZNeGw4VXlBajhYOG9LSi1UTEp5MnVmdXBSQzFPSnpFMGpaN2FzR3dTWGlCbEo4SE9RSndYTjdYMW1qYWt6YlV4RXdS?oc=5,Yahoo Finance,2026-04-14 07:00:00,False,neutral,,0,0,0.0,lexicon
bc15b4e97211,GS,Are Technology Stocks Cheap Now? - Goldman Sachs,https://news.google.com/rss/articles/CBMihAFBVV95cUxPa1ZST3JsUzJVYkRwYXZ6REU3TE13LXRlSlBfQTZYS1JlQXZ6clZFZnFmQTlpa244bHJOVElRdHlmaDZ5dHdfTmF5cDhuS3hzSmpiSHJxWWpTd1FPSUZvZjJLdkFWeTNueGh4TXZDZnJ4cTdGRDlqLXJESU5GSmQwRE1wdFQ?oc=5,Goldman Sachs,2026-04-10 07:00:00,False,neutral,,0,0,0.0,lexicon
7e53ec8e9a40,JPM,"Jamie Dimon's Letter to Shareholders, Annual Report 2025 - JPMorganChase",https://news.google.com/rss/articles/CBMidEFVX3lxTFBNU2JDS3ZUbERWVWRxS19TdjRqYWdqN0lOOWJ0bnZFTmFDOUQtMm9OX0h6a0JtOGdXNi1CcjFTeW5pTWIwZkJYend3U3NzelV6cTBkSGtoQ00ybk1tak92WUZlS0FyN1FLZUxCYnRYUXhvV0Jf?oc=5,JPMorganChase,2026-04-06 07:00:00,False,neutral,,0,0,0.0,lexicon
54296f57961a,ABBV,AbbVie (ABBV) Stock Drops Despite Market Gains: Important Facts to Note - Yahoo Finance,https://news.google.com/rss/articles/CBMinAFBVV95cUxNQ3ItTzdPSjJQY0d3ZUhOaTREbDA0cDlIMFdvREw4V2lvRXpINlJGODlJT3RsMGZHdXRzR3FiVlNjOEN3UFJ4RERQM1dfRndGYVZVaFZ1UC15MFFnLVo1VDlNTFdQNEx1RUFHYTlINkl4clNwbUk0TmQwVHVUWWNuTG9FR3Q4enNxYTVnZmJ1R1djMzFBTlVjWVJWaHc?oc=5,Yahoo Finance,2026-04-06 07:00:00,False,neutral,,0,0,0.0,lexicon
7e5aa8af3686,JNJ,JNJ Stock’s 60% Breakout: Why Wall Street is Torn - Trefis,https://news.google.com/rss/articles/CBMiqgFBVV95cUxPTW0xRUtBTlpnU3BEeDlqMUhoQXl6bTJBc3I4T21qZ2ZVSURnaEcwTm1xemFZTzhSblMtcFU2NVlmRjNqbjdjLVZYREZFN2pNcmlqY1VwNkpvX19MU01rbEo0UzFEQUZ5amFMREd3bFJMbXFXZ0poUzY1cXp1U0k1cDVkSFB4T3dTcENpbjdrbjJwVjVNRE9kbjNFeVlidVgtcUd4NUE5VGtqdw?oc=5,Trefis,2026-04-02 07:00:00,False,neutral,,0,0,0.0,lexicon
bb114fa4317a,PYPL,PayPal (PYPL) Stock Down Significantly After Jim Cramer Advised Careful Buying - Yahoo Finance,https://news.google.com/rss/articles/CBMiowFBVV95cUxPMEZCRWZzdl90X2E3RWNpX3BfSDJVdTJjNVgwRFJrVnctMG1WN0Y3dFR1ZEhtd0Jyd1IyNHJRakRCTm5zU0pUcjVRd183RHJUTUhDc203YVIwQjh4SEdnbkxRbE1kU2Y5N3N4OHBLbDh2cUVzVmt1UmJrMzBUNmQzRFc4VXJJNnRPN09DY1JZeEFCS1NKajA1SERqWHdMazhUV2g0?oc=5,Yahoo Finance,2026-03-31 07:00:00,False,neutral,,0,0,0.0,lexicon
ed60b73577ff,BLK,"Investing in 2026: AI, War, and Income - blackrock.com",https://news.google.com/rss/articles/CBMihgFBVV95cUxPYUpMYVE1UldfYWtjQVlHLVJlWkN6WDY5SDdzVEZMRzBDVEhPMWt4ekI4QTMxbXFtenhVRmhuQ0N4VTMxZXduNy1meHRwYXBFcXptRUFMOVNJQTBybXlyTS1OV09pWmJpY09XSUxfQWNtMGYtTzdMTllaM015QmVvd3F6OUo3QQ?oc=5,blackrock.com,2026-03-26 07:00:00,False,neutral,,0,0,0.0,lexicon
0c35a83e9fb7,PG,Procter & Gamble Stock Slides -5.9% With A 6-Day Losing Spree - Trefis,https://news.google.com/rss/articles/CBMitwFBVV95cUxNSmxjSkh0NVpBQ25KN2RWYjBlQkFDaVVsdmJPVnhEcW05NjRaRXlNOFIzczFpTmhLSUdGcnVPVDJCU2xSdjFveFVROFlTYWF6dXR2T0hYNmtEMFRzUXBzU2pQLTBBeU5jWk9NUjBwR3NUWWg5TmxYbXZxYW5ObG1iMDJsVWc1ZHVYOG94SzQ4LXhrYmVCMG05a1J0YjFhNXR0Mnk1TllFZU1kTkt4N19vTFd0Z2M1b1E?oc=5,Trefis,2026-03-25 07:00:00,False,bearish,,0,-1,-1.0,lexicon
5a38bd8cc67b,COP,Is ConocoPhillips Stock at a Peak? - Covered Call COP Plays Look Attractive - Yahoo Finance,https://news.google.com/rss/articles/CBMipgFBVV95cUxOUGpTWEE4SEttNDNNY0dLcHpZRE52eWxWZ3BVX0R4RzlRakV2WlVtR0trNy1fbmR5S3Z5MlV0V3pNQmdIYlpjeDNnTXhGRFpWblQ3clFURElPM2Exd2c4UmFDenM2b09FeWs2N01uMUdhUHZ0VktneHdUdGdMM2l4V3RiYTd0dnJsal9HRzF1aWMtaFFZRkdDZTY4SHp4YUw3bHFmbmd3?oc=5,Yahoo Finance,2026-03-24 07:00:00,False,neutral,,0,0,0.0,lexicon
5d1d5ee9e66a,COP,Is ConocoPhillips (COP) A Good Stock To Buy Now? - Yahoo Finance,https://news.google.com/rss/articles/CBMinwFBVV95cUxNRUlnTzRRUnA3bGpOQ0hKS2l0UkFuZG9BSDhMSzZ5T0dUYWtwXzlDdWRVWEdya3ktd3ZzbGxkUl9KQzk1N1hSUjZNZ3ljSzVNc25Vb3hPMUVyRFh6ZnB4dUwyNzktNnpCbWI5ZUZOV0w2ODFrVjZwa1BNQW1PR09ISlhxUTRzRUpodHFJT182NjlHajBYTHB4Vk00SjIyWjg?oc=5,Yahoo Finance,2026-03-24 07:00:00,False,neutral,,0,0,0.0,lexicon
725d97983eab,PYPL,"Is PayPal Holdings, Inc. (PYPL) A Good Stock To Buy Now? - Yahoo Finance",https://news.google.com/rss/articles/CBMimgFBVV95cUxOdzh2aTdIUHl3aWx4cnRONFJ2MkRpcWxhb0laT3VEMWQ3ODRBVzE0Vl9FNG1lajRfYXBicUhmNV9hcGRROVBrZnIyVm9mbGFuRkZVNHpGSV9EWUtUX3VicGZydlNWSF9wMDNuNEFDcklpb2pKS1ZCaHFFSXE0dTNFNkVBR19YRkxqTVFGSFlPYlpBdm1NWkNsRzZn?oc=5,Yahoo Finance,2026-03-21 07:00:00,False,neutral,,0,0,0.0,lexicon
c571a54c5c07,ABBV,What’s Happening With AbbVie Stock? - Trefis,https://news.google.com/rss/articles/CBMinAFBVV95cUxQNWNWWUE0STQtaW4tOGU4RWFjWGk0RTFjaFJIT1NjSlp2SzN6T3I3ajhXbjkzdHFRSzM2LXJ6dC1nVDN4anBvSDBTZXdyZXVILW1lZi1WR0tIZXA0T2JGcEpIVjVEQmM1LXFwbHFXWjA5VU1KT3hSTHBoSUFjcUpHZ3FFRnBCLWdwd3JadzRJMjV5YVV1c01lWFdkNVk?oc=5,Trefis,2026-03-19 07:00:00,False,neutral,,0,0,0.0,lexicon
42bb68f88e5b,PEP,PepsiCo (PEP) Stock Falls Amid Market Uptick: What Investors Need to Know - Yahoo Finance,https://news.google.com/rss/articles/CBMif0FVX3lxTE1iM1g5NEI3Nk5tMVRmZ3p1emt3cTM1OGNxbWg4eDc5ZlIyc0QtRXdVcl8xdm9rdFFBT3dCSUtmcC1oTngyTzJoSThNSzNVZlY1TXdOZExQNEN6SWNEOTBqakU4ZVBQem51QjlfZTN4OWExc2hQVm1YNmlYem9OU0U?oc=5,Yahoo Finance,2026-03-16 07:00:00,False,bearish,,0,-1,-1.0,lexicon
372479b7fdd1,BLK,Why BlackRock (BLK) Outpaced the Stock Market Today - Yahoo Finance,https://news.google.com/rss/articles/CBMihAFBVV95cUxQNWp2NXAxa3NGSElsUXdZTzV4SEVJakFUa1JSMklzS083TVhCSGtFMEI2UXhHckcxNEFSODhnYnNwQjhpQndDZzBUX29MNnlaVVROR2ZDWU5sY3YyaHZJdFE1SmlieHZ3TW9DdElfSXpqak1Qbmw4ZlBhMElfVUUyMmZmb3E?oc=5,Yahoo Finance,2026-03-16 07:00:00,False,neutral,,0,0,0.0,lexicon
cb65f257dadb,MA,MasterCard (MA) Laps the Stock Market: Here's Why - Yahoo Finance,https://news.google.com/rss/articles/CBMigwFBVV95cUxOWjlmaXBYWmFZS2luYUE0NEVZQ1EzODRzdHI5eDhCTnpEWXZXVUxKOURVMDk3WjNqZ2EzQW8zU1p5NU5UTkFnWGEyel9ad1lhc29uSFlVblBEdk1JaVhPZHMxeDRQZC1yVDUzODlkaDMwT1VpUGZOMUVjSnhzcVJQU0t0VQ?oc=5,Yahoo Finance,2026-03-16 07:00:00,False,neutral,,0,0,0.0,lexicon
c8647f3b5e2a,PEP,"Is PepsiCo, Inc. (PEP) A Good Stock To Buy Now? - Yahoo Finance",https://news.google.com/rss/articles/CBMifEFVX3lxTE13WjNpTU9kTzN3YkZ5RWtvZm9wU0dDRDhHcm1CZGx4SUM0RzVXWVR5M184ZnY1ZkV4MDR6UXRWRHNCM2tZdndHa3U1Y1ZXV01fMWhCQVpYZnRkYnowakt4Qjk5TElVbzNhVnVvc0lYTmZjN3hOdDhjSlhsN3M?oc=5,Yahoo Finance,2026-03-15 07:00:00,False,neutral,,0,0,0.0,lexicon
a2dcff9fd51c,DIS,Is The Walt Disney Company (DIS) A Good Stock To Buy Now? - Yahoo Finance,https://news.google.com/rss/articles/CBMif0FVX3lxTE9ES281YVRZZ05aOGozeUdQSXVyV09MNFRZMGV1azRDbEVtb2lXUWhmQzd3LVFzM3RUdVJaazROUm1qVmJfRUJpOEs4bms2YlNWRnFhWlpoSFpjRE9aMDRnLTlvSHcwQS1VMUhqbjU0NVcwSmJUbDVWZEY5blhJUms?oc=5,Yahoo Finance,2026-03-15 07:00:00,False,neutral,,0,0,0.0,lexicon
a30b2d05d8e3,ABBV,Is AbbVie Inc. (ABBV) A Good Stock to Buy Now? - Yahoo Finance,https://news.google.com/rss/articles/CBMifEFVX3lxTFBpX3kyVHRRbUNueG5ad090aTBza3pKc29zQlJfOFBESTBpRmJaZGVhaklIdE53UHphdDBKRlFlTlpMdm1tX0ZybXpLM1luWFRnSFFSVjlUT3V6SlZNaWhfS084TDRFSzRhajNHY3p6ZmZRWXVQMWxEWWVSRHo?oc=5,Yahoo Finance,2026-03-15 07:00:00,False,neutral,,0,0,0.0,lexicon
bd0baaef1dab,KO,Coca-Cola Stock Rises 12.5% in a Month: Buy the Rally or Wait? - Yahoo Finance,https://news.google.com/rss/articles/CBMiekFVX3lxTE5UN3E5T2JpeVNVMlk4b1djbTRlWFAyaDZNS2ljV3ZCSkNKWC1tUXFMTW9FZVhwV0VtdVE1Ti05Q0prYlhFZ29LaG1fV3VlS0x0NDc3T1M4cjRJU2RLYkRQNGVFRFp5SWdlX0trTlY2WVRreWFjZzBLNExn?oc=5,Yahoo Finance,2026-03-10 07:00:00,False,bullish,,0,2,2.0,lexicon
d1a0c6713657,BA,"Boeing (BA) Stock Is Up, What You Need To Know - Yahoo Finance",https://news.google.com/rss/articles/CBMidEFVX3lxTE5hZ2d3UWhGMC1COEJSOFVDeUhWdEtKVkFuLUh0dTRuRUtqc2NIZGFKMHF6WVdFYnowY3pUZVlwdTZpUlMtSkR0QWZWT01Ld1F4YmpTTVpJSk5Fc2xUdDRuQmJUdW95b21jVy1NMmhueHFuZmcx?oc=5,Yahoo Finance,2026-03-06 08:00:00,False,neutral,,0,0,0.0,lexicon
80a0da07b6f2,AXP,Why American Express Stock Slipped 12% In March - Yahoo Finance,https://news.google.com/rss/articles/CBMihwFBVV95cUxPdVJvNjdYNzgyYW5OdVFVNWJmZ3N4WGIzbUVVbEtwcEFvUHdRN0dtV1ljODlWTXAxQnduUlNSd2hnN3pRTFVCaGpRdFFObnFUdFBxNVVpbWVSYm50dFNucWgwU25KbXU3SExYcHlnT1N5NzZ2NEQxeERFNVZzS2VacUVuR0xXaFE?oc=5,Yahoo Finance,2026-03-06 08:00:00,False,neutral,,0,0,0.0,lexicon
9d299e295a99,COP,Why ConocoPhillips Stock Jumped 30%? - Trefis,https://news.google.com/rss/articles/CBMimwFBVV95cUxQdkV0Y18xUmdqU0JrZ2FibW0wUy1SaEZSb01HUWdoRHpVRnBpd25xQzZycXo0LUhKeGpOZ3FrT3pNT2VyMElwclVZamxnbEFRTUZGWmMwcXhWTkdBb0xtNmFRZ3ZySUMyajEzTzhWMmx3T0tWVjNZb2gwSDNyRVpNaFpiTk8weHRJcS1vcThLbE5QcVBCdzUxZkxCdw?oc=5,Trefis,2026-03-03 08:00:00,False,neutral,,0,0,0.0,lexicon
dbd8473da3e1,MRK,Merck (MRK) Stock Dips While Market Gains: Key Facts - Yahoo Finance,https://news.google.com/rss/articles/CBMifEFVX3lxTE5haUsxMmtxTGF3dWdZRE9MRmwtWEhRQVdYblF4LUJKbExPaTdzUC01bVF0cUViREctcTRlQWtvQUVna2lITVVsUGQ4ZWloN0VZdDFIbllHU2hxcVdmdGpUN3U5VWJOSG5lQmotNEhrSTktS1BYemc2REhwVG4?oc=5,Yahoo Finance,2026-03-02 08:00:00,False,bullish,,0,1,1.0,lexicon
16449d4f8199,GS,Could Value Stocks Benefit from the AI Rout? - Goldman Sachs,https://news.google.com/rss/articles/CBMilAFBVV95cUxOY2kyV3ZPTkpiRnFDUmE2S3FTV2JnYlhjc2x3aGthSVJfWFNuTE0tNnZPX1V0UTVyT2J1LTRpQUg5dzNhNy0yTm1tTE90T2JjZnA0cmQ3bl9lOEdtM2tNMXpRWGRUN1ZEb1gzVEtHTzJ5X1BvNmktOFYwZVRfOVJlcjV6SmtLWjg2b1dmc2NndnlYaHJL?oc=5,Goldman Sachs,2026-02-27 08:00:00,False,neutral,,0,0,0.0,lexicon
d6d0eca93883,AXP,Is It Time to Sell American Express Stock? - Yahoo Finance,https://news.google.com/rss/articles/CBMihAFBVV95cUxPWWdLUU9keTBrdFNQSjRocy1hem14aGhZM3o0RWFqUWpjalI1Z0h4cGtVNVZoOE1RVGtlbWoyZzB6cGZCb3BPNWRZSEVpNGxtQWRaZzFIMHNLUUdWbHFVS3Mxb0Zfa2VJRjFrZnhDdXdmS25MbThyUzJCcUNEeWtnUFByanU?oc=5,Yahoo Finance,2026-02-27 08:00:00,False,neutral,,0,0,0.0,lexicon
a52aae8aaeb3,COP,Is ConocoPhillips Stock Underperforming the S&P 500? - Yahoo Finance,https://news.google.com/rss/articles/CBMikgFBVV95cUxPVFJ5VndiSFJKNk9EazViNTg0bDN3eW5wZ2lnUi0ya1FEcWRBRU5SWlc0Yzk5OHIzc0EwV1RUMnlLdFZYSFdNMERpRTd2ZUVwaWdoZFl0S09xbzM0VDctbzlnellFaXYtRDFTd0FIQklQOGloZEhlM3cxV2cyWWpoTzM3bUZQMGs0enYxb19kZVE3Zw?oc=5,Yahoo Finance,2026-02-26 08:00:00,False,neutral,,0,0,0.0,lexicon
58a73d67c50b,AXP,American Express Stock Has Fallen 12% in 2026. Time to Buy? - Yahoo Finance,https://news.google.com/rss/articles/CBMihAFBVV95cUxObmZxemlEaFpCakZBem9VWXBlbG4xR3RvMHZlOS1Ib2ZKd3dEeVVHMERlVy1YN1A3SXRuMWNlMms0dEk0OWxDbGhJT3lFTWE2TUxqZHlIZHZBSkE1R21ra3RtblEyby1oYjNBZWZzdExFclNOZEY1VjRMMXVReWxqR2hEcEw?oc=5,Yahoo Finance,2026-02-25 08:00:00,False,neutral,,0,0,0.0,lexicon
f66f8f6a2b3c,AXP,The 1 Stock I'd Buy Before American Express Right Now - Yahoo Finance,https://news.google.com/rss/articles/CBMieEFVX3lxTE5GWFg5dUduX2lRUUhTMU9lRFh2OW9pTndkUDkySU1XNTZMd0EyUG5acWVWMzdKVkdiZEVjSnhRbVFiTXBhb0pwR09HWFhOWDVaN1FuWFV4Z1pjSFdPYmFna0Z4LUxRQXBoRExpSkVoanUyYjhOM3lRRg?oc=5,Yahoo Finance,2026-02-21 08:00:00,False,neutral,,0,0,0.0,lexicon
45bb0aefed90,AXP,Where Will American Express (AXP) Stock Be in 2030? - Yahoo Finance,https://news.google.com/rss/articles/CBMihAFBVV95cUxOcWZSX2lUT0xVTjNURWgwY244VFBuQzl3WU1tUkhSSkZnaExXSXdaNzJxVHdMTkJCVm5jMl9Kakt0dk1jazVuZ3N3RnBJbWlPR3RMLThNTFJFd2hRa2pZQXBRYW1mdHNEZXByVXZ3bElaTzJyblYyZTZFN2wzbjRLU050Vmg?oc=5,Yahoo Finance,2026-02-19 08:00:00,False,neutral,,0,0,0.0,lexicon
9c87114b4e0f,COP,Is ConocoPhillips (COP) Still Attractive After Recent Share Price Gains? - Yahoo Finance,https://news.google.com/rss/articles/CBMikgFBVV95cUxQYXdTRDg5WXROVlZCbWhlNUJJMDVmN0FjRzdwSGUwMWt1X05ydWx1ejM2QmRsdFZ3OU9GTllQbXcxcEtLT0IwUl9zcHp1VTlsSDJMRXg4MzY4dWNwNFJIZ0toTVFmTHhtam9jSnZOdzZZOUhVQm5aa1FXME1nSWtBU0lJMDUwRV9PM1E5S1lRWGFwQQ?oc=5,Yahoo Finance,2026-02-19 08:00:00,False,bullish,,0,1,1.0,lexicon
14e4d7cd75b6,PG,Procter & Gamble Stock: Is Wall Street Bullish or Bearish? - Yahoo Finance,https://news.google.com/rss/articles/CBMihAFBVV95cUxOUXVJd0Z2QjlkOExIWGkzek5sZlQ3b3cwNTBwRk9WLTR5a29GUy1CSS1oNG5tYkc5YUNyb0xfLS1hNWFLZm02dHU1Ry1oOUhKUUhKellvZEF0UWo4Y0Z4MjFVQkJoQ1podTFSc0pSRV9zNjdvVnNFMkpCb3ByRjZVaXUtaHU?oc=5,Yahoo Finance,2026-02-02 08:00:00,False,neutral,,0,0,0.0,lexicon
ba9519fa9d8b,BA,Why Boeing (BA) Stock Is Trading Up Today - Yahoo Finance,https://news.google.com/rss/articles/CBMifkFVX3lxTE4wd3RUTmg1ZE1MSllfNUtVaHpYTU1vdmRPdzgycUliM25mdjRPOC1WVk11SFdrUXNTMXl5WU4zN3pkUkNBMVB3V0VZUXN2cXFVUG9HSHNZLTllY3NTMmdTdEsxWUVqdGFVbzNkNU5sZ0tXTlNwZmZQNjhaWXF6Zw?oc=5,Yahoo Finance,2026-01-27 08:00:00,False,neutral,,0,0,0.0,lexicon
ab811b0842c1,BLK,Bonds Starting to Offer More Diversification - blackrock.com,https://news.google.com/rss/articles/CBMimgFBVV95cUxPSjk4ZWJFbGg5YVZDMWlXX2VCb1NYVkY5NE1pOE54OUxJT0RYSVdUMWZ4M3ltbXlLaURXdFhicmI3LUw5MXd2YWJpcHlvelQtd09oLXlINUlaZDVxMjBTcjA2dXh0c0hHVUlHRHdZQl9QOWx0dmRrTFp5cUZLemJWbkZ1dWdZUkNhX2FMMWxQTmV3NkxENDQ5bENn?oc=5,blackrock.com,2025-12-22 08:00:00,False,neutral,,0,0,0.0,lexicon
aee5aa4bebf0,COP,ConocoPhillips (COP) Stock Declines While Market Improves: Some Information for Investors - Yahoo Finance,https://news.google.com/rss/articles/CBMijgFBVV95cUxQVjBsSlVpekd6dFByajFwNjJ1YnFvMUdlUmllbGFoWHc1aUE3OEVrNlJVMmRoLWtjN0QzYndiQXJjZkIxRThyMERHUGpRWHRDajhtR3Job3JYYUxNMHh6MTF3NHgwdmEzYlhGajdrTHNYTVVTY2lFLVZiNTdZRzdlTUxFbFZfX0w1WnNzbTRB?oc=5,Yahoo Finance,2025-12-18 08:00:00,False,bearish,,0,-1,-1.0,lexicon
e9d9b3a38534,BLK,"AI stocks, alternatives, and the new market playbook for 2026 - blackrock.com",https://news.google.com/rss/articles/CBMivgFBVV95cUxNUy1XUVRvbGZ3VVdXTHBhZ1p2d2JTTHNRZXlNX2k1MGpNUGktd29aZlZrZEhFdFJOQ3ZBVUpBaG5LRVBSVTV6MXZNT2lfX2Flck9vSnZmbE1WZDhkZGNyV0M2b2Q2SnFJVEVLcVdxMmxFQmpZN18tdlJSVjBTVUlXUUd3QmZvaGRITVE3dkk4eEYtdGMzYzBqTlZEYlhSUmVHbGYzSXRTUHB5Njk3UkFKUml5VHlXWk8tM1Fuc3ZB?oc=5,blackrock.com,2025-12-18 08:00:00,False,neutral,,0,0,0.0,lexicon
ac15770510b8,ADBE,Innovation and authenticity — Adobe’s 2026 Creative Trends forecast - Adobe for Business,https://news.google.com/rss/articles/CBMickFVX3lxTFBkazVyeGJxWkNrTWNLaWtYRjJKaTg4eHN6VE44bHRBcDdvdE1fNHhLOHVCZFJNX0hubEkzZnp5ZWRLVkJtby1rZDlranZlVzdLUkgzY3dlb3V2RTdqY3NjYjNJbnZTYVlFOUhEc0NBbkYtQQ?oc=5,Adobe for Business,2025-12-08 08:00:00,False,neutral,,0,0,0.0,lexicon
