date,ticker,signal,regime,action,confidence,has_news,realized_1d,realized_3d,realized_5d,resolved,correct
2021-07-19,AAPL,BREACH_DOWN,UNKNOWN,IGNORE,,False,-2.5974,-3.0537,-4.5911,True,0.0
2021-08-18,AAPL,BREACH_DOWN,BULL,IGNORE,,False,-0.2323,-2.2889,-1.3665,True,0.0
2021-08-30,AAPL,BREACH_UP,BULL,LONG,,False,-0.8425,0.3461,2.3315,True,1.0
2021-09-10,AAPL,BREACH_DOWN,BULL,IGNORE,,False,-0.3893,-0.0403,1.9534,True,0.0
2021-10-28,AAPL,BREACH_UP,BULL,LONG,,False,-1.8155,-1.6714,-1.0552,True,0.0
2021-11-18,AAPL,BREACH_UP,BULL,LONG,,False,1.6976,2.2424,-0.6714,True,1.0
2021-11-26,AAPL,BREACH_DOWN,BULL,IGNORE,,False,-2.1874,-5.0762,-3.2077,True,0.0
2021-11-30,AAPL,BREACH_UP,BULL,LONG,,False,-0.3206,-2.0932,3.5572,True,0.0
2022-01-28,AAPL,BREACH_UP,BEAR,HOLD,,False,2.6126,3.2349,1.3383,True,1.0
2022-04-28,AAPL,BREACH_UP,BEAR,HOLD,,False,-3.6605,-2.5422,-4.1983,True,0.0
2022-05-05,AAPL,BREACH_DOWN,BEAR,IGNORE,,False,-0.4727,1.2968,8.9306,True,1.0
2022-05-18,AAPL,BREACH_DOWN,BEAR,IGNORE,,False,2.4641,-1.6262,0.213,True,0.0
2022-08-03,AAPL,BREACH_UP,BULL,LONG,,False,-0.1927,-0.6206,2.0135,True,0.0
2022-08-26,AAPL,BREACH_DOWN,BULL,IGNORE,,False,1.369,3.9115,4.7733,True,1.0
2022-09-12,AAPL,BREACH_UP,BULL,LONG,,False,-5.868,-6.7674,-5.4764,True,0.0
2022-09-13,AAPL,BREACH_DOWN,BEAR,IGNORE,,False,-0.9555,2.0411,-1.9891,True,1.0
2022-09-29,AAPL,BREACH_DOWN,BEAR,IGNORE,,False,3.0039,-2.5407,-2.0705,True,0.0
2022-10-28,AAPL,BREACH_UP,BULL,LONG,,False,-1.541,-6.8769,-10.9994,True,0.0
2022-11-10,AAPL,BREACH_UP,BULL,LONG,,False,1.9269,2.1584,2.6214,True,1.0
2023-03-03,AAPL,BREACH_UP,BULL,LONG,,False,1.854,1.2183,-1.6752,True,1.0
2023-04-13,AAPL,BREACH_UP,BULL,LONG,,False,-0.2114,0.5496,0.6584,True,1.0
2023-04-27,AAPL,BREACH_UP,BULL,LONG,,False,0.7541,0.0772,-1.5557,True,1.0
2023-05-05,AAPL,BREACH_UP,BULL,LONG,,False,-0.0403,-0.0058,-0.4386,True,0.0
2023-06-30,AAPL,BREACH_UP,BULL,LONG,,False,-0.7784,-1.1136,-2.7633,True,0.0
2023-08-04,AAPL,BREACH_DOWN,BULL,IGNORE,,False,1.7253,2.088,2.1759,True,1.0
2023-08-24,AAPL,BREACH_DOWN,BEAR,IGNORE,,False,-1.2643,-4.3883,-6.5144,True,0.0
2023-09-06,AAPL,BREACH_DOWN,BULL,IGNORE,,False,2.9249,1.9409,4.7564,True,1.0
2023-09-07,AAPL,BREACH_DOWN,BULL,IGNORE,,False,-0.3492,0.7096,1.025,True,1.0
2024-01-02,AAPL,BREACH_DOWN,BULL,IGNORE,,False,0.7488,2.4025,0.2693,True,1.0
2024-01-18,AAPL,BREACH_UP,BULL,LONG,,False,1.5533,3.4724,2.937,True,1.0
2024-03-05,AAPL,BREACH_DOWN,BULL,IGNORE,,False,0.5878,-0.3586,-1.8281,True,0.0
2024-03-21,AAPL,BREACH_DOWN,BULL,IGNORE,,False,-0.531,0.9687,-0.0642,True,1.0
2024-04-11,AAPL,BREACH_UP,BULL,LONG,,False,0.8627,-3.2335,-4.5704,True,0.0
2024-05-03,AAPL,BREACH_UP,BEAR,HOLD,,False,-0.9107,-0.349,-0.0446,True,0.0
2024-06-11,AAPL,BREACH_UP,BULL,LONG,,False,2.8578,2.5779,3.4468,True,1.0
2024-06-12,AAPL,BREACH_UP,BULL,LONG,,False,0.5491,1.6896,-1.591,True,1.0
2024-08-05,AAPL,BREACH_DOWN,BEAR,IGNORE,,False,0.9748,-1.9305,-4.0674,True,0.0
2024-09-19,AAPL,BREACH_UP,BULL,LONG,,False,-0.2927,-0.6554,-0.5898,True,0.0
2024-12-18,AAPL,BREACH_DOWN,BEAR,IGNORE,,False,-0.7015,-2.9107,-4.4225,True,0.0
2025-01-02,AAPL,BREACH_DOWN,BEAR,IGNORE,,False,0.2009,0.6725,2.8706,True,1.0
2025-01-16,AAPL,BREACH_DOWN,BULL,IGNORE,,False,-0.7535,1.9408,2.4008,True,1.0
2025-01-28,AAPL,BREACH_UP,BULL,LONG,,False,0.4617,-0.9485,-2.2916,True,0.0
2025-03-10,AAPL,BREACH_DOWN,BEAR,IGNORE,,False,2.9189,7.8249,5.9258,True,1.0
2025-04-03,AAPL,BREACH_DOWN,BEAR,IGNORE,,False,7.2887,15.1435,6.2848,True,1.0
2025-04-04,AAPL,BREACH_DOWN,BEAR,IGNORE,,False,3.6734,-5.5579,-5.1863,True,0.0
2025-04-09,AAPL,BREACH_UP,BEAR,HOLD,,False,-4.2394,1.8456,-2.3032,True,1.0
2025-05-12,AAPL,BREACH_UP,BULL,LONG,,False,1.0152,0.3131,-0.9535,True,1.0
2025-08-06,AAPL,BREACH_UP,BULL,LONG,,False,3.1794,6.6531,9.5404,True,1.0
2025-08-08,AAPL,BREACH_UP,BULL,LONG,,False,-0.8337,1.8508,1.0913,True,1.0
2025-09-03,AAPL,BREACH_UP,BULL,LONG,,False,0.5493,-0.2474,-4.8979,True,0.0
2025-09-10,AAPL,BREACH_DOWN,BULL,IGNORE,,False,-1.4286,-4.3697,-5.3794,True,0.0
2025-09-19,AAPL,BREACH_UP,BULL,LONG,,False,4.3096,2.7739,4.057,True,1.0
2025-09-22,AAPL,BREACH_UP,BULL,LONG,,False,-0.6443,0.3085,-0.6443,True,1.0
2025-10-10,AAPL,BREACH_DOWN,BULL,IGNORE,,False,-0.9744,-1.6594,-2.8621,True,0.0
2025-10-20,AAPL,BREACH_UP,BULL,LONG,,False,0.2021,-1.0143,2.5053,True,0.0
2026-01-20,AAPL,BREACH_DOWN,BULL,IGNORE,,False,-0.3851,-0.5432,-4.6899,True,0.0
2026-01-26,AAPL,BREACH_UP,BULL,LONG,,False,1.1198,1.1237,5.7163,True,1.0
2026-02-02,AAPL,BREACH_UP,BULL,LONG,,False,-0.1963,2.1851,1.8025,True,1.0
2026-02-12,AAPL,BREACH_DOWN,BEAR,IGNORE,,False,2.2733,-1.001,-1.0889,True,0.0
2021-07-30,ABBV,BREACH_DOWN,UNKNOWN,IGNORE,,False,0.7309,1.049,1.5907,True,1.0
2021-09-01,ABBV,BREACH_DOWN,BULL,IGNORE,,False,0.2227,2.8859,4.4535,True,1.0
2021-10-29,ABBV,BREACH_UP,BULL,LONG,,False,0.1221,2.529,2.1889,True,1.0
2021-11-23,ABBV,BREACH_UP,BULL,LONG,,False,-0.1851,-1.674,-2.4983,True,0.0
2022-04-06,ABBV,BREACH_UP,BEAR,HOLD,,False,2.5872,0.5447,-5.0968,True,1.0
2022-04-11,ABBV,BREACH_DOWN,BEAR,IGNORE,,False,1.4838,3.6157,7.1549,True,1.0
2022-04-13,ABBV,BREACH_DOWN,BEAR,IGNORE,,False,-2.1139,1.6357,0.2705,True,1.0
2022-04-29,ABBV,BREACH_DOWN,BEAR,IGNORE,,False,-0.674,-3.2067,-4.0509,True,0.0
2022-07-29,ABBV,BREACH_DOWN,BULL,IGNORE,,False,2.2925,1.6097,3.8116,True,1.0
2022-09-01,ABBV,BREACH_UP,BEAR,HOLD,,False,-1.5674,0.1878,2.1452,True,1.0
2022-09-30,ABBV,BREACH_DOWN,BEAR,IGNORE,,False,-3.0624,-6.7953,-3.3902,True,0.0
2022-10-28,ABBV,BREACH_DOWN,BULL,IGNORE,,False,0.8197,2.0934,1.5785,True,1.0
2023-01-09,ABBV,BREACH_DOWN,BULL,IGNORE,,False,1.2495,4.9443,4.5634,True,1.0
2023-02-09,ABBV,BREACH_UP,BULL,LONG,,False,2.2529,2.616,0.5582,True,1.0
2023-04-27,ABBV,BREACH_DOWN,BULL,IGNORE,,False,-1.5114,-1.8473,1.0143,True,0.0
2023-06-01,ABBV,BREACH_DOWN,BULL,IGNORE,,False,-2.5704,-1.4913,-3.1475,True,0.0
2023-07-20,ABBV,BREACH_UP,BULL,LONG,,False,1.0901,-0.3939,4.6839,True,0.0
2023-07-27,ABBV,BREACH_UP,BULL,LONG,,False,1.3436,-0.2083,0.1344,True,0.0
2023-10-19,ABBV,BREACH_DOWN,BEAR,IGNORE,,False,-0.4879,-0.5429,0.2199,True,0.0
2023-10-27,ABBV,BREACH_DOWN,BEAR,IGNORE,,False,-2.1306,-2.548,-1.7923,True,0.0
2023-11-30,ABBV,BREACH_UP,BULL,LONG,,False,0.7163,1.531,3.9188,True,1.0
2024-01-02,ABBV,BREACH_UP,BULL,LONG,,False,0.4004,1.4516,1.558,True,1.0
2024-04-04,ABBV,BREACH_DOWN,BULL,IGNORE,,False,-1.2507,-1.3341,0.2263,True,0.0
2024-04-26,ABBV,BREACH_DOWN,BEAR,IGNORE,,False,-1.1903,-1.3156,-2.6125,True,0.0
2024-05-31,ABBV,BREACH_UP,BULL,LONG,,False,-0.6512,2.6048,5.0732,True,1.0
2024-07-17,ABBV,BREACH_UP,BULL,LONG,,False,-2.3564,-0.9471,0.5363,True,0.0
2024-07-25,ABBV,BREACH_UP,BEAR,HOLD,,False,1.6413,2.5306,4.139,True,1.0
2024-10-30,ABBV,BREACH_UP,BULL,LONG,,False,1.1762,-0.5112,-0.1489,True,0.0
2024-11-11,ABBV,BREACH_DOWN,BULL,IGNORE,,False,1.9148,2.7518,4.6724,True,1.0
2025-01-27,ABBV,BREACH_UP,BULL,LONG,,False,-1.1814,-0.7066,7.4845,True,0.0
2025-01-31,ABBV,BREACH_UP,BULL,LONG,,False,3.3932,4.2686,3.6433,True,1.0
2025-03-25,ABBV,BREACH_DOWN,BEAR,IGNORE,,False,0.0199,-1.9619,-2.4486,True,0.0
2025-04-04,ABBV,BREACH_DOWN,BEAR,IGNORE,,False,0.2193,3.8083,6.3703,True,1.0
2025-04-08,ABBV,BREACH_DOWN,BEAR,IGNORE,,False,-2.3738,0.3529,-1.5733,True,1.0
2025-05-14,ABBV,BREACH_DOWN,BULL,IGNORE,,False,-2.3895,-4.6607,-2.4572,True,0.0
2025-09-11,ABBV,BREACH_UP,BULL,LONG,,False,-0.8537,-1.7982,0.8038,True,0.0
2025-09-30,ABBV,BREACH_UP,BULL,LONG,,False,5.5455,1.0236,0.5571,True,1.0
2025-10-01,ABBV,BREACH_UP,BULL,LONG,,False,-3.1999,-5.8065,-5.3769,True,0.0
2025-10-02,ABBV,BREACH_DOWN,BULL,IGNORE,,False,1.1202,1.5768,2.4814,True,1.0
2025-10-31,ABBV,BREACH_DOWN,BULL,IGNORE,,False,2.7885,0.5825,-0.5137,True,1.0
2025-11-12,ABBV,BREACH_UP,BULL,LONG,,False,-0.403,0.3302,-0.1372,True,1.0
2026-01-05,ABBV,BREACH_DOWN,BULL,IGNORE,,False,-1.7032,-1.794,0.0636,True,0.0
2026-01-07,ABBV,BREACH_UP,BULL,LONG,,False,-3.98,-5.7322,-4.9396,True,0.0
2026-01-08,ABBV,BREACH_DOWN,BULL,IGNORE,,False,1.807,1.508,3.2927,True,1.0
2026-02-04,ABBV,BREACH_DOWN,BULL,IGNORE,,False,-0.8797,-2.8327,-1.7411,True,0.0
2026-03-18,ABBV,BREACH_DOWN,BEAR,IGNORE,,False,1.0128,1.6367,0.5568,True,1.0
2021-09-15,ADBE,BREACH_UP,BULL,LONG,,False,0.6096,-2.9936,-5.2944,True,0.0
2021-09-22,ADBE,BREACH_DOWN,BEAR,IGNORE,,False,-0.7603,3.5826,7.7274,True,1.0
2021-09-28,ADBE,BREACH_DOWN,BEAR,IGNORE,,False,0.1849,0.2246,2.0855,True,1.0
2021-11-10,ADBE,BREACH_DOWN,BULL,IGNORE,,False,0.6687,-1.8888,-3.5784,True,0.0
2021-11-29,ADBE,BREACH_UP,BULL,LONG,,False,-2.5659,-2.2706,-9.5201,True,0.0
2021-12-03,ADBE,BREACH_DOWN,BEAR,IGNORE,,False,-0.8937,-5.9316,-6.1505,True,0.0
2021-12-14,ADBE,BREACH_DOWN,BULL,IGNORE,,False,-2.516,9.4688,9.3257,True,1.0
2021-12-16,ADBE,BREACH_DOWN,BULL,IGNORE,,False,1.6693,1.5139,-0.6236,True,1.0
2022-01-05,ADBE,BREACH_DOWN,BULL,IGNORE,,False,0.0603,-2.216,-3.4874,True,0.0
2022-02-24,ADBE,BREACH_UP,BEAR,HOLD,,False,0.3708,0.6166,-1.022,True,1.0
2022-03-23,ADBE,BREACH_DOWN,BEAR,IGNORE,,False,-2.1849,-6.4105,-8.7869,True,0.0
2022-06-10,ADBE,BREACH_DOWN,BEAR,IGNORE,,False,5.6343,4.2962,8.3917,True,1.0
2022-08-26,ADBE,BREACH_DOWN,BULL,IGNORE,,False,1.5117,1.9894,3.3804,True,1.0
2022-09-13,ADBE,BREACH_DOWN,BEAR,IGNORE,,False,-0.8496,18.7003,20.9913,True,1.0
2022-09-15,ADBE,BREACH_DOWN,BEAR,IGNORE,,False,3.1152,5.8454,7.1394,True,1.0
2022-11-10,ADBE,BREACH_UP,BULL,LONG,,False,3.3944,4.8522,2.3882,True,1.0
2022-11-30,ADBE,BREACH_UP,BULL,LONG,,False,-0.2377,-3.1427,-5.2909,True,0.0
2023-02-24,ADBE,BREACH_DOWN,BULL,IGNORE,,False,-0.5553,-0.886,-7.3314,True,0.0
2023-03-16,ADBE,BREACH_UP,BEAR,HOLD,,False,1.3728,5.9243,4.4468,True,1.0
2023-05-03,ADBE,BREACH_DOWN,BULL,IGNORE,,False,2.7285,0.3447,0.3563,True,1.0
2023-05-25,ADBE,BREACH_UP,BULL,LONG,,False,5.9506,6.5628,11.3018,True,1.0
2023-05-26,ADBE,BREACH_UP,BULL,LONG,,False,0.4381,2.7348,4.5235,True,1.0
2023-06-08,ADBE,BREACH_UP,BULL,LONG,,False,3.4098,9.1019,11.817,True,1.0
2023-09-12,ADBE,BREACH_DOWN,BULL,IGNORE,,False,-2.0933,2.4566,0.0959,True,1.0
2023-09-15,ADBE,BREACH_DOWN,BULL,IGNORE,,False,-0.6674,-1.3027,3.0233,True,0.0
2023-09-21,ADBE,BREACH_DOWN,BEAR,IGNORE,,False,0.1907,1.4751,1.7922,True,1.0
2023-12-14,ADBE,BREACH_DOWN,BULL,IGNORE,,False,-0.0068,-3.4209,-2.6512,True,0.0
2024-01-19,ADBE,BREACH_UP,BULL,LONG,,False,-1.3016,-0.829,0.3892,True,0.0
2024-02-06,ADBE,BREACH_DOWN,BULL,IGNORE,,False,-1.4346,-3.3057,0.8647,True,0.0
2024-02-16,ADBE,BREACH_DOWN,BULL,IGNORE,,False,0.8689,1.6628,-2.5281,True,1.0
2024-03-15,ADBE,BREACH_DOWN,BULL,IGNORE,,False,-4.3455,-5.4177,-1.4336,True,0.0
2024-05-30,ADBE,BREACH_DOWN,BEAR,IGNORE,,False,0.2489,-0.5607,-2.7497,True,0.0
2024-06-14,ADBE,BREACH_UP,BULL,LONG,,False,-1.2507,-0.4493,-0.217,True,0.0
2024-08-02,ADBE,BREACH_DOWN,BEAR,IGNORE,,False,3.2024,2.3852,-1.9252,True,1.0
2024-09-13,ADBE,BREACH_DOWN,BULL,IGNORE,,False,2.8629,5.3532,2.7139,True,1.0
2024-10-07,ADBE,BREACH_DOWN,BULL,IGNORE,,False,-1.8346,-3.3388,-4.5865,True,0.0
2024-11-06,ADBE,BREACH_UP,BULL,LONG,,False,-0.7745,-0.0693,5.4811,True,0.0
2024-11-12,ADBE,BREACH_UP,BULL,LONG,,False,1.155,-4.3786,-5.0929,True,0.0
2024-11-15,ADBE,BREACH_DOWN,BULL,IGNORE,,False,0.7668,0.7688,-1.7442,True,1.0
2024-12-04,ADBE,BREACH_UP,BULL,LONG,,False,0.3225,2.1324,2.5052,True,1.0
2024-12-12,ADBE,BREACH_DOWN,BULL,IGNORE,,False,1.8836,4.0874,7.8461,True,1.0
2025-02-10,ADBE,BREACH_UP,BULL,LONG,,False,1.7114,1.8,2.8841,True,1.0
2025-03-13,ADBE,BREACH_DOWN,BEAR,IGNORE,,False,-4.4728,-3.5809,-3.1151,True,0.0
2025-04-03,ADBE,BREACH_DOWN,BEAR,IGNORE,,False,4.9503,7.42,4.6835,True,1.0
2025-04-09,ADBE,BREACH_UP,BEAR,HOLD,,False,-4.0012,-3.7654,-5.6083,True,0.0
2025-06-13,ADBE,BREACH_DOWN,BULL,IGNORE,,False,-2.5659,3.4824,2.9514,True,1.0
2025-06-17,ADBE,BREACH_DOWN,BULL,IGNORE,,False,1.2125,0.669,-1.2726,True,1.0
2025-07-02,ADBE,BREACH_DOWN,BULL,IGNORE,,False,-0.2219,-0.9961,1.8601,True,0.0
2025-08-13,ADBE,BREACH_UP,BULL,LONG,,False,-0.7093,1.7575,0.6722,True,1.0
2025-10-21,ADBE,BREACH_UP,BULL,LONG,,False,-0.9677,-1.1271,0.6601,True,0.0
2025-10-29,ADBE,BREACH_DOWN,BULL,IGNORE,,False,-0.4085,0.1154,0.6896,True,1.0
2025-12-05,ADBE,BREACH_UP,BULL,LONG,,False,-2.062,-0.9039,2.9371,True,0.0
2026-01-02,ADBE,BREACH_DOWN,BULL,IGNORE,,False,0.522,-1.4401,-0.195,True,0.0
2026-01-13,ADBE,BREACH_DOWN,BULL,IGNORE,,False,1.7714,4.4558,5.0657,True,1.0
2026-02-03,ADBE,BREACH_DOWN,BULL,IGNORE,,False,-2.861,1.3055,2.6698,True,1.0
2026-03-13,ADBE,BREACH_DOWN,BEAR,IGNORE,,False,-1.0188,1.3316,0.4693,True,1.0
2026-04-13,ADBE,BREACH_UP,BULL,LONG,,False,-1.8283,3.3526,3.5484,True,1.0
2026-04-23,ADBE,BREACH_DOWN,BULL,IGNORE,,False,-2.7032,-1.7658,-2.9793,True,0.0
2021-06-30,AMD,BREACH_UP,UNKNOWN,HOLD,,False,-0.6601,0.5749,-4.4608,True,1.0
2021-07-07,AMD,BREACH_DOWN,UNKNOWN,IGNORE,,False,0.8836,-0.2982,1.6457,True,0.0
2021-07-28,AMD,BREACH_UP,UNKNOWN,HOLD,,False,5.1261,10.9262,21.2805,True,1.0
2021-07-29,AMD,BREACH_UP,UNKNOWN,HOLD,,False,3.1472,9.3346,9.1306,True,1.0
2021-09-28,AMD,BREACH_DOWN,BEAR,IGNORE,,False,1.1525,-0.9161,-0.2857,True,0.0
2021-11-04,AMD,BREACH_UP,BULL,LONG,,False,-0.8436,8.3055,6.1891,True,1.0
2021-11-08,AMD,BREACH_UP,BULL,LONG,,False,-0.8258,-2.7637,-2.4441,True,0.0
2021-11-10,AMD,BREACH_DOWN,BULL,IGNORE,,False,-4.3898,-4.733,-8.2005,True,0.0
2021-12-15,AMD,BREACH_UP,BULL,LONG,,False,-5.3652,-7.3038,-1.7884,True,0.0
2022-02-11,AMD,BREACH_DOWN,BEAR,IGNORE,,False,-0.9631,-3.9848,-0.5743,True,0.0
2022-03-31,AMD,BREACH_DOWN,BULL,IGNORE,,False,1.0518,2.3047,5.1399,True,1.0
2022-05-04,AMD,BREACH_UP,BEAR,HOLD,,False,-5.5824,-13.1362,-11.5671,True,0.0
2022-05-09,AMD,BREACH_DOWN,BEAR,IGNORE,,False,-2.7443,-0.8106,-9.1246,True,0.0
2022-09-13,AMD,BREACH_DOWN,BEAR,IGNORE,,False,-0.5452,0.6751,2.3108,True,1.0
2022-10-07,AMD,BREACH_DOWN,BEAR,IGNORE,,False,1.078,1.0096,4.2779,True,1.0
2022-11-10,AMD,BREACH_UP,BULL,LONG,,False,5.6959,11.5379,7.9305,True,1.0
2023-01-23,AMD,BREACH_UP,BULL,LONG,,False,-2.3912,-1.7901,-5.3312,True,0.0
2023-02-01,AMD,BREACH_UP,BULL,LONG,,False,4.336,-1.1342,0.0591,True,0.0
2023-03-14,AMD,BREACH_UP,BEAR,HOLD,,False,2.55,11.8811,9.697,True,1.0
2023-03-16,AMD,BREACH_UP,BEAR,HOLD,,False,1.2836,-0.6936,3.8095,True,0.0
2023-05-03,AMD,BREACH_DOWN,BULL,IGNORE,,False,-6.1137,-16.442,-18.8679,True,0.0
2023-05-25,AMD,BREACH_UP,BULL,LONG,,False,5.5505,-1.7781,-2.069,True,0.0
2023-08-02,AMD,BREACH_DOWN,BULL,IGNORE,,False,-3.4751,-6.8221,-1.0242,True,0.0
2023-08-24,AMD,BREACH_DOWN,BEAR,IGNORE,,False,-0.442,-4.0471,-3.8507,True,0.0
2023-10-25,AMD,BREACH_DOWN,BEAR,IGNORE,,False,2.488,-0.1249,-12.4714,True,0.0
2023-11-01,AMD,BREACH_UP,BEAR,HOLD,,False,-0.1944,3.4339,5.137,True,1.0
2023-12-07,AMD,BREACH_UP,BULL,LONG,,False,0.4285,7.1979,7.5018,True,1.0
2024-01-02,AMD,BREACH_DOWN,BULL,IGNORE,,False,2.3524,-0.0,-7.7067,True,0.0
2024-01-08,AMD,BREACH_UP,BULL,LONG,,False,2.107,1.2587,8.5922,True,1.0
2024-01-16,AMD,BREACH_UP,BULL,LONG,,False,0.9008,9.7581,6.098,True,1.0
2024-01-19,AMD,BREACH_UP,BULL,LONG,,False,-3.4724,2.3303,1.7333,True,1.0
2024-01-24,AMD,BREACH_UP,BULL,LONG,,False,1.1442,-0.258,-5.9454,True,0.0
2024-02-22,AMD,BREACH_UP,BULL,LONG,,False,-2.9363,-2.1225,5.8671,True,0.0
2024-02-29,AMD,BREACH_UP,BULL,LONG,,False,5.2511,6.5444,9.7907,True,1.0
2024-04-04,AMD,BREACH_DOWN,BULL,IGNORE,,False,-2.7679,-2.985,-2.8161,True,0.0
2024-05-01,AMD,BREACH_DOWN,BEAR,IGNORE,,False,-1.31,-7.9781,-6.4809,True,0.0
2024-07-17,AMD,BREACH_DOWN,BULL,IGNORE,,False,2.2957,2.233,9.2831,True,1.0
2024-08-01,AMD,BREACH_DOWN,BEAR,IGNORE,,False,0.0302,1.7806,-2.852,True,1.0
2024-09-03,AMD,BREACH_DOWN,BULL,IGNORE,,False,-2.8699,1.8913,-4.3085,True,1.0
2024-10-15,AMD,BREACH_DOWN,BULL,IGNORE,,False,0.3256,0.4277,1.6279,True,1.0
2024-10-30,AMD,BREACH_DOWN,BULL,IGNORE,,False,3.0485,5.3096,2.3553,True,1.0
2024-12-09,AMD,BREACH_DOWN,BULL,IGNORE,,False,2.3917,0.2063,3.194,True,1.0
2025-01-27,AMD,BREACH_DOWN,BULL,IGNORE,,False,0.7304,-3.3475,0.6434,True,0.0
2025-02-05,AMD,BREACH_DOWN,BULL,IGNORE,,False,1.6516,1.3659,0.2589,True,1.0
2025-03-24,AMD,BREACH_UP,BEAR,HOLD,,False,0.8432,-6.3241,-9.7585,True,0.0
2025-04-03,AMD,BREACH_DOWN,BEAR,IGNORE,,False,8.5714,16.6205,5.4371,True,1.0
2025-04-04,AMD,BREACH_DOWN,BEAR,IGNORE,,False,2.472,-12.9198,-8.9086,True,0.0
2025-04-09,AMD,BREACH_UP,BEAR,HOLD,,False,-8.4056,-2.4164,-8.829,True,0.0
2025-06-16,AMD,BREACH_UP,BULL,LONG,,False,0.5618,1.4637,9.5261,True,1.0
2025-06-24,AMD,BREACH_UP,BULL,LONG,,False,3.5903,3.8864,-1.6759,True,1.0
2025-07-15,AMD,BREACH_UP,BULL,LONG,,False,2.8726,0.8868,-0.5719,True,1.0
2025-08-06,AMD,BREACH_DOWN,BULL,IGNORE,,False,-5.6891,-5.6155,-13.0579,True,0.0
2025-09-05,AMD,BREACH_DOWN,BULL,IGNORE,,False,-0.1786,-5.5578,-4.916,True,0.0
2025-10-06,AMD,BREACH_UP,BULL,LONG,,False,3.829,14.3243,6.2393,True,1.0
2025-10-08,AMD,BREACH_UP,BULL,LONG,,False,-1.1335,-8.1253,1.2905,True,0.0
2025-10-10,AMD,BREACH_DOWN,BULL,IGNORE,,False,-0.7073,-11.0284,-8.4598,True,0.0
2025-10-15,AMD,BREACH_UP,BULL,LONG,,False,-1.6932,0.8215,-3.508,True,1.0
2025-10-24,AMD,BREACH_UP,BULL,LONG,,False,2.6688,4.5113,1.2652,True,1.0
2025-11-06,AMD,BREACH_DOWN,BULL,IGNORE,,False,1.7501,0.0757,-4.3164,True,1.0
2025-11-12,AMD,BREACH_UP,BULL,LONG,,False,-4.2219,-7.0957,-13.6506,True,0.0
2026-01-13,AMD,BREACH_UP,BULL,LONG,,False,1.1902,4.9147,13.047,True,1.0
2026-01-21,AMD,BREACH_UP,BULL,LONG,,False,1.5733,0.6045,1.1769,True,1.0
2026-02-04,AMD,BREACH_DOWN,BULL,IGNORE,,False,3.8414,-7.8975,-6.6886,True,0.0
2026-02-24,AMD,BREACH_UP,BEAR,HOLD,,False,-1.3936,-6.3739,-10.7043,True,0.0
2026-03-25,AMD,BREACH_UP,BEAR,HOLD,,False,-7.4908,-11.0001,-4.5671,True,0.0
2026-03-26,AMD,BREACH_DOWN,BEAR,IGNORE,,False,0.8735,0.1669,-6.738,True,1.0
2026-04-16,AMD,BREACH_UP,BULL,LONG,,False,0.0467,2.2389,9.7283,True,1.0
2026-04-22,AMD,BREACH_UP,BULL,LONG,,False,0.6162,10.2715,11.0888,True,1.0
2026-04-24,AMD,BREACH_UP,BULL,LONG,,False,-3.7894,-3.0764,3.66,True,0.0
2026-05-06,AMD,BREACH_UP,BULL,LONG,,False,-3.0684,8.8754,5.7215,True,1.0
2026-05-08,AMD,BREACH_UP,BULL,LONG,,False,0.7909,-2.1288,-6.8301,True,0.0
2021-07-02,AMZN,BREACH_UP,UNKNOWN,HOLD,,False,4.6927,6.2783,5.912,True,1.0
2021-07-06,AMZN,BREACH_UP,UNKNOWN,HOLD,,False,0.567,1.1862,0.0441,True,1.0
2021-07-30,AMZN,BREACH_DOWN,UNKNOWN,IGNORE,,False,-0.1169,-0.8153,-0.5214,True,0.0
2021-09-20,AMZN,BREACH_DOWN,BEAR,IGNORE,,False,0.3606,-1.796,-1.4921,True,0.0
2021-10-15,AMZN,BREACH_UP,BULL,LONG,,False,1.1065,0.1772,-2.1552,True,1.0
2021-10-22,AMZN,BREACH_DOWN,BULL,IGNORE,,False,0.4551,-1.7071,-1.1057,True,0.0
2021-11-18,AMZN,BREACH_UP,BULL,LONG,,False,-0.5273,-3.139,-5.1812,True,0.0
2022-01-21,AMZN,BREACH_DOWN,BEAR,IGNORE,,False,-1.3327,2.6433,-0.9359,True,1.0
2022-02-03,AMZN,BREACH_DOWN,BEAR,IGNORE,,False,-13.5359,-16.254,-14.5183,True,0.0
2022-02-04,AMZN,BREACH_UP,BEAR,HOLD,,False,0.1878,2.252,-2.7569,True,1.0
2022-04-29,AMZN,BREACH_DOWN,BEAR,IGNORE,,False,-0.1758,-1.3252,7.6512,True,0.0
2022-07-29,AMZN,BREACH_UP,BULL,LONG,,False,0.326,3.3864,4.3349,True,1.0
2022-09-13,AMZN,BREACH_DOWN,BEAR,IGNORE,,False,-1.3641,2.5942,3.6508,True,1.0
2022-10-28,AMZN,BREACH_DOWN,BULL,IGNORE,,False,0.938,10.9177,12.0201,True,1.0
2022-11-10,AMZN,BREACH_UP,BULL,LONG,,False,4.3051,2.3906,-1.8421,True,1.0
2023-01-11,AMZN,BREACH_UP,BULL,LONG,,False,0.1893,1.0096,-1.4828,True,1.0
2023-02-02,AMZN,BREACH_UP,BULL,LONG,,False,-8.4315,-9.5651,-12.9927,True,0.0
2023-02-03,AMZN,BREACH_DOWN,BULL,IGNORE,,False,1.1703,3.2305,5.5905,True,1.0
2023-04-13,AMZN,BREACH_UP,BULL,LONG,,False,0.1074,-0.0977,1.3769,True,0.0
2023-04-27,AMZN,BREACH_UP,BULL,LONG,,False,-3.9792,-5.6365,-5.2996,True,0.0
2023-05-26,AMZN,BREACH_UP,BULL,LONG,,False,1.2905,2.2146,4.321,True,1.0
2023-06-07,AMZN,BREACH_DOWN,BULL,IGNORE,,False,-2.4911,-4.4048,-4.2811,True,0.0
2023-06-22,AMZN,BREACH_UP,BULL,LONG,,False,-0.63,-0.7453,-1.7288,True,0.0
2023-07-20,AMZN,BREACH_DOWN,BULL,IGNORE,,False,-0.0308,0.6387,1.3158,True,1.0
2023-08-04,AMZN,BREACH_UP,BULL,LONG,,False,1.8987,-1.2324,-0.8311,True,0.0
2023-09-11,AMZN,BREACH_UP,BULL,LONG,,False,-1.3068,1.1321,-2.1803,True,1.0
2023-09-21,AMZN,BREACH_DOWN,BEAR,IGNORE,,False,0.1624,2.5903,2.5903,True,1.0
2023-10-25,AMZN,BREACH_DOWN,BEAR,IGNORE,,False,1.4993,-9.3253,-12.8594,True,0.0
2023-10-27,AMZN,BREACH_UP,BEAR,HOLD,,False,3.8907,7.2491,8.5017,True,1.0
2024-02-02,AMZN,BREACH_UP,BULL,LONG,,False,-0.8731,-0.745,1.5366,True,0.0
2024-02-22,AMZN,BREACH_UP,BULL,LONG,,False,0.2349,-0.5957,1.2487,True,0.0
2024-04-05,AMZN,BREACH_UP,BULL,LONG,,False,0.0648,0.4755,0.5728,True,1.0
2024-06-26,AMZN,BREACH_UP,BULL,LONG,,False,2.19,1.8542,2.0557,True,1.0
2024-08-02,AMZN,BREACH_DOWN,BEAR,IGNORE,,False,4.0977,3.0554,0.5718,True,1.0
2024-10-31,AMZN,BREACH_DOWN,BULL,IGNORE,,False,-6.1856,-7.0279,-12.6878,True,0.0
2024-11-01,AMZN,BREACH_UP,BULL,LONG,,False,-1.0862,4.6279,5.1786,True,1.0
2024-11-06,AMZN,BREACH_UP,BULL,LONG,,False,1.4293,-0.1207,3.385,True,0.0
2024-11-15,AMZN,BREACH_DOWN,BULL,IGNORE,,False,0.4491,-0.1333,2.7096,True,0.0
2024-12-18,AMZN,BREACH_DOWN,BEAR,IGNORE,,False,-1.2561,-2.0588,-2.9612,True,0.0
2025-02-07,AMZN,BREACH_DOWN,BULL,IGNORE,,False,-1.7412,0.096,0.2051,True,1.0
2025-04-03,AMZN,BREACH_DOWN,BEAR,IGNORE,,False,4.1534,4.3439,-1.575,True,1.0
2025-04-09,AMZN,BREACH_UP,BEAR,HOLD,,False,-5.1701,-4.6991,-8.7755,True,0.0
2025-05-12,AMZN,BREACH_UP,BULL,LONG,,False,1.3085,-1.6632,-1.1886,True,0.0
2025-08-01,AMZN,BREACH_DOWN,BULL,IGNORE,,False,1.4435,-3.5204,-3.6973,True,0.0
2025-08-06,AMZN,BREACH_UP,BULL,LONG,,False,0.3689,-0.4543,1.0121,True,0.0
2025-09-04,AMZN,BREACH_UP,BULL,LONG,,False,-1.4214,1.0862,-2.4313,True,1.0
2025-09-10,AMZN,BREACH_DOWN,BULL,IGNORE,,False,0.165,-0.4776,-0.5601,True,0.0
2025-10-10,AMZN,BREACH_DOWN,BULL,IGNORE,,False,-1.71,0.3697,1.539,True,1.0
2025-10-31,AMZN,BREACH_UP,BULL,LONG,,False,4.0046,2.4486,0.0778,True,1.0
2025-11-18,AMZN,BREACH_DOWN,BEAR,IGNORE,,False,-0.0629,0.8358,-3.1993,True,1.0
2026-01-06,AMZN,BREACH_UP,BULL,LONG,,False,0.2615,2.6771,0.6932,True,1.0
2026-01-20,AMZN,BREACH_DOWN,BULL,IGNORE,,False,-0.1342,-3.5325,-5.9221,True,0.0
2026-02-05,AMZN,BREACH_DOWN,BEAR,IGNORE,,False,5.5548,7.0636,10.3687,True,1.0
2026-02-06,AMZN,BREACH_DOWN,BULL,IGNORE,,False,0.7607,2.9669,5.4821,True,1.0
2026-04-09,AMZN,BREACH_UP,BULL,LONG,,False,2.0244,6.5782,6.8693,True,1.0
2021-09-28,AVGO,BREACH_DOWN,BEAR,IGNORE,,False,0.3136,0.7474,1.1405,True,1.0
2021-11-22,AVGO,BREACH_DOWN,BULL,IGNORE,,False,-0.3326,1.2091,-0.0723,True,1.0
2021-11-29,AVGO,BREACH_UP,BULL,LONG,,False,-1.8889,-2.1069,0.1134,True,0.0
2021-12-07,AVGO,BREACH_UP,BULL,LONG,,False,-0.3116,6.9919,4.1514,True,1.0
2021-12-10,AVGO,BREACH_UP,BULL,LONG,,False,-1.5862,1.295,0.5192,True,1.0
2021-12-15,AVGO,BREACH_UP,BULL,LONG,,False,-2.9975,0.808,3.0524,True,1.0
2022-01-05,AVGO,BREACH_DOWN,BULL,IGNORE,,False,0.9285,3.3966,3.266,True,1.0
2022-01-13,AVGO,BREACH_DOWN,BULL,IGNORE,,False,0.1373,5.5627,10.7101,True,1.0
2022-04-26,AVGO,BREACH_DOWN,BEAR,IGNORE,,False,0.0946,1.0142,-3.7674,True,1.0
2022-05-18,AVGO,BREACH_DOWN,BEAR,IGNORE,,False,4.2694,7.7484,6.8248,True,1.0
2022-06-16,AVGO,BREACH_DOWN,BEAR,IGNORE,,False,-0.2957,-0.61,-3.2444,True,0.0
2022-08-26,AVGO,BREACH_DOWN,BULL,IGNORE,,False,1.2825,4.1758,3.9627,True,1.0
2022-09-13,AVGO,BREACH_DOWN,BEAR,IGNORE,,False,-1.4097,0.2283,2.1027,True,1.0
2022-10-04,AVGO,BREACH_UP,BEAR,HOLD,,False,1.0295,-4.0387,-10.2321,True,0.0
2022-11-10,AVGO,BREACH_UP,BULL,LONG,,False,2.2741,3.5237,1.0936,True,1.0
2022-11-30,AVGO,BREACH_UP,BULL,LONG,,False,-0.0508,-3.7003,-5.9035,True,0.0
2023-01-06,AVGO,BREACH_UP,BULL,LONG,,False,-1.9612,-1.7487,-1.6026,True,0.0
2023-03-03,AVGO,BREACH_UP,BULL,LONG,,False,0.0253,-0.079,-2.8336,True,0.0
2023-05-02,AVGO,BREACH_DOWN,BULL,IGNORE,,False,-0.1404,-2.9036,-1.0076,True,0.0
2023-05-05,AVGO,BREACH_UP,BULL,LONG,,False,-0.1682,-0.611,0.1635,True,0.0
2023-05-18,AVGO,BREACH_UP,BULL,LONG,,False,0.6417,1.2686,7.5085,True,1.0
2023-05-25,AVGO,BREACH_UP,BULL,LONG,,False,11.5162,10.8617,11.416,True,1.0
2023-05-26,AVGO,BREACH_UP,BULL,LONG,,False,-1.1554,-2.8029,-1.2833,True,0.0
2023-06-12,AVGO,BREACH_UP,BULL,LONG,,False,-0.4957,3.2817,1.4812,True,1.0
2023-08-09,AVGO,BREACH_DOWN,BULL,IGNORE,,False,0.9204,-0.3961,2.0853,True,0.0
2023-08-21,AVGO,BREACH_UP,BEAR,HOLD,,False,-1.0807,-1.2345,-0.4693,True,0.0
2023-09-01,AVGO,BREACH_DOWN,BULL,IGNORE,,False,0.0401,1.7753,1.5335,True,1.0
2023-11-10,AVGO,BREACH_UP,BULL,LONG,,False,-1.106,1.8673,2.1106,True,1.0
2023-12-11,AVGO,BREACH_UP,BULL,LONG,,False,4.1817,7.5055,11.4414,True,1.0
2023-12-12,AVGO,BREACH_UP,BULL,LONG,,False,1.6236,5.3587,6.765,True,1.0
2024-01-18,AVGO,BREACH_UP,BULL,LONG,,False,5.8825,7.2034,7.5259,True,1.0
2024-01-19,AVGO,BREACH_UP,BULL,LONG,,False,0.7678,3.5229,-0.5218,True,1.0
2024-02-22,AVGO,BREACH_UP,BULL,LONG,,False,-0.6537,-0.6644,-0.3379,True,0.0
2024-03-01,AVGO,BREACH_UP,BULL,LONG,,False,0.2208,-3.5142,-6.4646,True,0.0
2024-03-05,AVGO,BREACH_DOWN,BULL,IGNORE,,False,-0.5399,2.5343,3.7885,True,1.0
2024-03-08,AVGO,BREACH_DOWN,BULL,IGNORE,,False,1.192,3.8855,5.5948,True,1.0
2024-03-21,AVGO,BREACH_UP,BULL,LONG,,False,0.4058,-1.2248,-1.6758,True,0.0
2024-06-05,AVGO,BREACH_UP,BULL,LONG,,False,-0.8365,1.9376,5.8326,True,1.0
2024-06-13,AVGO,BREACH_UP,BULL,LONG,,False,3.3383,7.3574,-1.2126,True,1.0
2024-06-17,AVGO,BREACH_UP,BULL,LONG,,False,-1.4408,-9.3085,-13.2902,True,0.0
2024-07-17,AVGO,BREACH_DOWN,BULL,IGNORE,,False,-2.9106,-3.2568,2.9747,True,0.0
2024-07-24,AVGO,BREACH_DOWN,BULL,IGNORE,,False,1.3744,0.7401,-6.1715,True,1.0
2024-07-31,AVGO,BREACH_UP,BULL,LONG,,False,-8.5013,-11.5758,-15.1917,True,0.0
2024-08-01,AVGO,BREACH_DOWN,BEAR,IGNORE,,False,2.1766,2.1086,0.8706,True,1.0
2024-09-06,AVGO,BREACH_DOWN,BEAR,IGNORE,,False,-2.7883,-15.5256,-22.4015,True,0.0
2024-12-06,AVGO,BREACH_UP,BULL,LONG,,False,-0.3286,2.0442,25.2158,True,1.0
2024-12-11,AVGO,BREACH_UP,BULL,LONG,,False,-1.3865,36.4629,22.0633,True,1.0
2024-12-13,AVGO,BREACH_UP,BULL,LONG,,False,11.21,-0.5249,-1.7838,True,0.0
2024-12-16,AVGO,BREACH_UP,BULL,LONG,,False,-3.908,-12.672,-6.811,True,0.0
2024-12-18,AVGO,BREACH_DOWN,BEAR,IGNORE,,False,2.3701,-4.1823,-10.0158,True,0.0
2025-01-27,AVGO,BREACH_DOWN,BULL,IGNORE,,False,-2.5874,-6.6937,-7.7178,True,0.0
2025-02-27,AVGO,BREACH_DOWN,BEAR,IGNORE,,False,-0.8241,5.2174,9.277,True,1.0
2025-04-03,AVGO,BREACH_DOWN,BEAR,IGNORE,,False,5.0127,-1.3116,-11.8759,True,0.0
2025-04-09,AVGO,BREACH_UP,BEAR,HOLD,,False,-6.9403,-3.6673,-5.6927,True,0.0
2025-05-12,AVGO,BREACH_UP,BULL,LONG,,False,4.8921,4.9914,4.0843,True,1.0
2025-06-06,AVGO,BREACH_DOWN,BULL,IGNORE,,False,1.0732,-2.4217,-0.7168,True,0.0
2025-09-05,AVGO,BREACH_UP,BULL,LONG,,False,3.213,10.3556,7.4592,True,1.0
2025-09-10,AVGO,BREACH_UP,BULL,LONG,,False,-2.6896,-1.4828,-6.3317,True,0.0
2025-10-10,AVGO,BREACH_DOWN,BULL,IGNORE,,False,-9.8789,-8.2247,-7.6087,True,0.0
2025-10-13,AVGO,BREACH_UP,BULL,LONG,,False,-3.524,-0.7149,-2.0914,True,0.0
2025-11-24,AVGO,BREACH_UP,BEAR,HOLD,,False,1.8706,6.6145,0.9551,True,1.0
2025-12-12,AVGO,BREACH_DOWN,BULL,IGNORE,,False,5.59,9.4213,5.4372,True,1.0
2026-04-07,AVGO,BREACH_UP,BEAR,HOLD,,False,4.9885,11.2525,14.0162,True,1.0
2026-04-22,AVGO,BREACH_UP,BULL,LONG,,False,-0.6412,-1.0529,-4.0696,True,0.0
2026-05-14,AVGO,BREACH_UP,BULL,LONG,,False,-3.3198,-6.5304,-5.7346,True,0.0
2021-06-21,AXP,BREACH_UP,UNKNOWN,HOLD,,False,-0.2425,2.0073,-0.0727,True,1.0
2021-06-28,AXP,BREACH_DOWN,UNKNOWN,IGNORE,,False,0.3216,-1.5752,-3.1693,True,0.0
2021-07-19,AXP,BREACH_DOWN,UNKNOWN,IGNORE,,False,-3.7221,-4.969,-6.0193,True,0.0
2021-07-20,AXP,BREACH_UP,UNKNOWN,HOLD,,False,2.1555,2.5523,2.4101,True,1.0
2021-08-25,AXP,BREACH_UP,BULL,LONG,,False,-0.4032,-1.1554,-1.0471,True,0.0
2021-09-23,AXP,BREACH_UP,BULL,LONG,,False,1.3613,-0.1269,-3.3629,True,0.0
2021-10-01,AXP,BREACH_UP,BEAR,HOLD,,False,-0.7359,-0.3105,0.946,True,0.0
2021-10-13,AXP,BREACH_DOWN,BULL,IGNORE,,False,-1.6536,-4.8009,-6.4486,True,0.0
2021-10-22,AXP,BREACH_UP,BULL,LONG,,False,-2.5497,-4.8375,-7.1093,True,0.0
2021-11-26,AXP,BREACH_DOWN,BULL,IGNORE,,False,-0.6632,4.3107,0.5612,True,1.0
2022-01-25,AXP,BREACH_UP,BEAR,HOLD,,False,1.2767,2.2818,6.0251,True,1.0
2022-03-01,AXP,BREACH_DOWN,BEAR,IGNORE,,False,-1.2636,2.8698,10.1146,True,1.0
2022-03-07,AXP,BREACH_DOWN,BEAR,IGNORE,,False,-0.5781,-6.5795,-8.5842,True,0.0
2022-06-13,AXP,BREACH_DOWN,BEAR,IGNORE,,False,1.1552,6.0086,1.0459,True,1.0
2022-06-16,AXP,BREACH_DOWN,BEAR,IGNORE,,False,-4.8582,-5.0109,-6.2909,True,0.0
2022-09-13,AXP,BREACH_DOWN,BEAR,IGNORE,,False,-0.6115,1.4612,1.2038,True,1.0
2022-11-10,AXP,BREACH_UP,BULL,LONG,,False,0.0905,-0.5557,-2.6559,True,0.0
2023-01-27,AXP,BREACH_UP,BULL,LONG,,False,0.2031,0.7544,3.8013,True,1.0
2023-03-10,AXP,BREACH_DOWN,BEAR,IGNORE,,False,4.8703,3.5546,5.5401,True,1.0
2023-03-13,AXP,BREACH_DOWN,BEAR,IGNORE,,False,-3.984,-1.9666,-0.7042,True,0.0
2023-05-02,AXP,BREACH_DOWN,BULL,IGNORE,,False,0.6786,0.3915,-0.0848,True,1.0
2023-05-26,AXP,BREACH_UP,BULL,LONG,,False,0.4897,3.4851,6.4805,True,1.0
2023-06-02,AXP,BREACH_UP,BULL,LONG,,False,-0.6704,1.7739,1.8747,True,1.0
2023-07-21,AXP,BREACH_DOWN,BULL,IGNORE,,False,1.4276,1.4511,2.814,True,1.0
2023-09-18,AXP,BREACH_DOWN,BULL,IGNORE,,False,0.1754,3.0821,4.0093,True,1.0
2023-10-03,AXP,BREACH_DOWN,BEAR,IGNORE,,False,-1.0893,-3.3668,-4.4813,True,0.0
2023-10-20,AXP,BREACH_DOWN,BEAR,IGNORE,,False,-2.1332,-1.3774,0.1837,True,0.0
2023-12-20,AXP,BREACH_DOWN,BULL,IGNORE,,False,-2.2917,-2.9394,-3.9579,True,0.0
2024-01-26,AXP,BREACH_UP,BULL,LONG,,False,-0.283,-0.3426,2.4723,True,0.0
2024-03-07,AXP,BREACH_UP,BULL,LONG,,False,-0.0224,-0.3446,-1.3204,True,0.0
2024-03-20,AXP,BREACH_UP,BULL,LONG,,False,0.5309,-0.8249,-0.0702,True,0.0
2024-04-04,AXP,BREACH_DOWN,BULL,IGNORE,,False,-1.307,-0.1139,0.633,True,0.0
2024-04-19,AXP,BREACH_UP,BEAR,HOLD,,False,0.8483,3.4972,1.991,True,1.0
2024-06-11,AXP,BREACH_DOWN,BULL,IGNORE,,False,0.2183,-0.1292,-2.1289,True,0.0
2024-07-19,AXP,BREACH_DOWN,BULL,IGNORE,,False,-0.9778,0.5735,-1.4481,True,1.0
2024-08-02,AXP,BREACH_DOWN,BEAR,IGNORE,,False,2.7381,1.4982,-2.398,True,1.0
2024-10-04,AXP,BREACH_UP,BULL,LONG,,False,-0.7899,-1.6487,0.0688,True,0.0
2024-10-18,AXP,BREACH_DOWN,BULL,IGNORE,,False,2.1858,2.0087,3.4105,True,1.0
2024-11-06,AXP,BREACH_UP,BULL,LONG,,False,-2.8256,-0.742,-2.5478,True,0.0
2024-12-18,AXP,BREACH_DOWN,BEAR,IGNORE,,False,-1.8417,-3.8293,-5.6328,True,0.0
2025-01-10,AXP,BREACH_DOWN,BEAR,IGNORE,,False,-1.2683,-6.4849,-6.5667,True,0.0
2025-01-15,AXP,BREACH_UP,BULL,LONG,,False,-0.269,1.8026,4.3385,True,1.0
2025-03-04,AXP,BREACH_DOWN,BEAR,IGNORE,,False,-0.2505,3.6194,9.9058,True,1.0
2025-04-03,AXP,BREACH_DOWN,BEAR,IGNORE,,False,5.3927,6.3198,0.0445,True,1.0
2025-04-09,AXP,BREACH_UP,BEAR,HOLD,,False,-5.8965,-2.6605,-3.5981,True,0.0
2025-05-12,AXP,BREACH_UP,BULL,LONG,,False,1.1307,0.2107,0.1271,True,1.0
2025-06-13,AXP,BREACH_DOWN,BULL,IGNORE,,False,-2.2343,-2.9987,-4.1141,True,0.0
2025-07-15,AXP,BREACH_DOWN,BULL,IGNORE,,False,-0.4024,0.8691,2.0956,True,1.0
2025-08-22,AXP,BREACH_UP,BULL,LONG,,False,-1.0528,1.034,3.7975,True,1.0
2025-09-17,AXP,BREACH_UP,BULL,LONG,,False,1.6875,1.4821,1.3333,True,1.0
2025-09-30,AXP,BREACH_DOWN,BULL,IGNORE,,False,1.0838,0.578,1.2614,True,1.0
2025-10-17,AXP,BREACH_UP,BULL,LONG,,False,0.8251,1.5521,3.1562,True,1.0
2025-11-17,AXP,BREACH_DOWN,BULL,IGNORE,,False,0.1729,-0.7472,-4.3018,True,0.0
2025-12-10,AXP,BREACH_UP,BULL,LONG,,False,2.4816,1.8638,0.0106,True,1.0
2026-01-12,AXP,BREACH_DOWN,BULL,IGNORE,,False,0.4422,0.6174,2.0579,True,1.0
2026-01-20,AXP,BREACH_DOWN,BULL,IGNORE,,False,-2.1068,-2.6974,-2.0614,True,0.0
2026-02-23,AXP,BREACH_DOWN,BEAR,IGNORE,,False,0.2366,-4.383,4.299,True,0.0
2026-02-27,AXP,BREACH_DOWN,BULL,IGNORE,,False,0.4759,-0.7478,2.5575,True,0.0
2026-04-23,AXP,BREACH_DOWN,BULL,IGNORE,,False,1.4032,0.8319,-1.4127,True,1.0
2021-06-21,BA,BREACH_UP,UNKNOWN,HOLD,,False,-0.6115,2.1567,-2.1689,True,1.0
2021-06-28,BA,BREACH_DOWN,UNKNOWN,IGNORE,,False,1.7503,0.0959,1.5919,True,1.0
2021-07-13,BA,BREACH_DOWN,UNKNOWN,IGNORE,,False,1.6433,4.5837,4.8422,True,1.0
2021-07-19,BA,BREACH_DOWN,UNKNOWN,IGNORE,,False,-4.9084,-6.7056,-9.1116,True,0.0
2021-07-20,BA,BREACH_UP,UNKNOWN,HOLD,,False,2.4822,2.0124,2.3578,True,1.0
2021-09-22,BA,BREACH_UP,BEAR,HOLD,,False,1.8988,3.3091,3.8621,True,1.0
2021-11-01,BA,BREACH_UP,BULL,LONG,,False,-0.8435,-0.7223,3.7748,True,0.0
2021-11-05,BA,BREACH_UP,BULL,LONG,,False,-0.793,-2.6553,-1.5593,True,0.0
2021-11-15,BA,BREACH_UP,BULL,LONG,,False,-3.1275,-2.5055,-9.9489,True,0.0
2021-11-19,BA,BREACH_DOWN,BULL,IGNORE,,False,1.9754,1.6485,7.2993,True,1.0
2021-11-26,BA,BREACH_DOWN,BULL,IGNORE,,False,0.3564,5.5319,0.3614,True,1.0
2021-12-02,BA,BREACH_UP,BULL,LONG,,False,-1.9221,3.1871,2.5595,True,1.0
2021-12-21,BA,BREACH_UP,BULL,LONG,,False,1.0876,1.8294,2.075,True,1.0
2022-04-27,BA,BREACH_DOWN,BEAR,IGNORE,,False,0.1554,3.7874,-1.625,True,1.0
2022-05-09,BA,BREACH_DOWN,BEAR,IGNORE,,False,0.27,7.6288,6.9462,True,1.0
2022-06-13,BA,BREACH_DOWN,BEAR,IGNORE,,False,-5.4376,-15.1044,-18.0304,True,0.0
2022-06-15,BA,BREACH_UP,BEAR,HOLD,,False,-0.2692,2.2659,0.187,True,1.0
2022-07-12,BA,BREACH_UP,BEAR,HOLD,,False,-2.1746,0.401,6.1026,True,1.0
2022-08-01,BA,BREACH_UP,BULL,LONG,,False,-3.4246,-1.5201,-1.8809,True,0.0
2022-09-13,BA,BREACH_DOWN,BEAR,IGNORE,,False,-1.3237,2.0501,0.93,True,1.0
2022-10-26,BA,BREACH_DOWN,BULL,IGNORE,,False,-4.4622,-6.5177,-10.1801,True,0.0
2023-02-24,BA,BREACH_DOWN,BULL,IGNORE,,False,-1.1658,-3.2299,-8.5592,True,0.0
2023-04-14,BA,BREACH_DOWN,BULL,IGNORE,,False,-1.6459,-3.4703,-1.7054,True,0.0
2023-07-26,BA,BREACH_UP,BULL,LONG,,False,0.4081,2.5988,-0.61,True,1.0
2023-08-24,BA,BREACH_DOWN,BEAR,IGNORE,,False,-2.8071,-4.5741,-3.0924,True,0.0
2023-11-13,BA,BREACH_UP,BULL,LONG,,False,1.4325,1.0071,6.4388,True,1.0
2023-11-20,BA,BREACH_UP,BULL,LONG,,False,0.2572,1.0519,2.1405,True,1.0
2023-11-30,BA,BREACH_UP,BULL,LONG,,False,0.9671,1.0923,2.4608,True,1.0
2023-12-15,BA,BREACH_UP,BULL,LONG,,False,-1.4606,-1.5212,-1.4493,True,0.0
2024-01-02,BA,BREACH_DOWN,BULL,IGNORE,,False,3.118,1.0963,10.3273,True,1.0
2024-01-08,BA,BREACH_DOWN,BULL,IGNORE,,False,1.4148,2.7686,12.4367,True,1.0
2024-01-16,BA,BREACH_DOWN,BULL,IGNORE,,False,-1.2667,-7.2312,-5.4758,True,0.0
2024-01-25,BA,BREACH_DOWN,BULL,IGNORE,,False,-1.7783,0.7133,-3.9281,True,1.0
2024-03-12,BA,BREACH_DOWN,BULL,IGNORE,,False,1.0258,0.9281,1.6826,True,1.0
2024-05-23,BA,BREACH_DOWN,BULL,IGNORE,,False,-1.3414,0.3252,-3.1357,True,1.0
2024-07-16,BA,BREACH_UP,BULL,LONG,,False,-0.6504,-3.4292,0.2311,True,0.0
2024-07-23,BA,BREACH_UP,BULL,LONG,,False,-3.4374,0.2199,0.2038,True,1.0
2024-08-01,BA,BREACH_DOWN,BEAR,IGNORE,,False,4.6885,7.4421,5.2942,True,1.0
2024-09-03,BA,BREACH_DOWN,BULL,IGNORE,,False,-1.3663,2.1115,0.59,True,1.0
2025-03-04,BA,BREACH_DOWN,BEAR,IGNORE,,False,-2.6809,2.9704,3.0459,True,1.0
2025-03-19,BA,BREACH_UP,BEAR,HOLD,,False,0.1217,4.7967,3.4353,True,1.0
2025-04-03,BA,BREACH_DOWN,BEAR,IGNORE,,False,9.4891,7.6337,-3.0548,True,1.0
2025-04-04,BA,BREACH_DOWN,BEAR,IGNORE,,False,-1.6619,-17.7392,-14.8254,True,0.0
2025-04-09,BA,BREACH_UP,BEAR,HOLD,,False,-3.2956,-0.9576,-2.7049,True,0.0
2025-06-12,BA,BREACH_DOWN,BULL,IGNORE,,False,1.6834,1.7129,2.454,True,1.0
2025-06-27,BA,BREACH_UP,BULL,LONG,,False,-2.3398,-1.1746,1.9017,True,0.0
2025-07-29,BA,BREACH_DOWN,BULL,IGNORE,,False,0.1062,1.8489,0.5396,True,1.0
2025-09-26,BA,BREACH_UP,BULL,LONG,,False,-1.8892,-2.7389,-2.2417,True,0.0
2025-10-09,BA,BREACH_DOWN,BULL,IGNORE,,False,2.4398,0.787,1.9028,True,1.0
2025-10-29,BA,BREACH_DOWN,BULL,IGNORE,,False,6.3208,4.2279,7.4726,True,1.0
2025-10-30,BA,BREACH_DOWN,BULL,IGNORE,,False,-0.4698,1.0146,1.7893,True,1.0
2025-12-02,BA,BREACH_UP,BULL,LONG,,False,-1.3828,-1.6993,-2.4394,True,0.0
2026-01-02,BA,BREACH_UP,BULL,LONG,,False,0.1581,0.1537,2.9679,True,1.0
2026-04-22,BA,BREACH_UP,BULL,LONG,,False,1.2409,0.0216,-3.1001,True,1.0
2026-05-14,BA,BREACH_DOWN,BULL,IGNORE,,False,3.8044,6.1952,4.1883,True,1.0
2021-07-09,BAC,BREACH_UP,UNKNOWN,HOLD,,False,1.4736,-2.947,-5.2947,True,0.0
2021-09-20,BAC,BREACH_DOWN,BEAR,IGNORE,,False,-0.0511,-6.5967,-10.611,True,0.0
2021-09-23,BAC,BREACH_UP,BULL,LONG,,False,1.0794,3.5261,1.823,True,1.0
2021-10-14,BAC,BREACH_UP,BULL,LONG,,False,2.8844,3.1284,3.905,True,1.0
2021-11-26,BAC,BREACH_DOWN,BULL,IGNORE,,False,0.3715,4.1958,3.6688,True,1.0
2022-01-03,BAC,BREACH_UP,BULL,LONG,,False,3.9194,4.2226,5.9549,True,1.0
2022-01-04,BAC,BREACH_UP,BULL,LONG,,False,-1.6878,2.4797,2.5422,True,1.0
2022-03-07,BAC,BREACH_DOWN,BEAR,IGNORE,,False,-0.6521,-6.0772,-7.4596,True,0.0
2022-03-09,BAC,BREACH_UP,BEAR,HOLD,,False,-0.9015,0.3899,4.2885,True,1.0
2022-05-23,BAC,BREACH_UP,BEAR,HOLD,,False,-0.6133,2.2303,3.7078,True,1.0
2022-07-15,BAC,BREACH_UP,BEAR,HOLD,,False,0.031,3.4419,3.6589,True,1.0
2022-10-13,BAC,BREACH_UP,BEAR,HOLD,,False,0.0316,10.0663,6.3427,True,1.0
2022-10-17,BAC,BREACH_UP,BEAR,HOLD,,False,3.7478,0.238,4.3129,True,1.0
2022-11-10,BAC,BREACH_UP,BULL,LONG,,False,0.7343,-1.1277,-2.5177,True,0.0
2022-12-05,BAC,BREACH_DOWN,BULL,IGNORE,,False,4.2646,5.8892,5.0478,True,1.0
2022-12-06,BAC,BREACH_DOWN,BULL,IGNORE,,False,0.7879,1.8788,0.7576,True,1.0
2023-03-07,BAC,BREACH_DOWN,BULL,IGNORE,,False,1.3333,8.2727,12.8485,True,1.0
2023-03-09,BAC,BREACH_DOWN,BEAR,IGNORE,,False,0.8841,5.8284,5.1408,True,1.0
2023-03-13,BAC,BREACH_DOWN,BEAR,IGNORE,,False,-0.8769,-1.6135,2.6657,True,0.0
2023-05-17,BAC,BREACH_UP,BULL,LONG,,False,-0.35,-0.805,-1.6451,True,0.0
2023-07-18,BAC,BREACH_UP,BULL,LONG,,False,2.7036,4.1694,4.7231,True,1.0
2023-11-02,BAC,BREACH_UP,BEAR,HOLD,,False,2.8965,1.9551,-0.3258,True,1.0
2023-11-14,BAC,BREACH_UP,BULL,LONG,,False,1.3689,2.601,1.5058,True,1.0
2023-12-13,BAC,BREACH_UP,BULL,LONG,,False,5.9301,4.3383,2.9338,True,1.0
2023-12-14,BAC,BREACH_UP,BULL,LONG,,False,-1.0018,-1.267,-2.1803,True,0.0
2024-01-30,BAC,BREACH_UP,BULL,LONG,,False,-2.242,-3.7942,-5.0302,True,0.0
2024-04-10,BAC,BREACH_DOWN,BULL,IGNORE,,False,0.8186,1.91,3.8745,True,1.0
2024-04-16,BAC,BREACH_DOWN,BEAR,IGNORE,,False,-1.5859,-6.6032,-10.6401,True,0.0
2024-05-31,BAC,BREACH_UP,BULL,LONG,,False,-0.2751,-0.075,0.0799,True,0.0
2024-07-16,BAC,BREACH_UP,BULL,LONG,,False,-0.3399,-2.7872,-3.8976,True,0.0
2024-08-02,BAC,BREACH_DOWN,BEAR,IGNORE,,False,2.4747,0.7451,-1.8627,True,1.0
2024-10-11,BAC,BREACH_UP,BULL,LONG,,False,-0.0954,2.0262,0.882,True,1.0
2024-11-06,BAC,BREACH_UP,BULL,LONG,,False,-1.4094,1.4755,1.013,True,1.0
2024-12-18,BAC,BREACH_DOWN,BEAR,IGNORE,,False,0.2759,-0.8965,-2.4138,True,0.0
2025-02-28,BAC,BREACH_UP,BULL,LONG,,False,-1.1714,-8.2646,-9.6285,True,0.0
2025-03-04,BAC,BREACH_DOWN,BEAR,IGNORE,,False,0.8905,2.364,6.5855,True,1.0
2025-04-03,BAC,BREACH_DOWN,BEAR,IGNORE,,False,7.6034,5.8839,3.6808,True,1.0
2025-04-04,BAC,BREACH_DOWN,BEAR,IGNORE,,False,-3.4603,-8.0256,-4.5362,True,0.0
2025-07-08,BAC,BREACH_DOWN,BULL,IGNORE,,False,0.6575,0.8908,2.1209,True,1.0
2025-08-01,BAC,BREACH_DOWN,BULL,IGNORE,,False,-0.4161,0.5256,-0.7665,True,1.0
2025-10-15,BAC,BREACH_UP,BULL,LONG,,False,-3.5195,-0.4591,-2.2571,True,0.0
2025-10-16,BAC,BREACH_DOWN,BULL,IGNORE,,False,-1.6653,-2.1412,-2.617,True,0.0
2026-01-07,BAC,BREACH_DOWN,BULL,IGNORE,,False,-0.9705,0.8088,5.6794,True,1.0
2026-01-14,BAC,BREACH_DOWN,BULL,IGNORE,,False,-0.2096,0.7241,0.0572,True,1.0
2026-02-27,BAC,BREACH_DOWN,BULL,IGNORE,,False,0.0401,-0.9432,1.8363,True,0.0
2021-07-08,BLK,BREACH_DOWN,UNKNOWN,IGNORE,,False,-2.8306,-3.6018,-0.3993,True,0.0
2021-07-09,BLK,BREACH_UP,UNKNOWN,HOLD,,False,1.621,-2.3288,-2.9169,True,0.0
2021-07-14,BLK,BREACH_DOWN,UNKNOWN,IGNORE,,False,0.0364,3.994,-0.2681,True,1.0
2021-07-19,BLK,BREACH_DOWN,UNKNOWN,IGNORE,,False,-3.985,-2.5676,-3.1154,True,0.0
2021-07-20,BLK,BREACH_UP,UNKNOWN,HOLD,,False,0.437,-1.1253,-1.9298,True,0.0
2021-10-13,BLK,BREACH_UP,BULL,LONG,,False,2.8463,3.2841,4.047,True,1.0
2021-11-26,BLK,BREACH_DOWN,BULL,IGNORE,,False,-2.9236,0.1453,0.2296,True,1.0
2022-01-05,BLK,BREACH_DOWN,BULL,IGNORE,,False,-0.4172,2.0667,0.7468,True,1.0
2022-02-10,BLK,BREACH_DOWN,BEAR,IGNORE,,False,0.7325,-0.3855,2.0162,True,0.0
2022-03-04,BLK,BREACH_DOWN,BEAR,IGNORE,,False,2.8022,0.4795,1.371,True,1.0
2022-05-04,BLK,BREACH_UP,BEAR,HOLD,,False,-4.7232,-8.9698,-9.753,True,0.0
2022-06-10,BLK,BREACH_DOWN,BEAR,IGNORE,,False,3.068,2.877,5.7329,True,1.0
2022-06-21,BLK,BREACH_UP,BEAR,HOLD,,False,-0.8559,5.4089,2.3725,True,1.0
2022-07-19,BLK,BREACH_UP,BULL,LONG,,False,1.0169,0.8435,-0.8594,True,1.0
2022-08-10,BLK,BREACH_UP,BULL,LONG,,False,0.4744,4.2209,2.4834,True,1.0
2022-08-19,BLK,BREACH_DOWN,BULL,IGNORE,,False,2.6336,1.8813,5.2406,True,1.0
2022-08-26,BLK,BREACH_DOWN,BULL,IGNORE,,False,0.0813,1.4857,2.7172,True,1.0
2022-09-13,BLK,BREACH_DOWN,BEAR,IGNORE,,False,0.2062,2.8175,3.5044,True,1.0
2022-10-13,BLK,BREACH_UP,BEAR,HOLD,,False,-2.6642,2.6553,1.1183,True,1.0
2022-11-10,BLK,BREACH_UP,BULL,LONG,,False,1.9663,-2.5664,-5.067,True,0.0
2023-01-06,BLK,BREACH_UP,BULL,LONG,,False,2.0312,2.4281,2.1666,True,1.0
2023-03-09,BLK,BREACH_DOWN,BEAR,IGNORE,,False,2.4951,2.0652,2.1957,True,1.0
2023-04-14,BLK,BREACH_UP,BULL,LONG,,False,1.0169,0.5656,-1.5029,True,1.0
2023-08-15,BLK,BREACH_DOWN,BULL,IGNORE,,False,0.0862,0.382,1.0374,True,1.0
2023-10-03,BLK,BREACH_DOWN,BEAR,IGNORE,,False,-1.7683,-3.6437,-2.6348,True,0.0
2023-10-18,BLK,BREACH_DOWN,BEAR,IGNORE,,False,-0.9438,0.3178,1.2989,True,1.0
2023-11-02,BLK,BREACH_UP,BEAR,HOLD,,False,2.0916,0.6362,1.1373,True,1.0
2023-11-14,BLK,BREACH_UP,BULL,LONG,,False,1.6477,2.7977,3.9134,True,1.0
2023-12-14,BLK,BREACH_UP,BULL,LONG,,False,1.4707,-0.7124,-0.9949,True,0.0
2023-12-18,BLK,BREACH_DOWN,BULL,IGNORE,,False,-0.6203,-0.334,-1.2769,True,0.0
2024-02-13,BLK,BREACH_DOWN,BULL,IGNORE,,False,-0.9421,-2.0474,-3.519,True,0.0
2024-03-04,BLK,BREACH_UP,BULL,LONG,,False,-0.9024,0.2865,-0.502,True,1.0
2024-03-21,BLK,BREACH_UP,BULL,LONG,,False,-2.0462,-2.596,-0.9928,True,0.0
2024-04-04,BLK,BREACH_DOWN,BULL,IGNORE,,False,-0.6906,-1.491,0.7739,True,0.0
2024-07-16,BLK,BREACH_UP,BULL,LONG,,False,-0.3377,-1.5688,0.0889,True,0.0
2024-10-11,BLK,BREACH_UP,BULL,LONG,,False,0.1474,2.5741,1.6925,True,1.0
2025-01-07,BLK,BREACH_DOWN,BEAR,IGNORE,,False,-0.5445,2.6255,-3.3056,True,1.0
2025-01-15,BLK,BREACH_UP,BULL,LONG,,False,-1.7233,-0.1076,0.4491,True,0.0
2025-02-03,BLK,BREACH_DOWN,BULL,IGNORE,,False,-0.1884,0.7033,2.7817,True,1.0
2025-04-03,BLK,BREACH_DOWN,BEAR,IGNORE,,False,7.3261,8.1034,3.2524,True,1.0
2025-04-04,BLK,BREACH_DOWN,BEAR,IGNORE,,False,0.6224,-9.0516,-6.827,True,0.0
2025-04-09,BLK,BREACH_UP,BEAR,HOLD,,False,-4.2694,-0.7948,-3.4891,True,0.0
2025-07-15,BLK,BREACH_DOWN,BULL,IGNORE,,False,-3.4488,-5.4896,-5.1837,True,0.0
2025-07-16,BLK,BREACH_UP,BULL,LONG,,False,2.1382,0.9961,3.5233,True,1.0
2025-08-12,BLK,BREACH_UP,BULL,LONG,,False,0.0362,-2.1214,-2.6854,True,0.0
2025-09-11,BLK,BREACH_UP,BULL,LONG,,False,-0.9496,-1.3481,0.2601,True,0.0
2025-10-10,BLK,BREACH_DOWN,BULL,IGNORE,,False,-2.01,-6.2021,-2.5434,True,0.0
2025-10-14,BLK,BREACH_UP,BULL,LONG,,False,0.6975,-2.7716,-5.3807,True,0.0
2025-11-17,BLK,BREACH_DOWN,BULL,IGNORE,,False,0.4552,3.0553,0.421,True,1.0
2025-12-03,BLK,BREACH_UP,BULL,LONG,,False,-0.3973,-1.1743,0.8115,True,0.0
2026-01-05,BLK,BREACH_UP,BULL,LONG,,False,-0.668,-2.8435,-2.7238,True,0.0
2026-01-07,BLK,BREACH_DOWN,BULL,IGNORE,,False,-1.1934,-1.318,-1.5589,True,0.0
2026-01-15,BLK,BREACH_UP,BULL,LONG,,False,0.5637,-2.4899,-2.3118,True,0.0
2026-01-20,BLK,BREACH_DOWN,BULL,IGNORE,,False,-1.6035,-1.7891,0.3027,True,0.0
2026-02-03,BLK,BREACH_DOWN,BULL,IGNORE,,False,-0.5682,1.2803,-1.6541,True,1.0
2026-03-06,BLK,BREACH_DOWN,BEAR,IGNORE,,False,-0.2323,0.448,3.2801,True,1.0
2026-04-08,BLK,BREACH_UP,BULL,LONG,,False,0.008,2.2076,4.6988,True,1.0
2026-05-19,BLK,BREACH_DOWN,BULL,IGNORE,,False,-1.4735,-3.5414,-3.2848,True,0.0
2021-07-09,BRK-B,BREACH_UP,UNKNOWN,HOLD,,False,-0.1355,-0.7772,-0.9234,True,0.0
2021-11-22,BRK-B,BREACH_UP,BULL,LONG,,False,1.2598,-0.6597,-2.9056,True,0.0
2022-01-04,BRK-B,BREACH_UP,BULL,LONG,,False,0.4505,3.6463,3.6528,True,1.0
2022-01-07,BRK-B,BREACH_UP,BULL,LONG,,False,-0.2658,0.1908,1.3603,True,1.0
2022-02-25,BRK-B,BREACH_UP,BEAR,HOLD,,False,0.6923,1.3783,1.9108,True,1.0
2022-06-13,BRK-B,BREACH_DOWN,BEAR,IGNORE,,False,1.3922,4.6171,3.4771,True,1.0
2022-06-24,BRK-B,BREACH_UP,BEAR,HOLD,,False,0.0431,-1.7213,-0.2803,True,0.0
2022-08-22,BRK-B,BREACH_DOWN,BULL,IGNORE,,False,-0.3325,-3.2699,0.4295,True,0.0
2022-08-26,BRK-B,BREACH_DOWN,BULL,IGNORE,,False,0.8656,3.1591,4.2385,True,1.0
2022-09-13,BRK-B,BREACH_DOWN,BEAR,IGNORE,,False,-0.0467,1.2505,0.4168,True,1.0
2022-10-13,BRK-B,BREACH_UP,BEAR,HOLD,,False,-1.1277,2.1358,-0.8159,True,1.0
2022-10-28,BRK-B,BREACH_UP,BULL,LONG,,False,-1.5152,-3.3942,-4.0583,True,0.0
2022-11-10,BRK-B,BREACH_UP,BULL,LONG,,False,2.1504,2.2361,1.3984,True,1.0
2023-06-02,BRK-B,BREACH_UP,BULL,LONG,,False,-0.2732,1.8028,1.7634,True,1.0
2023-08-07,BRK-B,BREACH_UP,BULL,LONG,,False,0.3172,-1.5445,-1.1308,True,0.0
2023-09-29,BRK-B,BREACH_DOWN,BEAR,IGNORE,,False,0.6337,1.8869,1.1305,True,1.0
2023-12-20,BRK-B,BREACH_DOWN,BULL,IGNORE,,False,-0.2223,-0.4165,-0.6247,True,0.0
2024-01-02,BRK-B,BREACH_UP,BULL,LONG,,False,1.1836,0.8635,1.225,True,1.0
2024-02-26,BRK-B,BREACH_DOWN,BULL,IGNORE,,False,0.0562,-0.0635,1.4054,True,0.0
2024-05-23,BRK-B,BREACH_DOWN,BULL,IGNORE,,False,-0.377,0.441,-2.0991,True,1.0
2024-07-15,BRK-B,BREACH_UP,BULL,LONG,,False,1.0313,1.7034,0.3591,True,1.0
2024-08-05,BRK-B,BREACH_DOWN,BEAR,IGNORE,,False,-2.0352,-4.3073,-4.0293,True,0.0
2024-09-05,BRK-B,BREACH_DOWN,BULL,IGNORE,,False,1.183,1.2905,3.022,True,1.0
2024-11-04,BRK-B,BREACH_DOWN,BULL,IGNORE,,False,-0.6263,-4.0336,-5.6682,True,0.0
2024-11-06,BRK-B,BREACH_UP,BULL,LONG,,False,-1.8703,-0.3284,-0.1706,True,0.0
2025-01-10,BRK-B,BREACH_DOWN,BEAR,IGNORE,,False,-0.2824,-3.5806,-5.7132,True,0.0
2025-01-27,BRK-B,BREACH_UP,BULL,LONG,,False,-0.9964,-0.4951,-2.1256,True,0.0
2025-02-24,BRK-B,BREACH_UP,BULL,LONG,,False,0.2809,0.8005,2.3394,True,1.0
2025-03-04,BRK-B,BREACH_DOWN,BEAR,IGNORE,,False,-0.5324,0.0484,-0.0787,True,1.0
2025-04-04,BRK-B,BREACH_DOWN,BEAR,IGNORE,,False,0.6403,-5.647,-6.194,True,0.0
2025-04-09,BRK-B,BREACH_UP,BEAR,HOLD,,False,-1.074,1.5554,-0.9513,True,1.0
2025-05-05,BRK-B,BREACH_DOWN,BULL,IGNORE,,False,-0.0351,-0.2148,-0.4198,True,0.0
2025-08-04,BRK-B,BREACH_DOWN,BULL,IGNORE,,False,-1.1065,-0.514,-1.2241,True,0.0
2025-11-04,BRK-B,BREACH_UP,BULL,LONG,,False,0.2276,2.3377,1.9296,True,1.0
2025-11-13,BRK-B,BREACH_UP,BULL,LONG,,False,-0.8127,-1.7033,-2.3367,True,0.0
2026-03-02,BRK-B,BREACH_DOWN,BEAR,IGNORE,,False,-0.2478,-4.2131,-3.5467,True,0.0
2021-08-11,CAT,BREACH_UP,BULL,LONG,,False,-0.6406,-1.782,-5.346,True,0.0
2021-09-20,CAT,BREACH_DOWN,BEAR,IGNORE,,False,0.5136,-3.0395,-4.8108,True,0.0
2021-10-28,CAT,BREACH_UP,BULL,LONG,,False,-0.0392,1.4846,-0.245,True,1.0
2021-11-08,CAT,BREACH_UP,BULL,LONG,,False,-2.0724,-2.6698,-3.0525,True,0.0
2021-11-26,CAT,BREACH_DOWN,BULL,IGNORE,,False,1.414,3.6532,0.468,True,1.0
2022-01-04,CAT,BREACH_UP,BULL,LONG,,False,0.7658,2.8017,0.8575,True,1.0
2022-01-19,CAT,BREACH_DOWN,BEAR,IGNORE,,False,2.2692,3.3069,3.3249,True,1.0
2022-01-28,CAT,BREACH_DOWN,BEAR,IGNORE,,False,-0.1988,-1.8791,1.3671,True,0.0
2022-02-17,CAT,BREACH_DOWN,BEAR,IGNORE,,False,1.4327,4.144,3.9437,True,1.0
2022-03-02,CAT,BREACH_UP,BEAR,HOLD,,False,1.163,2.1235,8.9144,True,1.0
2022-03-08,CAT,BREACH_UP,BEAR,HOLD,,False,-0.1048,2.3,3.0762,True,1.0
2022-04-14,CAT,BREACH_UP,BEAR,HOLD,,False,0.9262,3.1912,-4.5971,True,1.0
2022-04-22,CAT,BREACH_DOWN,BEAR,IGNORE,,False,-0.1849,1.0818,2.663,True,1.0
2022-06-16,CAT,BREACH_DOWN,BEAR,IGNORE,,False,1.1038,3.5731,4.7744,True,1.0
2022-07-29,CAT,BREACH_UP,BULL,LONG,,False,-1.71,-7.7579,-6.4868,True,0.0
2022-08-02,CAT,BREACH_DOWN,BULL,IGNORE,,False,0.3488,-1.0245,-1.3732,True,0.0
2022-09-13,CAT,BREACH_DOWN,BEAR,IGNORE,,False,-0.1845,2.626,3.429,True,1.0
2022-10-04,CAT,BREACH_UP,BEAR,HOLD,,False,-0.6959,-1.1579,0.0668,True,0.0
2022-10-21,CAT,BREACH_UP,BEAR,HOLD,,False,0.5677,3.5433,15.3086,True,1.0
2022-10-27,CAT,BREACH_UP,BULL,LONG,,False,3.394,2.998,3.3563,True,1.0
2023-01-06,CAT,BREACH_UP,BULL,LONG,,False,-0.9001,0.7514,3.8576,True,1.0
2023-01-31,CAT,BREACH_DOWN,BULL,IGNORE,,False,1.09,1.7956,1.0425,True,1.0
2023-03-01,CAT,BREACH_UP,BULL,LONG,,False,1.4115,2.1354,0.0201,True,1.0
2023-03-10,CAT,BREACH_DOWN,BEAR,IGNORE,,False,1.0176,4.295,5.2861,True,1.0
2023-04-04,CAT,BREACH_DOWN,BULL,IGNORE,,False,1.8027,0.883,-1.4026,True,1.0
2023-06-02,CAT,BREACH_UP,BULL,LONG,,False,-1.8356,3.9359,3.7065,True,1.0
2023-08-01,CAT,BREACH_UP,BULL,LONG,,False,-0.3741,-4.23,-1.9955,True,0.0
2023-10-18,CAT,BREACH_DOWN,BEAR,IGNORE,,False,2.4419,4.0977,5.0206,True,1.0
2023-10-31,CAT,BREACH_DOWN,BEAR,IGNORE,,False,-2.557,-6.503,-3.9239,True,0.0
2023-12-14,CAT,BREACH_UP,BULL,LONG,,False,0.1999,2.7317,1.7183,True,1.0
2024-01-03,CAT,BREACH_DOWN,BULL,IGNORE,,False,-0.6332,-2.7964,-3.1833,True,0.0
2024-01-17,CAT,BREACH_DOWN,BULL,IGNORE,,False,-1.1736,-4.0833,-4.808,True,0.0
2024-01-25,CAT,BREACH_UP,BULL,LONG,,False,-0.4455,1.3266,2.3008,True,1.0
2024-04-03,CAT,BREACH_UP,BULL,LONG,,False,-1.5966,-0.6174,-0.9899,True,0.0
2024-04-25,CAT,BREACH_DOWN,BEAR,IGNORE,,False,-1.5917,1.0148,0.7574,True,1.0
2024-04-30,CAT,BREACH_DOWN,BEAR,IGNORE,,False,1.0461,-0.6516,-3.1174,True,0.0
2024-07-15,CAT,BREACH_UP,BULL,LONG,,False,4.2832,2.9673,1.0171,True,1.0
2024-07-16,CAT,BREACH_UP,BULL,LONG,,False,-0.771,-3.5914,-4.1623,True,0.0
2024-08-01,CAT,BREACH_DOWN,BEAR,IGNORE,,False,3.2125,1.5323,-1.3996,True,1.0
2024-09-03,CAT,BREACH_DOWN,BULL,IGNORE,,False,1.0257,3.1977,1.787,True,1.0
2024-09-19,CAT,BREACH_UP,BULL,LONG,,False,-1.2028,3.3806,4.728,True,1.0
2024-09-24,CAT,BREACH_UP,BULL,LONG,,False,-1.99,1.3344,1.6739,True,1.0
2024-11-06,CAT,BREACH_UP,BULL,LONG,,False,-2.0797,-4.8791,-7.1507,True,0.0
2025-01-13,CAT,BREACH_UP,BEAR,HOLD,,False,2.5021,4.9793,10.2953,True,1.0
2025-01-21,CAT,BREACH_UP,BULL,LONG,,False,-0.1883,2.327,-2.0258,True,1.0
2025-01-27,CAT,BREACH_DOWN,BULL,IGNORE,,False,1.1874,5.0636,8.4637,True,1.0
2025-01-30,CAT,BREACH_DOWN,BULL,IGNORE,,False,0.9441,3.4748,2.5415,True,1.0
2025-04-03,CAT,BREACH_DOWN,BEAR,IGNORE,,False,5.7823,10.4069,5.4291,True,1.0
2025-04-04,CAT,BREACH_DOWN,BEAR,IGNORE,,False,2.7839,-4.4884,-1.8641,True,0.0
2025-04-09,CAT,BREACH_UP,BEAR,HOLD,,False,-3.9368,-0.9601,-3.6112,True,0.0
2025-05-12,CAT,BREACH_UP,BULL,LONG,,False,2.9164,2.1194,2.9251,True,1.0
2025-06-26,CAT,BREACH_UP,BULL,LONG,,False,0.7411,2.3672,4.1846,True,1.0
2025-08-22,CAT,BREACH_UP,BULL,LONG,,False,-0.7735,-0.6886,-3.8171,True,0.0
2025-08-29,CAT,BREACH_DOWN,BULL,IGNORE,,False,0.7135,-0.2816,-0.8925,True,0.0
2025-09-18,CAT,BREACH_UP,BULL,LONG,,False,-0.0899,0.9209,-0.6938,True,1.0
2025-10-14,CAT,BREACH_UP,BULL,LONG,,False,1.2475,-0.0739,-0.2488,True,0.0
2025-10-29,CAT,BREACH_UP,BULL,LONG,,False,-0.3997,-2.5449,-2.7908,True,0.0
2025-12-12,CAT,BREACH_DOWN,BULL,IGNORE,,False,1.3598,6.0212,3.6244,True,1.0
2025-12-17,CAT,BREACH_DOWN,BULL,IGNORE,,False,-0.7012,-3.652,-3.8922,True,0.0
2026-01-02,CAT,BREACH_UP,BULL,LONG,,False,2.9562,-0.3158,3.2102,True,0.0
2026-01-07,CAT,BREACH_DOWN,BULL,IGNORE,,False,-1.9463,-5.574,-7.0794,True,0.0
2026-02-02,CAT,BREACH_UP,BULL,LONG,,False,1.734,-1.8237,7.412,True,0.0
2026-02-06,CAT,BREACH_UP,BULL,LONG,,False,2.1922,6.7199,6.6098,True,1.0
2026-03-31,CAT,BREACH_UP,BEAR,HOLD,,False,3.0856,1.8039,8.9095,True,1.0
2026-04-08,CAT,BREACH_UP,BULL,LONG,,False,2.0076,2.6115,-0.1828,True,1.0
2026-04-30,CAT,BREACH_UP,BULL,LONG,,False,-0.0494,1.6268,0.6269,True,1.0
2021-06-21,COP,BREACH_UP,UNKNOWN,HOLD,,False,0.5624,1.555,-1.4227,True,1.0
2021-07-06,COP,BREACH_DOWN,UNKNOWN,IGNORE,,False,2.1068,0.2488,1.3603,True,1.0
2021-09-15,COP,BREACH_UP,BULL,LONG,,False,-0.1517,-3.793,4.9562,True,0.0
2021-09-22,COP,BREACH_UP,BEAR,HOLD,,False,2.329,7.1474,9.2837,True,1.0
2021-10-08,COP,BREACH_UP,BULL,LONG,,False,-1.2681,-2.2557,-1.0411,True,0.0
2021-11-10,COP,BREACH_DOWN,BULL,IGNORE,,False,1.1781,0.3836,1.411,True,1.0
2021-11-19,COP,BREACH_DOWN,BULL,IGNORE,,False,-3.2754,-7.4989,-3.6489,True,0.0
2021-11-26,COP,BREACH_DOWN,BULL,IGNORE,,False,-0.9373,3.1897,0.5176,True,1.0
2022-01-04,COP,BREACH_UP,BULL,LONG,,False,-1.715,4.7681,8.6007,True,1.0
2022-01-25,COP,BREACH_UP,BEAR,HOLD,,False,-0.0574,2.4222,5.0855,True,1.0
2022-05-09,COP,BREACH_DOWN,BEAR,IGNORE,,False,-0.8231,-2.4691,-9.0264,True,0.0
2022-06-16,COP,BREACH_DOWN,BEAR,IGNORE,,False,8.4749,9.1388,11.238,True,1.0
2022-06-17,COP,BREACH_DOWN,BEAR,IGNORE,,False,-5.91,6.2407,0.8473,True,1.0
2022-09-14,COP,BREACH_UP,BEAR,HOLD,,False,-1.8265,-4.1118,-5.624,True,0.0
2022-09-23,COP,BREACH_DOWN,BEAR,IGNORE,,False,1.3819,-3.8683,-3.2027,True,0.0
2022-10-03,COP,BREACH_UP,BEAR,HOLD,,False,5.1377,6.9837,6.2108,True,1.0
2022-11-03,COP,BREACH_UP,BEAR,HOLD,,False,-1.1209,0.4633,-3.2581,True,1.0
2022-11-09,COP,BREACH_DOWN,BULL,IGNORE,,False,-3.353,-6.609,-3.5717,True,0.0
2023-02-02,COP,BREACH_DOWN,BULL,IGNORE,,False,2.8661,-0.6469,1.2309,True,0.0
2023-03-15,COP,BREACH_DOWN,BEAR,IGNORE,,False,-1.218,-0.966,-3.2865,True,0.0
2023-04-03,COP,BREACH_UP,BULL,LONG,,False,-1.9554,-1.9923,-1.5403,True,0.0
2023-07-06,COP,BREACH_DOWN,BULL,IGNORE,,False,-2.8802,-7.076,-10.1754,True,0.0
2023-10-04,COP,BREACH_DOWN,BEAR,IGNORE,,False,-0.0794,-7.4914,-5.9208,True,0.0
2023-10-09,COP,BREACH_UP,BEAR,HOLD,,False,-1.1739,-0.5828,2.8649,True,0.0
2023-11-02,COP,BREACH_UP,BEAR,HOLD,,False,-1.8604,-5.5483,-6.4498,True,0.0
2024-01-04,COP,BREACH_DOWN,BULL,IGNORE,,False,-0.0429,3.1937,4.7047,True,1.0
2024-03-25,COP,BREACH_UP,BULL,LONG,,False,-0.1901,0.8318,3.5174,True,1.0
2024-04-30,COP,BREACH_DOWN,BEAR,IGNORE,,False,1.0189,2.6986,1.6558,True,1.0
2024-05-29,COP,BREACH_DOWN,BULL,IGNORE,,False,1.449,1.1974,2.6204,True,1.0
2024-06-24,COP,BREACH_UP,BULL,LONG,,False,-0.1563,-1.0419,-0.7033,True,0.0
2024-09-03,COP,BREACH_DOWN,BULL,IGNORE,,False,1.1743,3.4866,5.3254,True,1.0
2024-10-01,COP,BREACH_UP,BULL,LONG,,False,0.9052,4.7271,1.3075,True,1.0
2024-10-15,COP,BREACH_DOWN,BULL,IGNORE,,False,0.0475,-0.4372,0.1996,True,0.0
2024-10-31,COP,BREACH_UP,BULL,LONG,,False,-1.5519,-0.3013,2.6109,True,0.0
2024-11-06,COP,BREACH_UP,BULL,LONG,,False,-1.0825,-0.7014,-0.9052,True,0.0
2024-11-25,COP,BREACH_DOWN,BULL,IGNORE,,False,-0.6409,-2.1112,0.0471,True,0.0
2025-02-21,COP,BREACH_DOWN,BULL,IGNORE,,False,-0.8985,1.8481,-1.2355,True,1.0
2025-03-03,COP,BREACH_DOWN,BEAR,IGNORE,,False,2.1483,4.3506,-0.2915,True,1.0
2025-04-03,COP,BREACH_DOWN,BEAR,IGNORE,,False,9.4068,13.2179,12.5564,True,1.0
2025-04-04,COP,BREACH_DOWN,BEAR,IGNORE,,False,0.7185,-6.0494,-0.1159,True,0.0
2025-04-09,COP,BREACH_UP,BEAR,HOLD,,False,-8.9826,-5.5295,-5.6278,True,0.0
2025-04-10,COP,BREACH_DOWN,BEAR,IGNORE,,False,-3.7219,-2.9175,-6.8316,True,0.0
2025-09-03,COP,BREACH_DOWN,BULL,IGNORE,,False,-1.1833,3.4337,0.3487,True,1.0
2025-10-10,COP,BREACH_DOWN,BULL,IGNORE,,False,-1.3008,-0.1141,1.3236,True,0.0
2025-12-10,COP,BREACH_UP,BULL,LONG,,False,-0.093,-2.5207,-1.9008,True,0.0
2025-12-16,COP,BREACH_DOWN,BULL,IGNORE,,False,-4.6161,-1.289,-2.1593,True,0.0
2025-12-17,COP,BREACH_UP,BULL,LONG,,False,-2.8749,-1.7376,-3.3277,True,0.0
2026-01-08,COP,BREACH_UP,BULL,LONG,,False,-1.2257,-2.2893,0.2127,True,0.0
2026-03-02,COP,BREACH_UP,BEAR,HOLD,,False,0.2368,-1.2009,-1.0233,True,0.0
2026-04-08,COP,BREACH_DOWN,BULL,IGNORE,,False,1.3975,1.2778,5.0312,True,1.0
2021-08-05,COST,BREACH_UP,UNKNOWN,HOLD,,False,-0.8033,-0.0361,0.4896,True,0.0
2021-09-24,COST,BREACH_UP,BULL,LONG,,False,-1.5372,-3.4121,-4.1518,True,0.0
2021-09-28,COST,BREACH_DOWN,BEAR,IGNORE,,False,-0.9925,-0.219,0.2481,True,0.0
2021-11-04,COST,BREACH_UP,BULL,LONG,,False,-0.4848,-1.3401,-0.6672,True,0.0
2021-11-30,COST,BREACH_DOWN,BULL,IGNORE,,False,1.7687,1.9374,-0.4895,True,1.0
2021-12-10,COST,BREACH_UP,BULL,LONG,,False,-0.2863,1.1918,-2.006,True,1.0
2022-04-07,COST,BREACH_UP,BULL,LONG,,False,-1.3173,-4.3895,-2.9044,True,0.0
2022-04-22,COST,BREACH_DOWN,BEAR,IGNORE,,False,0.6105,3.082,6.8419,True,1.0
2022-04-29,COST,BREACH_DOWN,BEAR,IGNORE,,False,0.5209,-2.3903,5.3336,True,0.0
2022-05-05,COST,BREACH_DOWN,BEAR,IGNORE,,False,2.6985,3.0658,6.0195,True,1.0
2022-05-18,COST,BREACH_DOWN,BEAR,IGNORE,,False,1.5067,-0.0186,-2.4942,True,0.0
2022-06-02,COST,BREACH_UP,BEAR,HOLD,,False,-2.3297,-3.2465,-3.1911,True,0.0
2022-07-14,COST,BREACH_UP,BEAR,HOLD,,False,2.1507,1.6193,3.4223,True,1.0
2022-08-26,COST,BREACH_DOWN,BULL,IGNORE,,False,0.1429,1.8277,2.3899,True,1.0
2022-09-13,COST,BREACH_DOWN,BEAR,IGNORE,,False,0.4507,1.2071,2.1125,True,1.0
2022-09-23,COST,BREACH_DOWN,BEAR,IGNORE,,False,-2.9803,-4.6934,-1.2586,True,0.0
2022-11-10,COST,BREACH_UP,BULL,LONG,,False,0.456,2.5998,1.5961,True,1.0
2022-12-01,COST,BREACH_DOWN,BULL,IGNORE,,False,1.8517,4.5052,4.4536,True,1.0
2022-12-15,COST,BREACH_DOWN,BULL,IGNORE,,False,0.5303,1.3128,1.1209,True,1.0
2023-01-06,COST,BREACH_UP,BULL,LONG,,False,-0.8532,0.2982,0.4929,True,1.0
2023-05-26,COST,BREACH_UP,BULL,LONG,,False,0.1518,1.0527,2.1666,True,1.0
2023-07-07,COST,BREACH_DOWN,BULL,IGNORE,,False,-0.3733,-2.4664,-4.1234,True,0.0
2023-08-17,COST,BREACH_DOWN,BEAR,IGNORE,,False,0.3966,1.5975,2.6311,True,1.0
2023-11-10,COST,BREACH_UP,BULL,LONG,,False,0.1923,3.4066,0.0052,True,1.0
2023-11-16,COST,BREACH_DOWN,BULL,IGNORE,,False,0.2472,-0.9886,-2.2088,True,0.0
2023-12-11,COST,BREACH_UP,BULL,LONG,,False,0.904,1.1092,9.1976,True,1.0
2023-12-15,COST,BREACH_UP,BULL,LONG,,False,3.4031,0.3309,1.9398,True,1.0
2023-12-18,COST,BREACH_UP,BULL,LONG,,False,-0.5138,-2.3604,-0.9718,True,0.0
2024-03-08,COST,BREACH_DOWN,BULL,IGNORE,,False,1.5822,-1.1908,-0.0096,True,0.0
2024-03-12,COST,BREACH_UP,BULL,LONG,,False,-0.3637,-1.5267,-0.6392,True,0.0
2024-07-05,COST,BREACH_UP,BULL,LONG,,False,-0.5453,-0.1536,-4.8291,True,0.0
2024-07-11,COST,BREACH_DOWN,BULL,IGNORE,,False,0.4359,-0.4937,0.8528,True,0.0
2024-08-08,COST,BREACH_UP,BEAR,HOLD,,False,1.8465,3.0247,4.5173,True,1.0
2024-11-08,COST,BREACH_UP,BULL,LONG,,False,-1.157,-1.067,-3.8917,True,0.0
2024-11-21,COST,BREACH_UP,BULL,LONG,,False,0.8748,1.6585,1.6983,True,1.0
2025-01-27,COST,BREACH_UP,BULL,LONG,,False,-0.6817,1.4255,4.2041,True,1.0
2025-02-03,COST,BREACH_UP,BULL,LONG,,False,1.5937,4.4898,5.6931,True,1.0
2025-02-20,COST,BREACH_DOWN,BULL,IGNORE,,False,-0.0193,-2.0129,1.2678,True,0.0
2025-03-07,COST,BREACH_DOWN,BEAR,IGNORE,,False,3.1007,3.8608,6.2625,True,1.0
2025-04-04,COST,BREACH_DOWN,BEAR,IGNORE,,False,0.9111,-5.3149,-5.1207,True,0.0
2025-04-09,COST,BREACH_UP,BEAR,HOLD,,False,-0.0912,1.464,0.2652,True,1.0
2025-05-30,COST,BREACH_UP,BULL,LONG,,False,1.6026,1.1065,-2.4265,True,1.0
2025-06-05,COST,BREACH_DOWN,BULL,IGNORE,,False,-0.4086,0.3502,0.8013,True,1.0
2025-08-06,COST,BREACH_UP,BULL,LONG,,False,0.9179,2.0835,1.0624,True,1.0
2025-08-21,COST,BREACH_DOWN,BULL,IGNORE,,False,1.1488,2.9226,2.5493,True,1.0
2025-09-10,COST,BREACH_DOWN,BULL,IGNORE,,False,-0.8397,-0.3984,-0.7048,True,0.0
2025-09-26,COST,BREACH_DOWN,BULL,IGNORE,,False,-0.1004,-0.1518,0.0622,True,0.0
2025-10-09,COST,BREACH_UP,BULL,LONG,,False,-1.366,0.3839,-1.8316,True,1.0
2025-10-16,COST,BREACH_DOWN,BULL,IGNORE,,False,-1.1571,-1.2835,-1.775,True,0.0
2025-12-04,COST,BREACH_DOWN,BULL,IGNORE,,False,0.1317,0.8283,1.2703,True,1.0
2025-12-15,COST,BREACH_DOWN,BULL,IGNORE,,False,0.0198,0.3451,1.2271,True,1.0
2026-01-05,COST,BREACH_UP,BULL,LONG,,False,1.5256,4.5185,7.6895,True,1.0
2026-01-08,COST,BREACH_UP,BULL,LONG,,False,1.0456,2.9083,4.5274,True,1.0
2026-02-02,COST,BREACH_UP,BULL,LONG,,False,0.9872,2.1614,3.0185,True,1.0
2026-04-10,COST,BREACH_DOWN,BULL,IGNORE,,False,1.7647,1.3741,-0.1422,True,1.0
2021-09-23,CRM,BREACH_UP,BULL,LONG,,False,2.7964,-2.0082,-2.3897,True,0.0
2021-11-10,CRM,BREACH_DOWN,BULL,IGNORE,,False,-1.1046,-1.9421,-2.7864,True,0.0
2021-11-29,CRM,BREACH_UP,BULL,LONG,,False,-3.9698,-11.9768,-12.8025,True,0.0
2021-11-30,CRM,BREACH_DOWN,BULL,IGNORE,,False,11.742,9.3487,6.3062,True,1.0
2021-12-01,CRM,BREACH_DOWN,BEAR,IGNORE,,False,-3.8569,-2.8827,-5.8887,True,0.0
2022-01-05,CRM,BREACH_DOWN,BULL,IGNORE,,False,-0.6501,-0.8609,-4.4626,True,0.0
2022-02-24,CRM,BREACH_UP,BEAR,HOLD,,False,1.8601,2.2517,0.2252,True,1.0
2022-05-05,CRM,BREACH_DOWN,BEAR,IGNORE,,False,1.509,2.989,6.895,True,1.0
2022-06-01,CRM,BREACH_UP,BEAR,HOLD,,False,7.0029,3.8621,7.4516,True,1.0
2022-06-24,CRM,BREACH_UP,BEAR,HOLD,,False,-2.4796,-8.2347,-9.531,True,0.0
2022-11-02,CRM,BREACH_DOWN,BULL,IGNORE,,False,2.4532,3.6131,5.2997,True,1.0
2022-11-10,CRM,BREACH_UP,BULL,LONG,,False,0.9149,3.6916,-4.229,True,1.0
2022-12-01,CRM,BREACH_DOWN,BULL,IGNORE,,False,1.6599,9.3401,11.4762,True,1.0
2022-12-05,CRM,BREACH_DOWN,BULL,IGNORE,,False,0.4928,2.8373,0.6122,True,1.0
2023-01-26,CRM,BREACH_UP,BULL,LONG,,False,-0.3452,1.7445,5.7847,True,1.0
2023-03-02,CRM,BREACH_UP,BULL,LONG,,False,-0.0858,-1.7525,-4.2178,True,0.0
2023-06-01,CRM,BREACH_DOWN,BULL,IGNORE,,False,-0.0611,0.0235,1.5829,True,1.0
2023-07-11,CRM,BREACH_UP,BULL,LONG,,False,2.7626,3.6895,2.9208,True,1.0
2023-11-30,CRM,BREACH_UP,BULL,LONG,,False,3.2156,-0.3493,-1.2108,True,0.0
2023-12-01,CRM,BREACH_UP,BULL,LONG,,False,-3.5923,-4.1807,-3.5346,True,0.0
2023-12-04,CRM,BREACH_DOWN,BULL,IGNORE,,False,-0.1436,0.7221,-0.5745,True,1.0
2024-01-02,CRM,BREACH_DOWN,BULL,IGNORE,,False,1.6749,1.956,-2.0341,True,1.0
2024-01-08,CRM,BREACH_UP,BULL,LONG,,False,0.1802,4.0288,3.1893,True,1.0
2024-01-29,CRM,BREACH_UP,BULL,LONG,,False,-0.0452,-1.4104,0.0868,True,0.0
2024-02-22,CRM,BREACH_UP,BULL,LONG,,False,-0.2895,1.9922,5.166,True,1.0
2024-03-05,CRM,BREACH_DOWN,BULL,IGNORE,,False,-1.6803,-2.1858,-2.6343,True,0.0
2024-04-04,CRM,BREACH_DOWN,BULL,IGNORE,,False,-2.6416,-2.7979,-1.7033,True,0.0
2024-04-15,CRM,BREACH_DOWN,BEAR,IGNORE,,False,-1.6526,0.3591,-0.3334,True,1.0
2024-05-15,CRM,BREACH_UP,BULL,LONG,,False,-0.9947,-0.1634,-1.2937,True,0.0
2024-05-30,CRM,BREACH_DOWN,BEAR,IGNORE,,False,-7.5364,-7.729,-11.3527,True,0.0
2024-05-31,CRM,BREACH_UP,BULL,LONG,,False,0.9299,0.8915,3.1607,True,1.0
2024-09-19,CRM,BREACH_UP,BULL,LONG,,False,0.3045,1.673,3.6731,True,1.0
2024-11-06,CRM,BREACH_UP,BULL,LONG,,False,1.2643,11.349,11.3457,True,1.0
2024-11-08,CRM,BREACH_UP,BULL,LONG,,False,6.1438,6.1407,1.0281,True,1.0
2024-11-11,CRM,BREACH_UP,BULL,LONG,,False,-0.1697,-2.9497,-5.7004,True,0.0
2024-11-27,CRM,BREACH_DOWN,BULL,IGNORE,,False,0.0061,-0.4303,-9.5058,True,0.0
2024-12-04,CRM,BREACH_UP,BULL,LONG,,False,-1.7642,-4.4309,-3.5393,True,0.0
2025-01-27,CRM,BREACH_UP,BULL,LONG,,False,3.7021,-1.017,-2.2645,True,0.0
2025-02-06,CRM,BREACH_DOWN,BULL,IGNORE,,False,1.5054,1.9377,0.2902,True,1.0
2025-04-03,CRM,BREACH_DOWN,BEAR,IGNORE,,False,5.6694,4.4039,-0.114,True,1.0
2025-04-04,CRM,BREACH_DOWN,BEAR,IGNORE,,False,-1.433,-10.1387,-6.081,True,0.0
2025-04-09,CRM,BREACH_UP,BEAR,HOLD,,False,-3.6389,-3.8542,-5.6332,True,0.0
2025-05-12,CRM,BREACH_UP,BULL,LONG,,False,0.1212,0.6717,-0.412,True,1.0
2025-05-23,CRM,BREACH_DOWN,BULL,IGNORE,,False,-1.4865,2.2736,4.2141,True,1.0
2025-08-07,CRM,BREACH_DOWN,BULL,IGNORE,,False,0.1536,3.8276,3.1177,True,1.0
2025-09-04,CRM,BREACH_DOWN,BULL,IGNORE,,False,-2.7663,-3.299,-0.9303,True,0.0
2025-11-06,CRM,BREACH_DOWN,BULL,IGNORE,,False,-0.2549,-2.1858,-0.4848,True,0.0
2025-12-05,CRM,BREACH_UP,BULL,LONG,,False,-0.3991,1.3931,0.6371,True,1.0
2026-01-02,CRM,BREACH_DOWN,BULL,IGNORE,,False,-1.0409,-4.9286,-2.4919,True,0.0
2026-01-13,CRM,BREACH_DOWN,BULL,IGNORE,,False,0.6181,5.7869,8.081,True,1.0
2026-01-29,CRM,BREACH_DOWN,BULL,IGNORE,,False,0.8361,8.2679,11.2621,True,1.0
2026-02-03,CRM,BREACH_DOWN,BULL,IGNORE,,False,-1.5582,2.5614,1.492,True,1.0
2026-03-24,CRM,BREACH_DOWN,BEAR,IGNORE,,False,0.5792,2.0271,-1.9943,True,1.0
2026-04-23,CRM,BREACH_DOWN,BULL,IGNORE,,False,-2.8044,-4.6278,-1.8638,True,0.0
2021-08-19,CSCO,BREACH_UP,BULL,LONG,,False,1.6588,3.5795,3.37,True,1.0
2021-11-02,CSCO,BREACH_UP,BULL,LONG,,False,0.0521,-0.9545,-0.3124,True,0.0
2021-11-18,CSCO,BREACH_DOWN,BULL,IGNORE,,False,0.7085,-3.1139,-1.9392,True,0.0
2021-12-15,CSCO,BREACH_UP,BULL,LONG,,False,0.6341,0.7175,2.6698,True,1.0
2022-01-18,CSCO,BREACH_DOWN,BEAR,IGNORE,,False,1.3896,5.1063,6.0606,True,1.0
2022-05-18,CSCO,BREACH_DOWN,BEAR,IGNORE,,False,13.7303,10.3598,9.0157,True,1.0
2022-05-19,CSCO,BREACH_DOWN,BEAR,IGNORE,,False,-2.9243,-4.9137,-7.838,True,0.0
2022-08-18,CSCO,BREACH_UP,BULL,LONG,,False,-1.3571,-3.97,-4.2536,True,0.0
2022-09-13,CSCO,BREACH_DOWN,BEAR,IGNORE,,False,0.3401,1.8363,3.4686,True,1.0
2022-11-10,CSCO,BREACH_UP,BULL,LONG,,False,-1.9054,-1.6645,2.0368,True,0.0
2022-11-17,CSCO,BREACH_UP,BULL,LONG,,False,2.5757,3.842,3.885,True,1.0
2023-01-06,CSCO,BREACH_UP,BULL,LONG,,False,0.5381,1.8419,1.1589,True,1.0
2023-02-16,CSCO,BREACH_UP,BULL,LONG,,False,-0.4315,-3.2948,-4.9225,True,0.0
2023-04-19,CSCO,BREACH_DOWN,BULL,IGNORE,,False,3.0391,1.353,3.1224,True,1.0
2023-04-20,CSCO,BREACH_DOWN,BULL,IGNORE,,False,-0.9661,-1.0949,0.0429,True,0.0
2023-07-12,CSCO,BREACH_DOWN,BULL,IGNORE,,False,-1.5569,-0.138,-3.3307,True,0.0
2023-08-17,CSCO,BREACH_UP,BEAR,HOLD,,False,0.5664,1.3338,0.9318,True,1.0
2023-09-21,CSCO,BREACH_DOWN,BEAR,IGNORE,,False,-0.4312,1.1811,-1.0124,True,1.0
2023-11-16,CSCO,BREACH_DOWN,BULL,IGNORE,,False,0.5829,0.4996,-0.6661,True,1.0
2024-01-25,CSCO,BREACH_UP,BULL,LONG,,False,-0.3631,-0.172,-4.1085,True,0.0
2024-01-31,CSCO,BREACH_DOWN,BULL,IGNORE,,False,-0.0,1.3352,0.8171,True,1.0
2024-02-15,CSCO,BREACH_DOWN,BULL,IGNORE,,False,1.2638,1.1822,0.4077,True,1.0
2024-04-09,CSCO,BREACH_UP,BULL,LONG,,False,-1.5997,-3.0394,-4.1792,True,0.0
2024-05-16,CSCO,BREACH_DOWN,BULL,IGNORE,,False,0.3517,2.8962,3.5995,True,1.0
2024-06-05,CSCO,BREACH_DOWN,BULL,IGNORE,,False,-0.4563,0.3694,0.8692,True,1.0
2024-07-17,CSCO,BREACH_UP,BULL,LONG,,False,-0.9893,-3.5037,-3.4419,True,0.0
2024-08-05,CSCO,BREACH_DOWN,BEAR,IGNORE,,False,-0.9388,-2.4363,-0.2682,True,0.0
2024-08-15,CSCO,BREACH_UP,BULL,LONG,,False,1.9163,3.5236,3.4824,True,1.0
2024-10-16,CSCO,BREACH_UP,BULL,LONG,,False,0.0355,0.3725,-0.1774,True,1.0
2024-11-06,CSCO,BREACH_UP,BULL,LONG,,False,0.3629,1.3133,2.2637,True,1.0
2025-01-27,CSCO,BREACH_DOWN,BULL,IGNORE,,False,-0.5924,-2.3527,-3.3175,True,0.0
2025-04-03,CSCO,BREACH_DOWN,BEAR,IGNORE,,False,4.8334,7.189,1.2563,True,1.0
2025-04-04,CSCO,BREACH_DOWN,BEAR,IGNORE,,False,0.2384,-6.5823,-5.1155,True,0.0
2025-04-09,CSCO,BREACH_UP,BEAR,HOLD,,False,-2.6492,-1.2386,-4.0771,True,0.0
2025-05-15,CSCO,BREACH_UP,BULL,LONG,,False,-0.996,-1.3072,-1.4006,True,0.0
2025-08-06,CSCO,BREACH_UP,BULL,LONG,,False,0.997,2.1095,1.7194,True,1.0
2025-08-08,CSCO,BREACH_UP,BULL,LONG,,False,-1.5601,-1.9362,-7.7866,True,0.0
2025-08-15,CSCO,BREACH_DOWN,BULL,IGNORE,,False,-1.1329,-1.3746,-1.6918,True,0.0
2025-10-10,CSCO,BREACH_DOWN,BULL,IGNORE,,False,0.7065,-2.3256,-3.2234,True,0.0
2025-11-04,CSCO,BREACH_DOWN,BULL,IGNORE,,False,0.3042,1.7284,0.8435,True,1.0
2025-11-12,CSCO,BREACH_UP,BULL,LONG,,False,4.6241,5.165,5.9897,True,1.0
2025-11-13,CSCO,BREACH_UP,BULL,LONG,,False,0.8012,-0.0129,-2.5071,True,0.0
2025-11-20,CSCO,BREACH_DOWN,BEAR,IGNORE,,False,-0.8749,-1.1665,-1.9883,True,0.0
2026-01-26,CSCO,BREACH_UP,BULL,LONG,,False,2.1685,1.8439,4.7137,True,1.0
2026-02-02,CSCO,BREACH_UP,BULL,LONG,,False,3.063,2.1329,7.6141,True,1.0
2026-02-03,CSCO,BREACH_UP,BULL,LONG,,False,-2.3463,2.0575,3.8262,True,1.0
2026-02-12,CSCO,BREACH_DOWN,BEAR,IGNORE,,False,-2.4667,-4.24,-5.6,True,0.0
2026-05-08,CSCO,BREACH_UP,BULL,LONG,,False,2.2264,5.4883,22.4086,True,1.0
2026-05-14,CSCO,BREACH_UP,BULL,LONG,,False,2.3197,-0.1298,2.3111,True,0.0
2021-11-15,CVX,BREACH_UP,BULL,LONG,,False,0.3938,-0.8964,-1.364,True,0.0
2022-01-25,CVX,BREACH_UP,BEAR,HOLD,,False,0.0754,-1.4933,1.6592,True,0.0
2022-01-28,CVX,BREACH_DOWN,BEAR,IGNORE,,False,-0.5513,-3.675,-4.0349,True,0.0
2022-02-25,CVX,BREACH_UP,BEAR,HOLD,,False,2.5787,9.802,13.0147,True,1.0
2022-03-01,CVX,BREACH_UP,BEAR,HOLD,,False,2.9522,5.9644,13.8993,True,1.0
2022-03-08,CVX,BREACH_UP,BEAR,HOLD,,False,-2.4981,0.217,-7.1835,True,1.0
2022-04-21,CVX,BREACH_DOWN,BEAR,IGNORE,,False,2.2056,4.8912,1.6952,True,1.0
2022-05-09,CVX,BREACH_DOWN,BEAR,IGNORE,,False,-0.9607,-3.4286,-8.6405,True,0.0
2022-06-13,CVX,BREACH_DOWN,BEAR,IGNORE,,False,-0.1315,7.0818,7.6137,True,1.0
2022-06-16,CVX,BREACH_DOWN,BEAR,IGNORE,,False,4.5665,4.8945,6.8883,True,1.0
2022-07-29,CVX,BREACH_UP,BULL,LONG,,False,-1.9966,-5.1411,-6.1912,True,0.0
2022-09-23,CVX,BREACH_DOWN,BEAR,IGNORE,,False,2.6318,-0.6976,0.7598,True,0.0
2022-10-03,CVX,BREACH_UP,BEAR,HOLD,,False,3.8885,6.3864,3.5656,True,1.0
2022-10-13,CVX,BREACH_UP,BEAR,HOLD,,False,-3.1099,-1.5489,2.2265,True,0.0
2022-11-09,CVX,BREACH_DOWN,BULL,IGNORE,,False,-1.894,-4.8446,-3.9679,True,0.0
2023-01-26,CVX,BREACH_UP,BULL,LONG,,False,-4.4411,-7.3327,-10.0005,True,0.0
2023-01-27,CVX,BREACH_DOWN,BULL,IGNORE,,False,2.9256,4.5082,5.5726,True,1.0
2023-03-15,CVX,BREACH_DOWN,BEAR,IGNORE,,False,-0.3186,-0.5071,-1.4759,True,0.0
2023-04-03,CVX,BREACH_UP,BULL,LONG,,False,-0.5355,-1.3534,-0.4295,True,0.0
2023-05-02,CVX,BREACH_DOWN,BULL,IGNORE,,False,2.0057,-0.1062,0.5749,True,0.0
2023-07-31,CVX,BREACH_UP,BULL,LONG,,False,-0.831,-2.438,-2.3036,True,0.0
2023-08-15,CVX,BREACH_DOWN,BULL,IGNORE,,False,0.3831,-2.0135,-0.8342,True,0.0
2023-10-11,CVX,BREACH_DOWN,BEAR,IGNORE,,False,-0.0807,-2.6691,-4.8541,True,0.0
2023-10-23,CVX,BREACH_DOWN,BEAR,IGNORE,,False,2.5081,3.6906,9.0802,True,1.0
2023-10-27,CVX,BREACH_DOWN,BEAR,IGNORE,,False,-1.2054,0.2563,-2.2584,True,1.0
2023-12-14,CVX,BREACH_UP,BULL,LONG,,False,-0.3868,1.1406,0.5203,True,1.0
2024-02-02,CVX,BREACH_UP,BULL,LONG,,False,0.0591,-0.0723,-0.7882,True,0.0
2024-02-15,CVX,BREACH_UP,BULL,LONG,,False,0.1101,0.6345,0.1295,True,1.0
2024-03-04,CVX,BREACH_DOWN,BULL,IGNORE,,False,-0.4769,-0.3291,-2.0956,True,0.0
2024-04-30,CVX,BREACH_DOWN,BEAR,IGNORE,,False,1.0169,0.6325,-0.8681,True,1.0
2024-05-31,CVX,BREACH_UP,BULL,LONG,,False,-2.9821,-4.5102,-3.8324,True,0.0
2024-06-03,CVX,BREACH_DOWN,BULL,IGNORE,,False,0.8447,0.9717,0.4573,True,1.0
2024-08-01,CVX,BREACH_DOWN,BEAR,IGNORE,,False,2.6667,6.1525,5.327,True,1.0
2024-11-01,CVX,BREACH_UP,BULL,LONG,,False,0.5879,3.0378,2.5217,True,1.0
2024-11-06,CVX,BREACH_UP,BULL,LONG,,False,-0.6023,-0.7735,0.6341,True,0.0
2024-12-06,CVX,BREACH_DOWN,BULL,IGNORE,,False,-1.1852,-0.6248,0.8825,True,0.0
2024-12-16,CVX,BREACH_DOWN,BULL,IGNORE,,False,0.8369,5.4968,4.2782,True,1.0
2025-01-31,CVX,BREACH_DOWN,BULL,IGNORE,,False,-0.1005,-2.5471,-2.2991,True,0.0
2025-03-03,CVX,BREACH_DOWN,BEAR,IGNORE,,False,0.712,0.0914,-2.9264,True,1.0
2025-04-03,CVX,BREACH_DOWN,BEAR,IGNORE,,False,8.2245,12.2918,13.5409,True,1.0
2025-04-04,CVX,BREACH_DOWN,BEAR,IGNORE,,False,2.1845,-1.9193,5.3392,True,0.0
2025-04-09,CVX,BREACH_UP,BEAR,HOLD,,False,-7.5669,-7.3341,-7.3067,True,0.0
2025-04-10,CVX,BREACH_DOWN,BEAR,IGNORE,,False,-0.4816,0.326,-2.1411,True,1.0
2025-07-08,CVX,BREACH_UP,BULL,LONG,,False,-0.1436,1.3508,-1.6641,True,1.0
2025-09-05,CVX,BREACH_DOWN,BULL,IGNORE,,False,-0.2213,-2.6878,-2.2452,True,0.0
2025-09-29,CVX,BREACH_DOWN,BULL,IGNORE,,False,0.5189,1.7489,1.3325,True,1.0
2025-10-31,CVX,BREACH_UP,BULL,LONG,,False,-2.3332,-3.2082,-1.7119,True,0.0
2026-01-02,CVX,BREACH_UP,BULL,LONG,,False,5.0994,-0.449,3.9833,True,0.0
2026-01-05,CVX,BREACH_UP,BULL,LONG,,False,-4.4614,-2.8075,-0.9216,True,0.0
2026-01-06,CVX,BREACH_DOWN,BULL,IGNORE,,False,0.856,-3.5582,-4.6825,True,0.0
2026-01-30,CVX,BREACH_UP,BULL,LONG,,False,-1.6224,2.4477,2.2386,True,1.0
2026-04-01,CVX,BREACH_DOWN,BEAR,IGNORE,,False,-0.7902,-2.0921,3.5713,True,0.0
2026-04-08,CVX,BREACH_DOWN,BULL,IGNORE,,False,1.3116,0.5755,4.1371,True,1.0
2026-05-06,CVX,BREACH_DOWN,BULL,IGNORE,,False,1.4366,0.2268,-0.4537,True,1.0
2021-07-09,DIS,BREACH_UP,UNKNOWN,HOLD,,False,4.146,3.6037,1.2822,True,1.0
2021-07-12,DIS,BREACH_UP,UNKNOWN,HOLD,,False,-0.3959,-0.1248,-6.1992,True,0.0
2021-07-19,DIS,BREACH_DOWN,UNKNOWN,IGNORE,,False,-2.1972,-1.2605,-3.3478,True,0.0
2021-09-20,DIS,BREACH_DOWN,BEAR,IGNORE,,False,4.1655,1.3213,0.196,True,1.0
2021-09-21,DIS,BREACH_DOWN,BEAR,IGNORE,,False,-1.4488,-2.8218,-1.9571,True,0.0
2021-10-01,DIS,BREACH_UP,BEAR,HOLD,,False,-1.4488,-0.3011,0.4148,True,0.0
2021-11-05,DIS,BREACH_UP,BULL,LONG,,False,0.706,-0.6719,-9.1101,True,0.0
2021-11-11,DIS,BREACH_DOWN,BULL,IGNORE,,False,1.5298,2.0233,4.0281,True,1.0
2022-01-21,DIS,BREACH_DOWN,BEAR,IGNORE,,False,-0.0582,2.7515,-0.9099,True,1.0
2022-03-07,DIS,BREACH_DOWN,BEAR,IGNORE,,False,1.3109,-0.1049,3.3483,True,0.0
2022-04-20,DIS,BREACH_DOWN,BEAR,IGNORE,,False,2.336,3.7088,7.5138,True,1.0
2022-08-03,DIS,BREACH_UP,BULL,LONG,,False,-0.8255,0.0826,3.1279,True,1.0
2022-08-11,DIS,BREACH_UP,BULL,LONG,,False,3.2968,6.1772,4.2315,True,1.0
2022-09-13,DIS,BREACH_DOWN,BEAR,IGNORE,,False,-0.6621,3.1407,3.7491,True,1.0
2022-11-09,DIS,BREACH_DOWN,BULL,IGNORE,,False,-4.2766,-8.6801,-8.2997,True,0.0
2022-11-21,DIS,BREACH_UP,BULL,LONG,,False,-1.404,1.322,-2.9617,True,1.0
2023-01-20,DIS,BREACH_UP,BULL,LONG,,False,2.1357,4.484,5.8562,True,1.0
2023-04-27,DIS,BREACH_UP,BULL,LONG,,False,2.5718,0.6705,-2.4818,True,1.0
2023-05-04,DIS,BREACH_DOWN,BULL,IGNORE,,False,-3.1503,-4.8538,5.2745,True,0.0
2023-05-11,DIS,BREACH_DOWN,BULL,IGNORE,,False,0.3466,1.4408,-1.5708,True,1.0
2023-07-17,DIS,BREACH_DOWN,BULL,IGNORE,,False,-0.4558,-0.7597,-1.2155,True,0.0
2023-07-31,DIS,BREACH_UP,BULL,LONG,,False,0.1575,-3.825,-2.3175,True,0.0
2023-08-02,DIS,BREACH_DOWN,BULL,IGNORE,,False,0.9386,-0.6141,-1.3789,True,0.0
2023-08-10,DIS,BREACH_UP,BULL,LONG,,False,-2.9861,-5.1221,-6.3644,True,0.0
2023-08-24,DIS,BREACH_DOWN,BEAR,IGNORE,,False,-1.0792,-2.3402,-1.4672,True,0.0
2023-09-19,DIS,BREACH_DOWN,BEAR,IGNORE,,False,-0.7566,0.8421,2.3066,True,1.0
2023-11-09,DIS,BREACH_UP,BEAR,HOLD,,False,-2.2913,0.8081,4.6159,True,1.0
2023-12-20,DIS,BREACH_DOWN,BULL,IGNORE,,False,-0.8217,0.3506,0.9532,True,1.0
2024-01-16,DIS,BREACH_UP,BULL,LONG,,False,-2.9124,0.0107,0.7738,True,1.0
2024-01-17,DIS,BREACH_DOWN,BULL,IGNORE,,False,-2.07,-5.2469,-3.4979,True,0.0
2024-02-06,DIS,BREACH_UP,BULL,LONG,,False,-0.1511,9.1651,11.2499,True,1.0
2024-02-08,DIS,BREACH_UP,BULL,LONG,,False,-1.945,-0.0724,1.7279,True,0.0
2024-03-25,DIS,BREACH_UP,BULL,LONG,,False,0.4775,2.5134,2.8988,True,1.0
2024-04-03,DIS,BREACH_DOWN,BULL,IGNORE,,False,1.5885,1.37,1.5044,True,1.0
2024-05-07,DIS,BREACH_DOWN,BULL,IGNORE,,False,-0.0474,-0.3796,0.038,True,0.0
2024-06-28,DIS,BREACH_DOWN,BULL,IGNORE,,False,1.2589,0.6849,1.4813,True,1.0
2024-07-23,DIS,BREACH_DOWN,BULL,IGNORE,,False,1.2536,1.1106,-3.1339,True,1.0
2024-08-02,DIS,BREACH_DOWN,BEAR,IGNORE,,False,1.9984,4.0304,3.7512,True,1.0
2024-08-07,DIS,BREACH_DOWN,BEAR,IGNORE,,False,-0.0,0.0116,-0.3955,True,1.0
2024-10-07,DIS,BREACH_DOWN,BULL,IGNORE,,False,-0.1299,-0.6494,-2.7925,True,0.0
2024-11-14,DIS,BREACH_UP,BULL,LONG,,False,5.4619,3.0242,5.132,True,1.0
2024-11-15,DIS,BREACH_UP,BULL,LONG,,False,-1.3382,-0.7126,0.4953,True,0.0
2025-03-11,DIS,BREACH_DOWN,BEAR,IGNORE,,False,-0.8784,-0.7559,-1.4811,True,0.0
2025-04-03,DIS,BREACH_DOWN,BEAR,IGNORE,,False,5.977,8.0144,4.0635,True,1.0
2025-04-04,DIS,BREACH_DOWN,BEAR,IGNORE,,False,0.2754,-9.4697,-1.6282,True,0.0
2025-04-09,DIS,BREACH_UP,BEAR,HOLD,,False,-6.7913,-7.4147,-9.4816,True,0.0
2025-04-10,DIS,BREACH_DOWN,BEAR,IGNORE,,False,0.3989,0.2581,0.4928,True,1.0
2025-05-07,DIS,BREACH_UP,BULL,LONG,,False,2.968,8.228,10.6279,True,1.0
2025-08-01,DIS,BREACH_DOWN,BULL,IGNORE,,False,-2.3673,1.2179,3.5681,True,1.0
2025-08-04,DIS,BREACH_UP,BULL,LONG,,False,-0.863,-5.421,-5.6975,True,0.0
2025-08-06,DIS,BREACH_DOWN,BULL,IGNORE,,False,1.9884,2.2749,-1.2764,True,1.0
2025-11-13,DIS,BREACH_DOWN,BULL,IGNORE,,False,1.682,1.236,4.5628,True,1.0
2026-02-02,DIS,BREACH_DOWN,BULL,IGNORE,,False,0.2202,-0.4978,-2.5658,True,0.0
2026-02-12,DIS,BREACH_DOWN,BEAR,IGNORE,,False,-2.9986,-4.6103,-3.1256,True,0.0
2026-04-08,DIS,BREACH_UP,BULL,LONG,,False,0.615,2.0165,3.8919,True,1.0
2026-05-06,DIS,BREACH_UP,BULL,LONG,,False,0.5553,-3.0909,-2.9243,True,0.0
2021-09-20,F,BREACH_DOWN,BEAR,IGNORE,,False,0.39,-6.9423,-10.4524,True,0.0
2021-10-07,F,BREACH_UP,BULL,LONG,,False,1.5447,5.0369,3.7609,True,1.0
2021-10-28,F,BREACH_UP,BULL,LONG,,False,1.3048,6.8209,15.1838,True,1.0
2021-11-22,F,BREACH_UP,BULL,LONG,,False,-1.3672,-3.5645,-6.2988,True,0.0
2021-12-10,F,BREACH_UP,BULL,LONG,,False,-4.7552,-5.8741,-7.8321,True,0.0
2022-01-04,F,BREACH_UP,BULL,LONG,,False,-2.6738,0.5348,0.1645,True,1.0
2022-01-19,F,BREACH_DOWN,BEAR,IGNORE,,False,3.5635,9.1759,11.314,True,1.0
2022-02-04,F,BREACH_DOWN,BEAR,IGNORE,,False,0.3898,-2.1715,2.2829,True,0.0
2022-03-02,F,BREACH_UP,BEAR,HOLD,,False,-2.7624,-11.768,-9.558,True,0.0
2022-03-29,F,BREACH_UP,BULL,LONG,,False,-2.7042,-6.1972,-10.8733,True,0.0
2022-05-13,F,BREACH_UP,BEAR,HOLD,,False,-3.3333,-5.3334,-7.4074,True,0.0
2022-06-13,F,BREACH_DOWN,BEAR,IGNORE,,False,-3.3023,4.7418,2.9636,True,1.0
2022-06-16,F,BREACH_DOWN,BEAR,IGNORE,,False,0.1778,-2.0445,-6.7556,True,0.0
2022-07-28,F,BREACH_UP,BULL,LONG,,False,4.9286,8.2857,9.7857,True,1.0
2022-08-22,F,BREACH_DOWN,BULL,IGNORE,,False,-1.5915,-5.6366,-3.2493,True,0.0
2022-09-13,F,BREACH_DOWN,BEAR,IGNORE,,False,0.5428,0.1357,11.194,True,1.0
2022-09-20,F,BREACH_DOWN,BEAR,IGNORE,,False,0.3056,5.9587,9.0145,True,1.0
2022-10-04,F,BREACH_UP,BEAR,HOLD,,False,1.2136,-1.2945,-6.4725,True,0.0
2022-11-10,F,BREACH_UP,BULL,LONG,,False,2.2567,1.9004,-0.8787,True,1.0
2022-12-16,F,BREACH_DOWN,BULL,IGNORE,,False,3.5479,2.8053,6.2707,True,1.0
2023-01-13,F,BREACH_DOWN,BULL,IGNORE,,False,0.3931,4.2453,-0.6289,True,1.0
2023-02-03,F,BREACH_DOWN,BULL,IGNORE,,False,0.6802,-1.4361,-2.2867,True,0.0
2023-05-26,F,BREACH_UP,BULL,LONG,,False,4.1357,0.1655,4.1357,True,1.0
2023-05-31,F,BREACH_DOWN,BULL,IGNORE,,False,-0.9167,-4.9167,-13.25,True,0.0
2023-06-07,F,BREACH_UP,BULL,LONG,,False,-0.0736,1.3981,4.4886,True,1.0
2023-07-17,F,BREACH_DOWN,BULL,IGNORE,,False,-0.5678,0.4259,-0.1558,True,1.0
2023-08-10,F,BREACH_DOWN,BULL,IGNORE,,False,0.1645,1.4803,2.7138,True,1.0
2023-10-27,F,BREACH_DOWN,BEAR,IGNORE,,False,1.9076,-1.0494,-7.6773,True,0.0
2023-11-14,F,BREACH_UP,BULL,LONG,,False,0.6731,-1.25,-2.0192,True,0.0
2023-12-14,F,BREACH_UP,BULL,LONG,,False,-0.4967,-0.4967,2.1523,True,0.0
2023-12-21,F,BREACH_UP,BULL,LONG,,False,0.081,0.4052,-1.2156,True,1.0
2024-01-03,F,BREACH_DOWN,BULL,IGNORE,,False,0.2562,-2.2203,-1.0248,True,0.0
2024-02-05,F,BREACH_DOWN,BULL,IGNORE,,False,-4.1415,-10.6989,-11.9931,True,0.0
2024-02-07,F,BREACH_UP,BULL,LONG,,False,0.2344,1.4062,-1.875,True,1.0
2024-03-20,F,BREACH_UP,BULL,LONG,,False,0.155,0.0,1.2403,True,0.0
2024-03-26,F,BREACH_DOWN,BULL,IGNORE,,False,-4.9839,-6.8328,-9.7267,True,0.0
2024-03-27,F,BREACH_UP,BULL,LONG,,False,1.6845,1.6845,1.1485,True,1.0
2024-04-22,F,BREACH_UP,BEAR,HOLD,,False,0.4658,1.2422,-1.0093,True,1.0
2024-04-30,F,BREACH_DOWN,BEAR,IGNORE,,False,-0.4115,-2.3045,-1.3812,True,0.0
2024-05-28,F,BREACH_DOWN,BULL,IGNORE,,False,1.0274,-3.8527,-2.9966,True,0.0
2024-07-12,F,BREACH_UP,BULL,LONG,,False,1.4255,3.2074,-0.3564,True,1.0
2024-07-19,F,BREACH_DOWN,BULL,IGNORE,,False,-1.0014,2.2174,19.9571,True,1.0
2024-07-25,F,BREACH_DOWN,BEAR,IGNORE,,False,-0.2688,2.8674,4.2115,True,1.0
2024-09-25,F,BREACH_DOWN,BULL,IGNORE,,False,-2.4952,-1.3436,-0.5758,True,0.0
2024-10-29,F,BREACH_DOWN,BULL,IGNORE,,False,-0.5764,1.8252,-1.8252,True,1.0
2024-11-06,F,BREACH_UP,BULL,LONG,,False,-0.7246,1.721,0.5435,True,1.0
2024-12-16,F,BREACH_DOWN,BULL,IGNORE,,False,0.2002,2.5025,0.9009,True,1.0
2025-01-22,F,BREACH_DOWN,BULL,IGNORE,,False,-1.2961,-3.4895,-1.7946,True,0.0
2025-02-06,F,BREACH_DOWN,BULL,IGNORE,,False,0.216,0.54,-0.9719,True,1.0
2025-03-05,F,BREACH_UP,BEAR,HOLD,,False,-0.4145,3.2124,-0.6217,True,1.0
2025-04-03,F,BREACH_DOWN,BEAR,IGNORE,,False,-0.4193,8.9098,4.1929,True,1.0
2025-04-09,F,BREACH_UP,BEAR,HOLD,,False,-3.7895,2.2105,-1.0526,True,1.0
2025-06-02,F,BREACH_DOWN,BULL,IGNORE,,False,-2.1042,-1.2024,-3.6072,True,0.0
2025-07-01,F,BREACH_UP,BULL,LONG,,False,3.7004,2.1145,4.2291,True,1.0
2025-07-02,F,BREACH_UP,BULL,LONG,,False,0.3398,-0.7647,1.1895,True,0.0
2025-08-22,F,BREACH_UP,BULL,LONG,,False,0.6814,1.448,0.2555,True,1.0
2025-09-11,F,BREACH_UP,BULL,LONG,,False,-0.6803,-1.2755,-0.1701,True,0.0
2025-09-26,F,BREACH_UP,BULL,LONG,,False,0.6661,2.1649,5.4954,True,1.0
2025-10-03,F,BREACH_UP,BULL,LONG,,False,0.2368,-7.3402,-9.9447,True,0.0
2025-10-07,F,BREACH_DOWN,BULL,IGNORE,,False,1.5101,4.2785,2.2651,True,1.0
2025-10-21,F,BREACH_UP,BULL,LONG,,False,-1.035,10.1911,4.5382,True,1.0
2025-10-24,F,BREACH_UP,BULL,LONG,,False,-4.1908,-4.3353,-5.1301,True,0.0
2025-11-20,F,BREACH_DOWN,BEAR,IGNORE,,False,-3.3844,-6.1241,-7.0105,True,0.0
2026-01-08,F,BREACH_UP,BULL,LONG,,False,-1.3889,-2.9167,-4.0972,True,0.0
2026-01-21,F,BREACH_UP,BULL,LONG,,False,-0.4357,-2.3965,0.3631,True,0.0
2026-01-27,F,BREACH_UP,BULL,LONG,,False,-0.7897,-0.3589,-1.4358,True,0.0
2026-02-24,F,BREACH_UP,BEAR,HOLD,,False,1.6197,-0.7746,-10.5634,True,0.0
2026-03-02,F,BREACH_DOWN,BEAR,IGNORE,,False,5.1531,7.8417,8.9619,True,1.0
2026-03-03,F,BREACH_DOWN,BEAR,IGNORE,,False,-0.8661,4.3307,3.622,True,1.0
2026-04-08,F,BREACH_UP,BULL,LONG,,False,0.4926,-0.1642,4.3514,True,0.0
2026-04-14,F,BREACH_UP,BULL,LONG,,False,0.0,1.2588,0.5507,True,1.0
2026-05-13,F,BREACH_UP,BULL,LONG,,False,6.706,-3.9794,-2.5792,True,0.0
2026-05-14,F,BREACH_UP,BULL,LONG,,False,-7.4586,-9.8066,-5.5939,True,0.0
2026-05-15,F,BREACH_DOWN,BULL,IGNORE,,False,2.7612,1.3433,-11.4179,True,1.0
2026-05-22,F,BREACH_UP,BULL,LONG,,False,2.6122,11.5204,,True,1.0
2021-07-19,GE,BREACH_DOWN,UNKNOWN,IGNORE,,False,-5.8333,-5.8333,-7.6667,True,0.0
2021-07-20,GE,BREACH_UP,UNKNOWN,HOLD,,False,2.9922,0.0787,2.9922,True,1.0
2021-09-14,GE,BREACH_DOWN,BEAR,IGNORE,,False,-1.7733,-0.0897,3.5465,True,0.0
2021-09-23,GE,BREACH_UP,BULL,LONG,,False,0.8943,2.7702,0.1458,True,1.0
2021-11-26,GE,BREACH_DOWN,BULL,IGNORE,,False,-0.5724,4.9468,5.1819,True,1.0
2022-01-25,GE,BREACH_DOWN,BEAR,IGNORE,,False,1.9647,-1.0866,-7.5074,True,0.0
2022-02-15,GE,BREACH_UP,BEAR,HOLD,,False,0.4855,-8.155,-8.1946,True,0.0
2022-02-18,GE,BREACH_DOWN,BEAR,IGNORE,,False,-1.5751,0.1618,-3.0424,True,1.0
2022-04-26,GE,BREACH_DOWN,BEAR,IGNORE,,False,2.9532,7.4947,3.6357,True,1.0
2022-05-09,GE,BREACH_DOWN,BEAR,IGNORE,,False,-0.466,-0.4248,-2.2749,True,0.0
2022-06-16,GE,BREACH_DOWN,BEAR,IGNORE,,False,-1.0874,1.1487,-2.7416,True,1.0
2022-09-13,GE,BREACH_DOWN,BEAR,IGNORE,,False,1.1434,6.2817,5.9994,True,1.0
2022-10-04,GE,BREACH_UP,BEAR,HOLD,,False,-0.1481,-4.4122,-5.2414,True,0.0
2023-01-04,GE,BREACH_UP,BULL,LONG,,False,1.5527,3.5185,10.6695,True,1.0
2023-03-09,GE,BREACH_UP,BEAR,HOLD,,False,-0.6116,-0.4259,0.4478,True,0.0
2023-05-15,GE,BREACH_UP,BULL,LONG,,False,-0.853,1.9706,2.5,True,1.0
2023-07-25,GE,BREACH_UP,BULL,LONG,,False,-2.0826,-2.3643,-3.3629,True,0.0
2023-10-24,GE,BREACH_UP,BEAR,HOLD,,False,-2.1299,-6.3985,-4.3918,True,0.0
2023-11-30,GE,BREACH_UP,BULL,LONG,,False,0.5747,-1.289,-1.9048,True,0.0
2023-12-21,GE,BREACH_UP,BULL,LONG,,False,-0.2205,1.0322,0.5829,True,1.0
2024-02-14,GE,BREACH_UP,BULL,LONG,,False,1.2764,1.4471,3.529,True,1.0
2024-03-07,GE,BREACH_UP,BULL,LONG,,False,0.8769,0.5766,0.1501,True,1.0
2024-03-27,GE,BREACH_UP,BULL,LONG,,False,-2.5483,-5.065,2.5315,True,0.0
2024-04-03,GE,BREACH_UP,BULL,LONG,,False,1.2155,7.4853,7.547,True,1.0
2024-04-05,GE,BREACH_UP,BULL,LONG,,False,0.1408,0.1983,-0.8925,True,1.0
2024-04-23,GE,BREACH_UP,BEAR,HOLD,,False,-2.1092,-0.166,-0.4919,True,0.0
2024-06-17,GE,BREACH_UP,BULL,LONG,,False,1.066,0.6188,-2.1442,True,1.0
2024-07-17,GE,BREACH_DOWN,BULL,IGNORE,,False,-1.3596,-3.8938,-3.6002,True,0.0
2024-07-23,GE,BREACH_UP,BULL,LONG,,False,-5.6395,-1.2733,-2.6279,True,0.0
2024-07-24,GE,BREACH_DOWN,BULL,IGNORE,,False,-1.4602,-4.6642,-4.8675,True,0.0
2024-08-02,GE,BREACH_DOWN,BEAR,IGNORE,,False,1.1979,-1.1542,-4.2738,True,0.0
2024-09-03,GE,BREACH_DOWN,BULL,IGNORE,,False,-1.3093,1.8147,-1.6869,True,1.0
2024-09-13,GE,BREACH_UP,BULL,LONG,,False,1.7725,2.956,5.1324,True,1.0
2024-10-22,GE,BREACH_DOWN,BULL,IGNORE,,False,-2.8473,-1.3812,1.4774,True,0.0
2024-12-05,GE,BREACH_DOWN,BULL,IGNORE,,False,-1.5441,0.9485,4.673,True,1.0
2025-01-23,GE,BREACH_UP,BULL,LONG,,False,-2.0169,-3.1723,2.3755,True,0.0
2025-02-21,GE,BREACH_DOWN,BULL,IGNORE,,False,0.5605,-0.8908,-3.578,True,0.0
2025-04-03,GE,BREACH_DOWN,BEAR,IGNORE,,False,11.0963,9.7319,3.2617,True,1.0
2025-04-04,GE,BREACH_DOWN,BEAR,IGNORE,,False,-0.5336,-12.2655,-8.9083,True,0.0
2025-04-09,GE,BREACH_UP,BEAR,HOLD,,False,-3.0758,-0.6782,-2.5738,True,0.0
2025-05-27,GE,BREACH_UP,BULL,LONG,,False,0.7817,1.7082,2.9324,True,1.0
2025-06-10,GE,BREACH_DOWN,BULL,IGNORE,,False,-1.4546,2.2314,2.5826,True,1.0
2025-08-13,GE,BREACH_DOWN,BULL,IGNORE,,False,-0.3124,0.1525,0.9001,True,1.0
2025-12-12,GE,BREACH_UP,BULL,LONG,,False,0.3902,-2.5449,2.4682,True,0.0
2026-01-02,GE,BREACH_UP,BULL,LONG,,False,1.113,0.901,0.2619,True,1.0
2026-01-20,GE,BREACH_DOWN,BULL,IGNORE,,False,-1.9722,5.9134,4.7608,True,1.0
2026-01-22,GE,BREACH_DOWN,BULL,IGNORE,,False,0.3831,-0.8373,-1.3085,True,0.0
2026-02-06,GE,BREACH_UP,BULL,LONG,,False,-1.3271,-2.2648,-1.7414,True,0.0
2026-03-12,GE,BREACH_DOWN,BEAR,IGNORE,,False,2.2856,1.5031,4.9201,True,1.0
2026-04-08,GE,BREACH_UP,BULL,LONG,,False,1.6101,1.2465,1.9055,True,1.0
2026-04-21,GE,BREACH_DOWN,BULL,IGNORE,,False,3.6411,0.7429,-0.8614,True,1.0
2026-05-06,GE,BREACH_UP,BULL,LONG,,False,-1.0463,-1.6545,-3.636,True,0.0
2026-05-20,GE,BREACH_UP,BULL,LONG,,False,0.5297,4.7706,6.8794,True,1.0
2021-07-09,GM,BREACH_UP,UNKNOWN,HOLD,,False,0.3574,-1.2934,-5.6161,True,0.0
2021-08-04,GM,BREACH_DOWN,UNKNOWN,IGNORE,,False,-3.2625,-2.3331,-2.9401,True,0.0
2021-08-17,GM,BREACH_DOWN,BULL,IGNORE,,False,-0.7331,3.3089,1.7832,True,1.0
2021-09-20,GM,BREACH_DOWN,BEAR,IGNORE,,False,-0.0,-5.1651,-7.8388,True,0.0
2021-10-07,GM,BREACH_UP,BULL,LONG,,False,3.774,4.4649,2.2147,True,1.0
2021-10-27,GM,BREACH_DOWN,BULL,IGNORE,,False,0.0369,-2.2669,-3.2068,True,0.0
2021-11-04,GM,BREACH_UP,BULL,LONG,,False,-0.2047,-0.0341,5.4229,True,0.0
2021-11-11,GM,BREACH_UP,BULL,LONG,,False,2.5558,1.2779,0.825,True,1.0
2021-12-10,GM,BREACH_UP,BULL,LONG,,False,-6.4547,-7.2773,-12.7353,True,0.0
2021-12-13,GM,BREACH_DOWN,BULL,IGNORE,,False,1.2346,1.2515,8.6082,True,1.0
2022-01-04,GM,BREACH_UP,BULL,LONG,,False,-4.5634,-5.2783,-6.5105,True,0.0
2022-06-13,GM,BREACH_DOWN,BEAR,IGNORE,,False,-2.8501,2.6642,-1.1152,True,1.0
2022-06-16,GM,BREACH_DOWN,BEAR,IGNORE,,False,-1.464,-4.4876,-10.8211,True,0.0
2022-09-20,GM,BREACH_DOWN,BEAR,IGNORE,,False,3.533,9.1654,11.1367,True,1.0
2022-10-04,GM,BREACH_UP,BEAR,HOLD,,False,-2.6816,-6.0894,-10.3631,True,0.0
2022-12-22,GM,BREACH_DOWN,BEAR,IGNORE,,False,-0.8947,2.9824,-0.3281,True,1.0
2023-01-13,GM,BREACH_DOWN,BULL,IGNORE,,False,-0.2739,2.1364,0.1917,True,1.0
2023-01-31,GM,BREACH_UP,BULL,LONG,,False,-0.0509,4.6032,5.2899,True,1.0
2023-02-02,GM,BREACH_UP,BULL,LONG,,False,-0.8916,-0.2409,0.3133,True,0.0
2023-02-21,GM,BREACH_DOWN,BULL,IGNORE,,False,0.5835,4.7411,5.8108,True,1.0
2023-03-09,GM,BREACH_DOWN,BEAR,IGNORE,,False,3.4374,5.8699,8.4876,True,1.0
2023-07-25,GM,BREACH_DOWN,BULL,IGNORE,,False,-0.9757,-0.3428,-0.5274,True,0.0
2023-08-10,GM,BREACH_DOWN,BULL,IGNORE,,False,0.7904,2.5176,3.63,True,1.0
2023-11-29,GM,BREACH_UP,BULL,LONG,,False,0.2856,4.9508,4.443,True,1.0
2023-12-14,GM,BREACH_UP,BULL,LONG,,False,-1.4345,-1.0483,0.0,True,0.0
2024-01-30,GM,BREACH_UP,BULL,LONG,,False,1.7038,1.9921,-0.3145,True,1.0
2024-04-04,GM,BREACH_DOWN,BULL,IGNORE,,False,-1.2592,-2.4038,-0.3663,True,0.0
2024-04-23,GM,BREACH_UP,BEAR,HOLD,,False,-0.0443,1.6408,-1.2638,True,1.0
2024-05-31,GM,BREACH_UP,BULL,LONG,,False,1.667,1.4003,1.8907,True,1.0
2024-06-10,GM,BREACH_UP,BULL,LONG,,False,1.3454,0.1682,-0.3574,True,1.0
2024-06-25,GM,BREACH_DOWN,BULL,IGNORE,,False,1.379,-0.1077,-1.1635,True,0.0
2024-07-23,GM,BREACH_DOWN,BULL,IGNORE,,False,-0.2372,4.8728,4.6356,True,1.0
2024-07-25,GM,BREACH_DOWN,BEAR,IGNORE,,False,0.0227,-0.2266,1.7222,True,0.0
2024-08-02,GM,BREACH_DOWN,BEAR,IGNORE,,False,2.9633,1.263,-5.6109,True,1.0
2024-08-23,GM,BREACH_UP,BULL,LONG,,False,0.3706,0.9883,2.4912,True,1.0
2024-09-10,GM,BREACH_DOWN,BULL,IGNORE,,False,0.3347,-3.3021,-6.0241,True,0.0
2024-09-25,GM,BREACH_DOWN,BULL,IGNORE,,False,-0.175,1.9462,1.9899,True,1.0
2024-10-22,GM,BREACH_UP,BULL,LONG,,False,-1.5075,-3.0895,-4.0759,True,0.0
2024-11-22,GM,BREACH_UP,BULL,LONG,,False,2.8532,-5.1768,-5.9627,True,0.0
2024-11-26,GM,BREACH_DOWN,BULL,IGNORE,,False,-1.2959,-0.4563,2.61,True,0.0
2025-01-21,GM,BREACH_UP,BULL,LONG,,False,-2.0969,0.0371,-7.1442,True,1.0
2025-01-28,GM,BREACH_DOWN,BULL,IGNORE,,False,0.5196,1.1591,2.9377,True,1.0
2025-03-05,GM,BREACH_UP,BEAR,HOLD,,False,-2.6403,-0.5723,-0.9445,True,0.0
2025-03-27,GM,BREACH_DOWN,BEAR,IGNORE,,False,1.1017,-0.1271,2.7542,True,0.0
2025-06-02,GM,BREACH_DOWN,BULL,IGNORE,,False,-2.8727,0.9226,-0.8233,True,1.0
2025-07-01,GM,BREACH_UP,BULL,LONG,,False,1.2493,-0.4036,1.0379,True,0.0
2025-07-22,GM,BREACH_DOWN,BULL,IGNORE,,False,-8.6725,-9.2248,-6.5862,True,0.0
2025-07-23,GM,BREACH_UP,BULL,LONG,,False,-1.4869,0.6023,-1.9198,True,1.0
2025-08-22,GM,BREACH_UP,BULL,LONG,,False,-0.1542,0.651,0.3769,True,1.0
2025-10-02,GM,BREACH_DOWN,BULL,IGNORE,,False,-1.2972,3.5377,5.7952,True,1.0
2025-10-21,GM,BREACH_UP,BULL,LONG,,False,1.0357,4.5632,4.8784,True,1.0
2025-11-17,GM,BREACH_DOWN,BULL,IGNORE,,False,-0.0295,-0.1914,-4.5501,True,0.0
2025-12-10,GM,BREACH_UP,BULL,LONG,,False,0.0619,1.4604,-0.3589,True,1.0
2026-01-05,GM,BREACH_UP,BULL,LONG,,False,-1.1666,2.3812,-0.3007,True,1.0
2026-01-08,GM,BREACH_UP,BULL,LONG,,False,-2.6548,-2.2201,-4.9571,True,0.0
2026-01-20,GM,BREACH_DOWN,BULL,IGNORE,,False,-4.0098,-2.4033,-11.014,True,0.0
2026-01-21,GM,BREACH_UP,BULL,LONG,,False,0.2595,-1.8535,4.9055,True,0.0
2026-01-27,GM,BREACH_UP,BULL,LONG,,False,-1.7133,-2.7553,-0.7756,True,0.0
2026-02-09,GM,BREACH_DOWN,BULL,IGNORE,,False,0.5082,0.9296,-0.6693,True,1.0
2026-04-08,GM,BREACH_UP,BULL,LONG,,False,-0.013,0.1173,1.3552,True,1.0
2026-05-11,GM,BREACH_DOWN,BULL,IGNORE,,False,-1.5274,-3.2674,2.9088,True,0.0
2021-07-02,GOOGL,BREACH_UP,UNKNOWN,HOLD,,False,0.7445,-0.1704,1.3716,True,0.0
2021-07-23,GOOGL,BREACH_UP,UNKNOWN,HOLD,,False,0.7668,2.3148,1.2867,True,1.0
2021-07-28,GOOGL,BREACH_UP,UNKNOWN,HOLD,,False,-0.2326,-0.9108,-0.7116,True,0.0
2021-09-28,GOOGL,BREACH_DOWN,BEAR,IGNORE,,False,1.087,-0.5249,-0.1421,True,0.0
2021-10-22,GOOGL,BREACH_DOWN,BULL,IGNORE,,False,0.0869,-6.2886,-7.6178,True,0.0
2021-10-27,GOOGL,BREACH_UP,BULL,LONG,,False,-0.252,-1.8606,0.2602,True,0.0
2022-01-05,GOOGL,BREACH_DOWN,BULL,IGNORE,,False,0.02,-0.6492,-2.6532,True,0.0
2022-02-02,GOOGL,BREACH_UP,BEAR,HOLD,,False,-3.3176,-5.9453,-4.3297,True,0.0
2022-07-22,GOOGL,BREACH_DOWN,BULL,IGNORE,,False,0.3614,-4.7822,-7.8035,True,0.0
2022-07-27,GOOGL,BREACH_UP,BULL,LONG,,False,1.026,1.5921,4.4401,True,1.0
2022-08-26,GOOGL,BREACH_DOWN,BULL,IGNORE,,False,0.8338,1.9213,2.2567,True,1.0
2022-09-13,GOOGL,BREACH_DOWN,BEAR,IGNORE,,False,-0.6518,1.4571,3.0483,True,1.0
2022-10-26,GOOGL,BREACH_DOWN,BULL,IGNORE,,False,2.8547,0.4424,8.3851,True,1.0
2022-11-10,GOOGL,BREACH_UP,BULL,LONG,,False,2.6293,4.7903,4.7051,True,1.0
2022-11-30,GOOGL,BREACH_UP,BULL,LONG,,False,0.0,-1.4952,-5.9907,True,0.0
2023-01-20,GOOGL,BREACH_UP,BULL,LONG,,False,1.8057,-2.8566,1.3773,True,0.0
2023-02-02,GOOGL,BREACH_UP,BULL,LONG,,False,-2.7474,-0.0928,-11.8155,True,0.0
2023-02-08,GOOGL,BREACH_DOWN,BULL,IGNORE,,False,4.3876,4.7902,2.4454,True,1.0
2023-05-10,GOOGL,BREACH_UP,BULL,LONG,,False,4.3132,4.2595,8.1342,True,1.0
2023-05-11,GOOGL,BREACH_UP,BULL,LONG,,False,0.8064,2.5221,5.3702,True,1.0
2023-06-07,GOOGL,BREACH_DOWN,BULL,IGNORE,,False,0.2939,-0.9306,-0.9551,True,0.0
2023-07-13,GOOGL,BREACH_UP,BULL,LONG,,False,0.7066,-0.6263,-4.2878,True,0.0
2023-07-26,GOOGL,BREACH_UP,BULL,LONG,,False,0.1006,2.6688,-0.6885,True,1.0
2023-09-20,GOOGL,BREACH_DOWN,BEAR,IGNORE,,False,2.4675,1.9665,2.3927,True,1.0
2023-10-25,GOOGL,BREACH_DOWN,BEAR,IGNORE,,False,2.6511,0.9155,-0.6687,True,1.0
2023-12-07,GOOGL,BREACH_UP,BULL,LONG,,False,-1.4168,-3.2206,-3.6442,True,0.0
2024-01-31,GOOGL,BREACH_DOWN,BULL,IGNORE,,False,-0.7566,-2.5553,-3.8829,True,0.0
2024-02-26,GOOGL,BREACH_DOWN,BULL,IGNORE,,False,-0.9522,-0.6469,3.0676,True,0.0
2024-03-18,GOOGL,BREACH_UP,BULL,LONG,,False,-0.4401,-0.0542,1.6184,True,0.0
2024-04-26,GOOGL,BREACH_UP,BEAR,HOLD,,False,-3.3731,-4.7049,-2.7392,True,0.0
2024-07-05,GOOGL,BREACH_UP,BULL,LONG,,False,-0.8237,0.3043,-2.9014,True,1.0
2024-07-11,GOOGL,BREACH_DOWN,BULL,IGNORE,,False,0.2694,0.8892,4.2464,True,1.0
2024-07-24,GOOGL,BREACH_DOWN,BULL,IGNORE,,False,3.0991,1.7958,0.6314,True,1.0
2024-08-05,GOOGL,BREACH_DOWN,BEAR,IGNORE,,False,0.6028,-1.7457,-1.9089,True,0.0
2024-09-03,GOOGL,BREACH_DOWN,BULL,IGNORE,,False,0.5783,4.0925,5.4034,True,1.0
2024-09-06,GOOGL,BREACH_DOWN,BEAR,IGNORE,,False,1.3336,-0.2919,-4.4719,True,0.0
2024-10-30,GOOGL,BREACH_UP,BULL,LONG,,False,-1.9202,-2.9921,1.1751,True,0.0
2024-11-06,GOOGL,BREACH_UP,BULL,LONG,,False,2.4021,2.1755,1.3427,True,1.0
2024-11-21,GOOGL,BREACH_DOWN,BULL,IGNORE,,False,1.7121,-0.8889,-0.7874,True,0.0
2024-12-10,GOOGL,BREACH_UP,BULL,LONG,,False,5.5247,2.5112,5.5355,True,1.0
2024-12-11,GOOGL,BREACH_UP,BULL,LONG,,False,-1.7605,0.6448,-3.5824,True,1.0
2024-12-16,GOOGL,BREACH_UP,BULL,LONG,,False,-0.6305,-4.1442,-1.0322,True,0.0
2025-01-27,GOOGL,BREACH_DOWN,BULL,IGNORE,,False,-1.8195,-4.7234,-4.9111,True,0.0
2025-02-05,GOOGL,BREACH_DOWN,BULL,IGNORE,,False,-0.1411,2.5401,4.0349,True,1.0
2025-03-10,GOOGL,BREACH_DOWN,BEAR,IGNORE,,False,1.1033,1.875,0.9526,True,1.0
2025-03-28,GOOGL,BREACH_DOWN,BEAR,IGNORE,,False,-0.2009,-1.756,5.6567,True,0.0
2025-04-09,GOOGL,BREACH_UP,BEAR,HOLD,,False,-3.7112,0.2268,-3.3898,True,1.0
2025-05-07,GOOGL,BREACH_DOWN,BULL,IGNORE,,False,-1.9157,-4.677,-9.2416,True,0.0
2025-06-20,GOOGL,BREACH_DOWN,BULL,IGNORE,,False,0.8702,-2.4244,-7.1351,True,0.0
2025-08-22,GOOGL,BREACH_UP,BULL,LONG,,False,1.1645,0.6745,3.3092,True,1.0
2025-09-03,GOOGL,BREACH_UP,BULL,LONG,,False,0.711,1.5561,3.7821,True,1.0
2025-09-15,GOOGL,BREACH_UP,BULL,LONG,,False,-0.1788,0.1669,0.3656,True,1.0
2025-11-24,GOOGL,BREACH_UP,BEAR,HOLD,,False,1.5255,0.5022,-0.8695,True,1.0
2026-03-24,GOOGL,BREACH_DOWN,BEAR,IGNORE,,False,-0.1687,5.5433,0.9916,True,1.0
2026-03-31,GOOGL,BREACH_UP,BEAR,HOLD,,False,3.4184,4.3226,10.3491,True,1.0
2026-04-30,GOOGL,BREACH_UP,BULL,LONG,,False,0.2313,0.9433,3.4278,True,1.0
2026-05-13,GOOGL,BREACH_UP,BULL,LONG,,False,-0.385,-1.4108,-3.4052,True,0.0
2021-07-09,GS,BREACH_UP,UNKNOWN,HOLD,,False,2.351,0.7101,-1.8722,True,1.0
2021-08-06,GS,BREACH_UP,UNKNOWN,HOLD,,False,0.5001,4.0212,3.2396,True,1.0
2021-09-20,GS,BREACH_DOWN,BEAR,IGNORE,,False,0.6056,-3.631,-5.7335,True,0.0
2021-10-15,GS,BREACH_UP,BULL,LONG,,False,1.8765,0.4482,2.0317,True,1.0
2021-12-17,GS,BREACH_DOWN,BULL,IGNORE,,False,2.6689,-0.1388,-1.6344,True,0.0
2022-01-03,GS,BREACH_UP,BULL,LONG,,False,3.0734,0.4047,0.9714,True,1.0
2022-01-18,GS,BREACH_DOWN,BEAR,IGNORE,,False,1.9977,2.9599,3.6259,True,1.0
2022-04-22,GS,BREACH_DOWN,BEAR,IGNORE,,False,-0.516,2.0452,4.4657,True,1.0
2022-06-10,GS,BREACH_DOWN,BEAR,IGNORE,,False,1.2891,-1.0627,2.519,True,0.0
2022-06-24,GS,BREACH_UP,BEAR,HOLD,,False,-0.6507,0.175,-1.1627,True,1.0
2022-07-19,GS,BREACH_UP,BULL,LONG,,False,1.069,1.8488,0.1572,True,1.0
2022-08-10,GS,BREACH_UP,BULL,LONG,,False,1.0836,2.2822,1.6757,True,1.0
2022-09-13,GS,BREACH_DOWN,BEAR,IGNORE,,False,0.3441,0.6638,1.5622,True,1.0
2022-10-04,GS,BREACH_UP,BEAR,HOLD,,False,-1.8643,-4.3796,-6.5615,True,0.0
2022-11-10,GS,BREACH_UP,BULL,LONG,,False,1.8133,1.208,0.3886,True,1.0
2023-01-17,GS,BREACH_DOWN,BULL,IGNORE,,False,0.2372,2.3091,0.4544,True,1.0
2023-02-28,GS,BREACH_DOWN,BULL,IGNORE,,False,0.8363,-2.2741,0.8793,True,0.0
2023-03-10,GS,BREACH_DOWN,BEAR,IGNORE,,False,3.711,4.7243,7.3641,True,1.0
2023-06-29,GS,BREACH_UP,BULL,LONG,,False,-0.1702,-0.9409,-2.4513,True,0.0
2023-07-18,GS,BREACH_UP,BULL,LONG,,False,0.9725,4.3556,5.168,True,1.0
2023-09-14,GS,BREACH_UP,BULL,LONG,,False,-0.5891,-0.7778,-4.1588,True,0.0
2023-10-03,GS,BREACH_DOWN,BEAR,IGNORE,,False,-0.8101,-2.0776,-2.8257,True,0.0
2023-10-30,GS,BREACH_UP,BEAR,HOLD,,False,0.9241,4.2981,7.6721,True,1.0
2023-11-03,GS,BREACH_UP,BULL,LONG,,False,-1.1324,-0.934,-0.644,True,0.0
2023-11-14,GS,BREACH_UP,BULL,LONG,,False,-0.3307,0.1387,-1.1071,True,1.0
2023-12-13,GS,BREACH_UP,BULL,LONG,,False,5.7178,3.7686,4.0774,True,1.0
2023-12-14,GS,BREACH_UP,BULL,LONG,,False,-0.7719,-0.266,-0.7563,True,0.0
2024-02-13,GS,BREACH_DOWN,BULL,IGNORE,,False,0.1875,-1.5023,-2.5135,True,0.0
2024-03-21,GS,BREACH_UP,BULL,LONG,,False,-1.6654,-1.8201,0.962,True,0.0
2024-04-22,GS,BREACH_UP,BEAR,HOLD,,False,1.5934,0.6469,3.2251,True,1.0
2024-06-24,GS,BREACH_UP,BULL,LONG,,False,-1.0193,-3.4907,0.3398,True,0.0
2024-07-18,GS,BREACH_DOWN,BULL,IGNORE,,False,0.2633,-1.2217,-1.1312,True,0.0
2024-08-02,GS,BREACH_DOWN,BEAR,IGNORE,,False,2.469,-0.5036,-4.1688,True,0.0
2024-09-03,GS,BREACH_DOWN,BULL,IGNORE,,False,-0.6524,1.6104,4.1706,True,1.0
2024-09-10,GS,BREACH_DOWN,BULL,IGNORE,,False,-0.8649,-2.5389,-3.909,True,0.0
2024-09-19,GS,BREACH_UP,BULL,LONG,,False,-1.0718,-1.1532,-1.3715,True,0.0
2024-11-05,GS,BREACH_UP,BULL,LONG,,False,13.0978,11.8225,12.4545,True,1.0
2024-11-06,GS,BREACH_UP,BULL,LONG,,False,-2.3172,1.0672,-0.2953,True,1.0
2024-12-18,GS,BREACH_DOWN,BEAR,IGNORE,,False,-0.6797,-3.731,-5.6302,True,0.0
2025-01-10,GS,BREACH_DOWN,BEAR,IGNORE,,False,-0.5268,-8.2,-11.775,True,0.0
2025-01-15,GS,BREACH_UP,BULL,LONG,,False,1.1668,4.7564,5.542,True,1.0
2025-02-20,GS,BREACH_DOWN,BULL,IGNORE,,False,2.594,4.2584,5.3343,True,1.0
2025-04-03,GS,BREACH_DOWN,BEAR,IGNORE,,False,7.9064,9.5867,4.1919,True,1.0
2025-04-04,GS,BREACH_DOWN,BEAR,IGNORE,,False,1.1257,-9.7831,-5.019,True,0.0
2025-04-09,GS,BREACH_UP,BEAR,HOLD,,False,-5.2373,-2.4938,-3.4477,True,0.0
2025-08-12,GS,BREACH_UP,BULL,LONG,,False,0.1762,-1.703,-2.9595,True,0.0
2025-08-22,GS,BREACH_UP,BULL,LONG,,False,-0.4179,1.0487,0.9906,True,1.0
2025-10-24,GS,BREACH_UP,BULL,LONG,,False,0.7795,-0.1046,0.7004,True,0.0
2025-11-13,GS,BREACH_DOWN,BULL,IGNORE,,False,1.8113,3.6251,3.9479,True,1.0
2026-01-02,GS,BREACH_UP,BULL,LONG,,False,3.7295,2.9179,2.6948,True,1.0
2026-01-05,GS,BREACH_UP,BULL,LONG,,False,0.7412,-1.435,0.117,True,0.0
2026-01-15,GS,BREACH_UP,BULL,LONG,,False,-1.4203,-2.3415,-5.8389,True,0.0
2026-01-23,GS,BREACH_DOWN,BULL,IGNORE,,False,-1.4126,-1.9513,-1.7989,True,0.0
2026-02-27,GS,BREACH_DOWN,BULL,IGNORE,,False,-0.7754,-1.4244,3.9354,True,0.0
2026-04-08,GS,BREACH_UP,BULL,LONG,,False,-0.2241,-1.6517,-0.6911,True,0.0
2026-05-20,GS,BREACH_UP,BULL,LONG,,False,0.616,1.2626,2.6728,True,1.0
2021-08-17,HD,BREACH_DOWN,BULL,IGNORE,,False,-0.2494,-2.6469,-1.2938,True,0.0
2021-09-30,HD,BREACH_DOWN,BEAR,IGNORE,,False,-0.4874,-0.3717,-2.8087,True,0.0
2021-11-16,HD,BREACH_UP,BULL,LONG,,False,0.6423,4.17,4.0884,True,1.0
2021-11-18,HD,BREACH_UP,BULL,LONG,,False,0.6998,0.6209,-0.7761,True,1.0
2022-01-07,HD,BREACH_DOWN,BULL,IGNORE,,False,1.5625,1.0696,5.4902,True,1.0
2022-01-14,HD,BREACH_DOWN,BULL,IGNORE,,False,1.4193,6.0269,2.2016,True,1.0
2022-01-24,HD,BREACH_UP,BEAR,HOLD,,False,-1.3276,-2.0285,0.8714,True,0.0
2022-02-22,HD,BREACH_DOWN,BEAR,IGNORE,,False,2.4417,-0.1518,-1.2904,True,0.0
2022-05-05,HD,BREACH_DOWN,BEAR,IGNORE,,False,1.6047,2.6579,3.1493,True,1.0
2022-08-16,HD,BREACH_UP,BULL,LONG,,False,-0.4948,-1.851,-6.2557,True,0.0
2022-08-26,HD,BREACH_DOWN,BULL,IGNORE,,False,0.5971,2.616,1.441,True,1.0
2022-09-13,HD,BREACH_DOWN,BEAR,IGNORE,,False,0.5721,0.7052,1.3528,True,1.0
2022-09-28,HD,BREACH_UP,BEAR,HOLD,,False,-1.3679,0.5351,2.7145,True,1.0
2022-11-10,HD,BREACH_UP,BULL,LONG,,False,1.0394,0.0738,-0.0834,True,1.0
2023-01-19,HD,BREACH_DOWN,BULL,IGNORE,,False,-1.3253,-2.1906,-0.9425,True,0.0
2023-02-21,HD,BREACH_DOWN,BULL,IGNORE,,False,-0.2707,-0.3925,-0.352,True,0.0
2023-03-31,HD,BREACH_UP,BULL,LONG,,False,0.8844,-2.1855,-1.3384,True,0.0
2023-04-26,HD,BREACH_DOWN,BULL,IGNORE,,False,-2.0342,-3.3429,-1.7392,True,0.0
2023-05-17,HD,BREACH_UP,BULL,LONG,,False,0.9474,-0.5917,-0.4412,True,0.0
2023-07-06,HD,BREACH_DOWN,BULL,IGNORE,,False,-0.2616,-3.8541,-4.1653,True,0.0
2023-09-15,HD,BREACH_DOWN,BULL,IGNORE,,False,1.2881,3.2794,4.8755,True,1.0
2023-10-03,HD,BREACH_DOWN,BEAR,IGNORE,,False,-0.1542,-0.3014,-2.4937,True,0.0
2023-11-02,HD,BREACH_UP,BEAR,HOLD,,False,0.3667,0.0815,-2.2612,True,1.0
2023-11-09,HD,BREACH_DOWN,BEAR,IGNORE,,False,-1.2923,-5.4747,-6.4508,True,0.0
2023-11-14,HD,BREACH_UP,BULL,LONG,,False,1.5018,1.1988,0.5632,True,1.0
2023-12-13,HD,BREACH_UP,BULL,LONG,,False,2.449,2.1578,1.5317,True,1.0
2023-12-14,HD,BREACH_UP,BULL,LONG,,False,0.6225,0.0739,-0.8072,True,1.0
2024-01-10,HD,BREACH_UP,BULL,LONG,,False,-0.0757,0.4568,0.3083,True,1.0
2024-03-21,HD,BREACH_UP,BULL,LONG,,False,-1.2449,-3.8639,-2.9352,True,0.0
2024-04-01,HD,BREACH_DOWN,BULL,IGNORE,,False,1.3667,2.8123,1.6249,True,1.0
2024-04-10,HD,BREACH_DOWN,BULL,IGNORE,,False,0.91,3.6028,5.0576,True,1.0
2024-06-25,HD,BREACH_DOWN,BULL,IGNORE,,False,-1.0345,-1.7498,0.9902,True,0.0
2024-07-11,HD,BREACH_UP,BULL,LONG,,False,1.6903,4.3331,3.4738,True,1.0
2024-07-16,HD,BREACH_UP,BULL,LONG,,False,0.7505,-1.5605,-2.5737,True,0.0
2024-11-06,HD,BREACH_DOWN,BULL,IGNORE,,False,-2.8504,-5.1291,-5.6184,True,0.0
2024-12-18,HD,BREACH_DOWN,BEAR,IGNORE,,False,2.2345,0.3479,-0.3352,True,1.0
2025-01-15,HD,BREACH_UP,BULL,LONG,,False,0.7979,3.0387,2.0439,True,1.0
2025-03-13,HD,BREACH_DOWN,BEAR,IGNORE,,False,-1.1692,-0.6681,-2.3816,True,0.0
2025-04-03,HD,BREACH_DOWN,BEAR,IGNORE,,False,0.5648,5.8077,0.6434,True,1.0
2025-04-09,HD,BREACH_UP,BEAR,HOLD,,False,-0.4981,0.5093,-2.645,True,1.0
2025-05-12,HD,BREACH_UP,BULL,LONG,,False,-0.794,0.5417,0.7409,True,1.0
2025-07-15,HD,BREACH_DOWN,BULL,IGNORE,,False,0.3458,-0.2119,-3.4492,True,0.0
2025-08-13,HD,BREACH_UP,BULL,LONG,,False,-1.6848,-3.065,-1.336,True,0.0
2025-08-19,HD,BREACH_UP,BULL,LONG,,False,-1.3409,1.3728,0.0835,True,1.0
2025-08-22,HD,BREACH_UP,BULL,LONG,,False,-0.9424,-1.1023,-1.4584,True,0.0
2025-11-18,HD,BREACH_DOWN,BEAR,IGNORE,,False,0.5885,-2.0328,-4.3361,True,0.0
2025-11-25,HD,BREACH_UP,BULL,LONG,,False,1.2533,1.7831,1.9483,True,1.0
2026-01-09,HD,BREACH_UP,BULL,LONG,,False,0.0801,0.3497,1.4761,True,1.0
2026-04-08,HD,BREACH_UP,BULL,LONG,,False,1.0174,1.4874,0.8181,True,1.0
2021-06-21,IBM,BREACH_UP,UNKNOWN,HOLD,,False,-0.1977,-0.8251,-0.9274,True,0.0
2021-07-02,IBM,BREACH_DOWN,UNKNOWN,IGNORE,,False,0.8856,-0.5142,-0.6427,True,0.0
2021-08-18,IBM,BREACH_DOWN,BULL,IGNORE,,False,1.0397,-0.1075,-0.2796,True,0.0
2021-10-01,IBM,BREACH_UP,BEAR,HOLD,,False,0.5512,-0.6698,-0.0698,True,0.0
2021-10-21,IBM,BREACH_DOWN,BULL,IGNORE,,False,0.3507,0.9351,1.9403,True,1.0
2022-01-25,IBM,BREACH_UP,BEAR,HOLD,,False,-1.3519,-1.1756,-0.4188,True,0.0
2022-02-17,IBM,BREACH_DOWN,BEAR,IGNORE,,False,0.4961,2.3206,0.6321,True,1.0
2022-04-20,IBM,BREACH_UP,BEAR,HOLD,,False,1.1061,0.5639,-2.3569,True,1.0
2022-05-04,IBM,BREACH_UP,BEAR,HOLD,,False,-1.0771,-0.9674,-3.6855,True,0.0
2022-05-10,IBM,BREACH_DOWN,BEAR,IGNORE,,False,-1.2546,-3.4616,-7.1556,True,0.0
2022-05-18,IBM,BREACH_DOWN,BEAR,IGNORE,,False,2.4673,1.3314,-1.0907,True,1.0
2022-07-19,IBM,BREACH_DOWN,BULL,IGNORE,,False,1.2989,2.0095,2.1394,True,1.0
2022-08-26,IBM,BREACH_DOWN,BULL,IGNORE,,False,0.0537,1.4803,1.9865,True,1.0
2022-09-13,IBM,BREACH_DOWN,BEAR,IGNORE,,False,-0.3458,-0.0157,0.7466,True,0.0
2022-10-04,IBM,BREACH_UP,BEAR,HOLD,,False,0.1912,-5.3227,-6.1355,True,0.0
2022-10-13,IBM,BREACH_UP,BEAR,HOLD,,False,-1.4369,0.9443,5.3453,True,1.0
2022-10-20,IBM,BREACH_UP,BEAR,HOLD,,False,1.2471,3.6087,5.0429,True,1.0
2022-12-15,IBM,BREACH_DOWN,BULL,IGNORE,,False,1.5454,0.7586,1.0396,True,1.0
2023-01-18,IBM,BREACH_DOWN,BULL,IGNORE,,False,-0.1495,-1.0327,-0.2492,True,0.0
2023-01-26,IBM,BREACH_DOWN,BULL,IGNORE,,False,0.0446,-0.2083,-1.4429,True,0.0
2023-02-21,IBM,BREACH_DOWN,BULL,IGNORE,,False,0.5618,0.8656,1.8298,True,1.0
2023-03-27,IBM,BREACH_UP,BEAR,HOLD,,False,0.0232,-0.0696,2.1267,True,0.0
2023-07-20,IBM,BREACH_UP,BULL,LONG,,False,0.4047,1.4092,3.3169,True,1.0
2023-09-20,IBM,BREACH_UP,BEAR,HOLD,,False,-1.6352,-2.2359,-4.445,True,0.0
2023-09-26,IBM,BREACH_DOWN,BEAR,IGNORE,,False,0.0489,2.0525,1.9897,True,1.0
2023-10-26,IBM,BREACH_UP,BEAR,HOLD,,False,-0.8625,0.6121,2.2607,True,1.0
2024-01-12,IBM,BREACH_UP,BULL,LONG,,False,0.6996,0.6273,4.24,True,1.0
2024-01-19,IBM,BREACH_UP,BULL,LONG,,False,0.7873,1.4288,9.2956,True,1.0
2024-01-25,IBM,BREACH_UP,BULL,LONG,,False,-1.5806,-1.3443,-1.8537,True,0.0
2024-03-04,IBM,BREACH_UP,BULL,LONG,,False,-0.5749,1.8026,-0.6889,True,1.0
2024-03-12,IBM,BREACH_UP,BULL,LONG,,False,-0.546,-3.3926,-2.2449,True,0.0
2024-04-25,IBM,BREACH_DOWN,BEAR,IGNORE,,False,1.0538,1.6044,2.4984,True,1.0
2024-07-12,IBM,BREACH_UP,BULL,LONG,,False,0.0274,2.5269,0.2297,True,1.0
2024-07-25,IBM,BREACH_UP,BEAR,HOLD,,False,-0.1198,-0.4896,-1.2084,True,0.0
2024-10-09,IBM,BREACH_UP,BULL,LONG,,False,-0.5463,0.4097,-0.2689,True,1.0
2024-10-24,IBM,BREACH_DOWN,BULL,IGNORE,,False,1.7034,3.6449,5.3437,True,1.0
2024-11-21,IBM,BREACH_UP,BULL,LONG,,False,0.2563,2.8912,2.2527,True,1.0
2024-12-09,IBM,BREACH_DOWN,BULL,IGNORE,,False,-0.7478,-0.9826,0.2913,True,0.0
2024-12-18,IBM,BREACH_DOWN,BEAR,IGNORE,,False,-1.7032,-0.7994,-2.1438,True,0.0
2025-01-30,IBM,BREACH_UP,BULL,LONG,,False,-0.9951,2.3967,-1.8701,True,1.0
2025-02-06,IBM,BREACH_DOWN,BULL,IGNORE,,False,0.434,-1.1667,-2.9501,True,0.0
2025-03-07,IBM,BREACH_UP,BEAR,HOLD,,False,-1.7741,-4.5538,-5.0432,True,0.0
2025-04-04,IBM,BREACH_DOWN,BEAR,IGNORE,,False,0.7473,-3.4421,-3.5168,True,0.0
2025-04-09,IBM,BREACH_UP,BEAR,HOLD,,False,-2.4478,1.5936,1.3854,True,1.0
2025-04-24,IBM,BREACH_DOWN,BEAR,IGNORE,,False,-1.343,-4.3867,-4.5044,True,0.0
2025-06-23,IBM,BREACH_UP,BULL,LONG,,False,1.5942,0.951,1.9365,True,1.0
2025-07-24,IBM,BREACH_DOWN,BULL,IGNORE,,False,0.3033,-0.7293,2.8252,True,0.0
2025-09-08,IBM,BREACH_UP,BULL,LONG,,False,1.1793,0.3592,0.0586,True,1.0
2025-09-25,IBM,BREACH_UP,BULL,LONG,,False,1.0198,0.2558,1.8761,True,1.0
2025-10-10,IBM,BREACH_DOWN,BULL,IGNORE,,False,0.216,-1.0546,-1.2454,True,0.0
2025-10-24,IBM,BREACH_UP,BULL,LONG,,False,1.8311,0.2439,-0.0163,True,1.0
2026-01-20,IBM,BREACH_DOWN,BULL,IGNORE,,False,-2.1246,-0.3741,-0.8615,True,0.0
2026-01-29,IBM,BREACH_UP,BULL,LONG,,False,-0.8214,-4.828,-6.2573,True,0.0
2026-02-03,IBM,BREACH_DOWN,BULL,IGNORE,,False,1.7872,-1.5698,0.3012,True,0.0
2026-02-11,IBM,BREACH_DOWN,BULL,IGNORE,,False,4.8715,5.3151,6.0592,True,1.0
2026-02-23,IBM,BREACH_DOWN,BEAR,IGNORE,,False,-2.6729,-8.3546,-7.1726,True,0.0
2026-04-23,IBM,BREACH_DOWN,BULL,IGNORE,,False,-0.3895,-0.8482,0.0433,True,0.0
2026-05-21,IBM,BREACH_UP,BULL,LONG,,False,0.3439,0.8815,17.7215,True,1.0
2021-07-23,INTC,BREACH_DOWN,UNKNOWN,IGNORE,,False,-2.4717,-0.1321,-1.3585,True,0.0
2021-10-14,INTC,BREACH_UP,BULL,LONG,,False,1.039,2.4304,3.8961,True,1.0
2021-10-22,INTC,BREACH_DOWN,BULL,IGNORE,,False,0.1011,3.1743,0.9301,True,1.0
2022-01-03,INTC,BREACH_UP,BULL,LONG,,False,-0.1315,1.5035,3.7587,True,1.0
2022-01-27,INTC,BREACH_DOWN,BEAR,IGNORE,,False,0.666,-1.8731,-0.4787,True,0.0
2022-02-18,INTC,BREACH_DOWN,BEAR,IGNORE,,False,0.7771,-3.73,-5.9059,True,0.0
2022-03-24,INTC,BREACH_UP,BULL,LONG,,False,0.4068,1.2205,-3.9907,True,1.0
2022-04-29,INTC,BREACH_DOWN,BEAR,IGNORE,,False,-3.1429,-6.7676,-2.4321,True,0.0
2022-06-08,INTC,BREACH_DOWN,BEAR,IGNORE,,False,2.959,8.392,6.2576,True,1.0
2022-07-29,INTC,BREACH_DOWN,BULL,IGNORE,,False,-1.7901,-0.5783,1.5498,True,0.0
2022-08-26,INTC,BREACH_DOWN,BULL,IGNORE,,False,1.259,4.3165,6.4149,True,1.0
2022-09-13,INTC,BREACH_DOWN,BEAR,IGNORE,,False,0.3756,0.1707,1.1267,True,1.0
2022-10-07,INTC,BREACH_DOWN,BEAR,IGNORE,,False,2.0218,1.5163,-0.7387,True,1.0
2022-10-28,INTC,BREACH_UP,BULL,LONG,,False,-2.2016,-5.676,-1.6826,True,0.0
2022-11-10,INTC,BREACH_UP,BULL,LONG,,False,2.2513,3.1922,0.4368,True,1.0
2023-01-27,INTC,BREACH_DOWN,BULL,IGNORE,,False,0.7457,-3.2315,-7.6705,True,0.0
2023-02-21,INTC,BREACH_DOWN,BULL,IGNORE,,False,2.264,3.5303,4.3361,True,1.0
2023-03-16,INTC,BREACH_UP,BEAR,HOLD,,False,-1.226,-5.6991,-3.8105,True,0.0
2023-03-29,INTC,BREACH_UP,BULL,LONG,,False,1.8084,4.3464,4.1561,True,1.0
2023-05-25,INTC,BREACH_DOWN,BULL,IGNORE,,False,-5.8394,-14.7445,-14.2701,True,0.0
2023-05-26,INTC,BREACH_UP,BULL,LONG,,False,3.4138,7.3448,2.9655,True,1.0
2023-06-12,INTC,BREACH_UP,BULL,LONG,,False,2.5401,8.3157,5.8361,True,1.0
2023-06-21,INTC,BREACH_DOWN,BULL,IGNORE,,False,0.5775,-1.3374,-2.0365,True,0.0
2023-07-28,INTC,BREACH_UP,BULL,LONG,,False,-2.8781,-6.6251,-4.2454,True,0.0
2023-09-19,INTC,BREACH_DOWN,BEAR,IGNORE,,False,4.5404,5.9439,6.907,True,1.0
2023-10-25,INTC,BREACH_DOWN,BEAR,IGNORE,,False,0.9442,-8.7115,-13.5851,True,0.0
2023-10-27,INTC,BREACH_UP,BEAR,HOLD,,False,0.4221,4.924,7.3157,True,1.0
2023-11-16,INTC,BREACH_UP,BULL,LONG,,False,1.0612,0.669,1.4072,True,1.0
2023-12-11,INTC,BREACH_UP,BULL,LONG,,False,-1.1226,1.4369,2.582,True,1.0
2023-12-26,INTC,BREACH_UP,BULL,LONG,,False,0.5148,-0.4951,-6.8317,True,0.0
2024-01-02,INTC,BREACH_DOWN,BULL,IGNORE,,False,1.569,1.9038,-0.523,True,1.0
2024-01-26,INTC,BREACH_DOWN,BULL,IGNORE,,False,-0.4353,1.3058,2.4055,True,1.0
2024-03-05,INTC,BREACH_DOWN,BULL,IGNORE,,False,-3.1279,-1.9462,-4.8193,True,0.0
2024-04-03,INTC,BREACH_DOWN,BULL,IGNORE,,False,1.4877,5.8269,7.761,True,1.0
2024-04-26,INTC,BREACH_DOWN,BEAR,IGNORE,,False,1.6311,4.7365,3.074,True,1.0
2024-07-08,INTC,BREACH_UP,BULL,LONG,,False,1.7652,-1.4416,1.3827,True,0.0
2024-07-11,INTC,BREACH_DOWN,BULL,IGNORE,,False,-2.9552,-2.5075,-4.0895,True,0.0
2024-07-19,INTC,BREACH_DOWN,BULL,IGNORE,,False,-1.1825,3.8811,4.9424,True,1.0
2024-08-01,INTC,BREACH_DOWN,BEAR,IGNORE,,False,26.0585,31.7384,29.019,True,1.0
2024-08-02,INTC,BREACH_DOWN,BEAR,IGNORE,,False,6.378,11.0314,7.6581,True,1.0
2024-08-30,INTC,BREACH_UP,BULL,LONG,,False,-8.8022,-11.9782,-13.4755,True,0.0
2024-09-03,INTC,BREACH_DOWN,BULL,IGNORE,,False,3.3333,6.0199,5.5721,True,1.0
2024-11-01,INTC,BREACH_UP,BULL,LONG,,False,-2.931,7.9741,12.931,True,1.0
2024-11-06,INTC,BREACH_UP,BULL,LONG,,False,4.7106,0.0,-0.519,True,0.0
2025-01-17,INTC,BREACH_UP,BULL,LONG,,False,1.3029,0.3723,-5.584,True,1.0
2025-02-11,INTC,BREACH_UP,BULL,LONG,,False,7.2008,12.5417,22.6514,True,1.0
2025-02-12,INTC,BREACH_UP,BULL,LONG,,False,7.3399,21.8416,16.0587,True,1.0
2025-02-13,INTC,BREACH_UP,BULL,LONG,,False,-2.1964,6.5893,3.0667,True,1.0
2025-02-18,INTC,BREACH_UP,BULL,LONG,,False,-6.0971,-9.2004,-16.0643,True,0.0
2025-03-13,INTC,BREACH_UP,BEAR,HOLD,,False,1.4768,9.3671,1.097,True,1.0
2025-04-04,INTC,BREACH_DOWN,BEAR,IGNORE,,False,1.4106,-8.4635,0.5542,True,0.0
2025-04-09,INTC,BREACH_UP,BEAR,HOLD,,False,-7.6637,-5.6665,-10.6828,True,0.0
2025-06-10,INTC,BREACH_UP,BULL,LONG,,False,-6.3406,-8.7862,-5.7971,True,0.0
2025-06-11,INTC,BREACH_DOWN,BULL,IGNORE,,False,-0.4352,-0.2901,-3.9168,True,0.0
2025-06-24,INTC,BREACH_UP,BULL,LONG,,False,-1.5521,0.6208,1.3304,True,1.0
2025-07-08,INTC,BREACH_UP,BULL,LONG,,False,-0.6359,-0.6783,-2.8402,True,0.0
2025-07-25,INTC,BREACH_DOWN,BULL,IGNORE,,False,0.0966,1.7391,6.715,True,1.0
2025-08-14,INTC,BREACH_UP,BULL,LONG,,False,2.9338,6.0771,-1.5088,True,1.0
2025-08-19,INTC,BREACH_UP,BULL,LONG,,False,-6.9933,-2.015,-3.793,True,0.0
2025-09-18,INTC,BREACH_UP,BULL,LONG,,False,-3.2385,-4.0236,11.1874,True,0.0
2025-09-25,INTC,BREACH_UP,BULL,LONG,,False,4.4425,-1.2945,9.7382,True,0.0
2025-11-28,INTC,BREACH_UP,BULL,LONG,,False,-1.356,7.8895,2.0957,True,1.0
2025-12-02,INTC,BREACH_UP,BULL,LONG,,False,0.6671,-4.7389,-6.8323,True,0.0
2025-12-04,INTC,BREACH_DOWN,BULL,IGNORE,,False,-2.2469,-0.0,2.4444,True,0.0
2026-01-02,INTC,BREACH_UP,BULL,LONG,,False,-0.0254,8.2529,15.6678,True,1.0
2026-01-07,INTC,BREACH_UP,BULL,LONG,,False,-3.5656,3.3544,14.2857,True,1.0
2026-01-09,INTC,BREACH_UP,BULL,LONG,,False,-3.2711,6.9594,3.0955,True,1.0
2026-01-13,INTC,BREACH_UP,BULL,LONG,,False,3.0239,-0.6978,14.7177,True,0.0
2026-01-21,INTC,BREACH_UP,BULL,LONG,,False,0.129,-21.6774,-10.083,True,0.0
2026-01-23,INTC,BREACH_DOWN,BULL,IGNORE,,False,5.7244,-8.2316,-3.1063,True,0.0
2026-01-28,INTC,BREACH_UP,BULL,LONG,,False,-0.246,0.0615,-0.369,True,1.0
2026-04-08,INTC,BREACH_UP,BULL,LONG,,False,4.6989,10.5683,10.1612,True,1.0
2026-04-24,INTC,BREACH_UP,BULL,LONG,,False,2.9683,14.7928,20.693,True,1.0
2026-04-29,INTC,BREACH_UP,BULL,LONG,,False,-0.285,1.0871,19.2718,True,1.0
2026-05-05,INTC,BREACH_UP,BULL,LONG,,False,4.4938,15.5062,11.521,True,1.0
2026-05-08,INTC,BREACH_UP,BULL,LONG,,False,3.6183,-3.7064,-12.9283,True,0.0
2021-09-07,JNJ,BREACH_DOWN,BULL,IGNORE,,False,0.2437,3.1047,4.364,True,1.0
2021-09-09,JNJ,BREACH_DOWN,BULL,IGNORE,,False,0.6545,1.9456,1.6957,True,1.0
2021-10-19,JNJ,BREACH_UP,BULL,LONG,,False,-0.055,-0.0916,1.1472,True,0.0
2021-11-30,JNJ,BREACH_DOWN,BULL,IGNORE,,False,-1.3788,-2.2125,-4.7649,True,0.0
2021-12-17,JNJ,BREACH_DOWN,BULL,IGNORE,,False,0.2853,0.1783,-0.856,True,1.0
2022-01-25,JNJ,BREACH_UP,BEAR,HOLD,,False,0.4474,2.4816,1.9388,True,1.0
2022-02-25,JNJ,BREACH_UP,BEAR,HOLD,,False,-0.8614,0.0241,2.0964,True,1.0
2022-04-06,JNJ,BREACH_UP,BEAR,HOLD,,False,-0.2579,-1.3115,-0.8615,True,0.0
2022-04-19,JNJ,BREACH_UP,BULL,LONG,,False,0.4424,-0.8412,0.8739,True,0.0
2022-06-28,JNJ,BREACH_DOWN,BEAR,IGNORE,,False,-0.0282,-1.4581,-0.7686,True,0.0
2022-09-01,JNJ,BREACH_UP,BEAR,HOLD,,False,-1.5725,-0.7681,0.2238,True,0.0
2022-09-13,JNJ,BREACH_DOWN,BEAR,IGNORE,,False,-2.0641,-3.8865,-2.2563,True,0.0
2022-11-11,JNJ,BREACH_DOWN,BULL,IGNORE,,False,-1.5717,-2.4875,-4.1063,True,0.0
2023-01-09,JNJ,BREACH_DOWN,BULL,IGNORE,,False,0.2392,0.8999,1.8339,True,1.0
2023-01-30,JNJ,BREACH_DOWN,BULL,IGNORE,,False,-0.8765,-2.1852,-0.8395,True,0.0
2023-04-05,JNJ,BREACH_UP,BULL,LONG,,False,-0.2778,-0.8091,0.3019,True,0.0
2023-04-18,JNJ,BREACH_DOWN,BULL,IGNORE,,False,-0.944,-1.0434,-2.5899,True,0.0
2023-07-20,JNJ,BREACH_UP,BULL,LONG,,False,1.075,2.3816,3.1536,True,1.0
2023-07-31,JNJ,BREACH_DOWN,BULL,IGNORE,,False,-0.8118,-1.8564,-3.3248,True,0.0
2023-08-21,JNJ,BREACH_DOWN,BEAR,IGNORE,,False,0.7947,1.3505,1.1158,True,1.0
2023-10-18,JNJ,BREACH_DOWN,BEAR,IGNORE,,False,0.2685,0.8774,0.7595,True,1.0
2023-12-01,JNJ,BREACH_UP,BULL,LONG,,False,0.3157,-1.1113,-2.5003,True,0.0
2023-12-20,JNJ,BREACH_DOWN,BULL,IGNORE,,False,-1.0244,-1.8725,-2.1596,True,0.0
2024-01-02,JNJ,BREACH_UP,BULL,LONG,,False,0.6251,0.7251,1.0377,True,1.0
2024-04-03,JNJ,BREACH_DOWN,BULL,IGNORE,,False,1.1409,1.7308,2.6319,True,1.0
2024-04-16,JNJ,BREACH_DOWN,BEAR,IGNORE,,False,-0.2215,-2.3953,-3.5375,True,0.0
2024-05-01,JNJ,BREACH_UP,BEAR,HOLD,,False,-0.8335,-1.7198,-1.4751,True,0.0
2024-05-23,JNJ,BREACH_DOWN,BULL,IGNORE,,False,1.8236,3.5137,2.024,True,1.0
2024-07-17,JNJ,BREACH_UP,BULL,LONG,,False,-0.7408,-1.4944,-0.1916,True,0.0
2024-07-24,JNJ,BREACH_UP,BULL,LONG,,False,2.15,1.4589,1.0046,True,1.0
2025-01-08,JNJ,BREACH_DOWN,BEAR,IGNORE,,False,0.1476,-1.7432,-3.8659,True,0.0
2025-01-27,JNJ,BREACH_UP,BULL,LONG,,False,-1.6417,-0.0131,-0.6672,True,0.0
2025-04-01,JNJ,BREACH_DOWN,BEAR,IGNORE,,False,-1.3768,0.0065,2.1207,True,1.0
2025-04-04,JNJ,BREACH_DOWN,BEAR,IGNORE,,False,1.7097,1.4814,0.9854,True,1.0
2025-05-13,JNJ,BREACH_DOWN,BULL,IGNORE,,False,1.4012,-1.9469,-3.5166,True,0.0
2025-07-16,JNJ,BREACH_UP,BULL,LONG,,False,-1.0924,-0.2549,2.6217,True,0.0
2025-09-30,JNJ,BREACH_UP,BULL,LONG,,False,0.3398,1.7366,1.8714,True,1.0
2025-11-11,JNJ,BREACH_UP,BULL,LONG,,False,0.2889,1.0834,3.1832,True,1.0
2025-12-10,JNJ,BREACH_UP,BULL,LONG,,False,1.6801,3.6942,1.835,True,1.0
2026-01-12,JNJ,BREACH_UP,BULL,LONG,,False,1.8739,4.6967,4.0483,True,1.0
2026-05-13,JNJ,BREACH_UP,BULL,LONG,,False,0.1649,-0.651,-0.4774,True,0.0
2021-07-09,JPM,BREACH_UP,UNKNOWN,HOLD,,False,1.4316,-0.4173,-2.478,True,0.0
2021-09-20,JPM,BREACH_DOWN,BEAR,IGNORE,,False,-0.0131,-5.374,-9.1658,True,0.0
2021-09-23,JPM,BREACH_UP,BULL,LONG,,False,1.154,3.0401,1.5573,True,1.0
2021-11-26,JPM,BREACH_DOWN,BULL,IGNORE,,False,0.4323,2.4949,2.2479,True,1.0
2022-01-04,JPM,BREACH_UP,BULL,LONG,,False,-1.8282,0.1978,0.3956,True,1.0
2022-01-14,JPM,BREACH_DOWN,BULL,IGNORE,,False,4.1928,6.4792,8.1956,True,1.0
2022-01-18,JPM,BREACH_DOWN,BEAR,IGNORE,,False,1.5469,4.092,3.1335,True,1.0
2022-05-23,JPM,BREACH_UP,BEAR,HOLD,,False,1.4125,3.8844,6.1236,True,1.0
2022-06-10,JPM,BREACH_DOWN,BEAR,IGNORE,,False,2.9778,3.463,5.4538,True,1.0
2022-09-13,JPM,BREACH_DOWN,BEAR,IGNORE,,False,0.232,-0.5928,0.4811,True,0.0
2022-10-04,JPM,BREACH_UP,BEAR,HOLD,,False,-1.2347,-5.1803,-8.777,True,0.0
2022-10-13,JPM,BREACH_UP,BEAR,HOLD,,False,1.6641,8.6587,6.1809,True,1.0
2022-10-21,JPM,BREACH_UP,BEAR,HOLD,,False,0.1227,1.5381,3.1498,True,1.0
2022-11-10,JPM,BREACH_UP,BULL,LONG,,False,0.1629,-1.5843,-1.8804,True,0.0
2023-03-07,JPM,BREACH_DOWN,BULL,IGNORE,,False,0.5915,3.5853,2.8856,True,1.0
2023-03-09,JPM,BREACH_DOWN,BEAR,IGNORE,,False,-2.5395,-3.2837,-0.3145,True,0.0
2023-03-15,JPM,BREACH_DOWN,BEAR,IGNORE,,False,-1.9414,0.8732,0.842,True,1.0
2023-04-14,JPM,BREACH_UP,BULL,LONG,,False,0.7929,1.7948,1.3047,True,1.0
2023-06-29,JPM,BREACH_UP,BULL,LONG,,False,1.4014,1.5362,1.3256,True,1.0
2023-08-15,JPM,BREACH_DOWN,BULL,IGNORE,,False,0.4243,1.2332,2.9504,True,1.0
2023-10-27,JPM,BREACH_DOWN,BEAR,IGNORE,,False,-1.275,-2.3952,-5.3873,True,0.0
2023-12-14,JPM,BREACH_UP,BULL,LONG,,False,0.7561,2.7197,2.1404,True,1.0
2024-02-15,JPM,BREACH_UP,BULL,LONG,,False,-0.467,0.5726,2.2906,True,1.0
2024-04-12,JPM,BREACH_DOWN,BEAR,IGNORE,,False,-0.0547,1.4826,-1.6467,True,1.0
2024-05-20,JPM,BREACH_DOWN,BULL,IGNORE,,False,-2.0145,-0.6851,-2.0043,True,0.0
2024-06-11,JPM,BREACH_DOWN,BULL,IGNORE,,False,1.4561,0.2984,-1.3583,True,1.0
2024-07-18,JPM,BREACH_DOWN,BULL,IGNORE,,False,0.0952,-0.1667,0.6239,True,0.0
2024-08-02,JPM,BREACH_DOWN,BEAR,IGNORE,,False,2.1292,-0.6327,-3.3444,True,0.0
2024-09-10,JPM,BREACH_DOWN,BULL,IGNORE,,False,-0.8124,0.6032,-1.7951,True,1.0
2024-10-04,JPM,BREACH_UP,BULL,LONG,,False,-0.1373,1.0416,5.241,True,1.0
2024-10-11,JPM,BREACH_UP,BULL,LONG,,False,-0.3644,0.6073,1.3856,True,1.0
2024-11-06,JPM,BREACH_UP,BULL,LONG,,False,-4.3228,-3.145,-2.3881,True,0.0
2024-11-07,JPM,BREACH_DOWN,BULL,IGNORE,,False,-0.2538,-1.3453,-2.3225,True,0.0
2024-12-18,JPM,BREACH_DOWN,BEAR,IGNORE,,False,-1.1243,-3.4814,-5.5433,True,0.0
2025-02-20,JPM,BREACH_DOWN,BULL,IGNORE,,False,0.9595,3.5232,2.9048,True,1.0
2025-03-04,JPM,BREACH_DOWN,BEAR,IGNORE,,False,-0.5115,3.1848,8.4356,True,1.0
2025-03-10,JPM,BREACH_DOWN,BEAR,IGNORE,,False,1.3263,3.0273,-0.7364,True,1.0
2025-04-03,JPM,BREACH_DOWN,BEAR,IGNORE,,False,7.4838,4.5845,0.0792,True,1.0
2025-04-04,JPM,BREACH_DOWN,BEAR,IGNORE,,False,-1.9783,-11.4419,-12.3264,True,0.0
2025-04-09,JPM,BREACH_UP,BEAR,HOLD,,False,-3.0853,0.1622,-2.0184,True,1.0
2025-07-08,JPM,BREACH_DOWN,BULL,IGNORE,,False,-0.1344,-1.4428,-1.3332,True,0.0
2025-09-05,JPM,BREACH_DOWN,BULL,IGNORE,,False,0.4994,-2.0925,-4.2564,True,0.0
2025-11-13,JPM,BREACH_DOWN,BULL,IGNORE,,False,1.8967,3.2539,3.5867,True,1.0
2025-12-09,JPM,BREACH_DOWN,BULL,IGNORE,,False,-3.1946,-5.9931,-5.0048,True,0.0
2026-01-05,JPM,BREACH_UP,BULL,LONG,,False,0.6225,-0.827,-2.4208,True,0.0
2026-01-13,JPM,BREACH_DOWN,BULL,IGNORE,,False,0.9746,-0.505,2.8498,True,0.0
2026-02-06,JPM,BREACH_UP,BULL,LONG,,False,-0.093,-3.5918,-6.157,True,0.0
2026-02-23,JPM,BREACH_DOWN,BEAR,IGNORE,,False,0.1243,-2.8421,0.037,True,0.0
2026-04-08,JPM,BREACH_UP,BULL,LONG,,False,0.7663,1.8541,-0.6624,True,1.0
2021-07-14,KO,BREACH_UP,UNKNOWN,HOLD,,False,0.3199,-0.9421,0.5154,True,0.0
2021-09-07,KO,BREACH_DOWN,BULL,IGNORE,,False,-1.3472,0.1078,-0.7909,True,1.0
2021-10-27,KO,BREACH_UP,BULL,LONG,,False,0.9366,1.1707,1.3869,True,1.0
2021-11-26,KO,BREACH_DOWN,BULL,IGNORE,,False,-1.582,1.9066,-0.4191,True,1.0
2021-11-30,KO,BREACH_DOWN,BULL,IGNORE,,False,0.286,-2.0782,-5.2622,True,0.0
2021-12-06,KO,BREACH_UP,BULL,LONG,,False,0.5463,-0.0911,5.1903,True,0.0
2021-12-10,KO,BREACH_UP,BULL,LONG,,False,2.6297,3.1628,2.5764,True,1.0
2021-12-13,KO,BREACH_UP,BULL,LONG,,False,0.0693,1.5409,-0.3809,True,1.0
2022-02-25,KO,BREACH_UP,BEAR,HOLD,,False,-0.9706,-0.6682,-0.4455,True,0.0
2022-03-08,KO,BREACH_DOWN,BEAR,IGNORE,,False,-0.5114,1.2615,-2.4146,True,1.0
2022-05-18,KO,BREACH_DOWN,BEAR,IGNORE,,False,1.9608,-2.7124,-4.6895,True,0.0
2022-08-26,KO,BREACH_DOWN,BULL,IGNORE,,False,0.6021,2.2183,3.1057,True,1.0
2022-09-13,KO,BREACH_DOWN,BEAR,IGNORE,,False,-0.5292,0.8201,0.2204,True,1.0
2022-09-27,KO,BREACH_DOWN,BEAR,IGNORE,,False,-1.0642,0.6385,-0.7095,True,1.0
2022-11-10,KO,BREACH_UP,BULL,LONG,,False,0.7228,-0.4106,-0.2792,True,0.0
2022-11-30,KO,BREACH_UP,BULL,LONG,,False,0.283,-0.2201,-0.11,True,0.0
2023-01-18,KO,BREACH_DOWN,BULL,IGNORE,,False,0.1505,-0.7022,-1.8726,True,0.0
2023-05-22,KO,BREACH_DOWN,BULL,IGNORE,,False,0.1788,1.7883,2.8125,True,1.0
2023-06-02,KO,BREACH_UP,BULL,LONG,,False,-0.6704,-1.5369,-1.1282,True,0.0
2023-10-05,KO,BREACH_DOWN,BEAR,IGNORE,,False,-1.4509,-3.1501,-0.8209,True,0.0
2023-10-24,KO,BREACH_UP,BEAR,HOLD,,False,0.8627,-0.7189,1.5277,True,0.0
2023-12-20,KO,BREACH_DOWN,BULL,IGNORE,,False,-0.6596,-1.649,-1.9788,True,0.0
2024-01-24,KO,BREACH_DOWN,BULL,IGNORE,,False,-0.4244,-1.392,-0.9846,True,0.0
2024-02-01,KO,BREACH_UP,BULL,LONG,,False,-0.7215,-1.7055,-1.8859,True,0.0
2024-02-20,KO,BREACH_UP,BULL,LONG,,False,0.8896,0.8237,-0.5931,True,1.0
2024-04-19,KO,BREACH_UP,BEAR,HOLD,,False,0.6316,2.2935,2.6093,True,1.0
2024-06-24,KO,BREACH_UP,BULL,LONG,,False,-0.2032,-0.0938,-1.0786,True,0.0
2024-10-23,KO,BREACH_DOWN,BULL,IGNORE,,False,1.044,1.9703,3.0731,True,1.0
2024-11-06,KO,BREACH_DOWN,BULL,IGNORE,,False,0.0628,0.5338,1.0989,True,1.0
2025-01-27,KO,BREACH_UP,BULL,LONG,,False,-2.3642,0.2818,-0.8142,True,1.0
2025-01-28,KO,BREACH_DOWN,BULL,IGNORE,,False,-0.7537,-1.796,-0.4971,True,0.0
2025-02-11,KO,BREACH_UP,BULL,LONG,,False,1.642,1.8787,3.6539,True,1.0
2025-03-04,KO,BREACH_DOWN,BEAR,IGNORE,,False,0.1567,-1.7666,-1.211,True,0.0
2025-04-03,KO,BREACH_UP,BEAR,HOLD,,False,-4.4411,-6.5045,-3.3069,True,0.0
2025-04-04,KO,BREACH_DOWN,BEAR,IGNORE,,False,2.2308,-0.0286,-2.145,True,0.0
2025-05-15,KO,BREACH_UP,BULL,LONG,,False,0.5446,0.1117,-0.6563,True,1.0
2025-10-21,KO,BREACH_UP,BULL,LONG,,False,-0.5757,-2.1202,-1.4883,True,0.0
2025-10-29,KO,BREACH_DOWN,BULL,IGNORE,,False,-0.9217,0.556,-0.2341,True,1.0
2025-11-21,KO,BREACH_UP,BEAR,HOLD,,False,-0.4935,-0.0959,-0.678,True,0.0
2026-01-05,KO,BREACH_DOWN,BULL,IGNORE,,False,0.1472,-2.1048,-3.768,True,0.0
2026-01-08,KO,BREACH_UP,BULL,LONG,,False,1.6434,2.6957,1.6001,True,1.0
2026-04-28,KO,BREACH_UP,BULL,LONG,,False,0.6637,0.2936,0.1659,True,1.0
2021-06-24,LLY,BREACH_UP,UNKNOWN,HOLD,,False,-1.1804,-1.5453,-0.7898,True,0.0
2021-08-03,LLY,BREACH_UP,UNKNOWN,HOLD,,False,2.5314,2.9102,5.258,True,1.0
2021-09-09,LLY,BREACH_DOWN,BULL,IGNORE,,False,0.2083,2.8792,3.7333,True,1.0
2021-09-29,LLY,BREACH_UP,BEAR,HOLD,,False,0.2995,-2.3919,-1.0896,True,0.0
2021-11-03,LLY,BREACH_UP,BULL,LONG,,False,1.7802,-2.152,-0.6047,True,0.0
2021-12-15,LLY,BREACH_UP,BULL,LONG,,False,1.3659,-4.2865,-3.1894,True,0.0
2021-12-17,LLY,BREACH_DOWN,BULL,IGNORE,,False,1.4733,0.344,-4.1096,True,1.0
2022-04-06,LLY,BREACH_UP,BEAR,HOLD,,False,0.8469,1.0202,-1.0365,True,1.0
2022-04-22,LLY,BREACH_DOWN,BEAR,IGNORE,,False,-2.3212,-2.2818,-4.8075,True,0.0
2022-04-28,LLY,BREACH_UP,BEAR,HOLD,,False,-1.7291,-3.0948,-1.6484,True,0.0
2022-09-22,LLY,BREACH_UP,BEAR,HOLD,,False,0.1898,0.074,6.1569,True,1.0
2022-09-28,LLY,BREACH_UP,BEAR,HOLD,,False,-1.3069,-3.837,-0.7775,True,0.0
2022-11-11,LLY,BREACH_DOWN,BULL,IGNORE,,False,-1.3492,-0.4583,-2.946,True,0.0
2023-01-09,LLY,BREACH_DOWN,BULL,IGNORE,,False,-0.8347,-2.6556,-2.2611,True,0.0
2023-02-02,LLY,BREACH_DOWN,BULL,IGNORE,,False,-2.534,-2.7155,-3.3535,True,0.0
2023-02-15,LLY,BREACH_DOWN,BULL,IGNORE,,False,2.6686,2.2387,2.2357,True,1.0
2023-04-21,LLY,BREACH_UP,BULL,LONG,,False,-0.4906,-2.3284,2.7567,True,0.0
2023-04-27,LLY,BREACH_UP,BULL,LONG,,False,1.4116,3.5481,9.7579,True,1.0
2023-05-03,LLY,BREACH_UP,BULL,LONG,,False,-0.6378,0.3548,1.097,True,1.0
2023-07-11,LLY,BREACH_DOWN,BULL,IGNORE,,False,-0.2754,-2.2918,-2.6878,True,0.0
2023-07-14,LLY,BREACH_UP,BULL,LONG,,False,-0.5162,0.9122,2.7989,True,1.0
2023-08-08,LLY,BREACH_UP,BULL,LONG,,False,0.8877,1.2807,5.0214,True,1.0
2023-09-21,LLY,BREACH_DOWN,BEAR,IGNORE,,False,-0.0745,0.0218,1.0325,True,1.0
2023-10-06,LLY,BREACH_UP,BEAR,HOLD,,False,1.1571,7.0875,7.7811,True,1.0
2023-10-11,LLY,BREACH_UP,BEAR,HOLD,,False,0.8624,1.8768,0.3238,True,1.0
2023-11-02,LLY,BREACH_UP,BEAR,HOLD,,False,-2.1507,3.3845,1.9008,True,1.0
2023-11-06,LLY,BREACH_UP,BULL,LONG,,False,0.7964,-0.6502,2.9436,True,0.0
2023-12-14,LLY,BREACH_DOWN,BULL,IGNORE,,False,0.2842,-1.0703,0.2911,True,0.0
2024-01-03,LLY,BREACH_UP,BULL,LONG,,False,-0.5181,1.3485,2.022,True,1.0
2024-02-05,LLY,BREACH_UP,BULL,LONG,,False,-0.1657,4.1745,4.3982,True,1.0
2024-04-30,LLY,BREACH_UP,BEAR,HOLD,,False,-0.5569,-5.9058,-0.4263,True,0.0
2024-05-06,LLY,BREACH_UP,BULL,LONG,,False,1.4465,0.6352,-1.1713,True,1.0
2024-07-17,LLY,BREACH_DOWN,BULL,IGNORE,,False,6.26,4.3751,5.0475,True,1.0
2024-07-18,LLY,BREACH_DOWN,BULL,IGNORE,,False,-1.0095,-3.4621,3.2642,True,0.0
2024-07-25,LLY,BREACH_DOWN,BEAR,IGNORE,,False,2.0178,3.7726,-1.37,True,1.0
2024-08-08,LLY,BREACH_UP,BEAR,HOLD,,False,5.4856,7.4221,10.3597,True,1.0
2024-10-30,LLY,BREACH_DOWN,BULL,IGNORE,,False,2.0181,4.805,8.3193,True,1.0
2024-11-15,LLY,BREACH_DOWN,BULL,IGNORE,,False,2.5462,-0.9662,-0.2426,True,0.0
2025-01-14,LLY,BREACH_DOWN,BEAR,IGNORE,,False,-0.2457,2.5762,-1.2176,True,1.0
2025-03-07,LLY,BREACH_DOWN,BEAR,IGNORE,,False,4.5792,5.4877,6.4514,True,1.0
2025-03-10,LLY,BREACH_DOWN,BEAR,IGNORE,,False,0.687,3.3877,0.6026,True,1.0
2025-04-04,LLY,BREACH_DOWN,BEAR,IGNORE,,False,1.9615,-2.0997,0.7857,True,0.0
2025-04-17,LLY,BREACH_UP,BEAR,HOLD,,False,-2.612,-1.2548,5.3074,True,0.0
2025-05-01,LLY,BREACH_DOWN,BEAR,IGNORE,,False,-3.7174,2.3901,5.3709,True,1.0
2025-06-10,LLY,BREACH_UP,BULL,LONG,,False,0.1759,1.5077,-1.976,True,1.0
2025-07-29,LLY,BREACH_DOWN,BULL,IGNORE,,False,0.3762,0.0813,-0.3932,True,1.0
2025-08-07,LLY,BREACH_DOWN,BULL,IGNORE,,False,2.3734,0.2231,-6.7987,True,1.0
2025-08-26,LLY,BREACH_UP,BULL,LONG,,False,-0.2527,-0.4687,0.2446,True,0.0
2025-09-25,LLY,BREACH_DOWN,BULL,IGNORE,,False,-1.3924,-6.7745,-14.7301,True,0.0
2025-09-30,LLY,BREACH_UP,BULL,LONG,,False,8.1809,10.0747,10.5675,True,1.0
2025-10-01,LLY,BREACH_UP,BULL,LONG,,False,-0.6748,2.3782,2.4594,True,1.0
2025-10-30,LLY,BREACH_UP,BULL,LONG,,False,2.1741,7.3843,11.0053,True,1.0
2025-11-10,LLY,BREACH_UP,BULL,LONG,,False,2.2739,5.8171,5.8512,True,1.0
2026-01-05,LLY,BREACH_DOWN,BULL,IGNORE,,False,-2.1632,-4.1939,-3.7916,True,0.0
2026-01-07,LLY,BREACH_UP,BULL,LONG,,False,-2.0666,-2.4448,-3.1405,True,0.0
2026-02-04,LLY,BREACH_UP,BULL,LONG,,False,-7.7932,-5.6408,-8.3017,True,0.0
2026-02-05,LLY,BREACH_DOWN,BEAR,IGNORE,,False,-3.6578,-0.4075,-1.7074,True,0.0
2026-03-17,LLY,BREACH_DOWN,BEAR,IGNORE,,False,1.3221,2.542,2.9376,True,1.0
2026-04-30,LLY,BREACH_UP,BULL,LONG,,False,3.074,5.8068,4.3184,True,1.0
2021-06-28,MA,BREACH_DOWN,UNKNOWN,IGNORE,,False,-0.087,-0.8241,-2.2955,True,0.0
2021-07-19,MA,BREACH_DOWN,UNKNOWN,IGNORE,,False,-2.4463,-4.5725,-7.4839,True,0.0
2021-09-23,MA,BREACH_UP,BULL,LONG,,False,1.1551,-0.8162,-1.8047,True,0.0
2021-10-01,MA,BREACH_UP,BEAR,HOLD,,False,-4.4367,-3.1901,-1.3248,True,0.0
2021-10-04,MA,BREACH_DOWN,BEAR,IGNORE,,False,0.2876,-2.9509,-0.9845,True,0.0
2021-10-27,MA,BREACH_DOWN,BULL,IGNORE,,False,0.8012,0.4975,1.8736,True,1.0
2021-11-22,MA,BREACH_DOWN,BULL,IGNORE,,False,-2.3965,-0.8932,1.9857,True,0.0
2022-01-28,MA,BREACH_UP,BEAR,HOLD,,False,1.0117,3.7228,-0.0811,True,1.0
2022-03-29,MA,BREACH_UP,BULL,LONG,,False,-1.4447,-0.974,-1.1509,True,0.0
2022-04-27,MA,BREACH_UP,BEAR,HOLD,,False,4.7736,-0.6997,1.9221,True,0.0
2022-04-28,MA,BREACH_UP,BEAR,HOLD,,False,-4.0784,-5.554,-6.7207,True,0.0
2022-06-16,MA,BREACH_DOWN,BEAR,IGNORE,,False,-0.6186,-2.3868,-7.0342,True,0.0
2022-08-26,MA,BREACH_DOWN,BULL,IGNORE,,False,0.7862,2.2864,2.8317,True,1.0
2022-09-13,MA,BREACH_DOWN,BEAR,IGNORE,,False,-0.126,3.168,3.7396,True,1.0
2022-11-02,MA,BREACH_DOWN,BULL,IGNORE,,False,3.33,-1.6603,1.307,True,0.0
2022-11-10,MA,BREACH_UP,BULL,LONG,,False,0.5989,1.8502,1.186,True,1.0
2022-11-30,MA,BREACH_UP,BULL,LONG,,False,1.2346,-0.087,-2.5196,True,0.0
2023-01-06,MA,BREACH_UP,BULL,LONG,,False,0.8975,2.7715,2.135,True,1.0
2023-05-23,MA,BREACH_DOWN,BULL,IGNORE,,False,1.4047,-0.1659,2.3358,True,0.0
2023-10-26,MA,BREACH_DOWN,BEAR,IGNORE,,False,0.1399,-3.2255,-4.9645,True,0.0
2024-02-01,MA,BREACH_UP,BULL,LONG,,False,-0.0738,-0.0911,-0.5771,True,0.0
2024-02-20,MA,BREACH_DOWN,BULL,IGNORE,,False,-1.6159,-4.7969,-5.0913,True,0.0
2024-02-22,MA,BREACH_UP,BULL,LONG,,False,0.3944,0.6765,0.6786,True,1.0
2024-06-27,MA,BREACH_DOWN,BULL,IGNORE,,False,0.3591,-0.4292,-1.5223,True,0.0
2024-07-10,MA,BREACH_DOWN,BULL,IGNORE,,False,-0.6411,-2.3891,-4.0402,True,0.0
2024-07-31,MA,BREACH_UP,BULL,LONG,,False,-0.2803,-4.6818,-2.9911,True,0.0
2024-08-05,MA,BREACH_DOWN,BEAR,IGNORE,,False,-1.4253,-3.0724,-3.0973,True,0.0
2024-09-09,MA,BREACH_UP,BULL,LONG,,False,0.1909,1.0306,2.1803,True,1.0
2024-10-31,MA,BREACH_DOWN,BULL,IGNORE,,False,-1.6994,-1.195,-3.661,True,0.0
2024-11-06,MA,BREACH_UP,BULL,LONG,,False,-0.6236,1.7251,0.1439,True,1.0
2025-01-15,MA,BREACH_UP,BULL,LONG,,False,0.1512,1.0931,2.2724,True,1.0
2025-01-27,MA,BREACH_UP,BULL,LONG,,False,-0.0511,3.3544,2.9782,True,1.0
2025-01-30,MA,BREACH_UP,BULL,LONG,,False,-1.8692,-1.2191,0.2032,True,0.0
2025-03-04,MA,BREACH_DOWN,BEAR,IGNORE,,False,-0.5819,1.4953,5.2732,True,1.0
2025-03-28,MA,BREACH_DOWN,BEAR,IGNORE,,False,-1.3892,-1.2523,9.4042,True,0.0
2025-04-03,MA,BREACH_DOWN,BEAR,IGNORE,,False,7.6864,9.5429,5.7333,True,1.0
2025-04-04,MA,BREACH_DOWN,BEAR,IGNORE,,False,0.8678,-5.4061,-4.2445,True,0.0
2025-04-09,MA,BREACH_UP,BEAR,HOLD,,False,-3.1217,-0.5762,-0.388,True,0.0
2025-06-13,MA,BREACH_DOWN,BULL,IGNORE,,False,-1.1814,4.1457,3.5016,True,1.0
2025-06-18,MA,BREACH_DOWN,BULL,IGNORE,,False,1.0692,-3.4897,-1.3142,True,0.0
2025-09-23,MA,BREACH_DOWN,BULL,IGNORE,,False,0.2035,0.8492,0.2035,True,1.0
2025-12-11,MA,BREACH_UP,BULL,LONG,,False,1.5194,0.4704,0.5041,True,1.0
2026-01-13,MA,BREACH_DOWN,BULL,IGNORE,,False,-0.3358,1.0092,3.1964,True,1.0
2026-01-29,MA,BREACH_UP,BULL,LONG,,False,-0.9085,1.2856,1.5008,True,1.0
2026-02-23,MA,BREACH_DOWN,BEAR,IGNORE,,False,-0.3972,-3.778,-5.034,True,0.0
2026-03-18,MA,BREACH_DOWN,BEAR,IGNORE,,False,-0.5466,-2.4382,-2.9255,True,0.0
2026-04-29,MA,BREACH_UP,BULL,LONG,,False,-4.2477,-3.9011,-6.3477,True,0.0
2026-04-30,MA,BREACH_DOWN,BULL,IGNORE,,False,1.4833,1.1612,0.3937,True,1.0
2021-07-19,MCD,BREACH_DOWN,UNKNOWN,IGNORE,,False,-2.1853,-4.1045,-6.4206,True,0.0
2021-07-20,MCD,BREACH_UP,UNKNOWN,HOLD,,False,0.7086,3.7094,5.1565,True,1.0
2021-10-27,MCD,BREACH_UP,BULL,LONG,,False,1.1412,3.234,3.1599,True,1.0
2021-11-26,MCD,BREACH_DOWN,BULL,IGNORE,,False,-0.116,1.7904,-0.2809,True,1.0
2021-12-06,MCD,BREACH_UP,BULL,LONG,,False,1.6107,2.5607,2.8539,True,1.0
2022-01-28,MCD,BREACH_UP,BEAR,HOLD,,False,1.3121,2.4171,1.5502,True,1.0
2022-03-07,MCD,BREACH_DOWN,BEAR,IGNORE,,False,0.6865,1.0386,-0.8247,True,1.0
2022-04-28,MCD,BREACH_UP,BEAR,HOLD,,False,-1.9788,-3.2732,-2.0732,True,0.0
2022-05-04,MCD,BREACH_UP,BEAR,HOLD,,False,-2.1233,-2.6856,-3.8888,True,0.0
2022-05-18,MCD,BREACH_DOWN,BEAR,IGNORE,,False,0.8873,-3.008,-5.6092,True,0.0
2022-07-26,MCD,BREACH_UP,BULL,LONG,,False,0.7002,2.4427,1.5403,True,1.0
2022-08-26,MCD,BREACH_DOWN,BULL,IGNORE,,False,0.5021,1.2801,0.4074,True,1.0
2022-09-13,MCD,BREACH_DOWN,BEAR,IGNORE,,False,-0.5465,-0.228,-0.4207,True,0.0
2022-09-27,MCD,BREACH_DOWN,BEAR,IGNORE,,False,-0.1014,2.518,-0.7604,True,1.0
2022-10-13,MCD,BREACH_UP,BEAR,HOLD,,False,-1.4549,0.9889,1.2239,True,1.0
2022-10-27,MCD,BREACH_UP,BULL,LONG,,False,3.5495,2.9573,2.9573,True,1.0
2022-10-28,MCD,BREACH_UP,BULL,LONG,,False,-0.6776,-1.5117,0.0364,True,0.0
2023-01-06,MCD,BREACH_UP,BULL,LONG,,False,-0.8238,-0.2449,-0.2153,True,0.0
2023-01-18,MCD,BREACH_DOWN,BULL,IGNORE,,False,0.9247,-1.2216,-2.6161,True,0.0
2023-04-27,MCD,BREACH_UP,BULL,LONG,,False,0.3495,1.1367,0.1493,True,1.0
2023-05-22,MCD,BREACH_DOWN,BULL,IGNORE,,False,1.0299,1.3236,1.531,True,1.0
2023-09-15,MCD,BREACH_DOWN,BULL,IGNORE,,False,0.1833,0.3702,2.1601,True,1.0
2023-09-21,MCD,BREACH_DOWN,BEAR,IGNORE,,False,-0.3687,1.2905,2.0758,True,1.0
2023-10-02,MCD,BREACH_DOWN,BEAR,IGNORE,,False,1.2648,2.1416,3.0378,True,1.0
2023-11-16,MCD,BREACH_UP,BULL,LONG,,False,-0.134,1.5754,2.3251,True,1.0
2023-12-14,MCD,BREACH_DOWN,BULL,IGNORE,,False,0.9482,-0.2448,-0.4724,True,0.0
2024-01-19,MCD,BREACH_UP,BULL,LONG,,False,-0.7054,-0.03,-2.7518,True,0.0
2024-02-05,MCD,BREACH_DOWN,BULL,IGNORE,,False,0.4616,-2.0841,-1.2134,True,0.0
2024-03-13,MCD,BREACH_DOWN,BULL,IGNORE,,False,0.3995,1.5131,-0.5621,True,1.0
2024-05-10,MCD,BREACH_UP,BULL,LONG,,False,-1.3382,-0.4109,-0.9527,True,0.0
2024-05-23,MCD,BREACH_DOWN,BULL,IGNORE,,False,-0.0698,3.3187,-0.3722,True,1.0
2024-05-31,MCD,BREACH_UP,BULL,LONG,,False,0.9836,1.0769,-0.3927,True,1.0
2024-07-29,MCD,BREACH_UP,BULL,LONG,,False,1.9203,2.8039,2.6892,True,1.0
2024-08-19,MCD,BREACH_UP,BULL,LONG,,False,-0.6677,0.5773,0.393,True,1.0
2024-10-23,MCD,BREACH_DOWN,BULL,IGNORE,,False,-1.0081,0.5962,2.3613,True,1.0
2024-10-25,MCD,BREACH_DOWN,BULL,IGNORE,,False,-1.4285,0.3725,-0.8886,True,1.0
2025-01-27,MCD,BREACH_UP,BULL,LONG,,False,-0.6619,-0.9451,-1.0372,True,0.0
2025-02-10,MCD,BREACH_UP,BULL,LONG,,False,0.5804,0.5188,-1.164,True,1.0
2025-03-07,MCD,BREACH_UP,BEAR,HOLD,,False,-1.2574,-6.8132,-6.6793,True,0.0
2025-03-11,MCD,BREACH_DOWN,BEAR,IGNORE,,False,2.3993,2.2591,1.0301,True,1.0
2025-04-04,MCD,BREACH_DOWN,BEAR,IGNORE,,False,0.0733,-1.2829,-3.2621,True,0.0
2025-08-06,MCD,BREACH_UP,BULL,LONG,,False,0.0812,-1.0726,-0.8418,True,0.0
2025-09-10,MCD,BREACH_DOWN,BULL,IGNORE,,False,-0.8139,1.265,0.3171,True,1.0
2025-11-05,MCD,BREACH_UP,BULL,LONG,,False,-2.3751,-2.1494,0.4155,True,0.0
2025-11-06,MCD,BREACH_DOWN,BULL,IGNORE,,False,-0.4189,-2.8216,-3.0729,True,0.0
2025-11-11,MCD,BREACH_UP,BULL,LONG,,False,0.0359,0.0652,-0.73,True,1.0
2026-02-12,MCD,BREACH_UP,BEAR,HOLD,,False,-1.3551,-1.2617,-0.8582,True,0.0
2026-03-18,MCD,BREACH_DOWN,BEAR,IGNORE,,False,1.9479,2.2994,1.2764,True,1.0
2026-04-27,MCD,BREACH_DOWN,BULL,IGNORE,,False,-0.7512,-1.1647,2.1054,True,0.0
2021-06-28,META,BREACH_UP,UNKNOWN,HOLD,,False,-1.0544,-0.3515,-0.8042,True,0.0
2021-07-23,META,BREACH_UP,UNKNOWN,HOLD,,False,0.722,0.9438,-3.648,True,1.0
2021-07-29,META,BREACH_DOWN,UNKNOWN,IGNORE,,False,0.5637,1.9759,-1.2977,True,1.0
2021-09-22,META,BREACH_DOWN,BEAR,IGNORE,,False,-0.8013,-3.0215,1.0489,True,0.0
2021-09-28,META,BREACH_DOWN,BEAR,IGNORE,,False,0.3053,-0.6928,2.2575,True,0.0
2021-10-04,META,BREACH_DOWN,BEAR,IGNORE,,False,-2.0629,-0.9165,0.2391,True,0.0
2021-10-22,META,BREACH_DOWN,BULL,IGNORE,,False,-1.2569,3.8169,0.3204,True,1.0
2022-02-03,META,BREACH_DOWN,BEAR,IGNORE,,False,0.2818,7.394,4.0755,True,1.0
2022-04-20,META,BREACH_DOWN,BEAR,IGNORE,,False,6.1621,6.7009,12.7083,True,1.0
2022-04-21,META,BREACH_DOWN,BEAR,IGNORE,,False,2.1056,3.7858,-9.3901,True,1.0
2022-04-28,META,BREACH_UP,BEAR,HOLD,,False,-2.5567,3.0623,1.2395,True,1.0
2022-05-24,META,BREACH_DOWN,BEAR,IGNORE,,False,-1.4067,-7.6401,-4.06,True,0.0
2022-07-22,META,BREACH_DOWN,BULL,IGNORE,,False,1.5478,-0.1831,6.0081,True,0.0
2022-09-13,META,BREACH_DOWN,BEAR,IGNORE,,False,1.084,4.4668,4.5974,True,1.0
2022-10-27,META,BREACH_DOWN,BULL,IGNORE,,False,-1.2865,2.7976,9.2199,True,1.0
2022-11-10,META,BREACH_UP,BULL,LONG,,False,1.028,4.6572,-0.3755,True,1.0
2022-11-30,META,BREACH_UP,BULL,LONG,,False,1.9814,3.6664,-3.5309,True,1.0
2022-12-06,META,BREACH_DOWN,BULL,IGNORE,,False,0.1665,-1.5598,-5.2839,True,0.0
2023-02-02,META,BREACH_UP,BULL,LONG,,False,-1.1866,1.5098,-5.7477,True,1.0
2023-03-03,META,BREACH_UP,BULL,LONG,,False,-0.1889,-0.1511,-3.0985,True,0.0
2023-03-14,META,BREACH_UP,BEAR,HOLD,,False,1.9225,0.8195,4.1954,True,1.0
2023-04-27,META,BREACH_UP,BULL,LONG,,False,0.7378,0.285,-2.1127,True,1.0
2023-05-26,META,BREACH_UP,BULL,LONG,,False,0.1832,4.0337,3.5682,True,1.0
2023-07-20,META,BREACH_DOWN,BULL,IGNORE,,False,2.7304,2.661,-3.0378,True,1.0
2023-07-27,META,BREACH_UP,BULL,LONG,,False,4.4176,3.5289,0.4748,True,1.0
2024-01-10,META,BREACH_UP,BULL,LONG,,False,-0.2159,-0.8125,1.5278,True,0.0
2024-02-02,META,BREACH_UP,BULL,LONG,,False,-3.2801,-1.1369,-1.4485,True,0.0
2024-03-11,META,BREACH_DOWN,BULL,IGNORE,,False,-3.3417,-1.7039,-2.7689,True,0.0
2024-04-25,META,BREACH_DOWN,BEAR,IGNORE,,False,-0.4327,2.5398,-0.068,True,1.0
2024-06-05,META,BREACH_UP,BULL,LONG,,False,-0.2626,1.523,2.7835,True,1.0
2024-07-05,META,BREACH_UP,BULL,LONG,,False,-1.9614,-0.9668,-7.6013,True,0.0
2024-07-11,META,BREACH_DOWN,BULL,IGNORE,,False,2.6975,4.4685,7.1874,True,1.0
2024-07-17,META,BREACH_DOWN,BULL,IGNORE,,False,-3.0001,-5.5001,0.1558,True,0.0
2024-07-24,META,BREACH_DOWN,BULL,IGNORE,,False,1.704,-0.9626,-2.9397,True,0.0
2024-09-19,META,BREACH_UP,BULL,LONG,,False,0.4024,0.7566,1.5632,True,1.0
2024-10-23,META,BREACH_DOWN,BULL,IGNORE,,False,-0.7256,-2.567,-4.9868,True,0.0
2024-10-31,META,BREACH_DOWN,BULL,IGNORE,,False,0.074,-0.8545,-4.2496,True,0.0
2024-11-15,META,BREACH_DOWN,BULL,IGNORE,,False,-0.0578,-2.0647,-0.9132,True,0.0
2024-12-18,META,BREACH_DOWN,BEAR,IGNORE,,False,0.2713,-0.4454,-1.0315,True,0.0
2025-01-06,META,BREACH_UP,BULL,LONG,,False,-1.9533,-2.2755,-5.7045,True,0.0
2025-04-03,META,BREACH_DOWN,BEAR,IGNORE,,False,5.0581,3.9822,-2.7595,True,1.0
2025-04-09,META,BREACH_UP,BEAR,HOLD,,False,-6.7399,-9.2682,-14.2479,True,0.0
2025-05-12,META,BREACH_UP,BULL,LONG,,False,2.5961,0.6959,0.1564,True,1.0
2025-07-31,META,BREACH_UP,BULL,LONG,,False,-3.0293,-1.2903,-1.5011,True,0.0
2025-10-10,META,BREACH_DOWN,BULL,IGNORE,,False,-1.4745,-1.7369,-1.6475,True,0.0
2025-10-30,META,BREACH_DOWN,BULL,IGNORE,,False,2.7188,5.8742,7.1316,True,1.0
2026-01-22,META,BREACH_UP,BULL,LONG,,False,1.7186,3.9127,14.0018,True,1.0
2026-01-29,META,BREACH_UP,BULL,LONG,,False,-2.954,-6.3131,-9.2238,True,0.0
2026-03-26,META,BREACH_DOWN,BEAR,IGNORE,,False,3.9851,-4.491,-4.9165,True,0.0
2026-03-31,META,BREACH_UP,BEAR,HOLD,,False,1.241,0.1556,7.0421,True,1.0
2026-04-08,META,BREACH_UP,BULL,LONG,,False,2.6077,3.6103,9.66,True,1.0
2026-04-30,META,BREACH_DOWN,BULL,IGNORE,,False,0.5164,1.1358,-0.8008,True,1.0
2021-09-29,MRK,BREACH_UP,BEAR,HOLD,,False,0.0266,10.6672,7.4178,True,1.0
2021-10-01,MRK,BREACH_UP,BEAR,HOLD,,False,2.0885,-0.9091,-0.946,True,0.0
2021-10-28,MRK,BREACH_UP,BULL,LONG,,False,1.7331,2.8538,4.6101,True,1.0
2021-11-05,MRK,BREACH_DOWN,BULL,IGNORE,,False,-1.3111,-2.9408,-2.9286,True,0.0
2021-11-26,MRK,BREACH_DOWN,BULL,IGNORE,,False,5.3941,5.9626,7.3522,True,1.0
2021-11-29,MRK,BREACH_DOWN,BULL,IGNORE,,False,-0.0267,1.3353,1.9629,True,1.0
2022-02-03,MRK,BREACH_DOWN,BEAR,IGNORE,,False,0.5696,2.6579,3.1009,True,1.0
2022-02-24,MRK,BREACH_DOWN,BEAR,IGNORE,,False,-3.8226,-3.8498,-4.9517,True,0.0
2022-02-25,MRK,BREACH_UP,BEAR,HOLD,,False,0.3407,0.4586,1.9785,True,1.0
2022-04-28,MRK,BREACH_UP,BEAR,HOLD,,False,0.1242,-1.6708,-0.6435,True,0.0
2022-06-21,MRK,BREACH_UP,BEAR,HOLD,,False,1.2837,5.7935,4.3849,True,1.0
2022-09-22,MRK,BREACH_UP,BEAR,HOLD,,False,-0.8342,-1.9084,-0.9942,True,0.0
2022-10-10,MRK,BREACH_UP,BEAR,HOLD,,False,0.63,2.2215,4.023,True,1.0
2022-10-21,MRK,BREACH_UP,BEAR,HOLD,,False,1.7769,2.864,5.3308,True,1.0
2022-11-11,MRK,BREACH_DOWN,BULL,IGNORE,,False,-2.4398,-2.011,-6.4006,True,0.0
2023-01-09,MRK,BREACH_DOWN,BULL,IGNORE,,False,-0.3896,-1.2593,-0.0634,True,0.0
2023-02-02,MRK,BREACH_DOWN,BULL,IGNORE,,False,0.5026,-2.1458,-3.151,True,0.0
2023-02-17,MRK,BREACH_UP,BULL,LONG,,False,-0.4109,0.977,-0.1461,True,1.0
2023-02-28,MRK,BREACH_DOWN,BULL,IGNORE,,False,-0.3859,-0.6024,-4.7346,True,0.0
2023-03-06,MRK,BREACH_UP,BULL,LONG,,False,0.153,-3.1503,-4.8335,True,0.0
2023-04-26,MRK,BREACH_DOWN,BULL,IGNORE,,False,-1.5252,-2.5655,-4.2229,True,0.0
2023-08-23,MRK,BREACH_UP,BEAR,HOLD,,False,-1.6622,-2.1294,-0.9793,True,0.0
2023-12-13,MRK,BREACH_UP,BULL,LONG,,False,-0.4326,-0.2821,-0.9216,True,0.0
2024-01-02,MRK,BREACH_UP,BULL,LONG,,False,1.3511,3.5147,4.5832,True,1.0
2024-02-01,MRK,BREACH_UP,BULL,LONG,,False,0.0237,0.3956,0.182,True,1.0
2024-03-04,MRK,BREACH_DOWN,BULL,IGNORE,,False,0.9835,0.0484,1.0318,True,1.0
2024-03-27,MRK,BREACH_UP,BULL,LONG,,False,0.1518,-1.0626,-3.1044,True,0.0
2024-04-25,MRK,BREACH_UP,BEAR,HOLD,,False,0.3672,-1.1475,-1.8819,True,0.0
2024-05-15,MRK,BREACH_UP,BULL,LONG,,False,-0.6453,-0.5617,-0.4782,True,0.0
2024-05-28,MRK,BREACH_DOWN,BULL,IGNORE,,False,0.1507,0.4362,-2.0779,True,1.0
2024-06-28,MRK,BREACH_DOWN,BULL,IGNORE,,False,-3.3118,-1.6559,-1.5993,True,0.0
2024-07-30,MRK,BREACH_DOWN,BULL,IGNORE,,False,1.8395,0.0434,3.5575,True,1.0
2025-02-04,MRK,BREACH_DOWN,BULL,IGNORE,,False,1.1792,3.8131,4.6286,True,1.0
2025-03-25,MRK,BREACH_DOWN,BEAR,IGNORE,,False,-0.2731,-1.5477,0.8535,True,0.0
2025-04-04,MRK,BREACH_DOWN,BEAR,IGNORE,,False,0.356,-0.5401,2.8108,True,0.0
2025-05-12,MRK,BREACH_UP,BULL,LONG,,False,-4.7246,-6.9999,-3.9786,True,0.0
2025-07-31,MRK,BREACH_DOWN,BULL,IGNORE,,False,-1.4977,-3.4178,-2.8802,True,0.0
2025-09-30,MRK,BREACH_UP,BULL,LONG,,False,7.3871,6.2671,4.3846,True,1.0
2025-10-01,MRK,BREACH_UP,BULL,LONG,,False,-0.6879,-1.4756,-4.1385,True,0.0
2025-11-03,MRK,BREACH_DOWN,BULL,IGNORE,,False,-1.6608,-3.9884,-5.1643,True,0.0
2025-11-11,MRK,BREACH_UP,BULL,LONG,,False,0.5498,2.166,6.0253,True,1.0
2025-11-18,MRK,BREACH_UP,BEAR,HOLD,,False,-1.4311,1.3792,9.5717,True,1.0
2025-11-25,MRK,BREACH_UP,BULL,LONG,,False,-0.9748,-3.6248,-3.2084,True,0.0
2026-02-27,MRK,BREACH_UP,BULL,LONG,,False,-1.9464,-2.859,-6.4852,True,0.0
2026-04-21,MRK,BREACH_DOWN,BULL,IGNORE,,False,-0.2932,0.5864,2.2477,True,1.0
2026-05-22,MRK,BREACH_UP,BULL,LONG,,False,-2.1975,-2.0587,,True,0.0
2021-06-29,MS,BREACH_UP,UNKNOWN,HOLD,,False,1.1584,1.5336,-0.673,True,1.0
2021-09-20,MS,BREACH_DOWN,BEAR,IGNORE,,False,0.3346,-4.9883,-6.5598,True,0.0
2022-01-04,MS,BREACH_UP,BULL,LONG,,False,-2.4746,-0.2014,1.5922,True,0.0
2022-01-18,MS,BREACH_DOWN,BEAR,IGNORE,,False,-1.8296,-5.159,-5.3505,True,0.0
2022-02-17,MS,BREACH_DOWN,BEAR,IGNORE,,False,0.7592,2.7041,1.6641,True,1.0
2022-03-16,MS,BREACH_UP,BEAR,HOLD,,False,2.2886,0.9264,0.6757,True,1.0
2022-04-22,MS,BREACH_DOWN,BEAR,IGNORE,,False,-0.3658,2.9856,4.0806,True,1.0
2022-06-10,MS,BREACH_DOWN,BEAR,IGNORE,,False,2.8682,1.783,5.814,True,1.0
2022-06-24,MS,BREACH_UP,BEAR,HOLD,,False,-0.4883,0.4755,-1.375,True,1.0
2022-08-26,MS,BREACH_DOWN,BULL,IGNORE,,False,1.6819,1.8316,0.4723,True,1.0
2022-10-14,MS,BREACH_DOWN,BEAR,IGNORE,,False,-2.4436,-3.1076,-5.2058,True,0.0
2022-11-10,MS,BREACH_UP,BULL,LONG,,False,2.2297,1.9144,0.1689,True,1.0
2023-01-17,MS,BREACH_UP,BULL,LONG,,False,-0.5151,-0.8653,-1.6172,True,0.0
2023-03-09,MS,BREACH_DOWN,BEAR,IGNORE,,False,2.3319,2.4186,5.6291,True,1.0
2023-03-15,MS,BREACH_DOWN,BEAR,IGNORE,,False,-1.8972,-0.2928,-2.5296,True,0.0
2023-07-06,MS,BREACH_DOWN,BULL,IGNORE,,False,-0.036,-1.9561,-3.4561,True,0.0
2023-07-18,MS,BREACH_UP,BULL,LONG,,False,1.327,2.2515,2.6974,True,1.0
2023-10-18,MS,BREACH_DOWN,BEAR,IGNORE,,False,2.6175,4.2468,4.6474,True,1.0
2023-11-03,MS,BREACH_UP,BULL,LONG,,False,-0.4459,-0.3803,-1.2195,True,0.0
2023-11-14,MS,BREACH_UP,BULL,LONG,,False,1.7495,2.5157,0.2043,True,1.0
2023-12-14,MS,BREACH_UP,BULL,LONG,,False,0.5931,0.9666,1.7465,True,1.0
2024-01-16,MS,BREACH_DOWN,BULL,IGNORE,,False,1.8146,0.7328,-0.8957,True,1.0
2024-02-13,MS,BREACH_DOWN,BULL,IGNORE,,False,-0.0357,-3.013,-1.7745,True,0.0
2024-03-04,MS,BREACH_UP,BULL,LONG,,False,-1.0106,-4.3314,-3.4429,True,0.0
2024-03-06,MS,BREACH_DOWN,BULL,IGNORE,,False,-0.5603,-1.4943,-4.3077,True,0.0
2024-03-20,MS,BREACH_UP,BULL,LONG,,False,2.2441,-0.2299,2.3536,True,0.0
2024-04-11,MS,BREACH_DOWN,BULL,IGNORE,,False,0.7485,-2.6486,-3.9383,True,0.0
2024-08-02,MS,BREACH_DOWN,BEAR,IGNORE,,False,3.9437,3.9019,1.1789,True,1.0
2024-09-03,MS,BREACH_DOWN,BULL,IGNORE,,False,-0.8865,2.6997,2.6695,True,1.0
2024-10-04,MS,BREACH_UP,BULL,LONG,,False,-0.2225,1.0753,2.3915,True,1.0
2024-10-16,MS,BREACH_UP,BULL,LONG,,False,-0.0586,-1.0292,-1.0292,True,0.0
2024-11-06,MS,BREACH_UP,BULL,LONG,,False,-2.3196,1.5438,0.9658,True,1.0
2024-12-18,MS,BREACH_DOWN,BEAR,IGNORE,,False,0.4461,-2.8172,-5.7749,True,0.0
2025-01-10,MS,BREACH_DOWN,BEAR,IGNORE,,False,-0.4374,-5.7513,-11.6808,True,0.0
2025-01-15,MS,BREACH_UP,BULL,LONG,,False,4.0291,5.1704,5.5534,True,1.0
2025-01-16,MS,BREACH_UP,BULL,LONG,,False,1.5168,0.1399,1.48,True,1.0
2025-02-20,MS,BREACH_DOWN,BULL,IGNORE,,False,1.9726,3.5284,3.7963,True,1.0
2025-03-04,MS,BREACH_DOWN,BEAR,IGNORE,,False,-1.6678,1.9964,7.9527,True,1.0
2025-03-10,MS,BREACH_DOWN,BEAR,IGNORE,,False,-0.3134,0.009,-5.6138,True,1.0
2025-04-03,MS,BREACH_DOWN,BEAR,IGNORE,,False,7.5049,7.0601,1.2508,True,1.0
2025-04-04,MS,BREACH_DOWN,BEAR,IGNORE,,False,-1.0918,-11.8902,-8.3041,True,0.0
2025-04-09,MS,BREACH_UP,BEAR,HOLD,,False,-4.5837,-2.3187,-3.4378,True,0.0
2025-08-22,MS,BREACH_UP,BULL,LONG,,False,-0.25,0.9188,1.6619,True,1.0
2025-10-15,MS,BREACH_UP,BULL,LONG,,False,-1.617,-0.4181,-2.7851,True,0.0
2026-01-15,MS,BREACH_UP,BULL,LONG,,False,-1.1191,-4.1364,-6.3954,True,0.0
2026-01-20,MS,BREACH_DOWN,BULL,IGNORE,,False,-0.67,1.7024,-0.3075,True,1.0
2026-02-12,MS,BREACH_DOWN,BEAR,IGNORE,,False,-1.8386,-5.0756,-4.3734,True,0.0
2026-02-23,MS,BREACH_DOWN,BEAR,IGNORE,,False,-1.193,-6.4089,-0.1199,True,0.0
2026-02-27,MS,BREACH_DOWN,BULL,IGNORE,,False,-0.2943,-0.6426,3.7475,True,0.0
2026-04-15,MS,BREACH_UP,BULL,LONG,,False,-2.244,-0.4801,-0.2975,True,0.0
2026-05-20,MS,BREACH_UP,BULL,LONG,,False,1.3854,2.0175,3.0439,True,1.0
2021-07-02,MSFT,BREACH_UP,UNKNOWN,HOLD,,False,0.0036,-0.0828,-0.1188,True,0.0
2021-08-19,MSFT,BREACH_UP,BULL,LONG,,False,2.5576,1.9712,0.7818,True,1.0
2021-08-20,MSFT,BREACH_UP,BULL,LONG,,False,0.0953,-0.7721,-1.5245,True,0.0
2021-09-28,MSFT,BREACH_DOWN,BEAR,IGNORE,,False,-0.1693,-1.9681,-1.8482,True,0.0
2021-10-27,MSFT,BREACH_UP,BULL,LONG,,False,0.3651,1.9185,3.3512,True,1.0
2021-11-26,MSFT,BREACH_DOWN,BULL,IGNORE,,False,-2.1081,-0.1213,2.0232,True,0.0
2021-12-14,MSFT,BREACH_DOWN,BULL,IGNORE,,False,-1.9218,1.3827,0.3198,True,1.0
2022-01-05,MSFT,BREACH_DOWN,BULL,IGNORE,,False,0.7902,0.6669,-0.5974,True,1.0
2022-01-13,MSFT,BREACH_DOWN,BULL,IGNORE,,False,-1.7716,0.4823,2.8773,True,1.0
2022-02-24,MSFT,BREACH_UP,BEAR,HOLD,,False,0.9233,0.1222,0.4515,True,1.0
2022-04-06,MSFT,BREACH_DOWN,BEAR,IGNORE,,False,-0.6244,4.7546,3.9666,True,1.0
2022-04-11,MSFT,BREACH_DOWN,BEAR,IGNORE,,False,1.1218,1.9035,-0.014,True,1.0
2022-04-27,MSFT,BREACH_UP,BEAR,HOLD,,False,2.2633,0.4414,2.3868,True,1.0
2022-07-12,MSFT,BREACH_DOWN,BEAR,IGNORE,,False,0.3745,-1.2024,-2.3101,True,0.0
2022-07-27,MSFT,BREACH_UP,BULL,LONG,,False,2.854,3.4494,5.109,True,1.0
2022-08-26,MSFT,BREACH_DOWN,BULL,IGNORE,,False,1.0668,2.4693,4.4873,True,1.0
2022-09-13,MSFT,BREACH_DOWN,BEAR,IGNORE,,False,-0.0913,2.8771,3.7859,True,1.0
2022-10-07,MSFT,BREACH_DOWN,BEAR,IGNORE,,False,2.1303,3.6245,2.4249,True,1.0
2022-10-26,MSFT,BREACH_DOWN,BULL,IGNORE,,False,1.9756,-0.3502,4.8504,True,0.0
2022-11-10,MSFT,BREACH_UP,BULL,LONG,,False,1.6997,-0.4157,-0.2547,True,0.0
2022-11-30,MSFT,BREACH_UP,BULL,LONG,,False,-0.1764,-1.9362,-4.2212,True,0.0
2023-01-04,MSFT,BREACH_DOWN,BULL,IGNORE,,False,2.9638,0.8642,-2.9114,True,1.0
2023-02-02,MSFT,BREACH_UP,BULL,LONG,,False,-2.362,1.1187,-0.3704,True,1.0
2023-02-07,MSFT,BREACH_UP,BULL,LONG,,False,-0.3102,-1.6669,1.723,True,0.0
2023-03-16,MSFT,BREACH_UP,BEAR,HOLD,,False,1.1694,-0.8762,0.5286,True,0.0
2023-04-26,MSFT,BREACH_UP,BULL,LONG,,False,3.2028,3.4499,3.0572,True,1.0
2023-05-25,MSFT,BREACH_UP,BULL,LONG,,False,2.1386,0.7578,2.9087,True,1.0
2023-06-07,MSFT,BREACH_DOWN,BULL,IGNORE,,False,-0.5814,-2.6192,-4.3169,True,0.0
2023-06-15,MSFT,BREACH_UP,BULL,LONG,,False,-1.6576,-4.177,-3.7575,True,0.0
2023-07-18,MSFT,BREACH_UP,BULL,LONG,,False,-1.2268,-4.3729,-2.3673,True,0.0
2023-07-26,MSFT,BREACH_DOWN,BULL,IGNORE,,False,2.0872,0.5477,3.0405,True,1.0
2023-10-25,MSFT,BREACH_UP,BEAR,HOLD,,False,-3.7514,-0.9863,1.5851,True,0.0
2023-10-26,MSFT,BREACH_DOWN,BEAR,IGNORE,,False,-0.5855,-3.1169,-6.2307,True,0.0
2024-01-31,MSFT,BREACH_DOWN,BULL,IGNORE,,False,-1.5594,-2.0298,-4.1426,True,0.0
2024-03-05,MSFT,BREACH_DOWN,BULL,IGNORE,,False,0.1391,-0.8866,-3.1367,True,0.0
2024-03-12,MSFT,BREACH_UP,BULL,LONG,,False,-0.0433,0.2745,1.4761,True,1.0
2024-04-30,MSFT,BREACH_DOWN,BEAR,IGNORE,,False,-1.4409,-4.4512,-5.1396,True,0.0
2024-05-30,MSFT,BREACH_DOWN,BEAR,IGNORE,,False,-0.1109,-0.3376,-2.3754,True,0.0
2024-07-11,MSFT,BREACH_DOWN,BULL,IGNORE,,False,0.2529,1.1392,3.1515,True,1.0
2024-07-24,MSFT,BREACH_DOWN,BULL,IGNORE,,False,2.4481,0.5059,2.4598,True,1.0
2024-10-31,MSFT,BREACH_DOWN,BULL,IGNORE,,False,-0.9893,-1.2575,-4.6955,True,0.0
2024-12-18,MSFT,BREACH_DOWN,BEAR,IGNORE,,False,0.0823,0.4893,-0.1646,True,1.0
2025-01-22,MSFT,BREACH_UP,BULL,LONG,,False,0.1143,-2.6087,-0.8673,True,0.0
2025-01-30,MSFT,BREACH_DOWN,BULL,IGNORE,,False,-0.0169,0.6313,-0.2,True,1.0
2025-04-09,MSFT,BREACH_UP,BEAR,HOLD,,False,-2.3406,-0.6863,-4.8349,True,0.0
2025-05-01,MSFT,BREACH_UP,BEAR,HOLD,,False,2.3225,1.8594,3.0019,True,1.0
2025-07-31,MSFT,BREACH_UP,BULL,LONG,,False,-1.7601,-1.0778,-2.373,True,0.0
2025-09-05,MSFT,BREACH_DOWN,BULL,IGNORE,,False,-0.6465,-1.0848,-3.0101,True,0.0
2025-10-30,MSFT,BREACH_DOWN,BULL,IGNORE,,False,1.5121,2.174,5.4512,True,1.0
2026-01-23,MSFT,BREACH_UP,BULL,LONG,,False,0.9293,3.3652,-7.6532,True,1.0
2026-01-29,MSFT,BREACH_DOWN,BULL,IGNORE,,False,0.7405,5.1419,9.188,True,1.0
2026-02-05,MSFT,BREACH_DOWN,BEAR,IGNORE,,False,-1.8975,-4.9788,-2.0753,True,0.0
2026-04-13,MSFT,BREACH_UP,BULL,LONG,,False,2.2738,9.3374,8.7676,True,1.0
2026-04-15,MSFT,BREACH_UP,BULL,LONG,,False,2.1983,1.6658,5.277,True,1.0
2026-04-23,MSFT,BREACH_DOWN,BULL,IGNORE,,False,-2.1335,-3.2471,1.917,True,0.0
2026-04-30,MSFT,BREACH_DOWN,BULL,IGNORE,,False,-1.6332,-0.8828,-3.1855,True,0.0
2021-07-01,MU,BREACH_DOWN,UNKNOWN,IGNORE,,False,-0.2746,2.3593,1.7102,True,1.0
2021-08-10,MU,BREACH_DOWN,BULL,IGNORE,,False,1.1593,6.5736,6.758,True,1.0
2021-08-12,MU,BREACH_DOWN,BULL,IGNORE,,False,-0.9537,-0.7544,-0.0427,True,0.0
2021-11-12,MU,BREACH_UP,BULL,LONG,,False,-0.6727,-2.3803,7.4127,True,0.0
2021-11-19,MU,BREACH_UP,BULL,LONG,,False,0.9997,3.83,3.7457,True,1.0
2021-12-21,MU,BREACH_UP,BULL,LONG,,False,-0.3749,4.1354,6.0543,True,1.0
2022-02-15,MU,BREACH_UP,BEAR,HOLD,,False,0.0625,-5.4167,-9.0521,True,0.0
2022-03-02,MU,BREACH_UP,BEAR,HOLD,,False,-4.4159,-18.8639,-14.8553,True,0.0
2022-03-04,MU,BREACH_DOWN,BEAR,IGNORE,,False,7.5815,3.0155,11.0975,True,1.0
2022-06-03,MU,BREACH_DOWN,BEAR,IGNORE,,False,-0.7292,1.9159,10.4661,True,1.0
2022-08-26,MU,BREACH_DOWN,BULL,IGNORE,,False,1.0758,1.9087,2.2558,True,1.0
2022-09-13,MU,BREACH_DOWN,BEAR,IGNORE,,False,0.9511,1.436,5.2592,True,1.0
2022-11-10,MU,BREACH_UP,BULL,LONG,,False,3.7332,4.6955,-2.5386,True,1.0
2022-11-16,MU,BREACH_DOWN,BULL,IGNORE,,False,0.2208,2.9047,-0.1019,True,1.0
2023-01-04,MU,BREACH_UP,BULL,LONG,,False,0.941,3.9852,7.1218,True,1.0
2023-01-23,MU,BREACH_UP,BULL,LONG,,False,-0.9059,1.5853,-0.1779,True,1.0
2023-03-23,MU,BREACH_UP,BEAR,HOLD,,False,-0.2934,-3.3583,2.853,True,0.0
2023-03-29,MU,BREACH_UP,BULL,LONG,,False,-0.7082,-6.1851,-10.2612,True,0.0
2023-04-10,MU,BREACH_UP,BULL,LONG,,False,0.4742,-0.4267,-1.1538,True,0.0
2023-05-15,MU,BREACH_UP,BULL,LONG,,False,-1.4078,4.5328,2.4598,True,1.0
2023-05-26,MU,BREACH_UP,BULL,LONG,,False,-3.0299,-6.5467,-8.3322,True,0.0
2023-07-27,MU,BREACH_UP,BULL,LONG,,False,0.1829,-0.4362,-2.6593,True,0.0
2023-08-14,MU,BREACH_UP,BULL,LONG,,False,-4.3204,-6.9127,-6.3269,True,0.0
2023-09-28,MU,BREACH_DOWN,BEAR,IGNORE,,False,-4.3405,-4.0338,-5.9049,True,0.0
2023-12-20,MU,BREACH_DOWN,BULL,IGNORE,,False,-8.6288,-10.6367,-9.2896,True,0.0
2023-12-21,MU,BREACH_UP,BULL,LONG,,False,1.1816,1.3804,-0.0301,True,1.0
2024-02-13,MU,BREACH_DOWN,BULL,IGNORE,,False,-0.368,2.4899,0.049,True,1.0
2024-02-22,MU,BREACH_UP,BULL,LONG,,False,0.1048,6.9142,5.4708,True,1.0
2024-02-26,MU,BREACH_UP,BULL,LONG,,False,2.6716,1.2855,7.0534,True,1.0
2024-03-01,MU,BREACH_UP,BULL,LONG,,False,0.6516,0.4309,2.5959,True,1.0
2024-03-21,MU,BREACH_UP,BULL,LONG,,False,0.3277,8.1475,7.4227,True,1.0
2024-03-25,MU,BREACH_UP,BULL,LONG,,False,1.4258,0.746,4.8992,True,1.0
2024-06-05,MU,BREACH_UP,BULL,LONG,,False,-2.7223,0.8302,5.2651,True,1.0
2024-06-20,MU,BREACH_DOWN,BULL,IGNORE,,False,3.2249,2.1291,8.2946,True,1.0
2024-06-27,MU,BREACH_DOWN,BULL,IGNORE,,False,0.5294,-0.2722,0.4765,True,0.0
2024-07-17,MU,BREACH_DOWN,BULL,IGNORE,,False,1.7155,3.5314,7.7155,True,1.0
2024-08-01,MU,BREACH_DOWN,BEAR,IGNORE,,False,8.679,12.3239,9.2996,True,1.0
2024-08-02,MU,BREACH_DOWN,BEAR,IGNORE,,False,2.4595,6.3646,-0.4099,True,1.0
2024-09-03,MU,BREACH_DOWN,BULL,IGNORE,,False,-0.8015,2.4836,1.953,True,1.0
2024-09-26,MU,BREACH_UP,BULL,LONG,,False,-2.166,-8.7095,-7.3353,True,0.0
2024-11-06,MU,BREACH_UP,BULL,LONG,,False,1.4129,-2.8436,-10.6501,True,0.0
2024-12-19,MU,BREACH_DOWN,BEAR,IGNORE,,False,-3.4792,-2.5146,-1.7683,True,0.0
2025-01-06,MU,BREACH_UP,BULL,LONG,,False,2.6698,0.0806,-1.9142,True,1.0
2025-01-27,MU,BREACH_DOWN,BULL,IGNORE,,False,3.1391,-1.5256,1.3061,True,0.0
2025-02-18,MU,BREACH_UP,BULL,LONG,,False,-2.2755,-7.4445,-12.7072,True,0.0
2025-03-21,MU,BREACH_DOWN,BEAR,IGNORE,,False,-2.3438,2.7344,6.6301,True,1.0
2025-04-03,MU,BREACH_DOWN,BEAR,IGNORE,,False,12.9406,11.8375,5.7708,True,1.0
2025-04-04,MU,BREACH_DOWN,BEAR,IGNORE,,False,-5.6397,-20.3183,-7.4629,True,0.0
2025-04-09,MU,BREACH_UP,BEAR,HOLD,,False,-10.0424,-8.7967,-10.967,True,0.0
2025-05-12,MU,BREACH_UP,BULL,LONG,,False,5.0276,3.424,6.8913,True,1.0
2025-07-31,MU,BREACH_DOWN,BULL,IGNORE,,False,3.9032,0.0733,-2.5014,True,1.0
2025-08-08,MU,BREACH_UP,BULL,LONG,,False,4.0626,4.5252,1.6654,True,1.0
2025-09-05,MU,BREACH_UP,BULL,LONG,,False,0.0685,6.5693,19.6849,True,1.0
2025-09-11,MU,BREACH_UP,BULL,LONG,,False,4.4232,5.4792,12.1671,True,1.0
2025-09-18,MU,BREACH_UP,BULL,LONG,,False,-3.6473,-1.4684,-7.1407,True,0.0
2025-10-01,MU,BREACH_UP,BULL,LONG,,False,0.8784,4.9023,7.9677,True,1.0
2025-11-04,MU,BREACH_DOWN,BULL,IGNORE,,False,-8.93,-9.1226,-10.5857,True,0.0
2025-11-05,MU,BREACH_UP,BULL,LONG,,False,0.3495,6.6526,3.1158,True,1.0
2025-11-20,MU,BREACH_DOWN,BEAR,IGNORE,,False,-2.9796,-11.5012,-17.4356,True,0.0
2025-12-18,MU,BREACH_UP,BULL,LONG,,False,6.9885,11.1527,14.5806,True,1.0
2026-01-02,MU,BREACH_UP,BULL,LONG,,False,-1.0367,7.6501,9.4065,True,1.0
2026-01-06,MU,BREACH_UP,BULL,LONG,,False,-1.1298,0.4834,-1.5433,True,1.0
2026-01-16,MU,BREACH_UP,BULL,LONG,,False,0.6203,9.6016,7.2612,True,1.0
2026-02-04,MU,BREACH_DOWN,BULL,IGNORE,,False,-0.9199,-1.0807,-8.155,True,0.0
2026-04-14,MU,BREACH_UP,BULL,LONG,,False,-2.0251,-2.2742,-3.4961,True,0.0
2026-04-22,MU,BREACH_UP,BULL,LONG,,False,-1.1816,7.6065,6.3551,True,1.0
2026-05-05,MU,BREACH_UP,BULL,LONG,,False,4.1222,16.6526,19.7407,True,1.0
2026-05-08,MU,BREACH_UP,BULL,LONG,,False,6.497,7.6084,-2.966,True,1.0
2026-05-26,MU,BREACH_UP,BULL,LONG,,False,3.6311,8.3851,,True,1.0
2021-07-21,NFLX,BREACH_DOWN,UNKNOWN,IGNORE,,False,0.3621,-0.5568,-1.1039,True,0.0
2021-08-19,NFLX,BREACH_UP,BULL,LONG,,False,0.583,1.784,1.1789,True,1.0
2021-10-05,NFLX,BREACH_UP,BEAR,HOLD,,False,0.6758,-0.3387,-1.5548,True,0.0
2021-10-21,NFLX,BREACH_UP,BULL,LONG,,False,1.779,2.3516,3.1983,True,1.0
2021-11-12,NFLX,BREACH_UP,BULL,LONG,,False,-0.4805,1.3302,-0.5582,True,1.0
2022-01-05,NFLX,BREACH_DOWN,BULL,IGNORE,,False,2.5074,4.8756,5.339,True,1.0
2022-01-21,NFLX,BREACH_DOWN,BEAR,IGNORE,,False,2.6038,9.5094,3.3057,True,1.0
2022-01-31,NFLX,BREACH_UP,BEAR,HOLD,,False,7.0211,-5.0428,-5.8623,True,0.0
2022-04-20,NFLX,BREACH_DOWN,BEAR,IGNORE,,False,3.5236,7.1975,16.6453,True,1.0
2022-07-15,NFLX,BREACH_UP,BEAR,HOLD,,False,0.9571,14.4519,16.5671,True,1.0
2022-07-20,NFLX,BREACH_UP,BULL,LONG,,False,3.4374,0.9564,4.7634,True,1.0
2022-08-22,NFLX,BREACH_DOWN,BULL,IGNORE,,False,0.8784,-3.2842,0.8696,True,0.0
2022-09-13,NFLX,BREACH_DOWN,BEAR,IGNORE,,False,-2.7461,-10.0857,-11.3327,True,0.0
2022-09-28,NFLX,BREACH_UP,BEAR,HOLD,,False,-2.239,-2.5122,-3.4543,True,0.0
2022-10-19,NFLX,BREACH_UP,BEAR,HOLD,,False,-1.5493,3.697,9.6336,True,1.0
2022-11-10,NFLX,BREACH_UP,BULL,LONG,,False,5.5133,12.8123,7.3863,True,1.0
2022-11-30,NFLX,BREACH_UP,BULL,LONG,,False,3.7378,2.3107,0.9459,True,1.0
2022-12-15,NFLX,BREACH_DOWN,BULL,IGNORE,,False,-0.1033,0.7644,-2.5275,True,1.0
2023-01-20,NFLX,BREACH_UP,BULL,LONG,,False,4.3562,7.4336,5.3343,True,1.0
2023-03-23,NFLX,BREACH_UP,BEAR,HOLD,,False,2.5034,0.9832,5.6372,True,1.0
2023-05-18,NFLX,BREACH_UP,BULL,LONG,,False,-1.5971,-4.1208,-3.3101,True,0.0
2023-05-26,NFLX,BREACH_UP,BULL,LONG,,False,3.7215,6.4004,6.5087,True,1.0
2023-07-18,NFLX,BREACH_UP,BULL,LONG,,False,0.5876,-9.9621,-9.92,True,0.0
2023-07-20,NFLX,BREACH_DOWN,BULL,IGNORE,,False,2.2678,2.2221,5.5439,True,1.0
2023-08-24,NFLX,BREACH_DOWN,BEAR,IGNORE,,False,-2.2363,-5.6668,-6.5736,True,0.0
2023-09-13,NFLX,BREACH_DOWN,BULL,IGNORE,,False,2.8503,4.3276,6.2924,True,1.0
2023-10-19,NFLX,BREACH_UP,BEAR,HOLD,,False,-0.2016,2.9768,0.4406,True,1.0
2023-12-13,NFLX,BREACH_UP,BULL,LONG,,False,-2.1147,1.2792,1.9355,True,1.0
2024-01-02,NFLX,BREACH_DOWN,BULL,IGNORE,,False,-0.3757,-1.1868,-2.9007,True,0.0
2024-01-24,NFLX,BREACH_UP,BULL,LONG,,False,3.1439,5.6747,3.5311,True,1.0
2024-02-14,NFLX,BREACH_UP,BULL,LONG,,False,2.439,-0.725,1.5777,True,0.0
2024-04-19,NFLX,BREACH_DOWN,BEAR,IGNORE,,False,0.0793,-0.0144,-1.1152,True,0.0
2024-07-11,NFLX,BREACH_DOWN,BULL,IGNORE,,False,0.789,-0.5469,1.4876,True,0.0
2024-09-03,NFLX,BREACH_DOWN,BULL,IGNORE,,False,-0.6456,1.4141,0.2517,True,1.0
2024-10-18,NFLX,BREACH_UP,BULL,LONG,,False,1.0708,-1.9113,-1.2057,True,0.0
2024-11-25,NFLX,BREACH_DOWN,BULL,IGNORE,,False,-0.8099,-2.4515,-4.226,True,0.0
2024-12-18,NFLX,BREACH_DOWN,BEAR,IGNORE,,False,-1.4041,-2.4619,-3.8885,True,0.0
2025-01-10,NFLX,BREACH_DOWN,BEAR,IGNORE,,False,-0.3104,-1.2618,-2.4365,True,0.0
2025-01-22,NFLX,BREACH_UP,BULL,LONG,,False,3.2359,1.8763,2.5325,True,1.0
2025-03-06,NFLX,BREACH_DOWN,BEAR,IGNORE,,False,1.6826,1.2423,1.7863,True,1.0
2025-04-04,NFLX,BREACH_DOWN,BEAR,IGNORE,,False,-1.3986,-10.4702,-7.2944,True,0.0
2025-04-09,NFLX,BREACH_UP,BEAR,HOLD,,False,-2.5702,-1.5008,1.7092,True,0.0
2025-07-01,NFLX,BREACH_DOWN,BULL,IGNORE,,False,0.6756,0.3077,0.4113,True,1.0
2025-07-18,NFLX,BREACH_DOWN,BULL,IGNORE,,False,-1.9872,2.6843,2.3775,True,1.0
2025-09-11,NFLX,BREACH_DOWN,BULL,IGNORE,,False,1.2513,0.2484,-0.3556,True,1.0
2025-10-22,NFLX,BREACH_DOWN,BULL,IGNORE,,False,0.249,1.9537,1.4296,True,1.0
2025-12-03,NFLX,BREACH_DOWN,BULL,IGNORE,,False,0.7118,6.8969,10.8215,True,1.0
2026-02-12,NFLX,BREACH_DOWN,BEAR,IGNORE,,False,-1.3314,-2.8078,-3.7042,True,0.0
2026-02-25,NFLX,BREACH_UP,BULL,LONG,,False,2.2854,17.4002,19.2987,True,1.0
2026-02-27,NFLX,BREACH_UP,BULL,LONG,,False,0.8832,2.5146,2.8886,True,1.0
2026-04-17,NFLX,BREACH_DOWN,BULL,IGNORE,,False,2.5486,4.1825,5.0046,True,1.0
2021-06-25,NKE,BREACH_UP,UNKNOWN,HOLD,,False,-1.2893,0.0907,3.4921,True,1.0
2021-09-13,NKE,BREACH_DOWN,BULL,IGNORE,,False,0.4764,1.2036,3.3037,True,1.0
2021-09-24,NKE,BREACH_DOWN,BULL,IGNORE,,False,1.0362,2.3865,1.6913,True,1.0
2021-11-03,NKE,BREACH_UP,BULL,LONG,,False,1.7043,-0.3768,-2.458,True,0.0
2021-11-08,NKE,BREACH_DOWN,BULL,IGNORE,,False,-1.1464,2.8397,1.7457,True,1.0
2021-11-10,NKE,BREACH_DOWN,BULL,IGNORE,,False,0.7667,-0.3507,-2.0682,True,0.0
2021-12-21,NKE,BREACH_UP,BULL,LONG,,False,-0.7142,0.5701,1.2903,True,1.0
2022-01-10,NKE,BREACH_DOWN,BULL,IGNORE,,False,0.093,0.565,2.3199,True,1.0
2022-03-07,NKE,BREACH_DOWN,BEAR,IGNORE,,False,2.5956,-1.2777,5.5207,True,0.0
2022-04-14,NKE,BREACH_UP,BEAR,HOLD,,False,-1.3712,1.8058,-3.2894,True,1.0
2022-04-22,NKE,BREACH_DOWN,BEAR,IGNORE,,False,0.8755,6.0665,3.3858,True,1.0
2022-04-26,NKE,BREACH_DOWN,BEAR,IGNORE,,False,-0.5974,-3.4683,-1.9416,True,0.0
2022-05-05,NKE,BREACH_DOWN,BEAR,IGNORE,,False,3.4898,7.7046,9.0449,True,1.0
2022-06-16,NKE,BREACH_DOWN,BEAR,IGNORE,,False,-0.2054,2.0538,-5.4052,True,1.0
2022-06-28,NKE,BREACH_DOWN,BEAR,IGNORE,,False,-0.4573,1.5567,-1.4108,True,1.0
2022-08-26,NKE,BREACH_DOWN,BULL,IGNORE,,False,0.3694,1.6901,2.0653,True,1.0
2022-09-13,NKE,BREACH_DOWN,BEAR,IGNORE,,False,-1.2108,1.5134,3.1214,True,1.0
2022-09-20,NKE,BREACH_DOWN,BEAR,IGNORE,,False,2.5678,5.2724,5.9852,True,1.0
2022-09-30,NKE,BREACH_DOWN,BEAR,IGNORE,,False,-2.743,-9.6006,-4.8604,True,0.0
2022-11-04,NKE,BREACH_UP,BULL,LONG,,False,-2.4533,-3.8522,10.7527,True,0.0
2022-11-10,NKE,BREACH_UP,BULL,LONG,,False,6.6338,7.257,5.9001,True,1.0
2022-11-11,NKE,BREACH_UP,BULL,LONG,,False,-1.6024,-0.8106,-0.6315,True,0.0
2022-12-21,NKE,BREACH_UP,BULL,LONG,,False,0.8033,1.5374,1.356,True,1.0
2023-03-21,NKE,BREACH_UP,BULL,LONG,,False,-4.8643,-3.901,-6.1619,True,0.0
2023-03-22,NKE,BREACH_DOWN,BEAR,IGNORE,,False,-1.2301,1.4142,-0.8284,True,1.0
2023-05-19,NKE,BREACH_DOWN,BULL,IGNORE,,False,3.9909,5.6379,6.3175,True,1.0
2023-05-22,NKE,BREACH_DOWN,BULL,IGNORE,,False,1.2707,2.4505,3.3218,True,1.0
2023-06-02,NKE,BREACH_UP,BULL,LONG,,False,-2.3938,-0.6402,-1.7814,True,0.0
2023-06-14,NKE,BREACH_UP,BULL,LONG,,False,-0.3987,-2.9417,-2.1265,True,0.0
2023-06-20,NKE,BREACH_DOWN,BULL,IGNORE,,False,-0.4017,0.0183,-3.7155,True,1.0
2023-09-29,NKE,BREACH_UP,BEAR,HOLD,,False,-1.1086,0.2824,1.5583,True,1.0
2023-10-26,NKE,BREACH_DOWN,BEAR,IGNORE,,False,2.0396,-2.7495,-5.059,True,0.0
2023-10-30,NKE,BREACH_UP,BEAR,HOLD,,False,0.9528,3.222,5.3536,True,1.0
2023-11-02,NKE,BREACH_UP,BEAR,HOLD,,False,1.8843,4.0731,1.8272,True,1.0
2023-12-01,NKE,BREACH_UP,BULL,LONG,,False,1.4716,2.3176,2.1413,True,1.0
2023-12-22,NKE,BREACH_DOWN,BULL,IGNORE,,False,0.0185,-0.7219,1.3791,True,0.0
2024-03-22,NKE,BREACH_DOWN,BULL,IGNORE,,False,0.1172,-0.2877,1.3851,True,0.0
2024-06-28,NKE,BREACH_DOWN,BULL,IGNORE,,False,-1.9371,0.1725,3.0781,True,1.0
2024-08-13,NKE,BREACH_UP,BEAR,HOLD,,False,0.0255,6.0255,6.4459,True,1.0
2024-08-15,NKE,BREACH_UP,BULL,LONG,,False,0.8849,1.2849,1.103,True,1.0
2024-09-20,NKE,BREACH_UP,BULL,LONG,,False,-0.3699,1.7106,3.3749,True,1.0
2024-10-02,NKE,BREACH_DOWN,BULL,IGNORE,,False,1.2034,2.7316,0.7822,True,1.0
2024-11-06,NKE,BREACH_DOWN,BULL,IGNORE,,False,-0.7966,-1.6994,-1.5932,True,0.0
2025-02-18,NKE,BREACH_UP,BULL,LONG,,False,-1.044,-1.4048,5.3229,True,0.0
2025-02-24,NKE,BREACH_UP,BULL,LONG,,False,1.7937,-0.3239,-1.835,True,0.0
2025-03-21,NKE,BREACH_DOWN,BEAR,IGNORE,,False,0.8095,3.2382,6.8443,True,1.0
2025-04-03,NKE,BREACH_DOWN,BEAR,IGNORE,,False,-3.0047,4.1562,2.1231,True,1.0
2025-04-09,NKE,BREACH_UP,BEAR,HOLD,,False,-8.294,-6.5914,-9.7269,True,0.0
2025-05-12,NKE,BREACH_UP,BULL,LONG,,False,-0.3036,-0.2876,-0.799,True,0.0
2025-06-27,NKE,BREACH_UP,BULL,LONG,,False,-1.3881,6.0383,6.2326,True,1.0
2025-07-28,NKE,BREACH_UP,BULL,LONG,,False,-1.1484,-5.742,-5.578,True,0.0
2025-09-02,NKE,BREACH_DOWN,BULL,IGNORE,,False,-0.6057,0.5115,0.9288,True,1.0
2025-10-01,NKE,BREACH_UP,BULL,LONG,,False,0.4987,-4.0836,-6.8868,True,0.0
2025-12-19,NKE,BREACH_DOWN,BULL,IGNORE,,False,2.5379,-2.1972,-4.2582,True,0.0
2026-02-04,NKE,BREACH_UP,BULL,LONG,,False,-2.3669,-2.8184,-2.9119,True,0.0
2026-04-01,NKE,BREACH_DOWN,BEAR,IGNORE,,False,0.9859,4.3469,1.4116,True,1.0
2026-05-20,NKE,BREACH_UP,BULL,LONG,,False,0.4526,1.6972,7.1962,True,1.0
2021-06-28,NVDA,BREACH_UP,UNKNOWN,HOLD,,False,0.2089,1.1358,3.5702,True,1.0
2021-07-15,NVDA,BREACH_DOWN,UNKNOWN,IGNORE,,False,4.2457,1.8678,-3.3098,True,1.0
2021-08-20,NVDA,BREACH_UP,BULL,LONG,,False,5.4862,6.7112,8.7433,True,1.0
2021-08-23,NVDA,BREACH_UP,BULL,LONG,,False,-0.7514,0.501,3.3245,True,1.0
2021-09-28,NVDA,BREACH_DOWN,BEAR,IGNORE,,False,0.8793,-0.2077,1.1981,True,0.0
2021-10-04,NVDA,BREACH_DOWN,BEAR,IGNORE,,False,-3.6438,-6.8062,-4.8804,True,0.0
2021-10-26,NVDA,BREACH_UP,BULL,LONG,,False,-1.0762,3.4389,6.8131,True,1.0
2021-11-04,NVDA,BREACH_UP,BULL,LONG,,False,-0.1644,2.8724,1.9764,True,1.0
2021-11-18,NVDA,BREACH_UP,BULL,LONG,,False,4.1358,0.2241,-0.543,True,1.0
2022-03-24,NVDA,BREACH_UP,BULL,LONG,,False,-1.627,1.7975,-3.0693,True,1.0
2022-07-27,NVDA,BREACH_UP,BULL,LONG,,False,1.0905,3.6593,6.2001,True,1.0
2022-08-08,NVDA,BREACH_DOWN,BULL,IGNORE,,False,3.9734,-0.8374,-6.9634,True,0.0
2022-08-26,NVDA,BREACH_DOWN,BULL,IGNORE,,False,2.8229,7.171,16.0701,True,1.0
2022-09-13,NVDA,BREACH_DOWN,BEAR,IGNORE,,False,0.0228,-0.5103,-0.3427,True,0.0
2022-10-07,NVDA,BREACH_DOWN,BEAR,IGNORE,,False,3.362,4.7698,7.0305,True,1.0
2022-11-10,NVDA,BREACH_UP,BULL,LONG,,False,3.6635,5.8159,-0.4635,True,1.0
2022-11-30,NVDA,BREACH_UP,BULL,LONG,,False,1.2527,-1.8496,-4.745,True,0.0
2022-12-22,NVDA,BREACH_DOWN,BEAR,IGNORE,,False,0.8671,8.4947,4.7265,True,1.0
2023-01-23,NVDA,BREACH_UP,BULL,LONG,,False,0.3751,3.173,-0.1615,True,1.0
2023-02-01,NVDA,BREACH_UP,BULL,LONG,,False,3.6576,0.6971,6.0259,True,1.0
2023-02-23,NVDA,BREACH_UP,BULL,LONG,,False,-1.5974,-1.8932,-1.479,True,0.0
2023-05-18,NVDA,BREACH_UP,BULL,LONG,,False,-1.3069,-3.1252,19.8939,True,0.0
2023-05-25,NVDA,BREACH_UP,BULL,LONG,,False,2.5435,-0.3844,3.5466,True,0.0
2023-07-13,NVDA,BREACH_UP,BULL,LONG,,False,-1.1049,3.2995,-0.994,True,1.0
2023-08-02,NVDA,BREACH_DOWN,BULL,IGNORE,,False,-0.5557,-2.5932,3.874,True,0.0
2023-08-14,NVDA,BREACH_UP,BULL,LONG,,False,0.4274,-0.9348,7.3458,True,0.0
2023-08-21,NVDA,BREACH_UP,BEAR,HOLD,,False,-2.7658,0.4173,-0.2811,True,1.0
2023-10-17,NVDA,BREACH_DOWN,BEAR,IGNORE,,False,3.9647,5.8059,0.6259,True,1.0
2024-01-08,NVDA,BREACH_UP,BULL,LONG,,False,1.6975,4.9165,7.9019,True,1.0
2024-01-19,NVDA,BREACH_UP,BULL,LONG,,False,0.274,3.145,2.5886,True,1.0
2024-02-02,NVDA,BREACH_UP,BULL,LONG,,False,4.7944,5.9537,9.0281,True,1.0
2024-02-05,NVDA,BREACH_UP,BULL,LONG,,False,-1.5995,0.4457,4.2059,True,1.0
2024-02-22,NVDA,BREACH_UP,BULL,LONG,,False,0.3552,0.2075,0.7309,True,1.0
2024-03-08,NVDA,BREACH_DOWN,BULL,IGNORE,,False,2.0039,-3.8388,-0.353,True,0.0
2024-03-12,NVDA,BREACH_UP,BULL,LONG,,False,-1.1152,-4.4346,-2.7363,True,0.0
2024-04-19,NVDA,BREACH_DOWN,BEAR,IGNORE,,False,-4.3543,-4.563,-15.1378,True,0.0
2024-05-23,NVDA,BREACH_UP,BULL,LONG,,False,2.5723,10.6224,5.6205,True,1.0
2024-05-28,NVDA,BREACH_UP,BULL,LONG,,False,0.8112,-3.7471,2.2265,True,0.0
2024-06-24,NVDA,BREACH_DOWN,BULL,IGNORE,,False,-6.7564,-4.9784,-5.2409,True,0.0
2024-07-17,NVDA,BREACH_DOWN,BULL,IGNORE,,False,-2.6273,-4.7038,3.1698,True,0.0
2024-07-24,NVDA,BREACH_DOWN,BULL,IGNORE,,False,1.7243,2.3282,-2.4245,True,1.0
2024-07-31,NVDA,BREACH_UP,BULL,LONG,,False,-6.6741,-14.16,-15.476,True,0.0
2024-09-03,NVDA,BREACH_DOWN,BULL,IGNORE,,False,1.6574,4.787,-0.0926,True,1.0
2025-01-07,NVDA,BREACH_DOWN,BEAR,IGNORE,,False,0.0214,4.9308,2.7829,True,1.0
2025-01-27,NVDA,BREACH_DOWN,BULL,IGNORE,,False,-8.9259,-5.2609,1.4862,True,0.0
2025-02-27,NVDA,BREACH_DOWN,BEAR,IGNORE,,False,-3.97,3.4623,7.9734,True,1.0
2025-03-03,NVDA,BREACH_DOWN,BEAR,IGNORE,,False,-1.6921,3.0598,6.2073,True,1.0
2025-04-03,NVDA,BREACH_DOWN,BEAR,IGNORE,,False,7.3576,5.4028,-5.668,True,1.0
2025-04-09,NVDA,BREACH_UP,BEAR,HOLD,,False,-5.9127,-3.1663,-8.6067,True,0.0
2025-06-25,NVDA,BREACH_UP,BULL,LONG,,False,0.4601,2.3848,1.9052,True,1.0
2025-07-15,NVDA,BREACH_UP,BULL,LONG,,False,0.3925,1.0018,-2.15,True,1.0
2025-08-19,NVDA,BREACH_DOWN,BULL,IGNORE,,False,0.1366,-1.338,-3.4901,True,0.0
2025-10-10,NVDA,BREACH_DOWN,BULL,IGNORE,,False,-2.8172,1.8181,-0.0328,True,1.0
2025-10-28,NVDA,BREACH_UP,BULL,LONG,,False,2.9896,0.7263,-1.164,True,1.0
2025-11-10,NVDA,BREACH_UP,BULL,LONG,,False,-2.9591,-6.1241,-6.2547,True,0.0
2026-01-20,NVDA,BREACH_DOWN,BULL,IGNORE,,False,-2.9483,-5.3911,-5.8685,True,0.0
2026-02-06,NVDA,BREACH_UP,BULL,LONG,,False,2.4972,2.5026,-1.4023,True,1.0
2026-02-26,NVDA,BREACH_DOWN,BULL,IGNORE,,False,4.1646,2.6178,0.8383,True,1.0
2026-03-31,NVDA,BREACH_UP,BEAR,HOLD,,False,0.7741,1.8578,4.4037,True,1.0
2026-04-24,NVDA,BREACH_UP,BULL,LONG,,False,4.0044,0.4705,-4.715,True,1.0
2026-04-27,NVDA,BREACH_UP,BULL,LONG,,False,-1.5881,-7.8667,-8.3699,True,0.0
2026-04-30,NVDA,BREACH_DOWN,BULL,IGNORE,,False,0.5612,1.5383,-5.9778,True,1.0
2026-05-06,NVDA,BREACH_UP,BULL,LONG,,False,1.7659,5.5863,8.6609,True,1.0
2021-07-02,ORCL,BREACH_UP,UNKNOWN,HOLD,,False,1.54,4.6077,6.4288,True,1.0
2021-07-07,ORCL,BREACH_UP,UNKNOWN,HOLD,,False,-0.5808,1.15,2.9222,True,1.0
2021-07-23,ORCL,BREACH_DOWN,UNKNOWN,IGNORE,,False,-0.1938,0.5816,0.6272,True,1.0
2021-09-14,ORCL,BREACH_DOWN,BEAR,IGNORE,,False,-1.5511,-0.0,-0.6135,True,0.0
2021-09-30,ORCL,BREACH_DOWN,BEAR,IGNORE,,False,-2.9955,-5.004,-5.9451,True,0.0
2021-12-10,ORCL,BREACH_UP,BULL,LONG,,False,-1.6954,0.9939,-5.856,True,1.0
2021-12-17,ORCL,BREACH_DOWN,BULL,IGNORE,,False,5.1542,6.9965,7.3277,True,1.0
2022-02-17,ORCL,BREACH_DOWN,BEAR,IGNORE,,False,1.271,4.0514,-1.0857,True,1.0
2022-04-22,ORCL,BREACH_DOWN,BEAR,IGNORE,,False,-1.0104,1.9026,3.6872,True,1.0
2022-05-18,ORCL,BREACH_DOWN,BEAR,IGNORE,,False,1.8448,-2.5476,-2.2401,True,0.0
2022-06-13,ORCL,BREACH_DOWN,BEAR,IGNORE,,False,-10.4137,-7.2756,-5.6674,True,0.0
2022-06-14,ORCL,BREACH_UP,BEAR,HOLD,,False,-1.4423,-4.2421,-5.9248,True,0.0
2022-08-22,ORCL,BREACH_DOWN,BULL,IGNORE,,False,0.0654,-0.5624,2.9689,True,0.0
2022-08-26,ORCL,BREACH_DOWN,BULL,IGNORE,,False,0.6162,0.6698,-0.0402,True,1.0
2022-09-14,ORCL,BREACH_DOWN,BEAR,IGNORE,,False,2.6068,4.2291,7.4459,True,1.0
2022-10-21,ORCL,BREACH_UP,BEAR,HOLD,,False,0.3026,2.9161,6.4099,True,1.0
2022-12-05,ORCL,BREACH_DOWN,BULL,IGNORE,,False,0.6547,-0.8057,-2.3291,True,0.0
2023-03-10,ORCL,BREACH_DOWN,BEAR,IGNORE,,False,-1.023,1.2965,-1.4155,True,1.0
2023-05-18,ORCL,BREACH_UP,BULL,LONG,,False,0.4886,-3.7131,1.9054,True,0.0
2023-05-23,ORCL,BREACH_DOWN,BULL,IGNORE,,False,0.2232,-5.6221,-7.5096,True,0.0
2023-05-25,ORCL,BREACH_UP,BULL,LONG,,False,-0.2014,1.5821,1.5342,True,1.0
2023-06-12,ORCL,BREACH_UP,BULL,LONG,,False,0.2147,8.6919,4.8183,True,1.0
2023-06-14,ORCL,BREACH_UP,BULL,LONG,,False,3.5005,-0.1881,-1.3822,True,0.0
2023-08-24,ORCL,BREACH_DOWN,BEAR,IGNORE,,False,-2.7898,-6.855,-6.6247,True,0.0
2023-09-12,ORCL,BREACH_DOWN,BULL,IGNORE,,False,-2.0345,-3.923,-2.8829,True,0.0
2023-10-20,ORCL,BREACH_DOWN,BEAR,IGNORE,,False,-1.7771,0.4124,0.8444,True,1.0
2023-12-12,ORCL,BREACH_DOWN,BULL,IGNORE,,False,-2.1625,-2.4898,-5.3963,True,0.0
2024-02-01,ORCL,BREACH_UP,BULL,LONG,,False,0.2251,-0.1991,0.9954,True,0.0
2024-03-05,ORCL,BREACH_DOWN,BULL,IGNORE,,False,-1.1988,-1.334,-14.963,True,0.0
2024-03-12,ORCL,BREACH_UP,BULL,LONG,,False,-1.5838,-1.5681,1.2937,True,0.0
2024-05-14,ORCL,BREACH_UP,BULL,LONG,,False,0.6288,2.1759,3.1108,True,1.0
2024-05-30,ORCL,BREACH_DOWN,BEAR,IGNORE,,False,-0.0854,-2.5451,-5.4744,True,0.0
2024-06-12,ORCL,BREACH_UP,BULL,LONG,,False,-0.3776,0.6625,1.8022,True,1.0
2024-07-09,ORCL,BREACH_DOWN,BULL,IGNORE,,False,-0.9881,-3.1979,-1.6581,True,0.0
2024-08-05,ORCL,BREACH_DOWN,BEAR,IGNORE,,False,-0.2737,-0.8603,-3.6915,True,0.0
2024-09-10,ORCL,BREACH_UP,BULL,LONG,,False,0.8275,3.9387,7.4283,True,1.0
2024-09-16,ORCL,BREACH_UP,BULL,LONG,,False,-1.6791,-1.6087,-2.5715,True,0.0
2024-10-31,ORCL,BREACH_DOWN,BULL,IGNORE,,False,-1.2989,-2.3475,-11.0403,True,0.0
2024-11-06,ORCL,BREACH_UP,BULL,LONG,,False,2.8305,4.3533,4.6292,True,1.0
2024-11-27,ORCL,BREACH_DOWN,BULL,IGNORE,,False,-1.1713,-0.104,-1.9376,True,0.0
2024-12-10,ORCL,BREACH_DOWN,BULL,IGNORE,,False,-0.4726,2.4474,4.5178,True,1.0
2025-01-10,ORCL,BREACH_DOWN,BEAR,IGNORE,,False,0.3754,-2.466,-4.2265,True,0.0
2025-01-21,ORCL,BREACH_UP,BULL,LONG,,False,6.7509,6.3916,-4.9661,True,1.0
2025-01-22,ORCL,BREACH_UP,BULL,LONG,,False,1.2214,-14.081,-12.0508,True,0.0
2025-01-27,ORCL,BREACH_DOWN,BULL,IGNORE,,False,-3.6139,-7.6447,-6.5201,True,0.0
2025-03-06,ORCL,BREACH_DOWN,BEAR,IGNORE,,False,-2.7958,4.4786,2.173,True,1.0
2025-04-09,ORCL,BREACH_UP,BEAR,HOLD,,False,-4.1957,-3.2689,-6.7749,True,0.0
2025-06-12,ORCL,BREACH_UP,BULL,LONG,,False,7.6854,4.1629,2.6569,True,1.0
2025-06-13,ORCL,BREACH_UP,BULL,LONG,,False,-1.9143,-2.0212,-3.8008,True,0.0
2025-07-02,ORCL,BREACH_UP,BULL,LONG,,False,3.1916,1.9654,2.3999,True,1.0
2025-08-19,ORCL,BREACH_DOWN,BULL,IGNORE,,False,-0.1875,-0.7459,0.1747,True,0.0
2025-08-29,ORCL,BREACH_DOWN,BULL,IGNORE,,False,0.367,1.3842,-5.4615,True,1.0
2025-09-10,ORCL,BREACH_UP,BULL,LONG,,False,-6.2346,-7.9767,-8.1991,True,0.0
2025-10-17,ORCL,BREACH_DOWN,BULL,IGNORE,,False,4.8505,6.4021,2.7394,True,1.0
2025-12-11,ORCL,BREACH_DOWN,BULL,IGNORE,,False,4.4657,5.1295,9.4644,True,1.0
2026-02-09,ORCL,BREACH_UP,BULL,LONG,,False,2.1074,-0.0702,-1.6732,True,0.0
2026-03-11,ORCL,BREACH_UP,BEAR,HOLD,,False,-2.4276,-4.3833,-6.2653,True,0.0
2026-04-13,ORCL,BREACH_UP,BULL,LONG,,False,4.7423,14.5997,14.1113,True,1.0
2021-07-13,PEP,BREACH_UP,UNKNOWN,HOLD,,False,1.0329,1.8698,1.8698,True,1.0
2021-08-04,PEP,BREACH_DOWN,UNKNOWN,IGNORE,,False,-0.1688,-0.1948,-0.6426,True,0.0
2021-08-19,PEP,BREACH_UP,BULL,LONG,,False,-0.3524,-1.9004,-2.6933,True,0.0
2021-09-07,PEP,BREACH_DOWN,BULL,IGNORE,,False,-1.4172,-0.6018,-0.4012,True,0.0
2021-10-06,PEP,BREACH_UP,BULL,LONG,,False,0.9228,0.826,1.9553,True,1.0
2021-11-08,PEP,BREACH_DOWN,BULL,IGNORE,,False,-0.6649,-0.16,-0.8434,True,0.0
2021-11-30,PEP,BREACH_DOWN,BULL,IGNORE,,False,-0.2378,-3.7821,-4.7398,True,0.0
2021-12-03,PEP,BREACH_UP,BEAR,HOLD,,False,1.0382,1.0989,2.5864,True,1.0
2022-04-29,PEP,BREACH_DOWN,BEAR,IGNORE,,False,2.3004,-1.2521,0.7571,True,0.0
2022-05-04,PEP,BREACH_UP,BEAR,HOLD,,False,-1.9958,-1.2424,-1.8405,True,0.0
2022-05-18,PEP,BREACH_DOWN,BEAR,IGNORE,,False,1.4971,-1.1916,-3.2509,True,0.0
2022-08-26,PEP,BREACH_DOWN,BULL,IGNORE,,False,0.3142,1.5825,1.8471,True,1.0
2022-09-13,PEP,BREACH_DOWN,BEAR,IGNORE,,False,-0.7586,0.2628,-0.902,True,1.0
2022-10-12,PEP,BREACH_UP,BEAR,HOLD,,False,3.0816,1.9718,2.3437,True,1.0
2022-10-13,PEP,BREACH_UP,BEAR,HOLD,,False,-2.5313,0.2577,-1.804,True,1.0
2023-01-18,PEP,BREACH_DOWN,BULL,IGNORE,,False,1.1596,1.4567,-0.1806,True,1.0
2023-04-25,PEP,BREACH_UP,BULL,LONG,,False,-0.6168,0.622,1.3389,True,1.0
2023-05-22,PEP,BREACH_DOWN,BULL,IGNORE,,False,0.3054,1.5216,2.695,True,1.0
2023-07-07,PEP,BREACH_DOWN,BULL,IGNORE,,False,-0.6664,-0.0491,-2.8021,True,0.0
2023-07-13,PEP,BREACH_UP,BULL,LONG,,False,0.3626,-1.6424,0.9439,True,0.0
2023-10-05,PEP,BREACH_DOWN,BEAR,IGNORE,,False,-0.1187,-2.6858,1.2617,True,0.0
2023-12-13,PEP,BREACH_UP,BULL,LONG,,False,-2.1859,-1.8022,-3.6742,True,0.0
2023-12-14,PEP,BREACH_DOWN,BULL,IGNORE,,False,0.7429,0.1783,0.7608,True,1.0
2024-01-02,PEP,BREACH_UP,BULL,LONG,,False,0.0231,-2.296,-3.3197,True,0.0
2024-02-09,PEP,BREACH_DOWN,BULL,IGNORE,,False,-1.7534,0.0895,0.8052,True,1.0
2024-03-18,PEP,BREACH_UP,BULL,LONG,,False,0.3153,0.6948,0.7824,True,1.0
2024-04-23,PEP,BREACH_DOWN,BEAR,IGNORE,,False,-3.6152,-2.5464,-2.7392,True,0.0
2024-04-24,PEP,BREACH_UP,BEAR,HOLD,,False,-0.4115,-0.7159,-1.2739,True,0.0
2024-05-28,PEP,BREACH_DOWN,BULL,IGNORE,,False,1.2862,0.2768,-0.2942,True,1.0
2024-06-10,PEP,BREACH_DOWN,BULL,IGNORE,,False,0.5003,1.5491,-0.1447,True,1.0
2024-07-17,PEP,BREACH_UP,BULL,LONG,,False,0.2825,-1.3126,-1.0124,True,0.0
2024-09-03,PEP,BREACH_UP,BULL,LONG,,False,0.552,0.648,0.9147,True,1.0
2024-11-15,PEP,BREACH_DOWN,BULL,IGNORE,,False,0.1828,-0.0757,-2.1309,True,0.0
2025-01-10,PEP,BREACH_DOWN,BEAR,IGNORE,,False,-1.304,-1.5003,-3.933,True,0.0
2025-01-27,PEP,BREACH_UP,BULL,LONG,,False,-2.82,-1.7528,-2.8071,True,0.0
2025-01-28,PEP,BREACH_DOWN,BULL,IGNORE,,False,-0.0799,-0.2928,4.4992,True,0.0
2025-02-04,PEP,BREACH_DOWN,BULL,IGNORE,,False,-1.5123,-0.7596,-1.4984,True,0.0
2025-02-21,PEP,BREACH_UP,BULL,LONG,,False,0.228,-1.2964,-0.0195,True,0.0
2025-02-26,PEP,BREACH_DOWN,BULL,IGNORE,,False,-0.3366,-2.9569,-1.5643,True,0.0
2025-04-04,PEP,BREACH_DOWN,BEAR,IGNORE,,False,2.3327,0.6957,1.4869,True,1.0
2025-04-24,PEP,BREACH_DOWN,BEAR,IGNORE,,False,1.4264,0.739,1.3007,True,1.0
2025-07-17,PEP,BREACH_UP,BULL,LONG,,False,-1.5126,0.4125,-0.6394,True,1.0
2025-07-22,PEP,BREACH_UP,BULL,LONG,,False,-0.2602,-1.7735,-1.4722,True,0.0
2025-07-31,PEP,BREACH_DOWN,BULL,IGNORE,,False,-0.9861,-1.1093,-4.3504,True,0.0
2025-09-08,PEP,BREACH_DOWN,BULL,IGNORE,,False,-0.9809,-1.7783,0.7551,True,0.0
2025-10-09,PEP,BREACH_UP,BULL,LONG,,False,3.7109,4.7198,5.5007,True,1.0
2025-10-10,PEP,BREACH_UP,BULL,LONG,,False,-0.7929,0.7196,2.4187,True,1.0
2025-10-29,PEP,BREACH_DOWN,BULL,IGNORE,,False,-0.951,1.7515,2.2578,True,1.0
2025-12-10,PEP,BREACH_UP,BULL,LONG,,False,-0.4409,1.0154,0.2538,True,1.0
2026-01-30,PEP,BREACH_UP,BULL,LONG,,False,1.0219,8.169,10.9744,True,1.0
2026-02-03,PEP,BREACH_UP,BULL,LONG,,False,2.0448,4.6914,2.5299,True,1.0
2026-05-11,PEP,BREACH_DOWN,BULL,IGNORE,,False,-1.6331,0.4953,0.2343,True,1.0
2026-05-26,PEP,BREACH_DOWN,BULL,IGNORE,,False,-1.4141,1.0228,,True,1.0
2021-07-20,PFE,BREACH_UP,UNKNOWN,HOLD,,False,-0.0731,1.5347,2.5579,True,1.0
2021-07-28,PFE,BREACH_UP,UNKNOWN,HOLD,,False,-0.627,2.0901,4.9466,True,1.0
2021-08-02,PFE,BREACH_UP,UNKNOWN,HOLD,,False,3.9127,2.5023,4.5951,True,1.0
2021-08-03,PFE,BREACH_UP,UNKNOWN,HOLD,,False,-1.0727,-1.3354,5.4947,True,0.0
2021-08-10,PFE,BREACH_UP,BULL,LONG,,False,-3.9012,0.6018,4.6275,True,1.0
2021-08-11,PFE,BREACH_DOWN,BULL,IGNORE,,False,-2.0082,-5.6143,-6.4781,True,0.0
2021-11-02,PFE,BREACH_UP,BULL,LONG,,False,-1.3861,7.8915,4.9839,True,1.0
2021-11-05,PFE,BREACH_UP,BULL,LONG,,False,-0.576,0.8434,2.3041,True,1.0
2021-11-26,PFE,BREACH_UP,BULL,LONG,,False,-2.9629,1.2592,0.5,True,1.0
2021-12-06,PFE,BREACH_DOWN,BULL,IGNORE,,False,-0.4662,-1.1656,-7.2261,True,0.0
2021-12-15,PFE,BREACH_UP,BULL,LONG,,False,4.1667,3.7755,1.2755,True,1.0
2022-04-07,PFE,BREACH_UP,BULL,LONG,,False,0.0181,-3.7165,-3.6983,True,0.0
2022-08-12,PFE,BREACH_UP,BULL,LONG,,False,-0.7184,-1.6763,-1.9158,True,0.0
2022-09-13,PFE,BREACH_DOWN,BEAR,IGNORE,,False,0.0866,0.3464,3.0743,True,1.0
2022-10-21,PFE,BREACH_UP,BEAR,HOLD,,False,1.3126,2.4694,5.5172,True,1.0
2022-10-28,PFE,BREACH_UP,BULL,LONG,,False,-1.8553,-0.759,0.4105,True,0.0
2022-11-14,PFE,BREACH_UP,BULL,LONG,,False,-1.3607,-1.8481,-2.1527,True,0.0
2022-12-08,PFE,BREACH_UP,BULL,LONG,,False,-0.1159,2.4913,3.5342,True,1.0
2022-12-16,PFE,BREACH_DOWN,BULL,IGNORE,,False,0.0778,-0.5058,-0.8366,True,0.0
2023-01-09,PFE,BREACH_DOWN,BULL,IGNORE,,False,1.5912,1.4053,4.7737,True,1.0
2023-01-17,PFE,BREACH_DOWN,BULL,IGNORE,,False,2.3438,2.105,2.9731,True,1.0
2023-05-22,PFE,BREACH_UP,BULL,LONG,,False,2.2968,-2.3742,-4.4903,True,0.0
2023-06-26,PFE,BREACH_DOWN,BULL,IGNORE,,False,1.2741,2.0873,0.6506,True,1.0
2023-08-17,PFE,BREACH_UP,BEAR,HOLD,,False,0.4108,0.9039,-0.9586,True,1.0
2023-09-29,PFE,BREACH_UP,BEAR,HOLD,,False,2.3214,0.4221,-0.1206,True,1.0
2023-10-16,PFE,BREACH_UP,BEAR,HOLD,,False,-1.563,-6.2519,-7.3039,True,0.0
2023-10-18,PFE,BREACH_DOWN,BEAR,IGNORE,,False,0.7004,1.8147,2.1649,True,1.0
2023-12-01,PFE,BREACH_DOWN,BULL,IGNORE,,False,-1.2798,0.4151,0.4497,True,1.0
2023-12-13,PFE,BREACH_DOWN,BULL,IGNORE,,False,1.988,-1.5004,-3.6384,True,0.0
2024-03-06,PFE,BREACH_UP,BULL,LONG,,False,-1.4711,4.3398,3.7882,True,1.0
2024-03-11,PFE,BREACH_UP,BULL,LONG,,False,-1.2689,-0.846,-2.2912,True,0.0
2024-04-25,PFE,BREACH_DOWN,BEAR,IGNORE,,False,-0.5542,-1.4252,-9.6595,True,0.0
2024-05-01,PFE,BREACH_UP,BEAR,HOLD,,False,1.9132,3.6056,4.0103,True,1.0
2024-05-22,PFE,BREACH_UP,BULL,LONG,,False,-3.0743,-4.3919,-4.7297,True,0.0
2024-05-23,PFE,BREACH_DOWN,BULL,IGNORE,,False,-0.6622,3.0324,0.1046,True,1.0
2024-07-26,PFE,BREACH_UP,BULL,LONG,,False,-0.1625,-0.7475,-1.105,True,0.0
2024-09-09,PFE,BREACH_UP,BULL,LONG,,False,1.1221,-0.8501,2.2441,True,0.0
2024-10-09,PFE,BREACH_UP,BULL,LONG,,False,-2.8155,-3.6767,-1.7224,True,0.0
2024-11-15,PFE,BREACH_DOWN,BULL,IGNORE,,False,-0.2419,-0.5645,-3.4274,True,0.0
2024-12-17,PFE,BREACH_UP,BULL,LONG,,False,-2.0431,-0.2648,1.1729,True,0.0
2025-01-27,PFE,BREACH_UP,BULL,LONG,,False,-0.4095,0.1861,-2.4572,True,1.0
2025-04-01,PFE,BREACH_DOWN,BEAR,IGNORE,,False,-0.652,6.3977,11.0025,True,1.0
2025-04-04,PFE,BREACH_DOWN,BEAR,IGNORE,,False,1.4802,2.0897,4.6147,True,1.0
2025-07-01,PFE,BREACH_UP,BULL,LONG,,False,1.1182,0.7987,2.0767,True,1.0
2025-07-15,PFE,BREACH_DOWN,BULL,IGNORE,,False,-0.0,0.5689,-2.1536,True,1.0
2025-07-22,PFE,BREACH_UP,BULL,LONG,,False,0.8751,0.3093,-1.6734,True,1.0
2025-08-05,PFE,BREACH_UP,BULL,LONG,,False,-3.3131,-0.6869,-0.404,True,0.0
2025-08-06,PFE,BREACH_DOWN,BULL,IGNORE,,False,-1.2536,-2.7162,-5.14,True,0.0
2025-08-25,PFE,BREACH_DOWN,BULL,IGNORE,,False,0.8751,2.148,0.6364,True,1.0
2025-09-12,PFE,BREACH_DOWN,BULL,IGNORE,,False,-0.4189,-0.7541,-0.6703,True,0.0
2025-09-30,PFE,BREACH_UP,BULL,LONG,,False,6.7896,7.4176,3.1005,True,1.0
2025-10-01,PFE,BREACH_UP,BULL,LONG,,False,-0.4778,-2.8666,-5.6229,True,0.0
2025-10-06,PFE,BREACH_DOWN,BULL,IGNORE,,False,0.6054,4.5025,6.4321,True,1.0
2025-11-11,PFE,BREACH_UP,BULL,LONG,,False,1.4112,-1.764,-0.2352,True,0.0
2025-12-16,PFE,BREACH_DOWN,BULL,IGNORE,,False,1.9193,1.3318,2.546,True,1.0
2026-02-03,PFE,BREACH_DOWN,BULL,IGNORE,,False,-3.9193,-5.6267,-7.1401,True,0.0
2026-02-04,PFE,BREACH_UP,BULL,LONG,,False,-1.0829,1.0082,3.5474,True,1.0
2021-07-30,PG,BREACH_UP,UNKNOWN,HOLD,,False,-0.2461,0.1406,-0.5765,True,1.0
2021-11-30,PG,BREACH_DOWN,BULL,IGNORE,,False,-1.2588,-3.6658,-4.9592,True,0.0
2021-12-17,PG,BREACH_DOWN,BULL,IGNORE,,False,-0.254,-1.1812,-2.8642,True,0.0
2022-01-19,PG,BREACH_UP,BEAR,HOLD,,False,0.5399,0.1055,-1.8494,True,1.0
2022-02-25,PG,BREACH_UP,BEAR,HOLD,,False,-1.4851,-2.8122,-1.9591,True,0.0
2022-03-08,PG,BREACH_DOWN,BEAR,IGNORE,,False,-1.3489,2.432,-2.3708,True,1.0
2022-04-20,PG,BREACH_UP,BEAR,HOLD,,False,-0.0781,-0.1149,-2.0752,True,0.0
2022-05-18,PG,BREACH_DOWN,BEAR,IGNORE,,False,2.3028,-0.0069,-0.1172,True,0.0
2022-07-29,PG,BREACH_DOWN,BULL,IGNORE,,False,-2.8724,-4.2977,-4.1826,True,0.0
2022-09-27,PG,BREACH_DOWN,BEAR,IGNORE,,False,-0.0,4.3416,1.4244,True,1.0
2022-11-10,PG,BREACH_UP,BULL,LONG,,False,-0.1487,-0.4887,-0.2196,True,0.0
2022-11-30,PG,BREACH_UP,BULL,LONG,,False,0.0603,-0.0469,0.7241,True,0.0
2023-01-06,PG,BREACH_UP,BULL,LONG,,False,-1.2214,-2.118,-1.975,True,0.0
2023-01-18,PG,BREACH_DOWN,BULL,IGNORE,,False,2.1148,3.0564,2.596,True,1.0
2023-04-21,PG,BREACH_UP,BULL,LONG,,False,0.1794,-0.9547,0.1986,True,0.0
2023-05-22,PG,BREACH_DOWN,BULL,IGNORE,,False,1.0794,2.5275,4.0091,True,1.0
2023-07-07,PG,BREACH_DOWN,BULL,IGNORE,,False,-0.0403,-0.0336,-0.8401,True,0.0
2023-07-28,PG,BREACH_UP,BULL,LONG,,False,-0.0703,0.1151,-0.7225,True,1.0
2023-09-12,PG,BREACH_DOWN,BULL,IGNORE,,False,-0.6972,-0.9472,-1.0327,True,0.0
2023-10-18,PG,BREACH_UP,BEAR,HOLD,,False,-0.5627,-0.6298,1.0135,True,0.0
2023-12-05,PG,BREACH_DOWN,BULL,IGNORE,,False,0.075,1.097,0.5587,True,1.0
2023-12-14,PG,BREACH_DOWN,BULL,IGNORE,,False,0.4839,-1.0438,0.2765,True,0.0
2024-01-23,PG,BREACH_UP,BULL,LONG,,False,-1.208,1.4028,2.2795,True,1.0
2024-01-25,PG,BREACH_UP,BULL,LONG,,False,0.3342,1.2017,2.2876,True,1.0
2024-04-03,PG,BREACH_DOWN,BULL,IGNORE,,False,0.4483,0.0704,-0.6981,True,1.0
2024-07-30,PG,BREACH_DOWN,BULL,IGNORE,,False,0.5813,-5.1824,-3.9518,True,0.0
2024-08-01,PG,BREACH_UP,BEAR,HOLD,,False,2.6495,1.4485,3.1263,True,1.0
2024-09-11,PG,BREACH_DOWN,BULL,IGNORE,,False,0.2588,-1.9089,-0.0,True,0.0
2024-11-06,PG,BREACH_DOWN,BULL,IGNORE,,False,-1.4654,-3.0922,-3.4337,True,0.0
2024-11-08,PG,BREACH_UP,BULL,LONG,,False,-1.0017,-0.6738,1.0911,True,0.0
2024-12-03,PG,BREACH_DOWN,BULL,IGNORE,,False,0.1767,0.9121,1.79,True,1.0
2025-01-06,PG,BREACH_DOWN,BULL,IGNORE,,False,-0.4359,1.2702,0.5355,True,1.0
2025-01-27,PG,BREACH_UP,BULL,LONG,,False,-2.0453,-1.3262,-0.5305,True,0.0
2025-02-14,PG,BREACH_DOWN,BULL,IGNORE,,False,-1.5593,-2.6521,-4.6964,True,0.0
2025-04-04,PG,BREACH_DOWN,BEAR,IGNORE,,False,2.1496,0.8733,-1.9298,True,1.0
2025-07-22,PG,BREACH_UP,BULL,LONG,,False,-0.0253,-0.0126,-1.0801,True,0.0
2025-07-30,PG,BREACH_DOWN,BULL,IGNORE,,False,1.5764,1.3867,0.0131,True,1.0
2025-11-24,PG,BREACH_DOWN,BEAR,IGNORE,,False,-1.0273,-0.8028,0.762,True,0.0
2025-12-08,PG,BREACH_DOWN,BULL,IGNORE,,False,-0.9325,-1.7493,-4.9082,True,0.0
2026-01-08,PG,BREACH_UP,BULL,LONG,,False,0.2402,1.9148,2.1904,True,1.0
2026-01-22,PG,BREACH_UP,BULL,LONG,,False,0.8578,-0.358,0.6899,True,0.0
2026-02-23,PG,BREACH_UP,BEAR,HOLD,,False,0.0666,-0.8597,-1.005,True,0.0
2026-03-18,PG,BREACH_DOWN,BEAR,IGNORE,,False,1.2746,1.854,1.9017,True,1.0
2026-04-17,PG,BREACH_UP,BULL,LONG,,False,-1.6606,-2.7768,1.6102,True,0.0
2021-07-29,PYPL,BREACH_DOWN,UNKNOWN,IGNORE,,False,2.698,3.4149,0.8829,True,1.0
2021-08-30,PYPL,BREACH_UP,BULL,LONG,,False,0.0659,-1.0192,1.6605,True,0.0
2021-09-28,PYPL,BREACH_DOWN,BEAR,IGNORE,,False,1.2167,-0.9383,0.7781,True,0.0
2021-10-20,PYPL,BREACH_DOWN,BULL,IGNORE,,False,5.8639,4.4434,9.0649,True,1.0
2021-10-21,PYPL,BREACH_DOWN,BULL,IGNORE,,False,1.1554,0.0863,2.6232,True,1.0
2021-11-09,PYPL,BREACH_DOWN,BULL,IGNORE,,False,0.3797,-1.402,-4.9898,True,0.0
2022-02-02,PYPL,BREACH_DOWN,BEAR,IGNORE,,False,6.2382,8.4182,7.2641,True,1.0
2022-04-20,PYPL,BREACH_DOWN,BEAR,IGNORE,,False,5.7956,7.5026,12.9505,True,1.0
2022-04-28,PYPL,BREACH_UP,BEAR,HOLD,,False,-4.5173,-1.4985,-7.2321,True,0.0
2022-07-27,PYPL,BREACH_UP,BULL,LONG,,False,-0.648,2.4821,13.3071,True,1.0
2022-08-03,PYPL,BREACH_UP,BULL,LONG,,False,-0.96,-1.6953,1.011,True,0.0
2022-10-04,PYPL,BREACH_UP,BEAR,HOLD,,False,1.1208,-2.8236,-10.4537,True,0.0
2022-10-25,PYPL,BREACH_UP,BULL,LONG,,False,-0.7732,-3.3505,-6.8691,True,0.0
2022-11-10,PYPL,BREACH_UP,BULL,LONG,,False,4.8733,3.5253,-1.3364,True,1.0
2023-02-02,PYPL,BREACH_UP,BULL,LONG,,False,-1.6559,-4.2893,-9.8206,True,0.0
2023-05-05,PYPL,BREACH_UP,BULL,LONG,,False,0.7336,-15.4595,-17.7138,True,0.0
2023-05-09,PYPL,BREACH_DOWN,BULL,IGNORE,,False,3.8313,6.3956,7.746,True,1.0
2023-07-06,PYPL,BREACH_DOWN,BULL,IGNORE,,False,-0.9828,-6.7735,-9.4496,True,0.0
2023-08-03,PYPL,BREACH_DOWN,BULL,IGNORE,,False,2.2281,1.5425,2.1658,True,1.0
2023-08-15,PYPL,BREACH_DOWN,BULL,IGNORE,,False,-0.3531,0.0841,-2.5391,True,1.0
2023-10-25,PYPL,BREACH_DOWN,BEAR,IGNORE,,False,-0.5049,0.8545,-0.3302,True,1.0
2023-11-02,PYPL,BREACH_UP,BEAR,HOLD,,False,1.8888,-0.781,-1.4166,True,0.0
2023-12-13,PYPL,BREACH_UP,BULL,LONG,,False,0.2268,-0.4212,0.0162,True,0.0
2024-01-03,PYPL,BREACH_DOWN,BULL,IGNORE,,False,0.307,-5.3044,-3.9741,True,0.0
2024-01-16,PYPL,BREACH_DOWN,BULL,IGNORE,,False,-2.4636,-12.6091,-10.8298,True,0.0
2024-01-19,PYPL,BREACH_UP,BULL,LONG,,False,-3.1601,-4.254,-6.1379,True,0.0
2024-02-08,PYPL,BREACH_DOWN,BULL,IGNORE,,False,-4.9528,-3.7948,-6.3602,True,0.0
2024-06-06,PYPL,BREACH_UP,BULL,LONG,,False,0.4178,-3.3572,-8.1767,True,0.0
2024-07-30,PYPL,BREACH_UP,BULL,LONG,,False,2.7812,-3.1563,-1.9531,True,0.0
2024-08-02,PYPL,BREACH_DOWN,BEAR,IGNORE,,False,2.4524,-1.2262,-4.4208,True,0.0
2024-09-06,PYPL,BREACH_DOWN,BEAR,IGNORE,,False,-0.6677,-0.6677,-1.7564,True,0.0
2024-09-19,PYPL,BREACH_UP,BULL,LONG,,False,-1.0442,0.9926,3.2358,True,1.0
2024-10-29,PYPL,BREACH_DOWN,BULL,IGNORE,,False,2.566,3.7743,1.283,True,1.0
2024-11-11,PYPL,BREACH_UP,BULL,LONG,,False,-0.6211,-1.3227,-2.611,True,0.0
2024-12-04,PYPL,BREACH_UP,BULL,LONG,,False,-0.3191,0.75,1.5896,True,1.0
2024-12-18,PYPL,BREACH_DOWN,BEAR,IGNORE,,False,-1.5565,-1.6969,-3.148,True,0.0
2025-01-10,PYPL,BREACH_DOWN,BEAR,IGNORE,,False,-0.7557,-7.5336,-10.1368,True,0.0
2025-02-04,PYPL,BREACH_DOWN,BULL,IGNORE,,False,-1.8977,0.5339,1.9492,True,1.0
2025-03-28,PYPL,BREACH_DOWN,BEAR,IGNORE,,False,-0.1535,-3.0698,10.4068,True,0.0
2025-04-03,PYPL,BREACH_DOWN,BEAR,IGNORE,,False,5.4124,6.9681,1.8636,True,1.0
2025-04-09,PYPL,BREACH_UP,BEAR,HOLD,,False,-5.301,-2.6271,-5.8014,True,0.0
2025-06-13,PYPL,BREACH_DOWN,BULL,IGNORE,,False,-2.0189,3.1907,-1.666,True,1.0
2025-07-11,PYPL,BREACH_DOWN,BULL,IGNORE,,False,-3.5454,-2.2562,-3.9378,True,0.0
2025-07-29,PYPL,BREACH_DOWN,BULL,IGNORE,,False,2.4353,6.0742,5.0665,True,1.0
2025-09-29,PYPL,BREACH_UP,BULL,LONG,,False,-3.76,-1.0763,2.3106,True,0.0
2025-09-30,PYPL,BREACH_DOWN,BULL,IGNORE,,False,0.5965,-3.2657,-11.2586,True,0.0
2025-10-07,PYPL,BREACH_UP,BULL,LONG,,False,2.0373,-6.3932,-7.3181,True,0.0
2025-10-10,PYPL,BREACH_DOWN,BULL,IGNORE,,False,1.4032,2.6632,3.4794,True,1.0
2026-02-03,PYPL,BREACH_DOWN,BULL,IGNORE,,False,1.6067,3.0695,0.5036,True,1.0
2026-02-24,PYPL,BREACH_UP,BEAR,HOLD,,False,0.638,-1.7227,-1.3611,True,0.0
2026-04-13,PYPL,BREACH_UP,BULL,LONG,,False,0.9682,4.8411,8.314,True,1.0
2026-05-05,PYPL,BREACH_DOWN,BULL,IGNORE,,False,0.4732,2.4091,2.2586,True,1.0
2021-07-29,QCOM,BREACH_UP,UNKNOWN,HOLD,,False,-0.7881,-2.0134,-2.7551,True,0.0
2021-09-17,QCOM,BREACH_DOWN,BEAR,IGNORE,,False,0.6288,0.4416,-0.2096,True,1.0
2021-11-04,QCOM,BREACH_UP,BULL,LONG,,False,4.4328,6.8093,5.3232,True,1.0
2021-11-05,QCOM,BREACH_UP,BULL,LONG,,False,1.7297,-1.9812,1.1716,True,0.0
2021-11-16,QCOM,BREACH_UP,BULL,LONG,,False,0.9515,1.7546,-0.4785,True,1.0
2021-12-16,QCOM,BREACH_DOWN,BULL,IGNORE,,False,0.7578,-0.8027,-2.5765,True,0.0
2022-01-18,QCOM,BREACH_DOWN,BEAR,IGNORE,,False,3.5726,7.7882,7.4975,True,1.0
2022-03-07,QCOM,BREACH_DOWN,BEAR,IGNORE,,False,-0.4397,-3.0713,5.8694,True,0.0
2022-04-28,QCOM,BREACH_UP,BEAR,HOLD,,False,-5.7359,-2.652,-4.42,True,0.0
2022-06-16,QCOM,BREACH_DOWN,BEAR,IGNORE,,False,-0.1407,-1.1091,-3.5424,True,0.0
2022-08-26,QCOM,BREACH_DOWN,BULL,IGNORE,,False,0.9395,3.879,6.6333,True,1.0
2022-09-13,QCOM,BREACH_DOWN,BEAR,IGNORE,,False,-2.0812,-0.016,0.1281,True,0.0
2022-11-03,QCOM,BREACH_DOWN,BEAR,IGNORE,,False,-2.705,-8.3365,-16.1725,True,0.0
2022-11-10,QCOM,BREACH_UP,BULL,LONG,,False,0.6215,4.4249,1.8064,True,1.0
2022-11-30,QCOM,BREACH_UP,BULL,LONG,,False,0.253,-2.522,-6.546,True,0.0
2023-01-23,QCOM,BREACH_UP,BULL,LONG,,False,-0.2519,2.2361,0.4579,True,1.0
2023-05-04,QCOM,BREACH_DOWN,BULL,IGNORE,,False,-2.0642,0.76,2.3644,True,1.0
2023-05-26,QCOM,BREACH_UP,BULL,LONG,,False,5.1201,5.695,2.8662,True,1.0
2023-05-30,QCOM,BREACH_UP,BULL,LONG,,False,-1.5538,0.3646,1.007,True,1.0
2023-08-03,QCOM,BREACH_DOWN,BULL,IGNORE,,False,-2.3589,0.8762,2.6032,True,1.0
2023-09-07,QCOM,BREACH_DOWN,BULL,IGNORE,,False,0.2444,-4.5395,-7.1805,True,0.0
2023-10-25,QCOM,BREACH_DOWN,BEAR,IGNORE,,False,-0.8017,-2.9109,-5.8313,True,0.0
2023-11-02,QCOM,BREACH_UP,BEAR,HOLD,,False,1.8405,2.863,2.3347,True,1.0
2024-01-02,QCOM,BREACH_DOWN,BULL,IGNORE,,False,1.8755,2.4959,0.2424,True,1.0
2024-01-18,QCOM,BREACH_UP,BULL,LONG,,False,4.5908,5.6508,6.3184,True,1.0
2024-01-19,QCOM,BREACH_UP,BULL,LONG,,False,0.5988,1.5859,-0.816,True,1.0
2024-02-01,QCOM,BREACH_DOWN,BULL,IGNORE,,False,-0.411,-2.1189,-5.0103,True,0.0
2024-03-01,QCOM,BREACH_UP,BULL,LONG,,False,2.1277,2.9432,4.5864,True,1.0
2024-03-06,QCOM,BREACH_UP,BULL,LONG,,False,4.6638,1.9239,0.8101,True,1.0
2024-03-07,QCOM,BREACH_UP,BULL,LONG,,False,-2.9308,-1.5024,-4.1373,True,0.0
2024-05-02,QCOM,BREACH_UP,BEAR,HOLD,,False,-0.2554,0.0277,0.2443,True,1.0
2024-05-24,QCOM,BREACH_UP,BULL,LONG,,False,1.293,-2.2441,-1.7143,True,0.0
2024-06-20,QCOM,BREACH_DOWN,BULL,IGNORE,,False,1.3645,6.1726,9.4305,True,1.0
2024-06-24,QCOM,BREACH_DOWN,BULL,IGNORE,,False,-0.6622,2.8331,0.4033,True,1.0
2024-07-11,QCOM,BREACH_DOWN,BULL,IGNORE,,False,-1.291,-4.8987,4.1982,True,0.0
2024-07-17,QCOM,BREACH_DOWN,BULL,IGNORE,,False,0.0731,-1.7589,5.4958,True,0.0
2024-07-24,QCOM,BREACH_DOWN,BULL,IGNORE,,False,3.1369,1.342,0.0663,True,1.0
2024-07-30,QCOM,BREACH_DOWN,BULL,IGNORE,,False,-8.3922,4.5705,4.9239,True,1.0
2024-07-31,QCOM,BREACH_UP,BULL,LONG,,False,-9.3672,-12.7107,-13.722,True,0.0
2024-08-01,QCOM,BREACH_DOWN,BEAR,IGNORE,,False,2.8597,3.2195,-0.5793,True,1.0
2024-09-03,QCOM,BREACH_DOWN,BULL,IGNORE,,False,-1.2803,2.5928,0.4438,True,1.0
2024-10-14,QCOM,BREACH_UP,BULL,LONG,,False,-2.2186,-3.898,-5.0719,True,0.0
2024-10-30,QCOM,BREACH_DOWN,BULL,IGNORE,,False,2.8934,1.4557,-3.2037,True,1.0
2024-11-20,QCOM,BREACH_DOWN,BULL,IGNORE,,False,-0.7714,-2.9494,-1.3807,True,0.0
2025-02-21,QCOM,BREACH_DOWN,BULL,IGNORE,,False,2.6174,2.0129,4.993,True,1.0
2025-02-27,QCOM,BREACH_DOWN,BEAR,IGNORE,,False,-1.7677,-0.013,-1.5808,True,0.0
2025-04-03,QCOM,BREACH_DOWN,BEAR,IGNORE,,False,8.5784,10.5867,3.6006,True,1.0
2025-04-04,QCOM,BREACH_DOWN,BEAR,IGNORE,,False,-1.7731,-12.6549,-9.25,True,0.0
2025-04-09,QCOM,BREACH_UP,BEAR,HOLD,,False,-6.4002,-3.0643,-5.4669,True,0.0
2025-05-01,QCOM,BREACH_DOWN,BEAR,IGNORE,,False,-3.4021,-3.4687,-7.3145,True,0.0
2025-06-09,QCOM,BREACH_UP,BULL,LONG,,False,2.3937,2.117,0.9395,True,1.0
2025-07-31,QCOM,BREACH_DOWN,BULL,IGNORE,,False,-0.9744,0.0341,0.586,True,1.0
2025-08-12,QCOM,BREACH_UP,BULL,LONG,,False,1.8604,2.68,1.6392,True,1.0
2025-10-10,QCOM,BREACH_DOWN,BULL,IGNORE,,False,-5.3324,-6.1072,-6.4197,True,0.0
2025-10-13,QCOM,BREACH_UP,BULL,LONG,,False,-0.0247,1.4217,3.2513,True,1.0
2025-10-27,QCOM,BREACH_UP,BULL,LONG,,False,-3.5433,-5.552,-3.7084,True,0.0
2026-01-06,QCOM,BREACH_UP,BULL,LONG,,False,-1.2387,-2.5596,-9.4053,True,0.0
2026-01-12,QCOM,BREACH_DOWN,BULL,IGNORE,,False,2.3513,4.6553,8.9797,True,1.0
2026-02-05,QCOM,BREACH_DOWN,BEAR,IGNORE,,False,-0.763,-2.7806,-1.5921,True,0.0
2026-04-24,QCOM,BREACH_UP,BULL,LONG,,False,0.9473,4.8035,18.9184,True,1.0
2026-04-30,QCOM,BREACH_UP,BULL,LONG,,False,-1.4311,3.8813,12.791,True,1.0
2026-05-05,QCOM,BREACH_UP,BULL,LONG,,False,3.227,17.443,12.7365,True,1.0
2026-05-08,QCOM,BREACH_UP,BULL,LONG,,False,8.4166,-2.7021,-8.0332,True,0.0
2026-05-11,QCOM,BREACH_UP,BULL,LONG,,False,-11.4596,-15.7664,-14.2677,True,0.0
2026-05-12,QCOM,BREACH_DOWN,BULL,IGNORE,,False,-1.3599,4.1938,6.9897,True,1.0
2026-05-22,QCOM,BREACH_UP,BULL,LONG,,False,4.476,2.154,,True,1.0
2021-07-19,SBUX,BREACH_DOWN,UNKNOWN,IGNORE,,False,-1.821,-6.3389,-9.3132,True,0.0
2021-07-22,SBUX,BREACH_UP,UNKNOWN,HOLD,,False,2.7236,2.7726,-0.2039,True,1.0
2021-07-23,SBUX,BREACH_UP,UNKNOWN,HOLD,,False,0.0715,-2.8261,-3.604,True,0.0
2021-07-28,SBUX,BREACH_DOWN,UNKNOWN,IGNORE,,False,0.0245,1.6665,3.3984,True,1.0
2021-09-15,SBUX,BREACH_DOWN,BULL,IGNORE,,False,-0.0262,2.4599,1.3695,True,1.0
2021-10-29,SBUX,BREACH_DOWN,BULL,IGNORE,,False,-3.5165,-6.1657,-10.2197,True,0.0
2021-11-01,SBUX,BREACH_UP,BULL,LONG,,False,1.5027,2.1494,4.8816,True,1.0
2021-11-05,SBUX,BREACH_UP,BULL,LONG,,False,-1.4969,-2.7129,-4.0273,True,0.0
2021-12-17,SBUX,BREACH_DOWN,BULL,IGNORE,,False,0.4971,-2.8629,-5.1459,True,0.0
2022-01-05,SBUX,BREACH_DOWN,BULL,IGNORE,,False,-0.6338,3.9931,5.9489,True,1.0
2022-03-07,SBUX,BREACH_DOWN,BEAR,IGNORE,,False,0.5446,-3.1968,6.1212,True,0.0
2022-03-11,SBUX,BREACH_DOWN,BEAR,IGNORE,,False,4.1581,-5.6569,-8.3041,True,0.0
2022-05-04,SBUX,BREACH_UP,BEAR,HOLD,,False,-5.0955,-9.9828,-14.1842,True,0.0
2022-05-05,SBUX,BREACH_DOWN,BEAR,IGNORE,,False,1.239,7.2535,9.1478,True,1.0
2022-05-13,SBUX,BREACH_UP,BEAR,HOLD,,False,-4.2064,-5.7143,-2.9233,True,0.0
2022-08-03,SBUX,BREACH_UP,BULL,LONG,,False,-0.4469,-1.7761,-0.8938,True,0.0
2022-08-26,SBUX,BREACH_DOWN,BULL,IGNORE,,False,-0.0714,-0.0119,1.3324,True,0.0
2022-09-07,SBUX,BREACH_UP,BEAR,HOLD,,False,1.3022,0.8606,4.9711,True,1.0
2022-09-14,SBUX,BREACH_UP,BEAR,HOLD,,False,-0.5178,-0.6041,-4.4229,True,0.0
2022-09-22,SBUX,BREACH_DOWN,BEAR,IGNORE,,False,0.6257,0.4959,-2.2078,True,1.0
2022-10-24,SBUX,BREACH_DOWN,BEAR,IGNORE,,False,-1.7311,-1.8147,-3.3787,True,0.0
2022-11-04,SBUX,BREACH_UP,BULL,LONG,,False,-1.5349,0.3229,6.6184,True,1.0
2022-11-10,SBUX,BREACH_UP,BULL,LONG,,False,1.1635,1.631,0.7376,True,1.0
2022-11-30,SBUX,BREACH_UP,BULL,LONG,,False,1.1448,1.3209,-0.3229,True,1.0
2023-01-04,SBUX,BREACH_UP,BULL,LONG,,False,-0.0287,0.268,1.7614,True,1.0
2023-02-03,SBUX,BREACH_DOWN,BULL,IGNORE,,False,-0.6903,-1.9175,-3.1895,True,0.0
2023-03-31,SBUX,BREACH_UP,BULL,LONG,,False,0.6915,0.7395,0.5858,True,1.0
2023-05-03,SBUX,BREACH_DOWN,BULL,IGNORE,,False,-0.7311,-3.0877,-2.8954,True,0.0
2023-07-10,SBUX,BREACH_UP,BULL,LONG,,False,0.9684,2.4917,1.8158,True,1.0
2023-11-02,SBUX,BREACH_UP,BEAR,HOLD,,False,2.6397,3.6696,2.7815,True,1.0
2023-12-20,SBUX,BREACH_DOWN,BULL,IGNORE,,False,-0.6547,-1.0136,-1.2881,True,0.0
2024-01-02,SBUX,BREACH_DOWN,BULL,IGNORE,,False,0.4697,0.726,0.6192,True,1.0
2024-02-06,SBUX,BREACH_UP,BULL,LONG,,False,-0.3763,2.3157,-1.2911,True,1.0
2024-04-02,SBUX,BREACH_DOWN,BULL,IGNORE,,False,0.6719,2.7436,2.43,True,1.0
2024-05-01,SBUX,BREACH_DOWN,BEAR,IGNORE,,False,-0.6582,2.0688,1.2628,True,1.0
2024-05-22,SBUX,BREACH_UP,BULL,LONG,,False,-2.9856,-4.0139,-2.4281,True,0.0
2024-07-16,SBUX,BREACH_UP,BULL,LONG,,False,-0.543,4.9795,0.9932,True,1.0
2024-07-19,SBUX,BREACH_UP,BULL,LONG,,False,-3.4313,-5.7903,-6.5851,True,0.0
2024-08-13,SBUX,BREACH_UP,BEAR,HOLD,,False,-2.0855,-0.5391,-2.4274,True,0.0
2024-09-11,SBUX,BREACH_UP,BULL,LONG,,False,1.0998,-1.9246,-2.1181,True,0.0
2024-12-16,SBUX,BREACH_DOWN,BULL,IGNORE,,False,1.1061,4.6822,6.0997,True,1.0
2025-01-21,SBUX,BREACH_UP,BULL,LONG,,False,-0.2552,0.8471,2.4801,True,1.0
2025-01-29,SBUX,BREACH_UP,BULL,LONG,,False,0.3868,-0.3868,3.38,True,0.0
2025-03-06,SBUX,BREACH_DOWN,BEAR,IGNORE,,False,-0.9576,5.5845,8.9409,True,1.0
2025-03-10,SBUX,BREACH_DOWN,BEAR,IGNORE,,False,1.5327,5.0331,2.0271,True,1.0
2025-04-03,SBUX,BREACH_DOWN,BEAR,IGNORE,,False,6.9794,9.71,4.1468,True,1.0
2025-04-04,SBUX,BREACH_DOWN,BEAR,IGNORE,,False,2.5579,-8.0146,-4.056,True,0.0
2025-04-09,SBUX,BREACH_UP,BEAR,HOLD,,False,-4.6008,-3.5972,-8.931,True,0.0
2025-05-12,SBUX,BREACH_UP,BULL,LONG,,False,1.4124,1.856,-0.542,True,1.0
2025-06-11,SBUX,BREACH_UP,BULL,LONG,,False,-1.1217,-2.0023,-3.2603,True,0.0
2025-07-22,SBUX,BREACH_UP,BULL,LONG,,False,-1.0522,-2.5996,-4.1056,True,0.0
2025-10-06,SBUX,BREACH_DOWN,BULL,IGNORE,,False,0.9987,2.8377,2.5332,True,1.0
2025-11-05,SBUX,BREACH_UP,BULL,LONG,,False,-0.7963,2.0753,5.2848,True,1.0
2025-12-18,SBUX,BREACH_UP,BULL,LONG,,False,-1.219,-6.2178,-4.8535,True,0.0
2026-03-18,SBUX,BREACH_DOWN,BEAR,IGNORE,,False,-3.4211,-1.2627,-0.0432,True,0.0
2026-03-27,SBUX,BREACH_DOWN,BEAR,IGNORE,,False,0.1037,-4.17,-9.181,True,0.0
2026-04-06,SBUX,BREACH_UP,BEAR,HOLD,,False,0.4537,2.2579,2.8487,True,1.0
2026-04-29,SBUX,BREACH_UP,BULL,LONG,,False,-0.1611,-0.5024,0.891,True,0.0
2021-09-17,TMO,BREACH_UP,BEAR,HOLD,,False,-1.1059,1.6471,2.1749,True,1.0
2021-11-05,TMO,BREACH_DOWN,BULL,IGNORE,,False,-1.2435,-1.631,-2.9913,True,0.0
2021-12-15,TMO,BREACH_UP,BULL,LONG,,False,0.8403,-0.9791,-0.6161,True,0.0
2022-01-03,TMO,BREACH_DOWN,BULL,IGNORE,,False,4.1742,3.802,3.0826,True,1.0
2022-01-04,TMO,BREACH_DOWN,BULL,IGNORE,,False,-0.0842,1.7686,-0.4045,True,1.0
2022-01-13,TMO,BREACH_DOWN,BULL,IGNORE,,False,1.0135,1.2515,3.4216,True,1.0
2022-04-07,TMO,BREACH_UP,BULL,LONG,,False,-0.5472,-6.7412,-7.0744,True,0.0
2022-04-11,TMO,BREACH_DOWN,BEAR,IGNORE,,False,2.5151,2.8634,1.967,True,1.0
2022-04-26,TMO,BREACH_DOWN,BEAR,IGNORE,,False,-0.7822,-7.0637,-5.7857,True,0.0
2022-04-28,TMO,BREACH_UP,BEAR,HOLD,,False,-1.0682,-2.2491,-1.4994,True,0.0
2022-05-09,TMO,BREACH_DOWN,BEAR,IGNORE,,False,-1.7086,-1.6255,-4.2502,True,0.0
2022-05-27,TMO,BREACH_UP,BEAR,HOLD,,False,-0.8352,-0.3932,-3.4018,True,0.0
2022-07-12,TMO,BREACH_DOWN,BEAR,IGNORE,,False,1.4653,-1.4955,-1.1188,True,0.0
2022-07-21,TMO,BREACH_UP,BULL,LONG,,False,-2.3409,-0.3009,3.9374,True,0.0
2022-08-26,TMO,BREACH_DOWN,BULL,IGNORE,,False,1.2453,3.2623,3.5763,True,1.0
2022-09-13,TMO,BREACH_DOWN,BEAR,IGNORE,,False,0.2485,3.2599,4.8899,True,1.0
2022-11-02,TMO,BREACH_DOWN,BULL,IGNORE,,False,0.8228,-0.2281,1.2771,True,0.0
2022-11-10,TMO,BREACH_UP,BULL,LONG,,False,3.4769,4.9003,1.7884,True,1.0
2023-01-06,TMO,BREACH_DOWN,BULL,IGNORE,,False,-2.0729,-8.8897,-9.129,True,0.0
2023-01-24,TMO,BREACH_DOWN,BULL,IGNORE,,False,0.9299,1.2209,1.7892,True,1.0
2023-04-25,TMO,BREACH_DOWN,BULL,IGNORE,,False,2.7809,-1.1889,0.8316,True,0.0
2023-07-21,TMO,BREACH_UP,BULL,LONG,,False,1.6596,2.1736,-0.0605,True,1.0
2023-08-23,TMO,BREACH_UP,BEAR,HOLD,,False,-1.326,-0.0092,2.5236,True,0.0
2023-09-05,TMO,BREACH_DOWN,BULL,IGNORE,,False,0.9797,4.38,5.7232,True,1.0
2023-10-18,TMO,BREACH_DOWN,BEAR,IGNORE,,False,-0.5158,1.1664,7.2936,True,1.0
2023-10-25,TMO,BREACH_DOWN,BEAR,IGNORE,,False,-1.6113,-0.2147,-1.8306,True,0.0
2023-12-13,TMO,BREACH_UP,BULL,LONG,,False,0.6427,0.083,0.2393,True,1.0
2024-01-02,TMO,BREACH_UP,BULL,LONG,,False,-2.8173,-2.3744,-0.4227,True,0.0
2024-01-03,TMO,BREACH_DOWN,BULL,IGNORE,,False,-1.6149,-2.3751,-2.8573,True,0.0
2024-01-31,TMO,BREACH_DOWN,BULL,IGNORE,,False,-2.4583,-2.3452,-2.4732,True,0.0
2024-04-10,TMO,BREACH_DOWN,BULL,IGNORE,,False,-0.1499,2.761,4.6121,True,1.0
2024-04-23,TMO,BREACH_UP,BEAR,HOLD,,False,0.4873,-0.1723,-1.0216,True,0.0
2024-07-18,TMO,BREACH_DOWN,BULL,IGNORE,,False,1.1598,-2.1494,-9.9663,True,0.0
2024-07-24,TMO,BREACH_UP,BULL,LONG,,False,3.4399,5.1137,6.7179,True,1.0
2024-07-25,TMO,BREACH_UP,BEAR,HOLD,,False,2.1262,3.4584,4.5871,True,1.0
2024-09-26,TMO,BREACH_UP,BULL,LONG,,False,-0.7928,-1.0318,-2.9726,True,0.0
2024-10-24,TMO,BREACH_DOWN,BULL,IGNORE,,False,0.5382,1.7241,1.9843,True,1.0
2024-11-15,TMO,BREACH_DOWN,BULL,IGNORE,,False,2.2979,0.0468,-0.0351,True,1.0
2025-01-30,TMO,BREACH_UP,BULL,LONG,,False,-1.4817,-4.3132,-5.6087,True,0.0
2025-04-03,TMO,BREACH_DOWN,BEAR,IGNORE,,False,6.8336,10.7908,9.0611,True,1.0
2025-04-04,TMO,BREACH_DOWN,BEAR,IGNORE,,False,0.0091,-3.5715,-0.0548,True,0.0
2025-04-09,TMO,BREACH_UP,BEAR,HOLD,,False,-5.7568,-0.9304,-3.6953,True,0.0
2025-05-12,TMO,BREACH_UP,BULL,LONG,,False,-0.8414,-6.394,-4.3159,True,0.0
2025-05-14,TMO,BREACH_DOWN,BULL,IGNORE,,False,0.2758,-1.9382,1.9136,True,0.0
2025-07-01,TMO,BREACH_UP,BULL,LONG,,False,1.4924,-0.6572,-0.3772,True,0.0
2025-07-22,TMO,BREACH_UP,BULL,LONG,,False,9.1413,11.8563,12.7543,True,1.0
2025-07-23,TMO,BREACH_UP,BULL,LONG,,False,1.7827,3.9104,2.2648,True,1.0
2025-09-30,TMO,BREACH_UP,BULL,LONG,,False,9.4243,12.0201,11.1645,True,1.0
2025-10-01,TMO,BREACH_UP,BULL,LONG,,False,-1.0872,2.4909,1.0288,True,1.0
2026-01-05,TMO,BREACH_UP,BULL,LONG,,False,1.5576,-0.769,0.6954,True,0.0
2026-04-23,TMO,BREACH_DOWN,BULL,IGNORE,,False,-0.6449,-0.7542,-2.627,True,0.0
2021-06-23,TSLA,BREACH_UP,UNKNOWN,HOLD,,False,3.5411,4.8967,3.5228,True,1.0
2021-09-20,TSLA,BREACH_DOWN,BEAR,IGNORE,,False,-1.2614,-3.2143,-8.3802,True,0.0
2021-10-25,TSLA,BREACH_UP,BULL,LONG,,False,-0.6274,5.0914,17.9273,True,1.0
2021-11-01,TSLA,BREACH_UP,BULL,LONG,,False,-3.0275,1.764,-3.7771,True,1.0
2021-11-09,TSLA,BREACH_DOWN,BULL,IGNORE,,False,-4.3429,-0.9692,-3.0513,True,0.0
2022-01-03,TSLA,BREACH_UP,BULL,LONG,,False,-4.1833,-11.2587,-11.8072,True,0.0
2022-01-27,TSLA,BREACH_DOWN,BEAR,IGNORE,,False,-2.0806,-12.3206,-7.4828,True,0.0
2022-03-28,TSLA,BREACH_UP,BULL,LONG,,False,0.708,-1.3042,4.9101,True,0.0
2022-04-26,TSLA,BREACH_DOWN,BEAR,IGNORE,,False,-0.5808,0.6458,-3.7459,True,1.0
2022-07-21,TSLA,BREACH_UP,BULL,LONG,,False,0.1975,-4.7281,3.3835,True,0.0
2022-08-05,TSLA,BREACH_DOWN,BULL,IGNORE,,False,-0.7819,-2.1469,-4.1156,True,0.0
2022-09-29,TSLA,BREACH_DOWN,BEAR,IGNORE,,False,1.1036,6.9982,11.2151,True,1.0
2022-10-03,TSLA,BREACH_DOWN,BEAR,IGNORE,,False,-2.9043,1.7615,8.0198,True,1.0
2023-01-03,TSLA,BREACH_DOWN,BEAR,IGNORE,,False,-5.1249,-4.5883,-9.9445,True,0.0
2023-01-26,TSLA,BREACH_UP,BULL,LONG,,False,11.0002,8.0801,17.4705,True,1.0
2023-01-27,TSLA,BREACH_UP,BULL,LONG,,False,-6.3182,1.973,6.7903,True,1.0
2023-04-20,TSLA,BREACH_DOWN,BULL,IGNORE,,False,-1.2823,1.4234,1.7179,True,1.0
2023-06-21,TSLA,BREACH_DOWN,BULL,IGNORE,,False,-1.9849,7.0955,1.241,True,1.0
2023-07-03,TSLA,BREACH_UP,BULL,LONG,,False,0.9506,-1.9262,-3.5844,True,0.0
2023-07-20,TSLA,BREACH_DOWN,BULL,IGNORE,,False,1.0955,-0.9053,2.7349,True,0.0
2023-08-21,TSLA,BREACH_UP,BEAR,HOLD,,False,0.8258,-0.5361,3.2601,True,0.0
2023-08-29,TSLA,BREACH_UP,BULL,LONG,,False,-0.1089,-4.7321,-2.0453,True,0.0
2023-09-11,TSLA,BREACH_UP,BULL,LONG,,False,-2.2297,0.8992,-3.0338,True,1.0
2023-10-19,TSLA,BREACH_DOWN,BEAR,IGNORE,,False,3.6891,1.631,6.5195,True,1.0
2024-01-25,TSLA,BREACH_DOWN,BULL,IGNORE,,False,-0.3395,-4.9061,-3.4113,True,0.0
2024-03-04,TSLA,BREACH_DOWN,BULL,IGNORE,,False,3.9332,5.0441,5.5119,True,1.0
2024-04-24,TSLA,BREACH_UP,BEAR,HOLD,,False,4.9651,19.6879,11.0159,True,1.0
2024-04-29,TSLA,BREACH_UP,BULL,LONG,,False,-5.5501,-7.2353,-4.7874,True,0.0
2024-05-21,TSLA,BREACH_UP,BULL,LONG,,False,-3.478,-3.9443,-5.5788,True,0.0
2024-07-01,TSLA,BREACH_UP,BULL,LONG,,False,10.1973,19.8513,25.0024,True,1.0
2024-07-02,TSLA,BREACH_UP,BULL,LONG,,False,6.5424,9.3747,13.8372,True,1.0
2024-07-03,TSLA,BREACH_UP,BULL,LONG,,False,2.0821,6.4694,-2.1754,True,1.0
2024-07-11,TSLA,BREACH_DOWN,BULL,IGNORE,,False,-2.9872,-6.4432,-3.4021,True,0.0
2024-07-24,TSLA,BREACH_DOWN,BULL,IGNORE,,False,-1.9723,-7.4587,-7.4448,True,0.0
2024-09-06,TSLA,BREACH_DOWN,BEAR,IGNORE,,False,-2.629,-8.257,-9.282,True,0.0
2024-09-19,TSLA,BREACH_UP,BULL,LONG,,False,-2.3245,4.2432,4.2227,True,1.0
2024-10-11,TSLA,BREACH_DOWN,BULL,IGNORE,,False,-0.6244,-1.6208,-1.3315,True,0.0
2024-10-24,TSLA,BREACH_UP,BULL,LONG,,False,3.3438,-0.3686,-4.0809,True,0.0
2024-11-06,TSLA,BREACH_UP,BULL,LONG,,False,2.9044,21.3045,14.456,True,1.0
2024-11-08,TSLA,BREACH_UP,BULL,LONG,,False,8.9596,2.808,-0.1557,True,1.0
2024-11-11,TSLA,BREACH_UP,BULL,LONG,,False,-6.1457,-11.0914,-3.2171,True,0.0
2024-12-16,TSLA,BREACH_UP,BULL,LONG,,False,3.637,-5.7989,-7.0019,True,0.0
2024-12-18,TSLA,BREACH_DOWN,BEAR,IGNORE,,False,0.8997,2.1653,-3.1809,True,1.0
2025-02-25,TSLA,BREACH_DOWN,BULL,IGNORE,,False,3.963,3.2431,10.1585,True,1.0
2025-03-10,TSLA,BREACH_DOWN,BEAR,IGNORE,,False,-3.7947,-8.3412,-7.1393,True,0.0
2025-03-24,TSLA,BREACH_UP,BEAR,HOLD,,False,3.5023,-1.8894,-6.9076,True,0.0
2025-04-09,TSLA,BREACH_UP,BEAR,HOLD,,False,-7.2741,-7.2924,-11.2601,True,0.0
2025-06-05,TSLA,BREACH_DOWN,BULL,IGNORE,,False,-3.667,-14.5381,-12.0864,True,0.0
2025-06-23,TSLA,BREACH_UP,BULL,LONG,,False,-2.3546,-6.5676,-8.8964,True,0.0
2025-07-24,TSLA,BREACH_DOWN,BULL,IGNORE,,False,-3.5244,-5.208,-0.9728,True,0.0
2025-08-22,TSLA,BREACH_UP,BULL,LONG,,False,1.9382,2.8205,-1.8058,True,1.0
2025-09-11,TSLA,BREACH_UP,BULL,LONG,,False,7.3561,14.319,13.0257,True,1.0
2025-09-12,TSLA,BREACH_UP,BULL,LONG,,False,3.5611,7.5567,7.6097,True,1.0
2026-04-02,TSLA,BREACH_DOWN,BEAR,IGNORE,,False,2.1548,4.8088,3.228,True,1.0
2026-04-15,TSLA,BREACH_UP,BULL,LONG,,False,-0.7782,0.1403,-1.1328,True,1.0
2021-07-21,TXN,BREACH_UP,UNKNOWN,HOLD,,False,-5.3181,-2.5381,-3.2681,True,0.0
2021-07-22,TXN,BREACH_DOWN,UNKNOWN,IGNORE,,False,-2.1652,-1.2248,-3.7946,True,0.0
2021-09-28,TXN,BREACH_DOWN,BEAR,IGNORE,,False,0.9339,0.5644,0.5182,True,1.0
2021-10-27,TXN,BREACH_DOWN,BULL,IGNORE,,False,-0.4116,-0.8149,-1.7398,True,0.0
2021-11-29,TXN,BREACH_UP,BULL,LONG,,False,-1.0341,-0.4116,0.1183,True,0.0
2022-01-07,TXN,BREACH_DOWN,BULL,IGNORE,,False,-1.9617,-3.6725,-4.2187,True,0.0
2022-02-03,TXN,BREACH_DOWN,BEAR,IGNORE,,False,2.3748,1.6857,2.8077,True,1.0
2022-07-27,TXN,BREACH_UP,BULL,LONG,,False,2.4542,4.9188,7.6591,True,1.0
2022-08-17,TXN,BREACH_DOWN,BULL,IGNORE,,False,-0.9903,2.9823,2.5579,True,1.0
2022-08-26,TXN,BREACH_DOWN,BULL,IGNORE,,False,0.9145,2.5252,3.8291,True,1.0
2022-09-13,TXN,BREACH_DOWN,BEAR,IGNORE,,False,-1.6047,-1.6047,-2.0965,True,0.0
2022-10-07,TXN,BREACH_DOWN,BEAR,IGNORE,,False,1.5633,4.8531,6.8684,True,1.0
2022-11-10,TXN,BREACH_UP,BULL,LONG,,False,2.7477,1.6486,0.3835,True,1.0
2022-11-30,TXN,BREACH_UP,BULL,LONG,,False,-1.6402,-1.7012,-3.7183,True,0.0
2023-01-06,TXN,BREACH_UP,BULL,LONG,,False,0.8678,2.1181,2.198,True,1.0
2023-04-25,TXN,BREACH_DOWN,BULL,IGNORE,,False,2.9104,1.2929,3.2174,True,1.0
2023-05-26,TXN,BREACH_UP,BULL,LONG,,False,0.1475,-0.2723,-3.4205,True,0.0
2023-06-27,TXN,BREACH_UP,BULL,LONG,,False,-0.7657,2.1043,0.1248,True,1.0
2023-07-10,TXN,BREACH_UP,BULL,LONG,,False,-0.3455,2.0508,2.2069,True,1.0
2023-07-26,TXN,BREACH_DOWN,BULL,IGNORE,,False,-0.9773,-2.9913,1.3343,True,0.0
2023-10-25,TXN,BREACH_DOWN,BEAR,IGNORE,,False,-1.5657,0.0015,-1.8989,True,1.0
2023-12-14,TXN,BREACH_UP,BULL,LONG,,False,-0.0829,-0.1659,-1.1672,True,0.0
2024-01-19,TXN,BREACH_UP,BULL,LONG,,False,0.6795,-2.0616,-5.5053,True,0.0
2024-02-29,TXN,BREACH_UP,BULL,LONG,,False,2.2231,1.9781,4.7451,True,1.0
2024-04-24,TXN,BREACH_UP,BEAR,HOLD,,False,0.2517,2.5628,0.2231,True,1.0
2024-07-19,TXN,BREACH_DOWN,BULL,IGNORE,,False,-3.4053,0.4118,-1.4515,True,1.0
2024-07-22,TXN,BREACH_UP,BULL,LONG,,False,-3.6866,-4.2403,-1.9429,True,0.0
2024-07-23,TXN,BREACH_DOWN,BULL,IGNORE,,False,0.005,-1.866,-1.3616,True,0.0
2024-08-01,TXN,BREACH_DOWN,BEAR,IGNORE,,False,3.0363,3.3001,0.0155,True,1.0
2024-09-03,TXN,BREACH_DOWN,BULL,IGNORE,,False,-1.0752,2.1701,1.0058,True,1.0
2024-10-15,TXN,BREACH_DOWN,BULL,IGNORE,,False,-0.4254,0.6855,2.9374,True,1.0
2024-10-23,TXN,BREACH_UP,BULL,LONG,,False,2.414,2.0274,3.0683,True,1.0
2024-11-06,TXN,BREACH_UP,BULL,LONG,,False,1.1955,0.4187,-4.3029,True,1.0
2025-01-16,TXN,BREACH_DOWN,BULL,IGNORE,,False,-2.6952,-5.1663,0.9874,True,0.0
2025-01-24,TXN,BREACH_DOWN,BULL,IGNORE,,False,-0.8139,2.8299,-0.2454,True,1.0
2025-02-19,TXN,BREACH_UP,BULL,LONG,,False,3.8916,2.2514,0.978,True,1.0
2025-02-20,TXN,BREACH_UP,BULL,LONG,,False,-0.961,-1.9514,-6.2071,True,0.0
2025-03-11,TXN,BREACH_DOWN,BEAR,IGNORE,,False,0.9248,0.5188,-1.1898,True,1.0
2025-04-03,TXN,BREACH_DOWN,BEAR,IGNORE,,False,7.8015,11.078,4.6285,True,1.0
2025-04-04,TXN,BREACH_DOWN,BEAR,IGNORE,,False,-1.724,-11.9625,2.5035,True,0.0
2025-04-09,TXN,BREACH_UP,BEAR,HOLD,,False,-7.6106,-10.9263,-13.5398,True,0.0
2025-05-12,TXN,BREACH_UP,BULL,LONG,,False,0.4912,0.2937,0.566,True,1.0
2025-07-23,TXN,BREACH_DOWN,BULL,IGNORE,,False,0.3007,-1.6107,-1.7557,True,0.0
2025-08-12,TXN,BREACH_UP,BULL,LONG,,False,0.1658,0.8291,1.5391,True,1.0
2025-09-04,TXN,BREACH_DOWN,BULL,IGNORE,,False,-0.3417,1.2067,1.5698,True,1.0
2025-10-10,TXN,BREACH_DOWN,BULL,IGNORE,,False,-1.986,-2.0792,-2.8422,True,0.0
2025-10-22,TXN,BREACH_DOWN,BULL,IGNORE,,False,-0.867,0.7615,6.1215,True,1.0
2025-12-02,TXN,BREACH_UP,BULL,LONG,,False,4.1881,4.1538,2.4307,True,1.0
2026-01-06,TXN,BREACH_UP,BULL,LONG,,False,-3.3264,-0.9318,-1.8584,True,0.0
2026-01-28,TXN,BREACH_UP,BULL,LONG,,False,1.2953,4.7688,3.7957,True,1.0
2026-02-02,TXN,BREACH_UP,BULL,LONG,,False,0.0889,-0.4578,-2.7732,True,0.0
2026-04-08,TXN,BREACH_UP,BULL,LONG,,False,2.9105,3.7386,3.5376,True,1.0
2026-04-23,TXN,BREACH_UP,BULL,LONG,,False,-1.8035,-6.1049,-0.4075,True,0.0
2026-05-26,TXN,BREACH_UP,BULL,LONG,,False,-2.29,-5.9128,,True,0.0
2021-09-21,UBER,BREACH_UP,BEAR,HOLD,,False,1.1497,5.1172,3.6519,True,1.0
2021-11-03,UBER,BREACH_UP,BULL,LONG,,False,-0.9843,0.3718,-5.1181,True,1.0
2022-01-18,UBER,BREACH_DOWN,BEAR,IGNORE,,False,1.4319,6.4306,9.3465,True,1.0
2022-05-09,UBER,BREACH_DOWN,BEAR,IGNORE,,False,-2.6898,-1.0412,-2.3427,True,0.0
2022-08-02,UBER,BREACH_UP,BULL,LONG,,False,3.2137,9.4359,6.188,True,1.0
2022-10-04,UBER,BREACH_UP,BEAR,HOLD,,False,-0.0343,-3.8369,-15.519,True,0.0
2022-10-11,UBER,BREACH_DOWN,BEAR,IGNORE,,False,-5.3528,-0.2028,-11.9627,True,0.0
2022-11-01,UBER,BREACH_UP,BULL,LONG,,False,-3.1597,-4.5714,-7.7647,True,0.0
2022-11-15,UBER,BREACH_UP,BULL,LONG,,False,-4.8464,-8.2673,-11.0548,True,0.0
2023-05-01,UBER,BREACH_UP,BULL,LONG,,False,11.5455,14.5082,18.6011,True,1.0
2023-05-02,UBER,BREACH_UP,BULL,LONG,,False,3.6145,3.368,4.5728,True,1.0
2023-06-15,UBER,BREACH_UP,BULL,LONG,,False,0.369,-1.6144,-0.0461,True,0.0
2023-08-01,UBER,BREACH_DOWN,BULL,IGNORE,,False,-0.6645,3.1083,3.194,True,1.0
2023-09-21,UBER,BREACH_DOWN,BEAR,IGNORE,,False,0.426,0.7399,-3.4529,True,1.0
2023-10-13,UBER,BREACH_DOWN,BEAR,IGNORE,,False,-2.8289,1.104,1.196,True,1.0
2023-11-02,UBER,BREACH_UP,BEAR,HOLD,,False,2.7324,7.401,7.6807,True,1.0
2024-01-02,UBER,BREACH_DOWN,BULL,IGNORE,,False,0.2227,1.3703,-3.2888,True,1.0
2024-02-14,UBER,BREACH_UP,BULL,LONG,,False,2.8301,-3.2217,-1.415,True,0.0
2024-05-08,UBER,BREACH_DOWN,BULL,IGNORE,,False,-2.3042,0.5723,-0.3313,True,1.0
2024-06-06,UBER,BREACH_UP,BULL,LONG,,False,0.5951,1.0014,2.8447,True,1.0
2024-06-12,UBER,BREACH_UP,BULL,LONG,,False,-3.1306,-3.6364,-3.8961,True,0.0
2024-07-11,UBER,BREACH_UP,BULL,LONG,,False,-1.496,1.0472,-9.8871,True,1.0
2024-07-17,UBER,BREACH_DOWN,BULL,IGNORE,,False,3.4392,1.297,3.6141,True,1.0
2024-08-06,UBER,BREACH_UP,BEAR,HOLD,,False,1.0328,5.6575,9.5422,True,1.0
2024-09-13,UBER,BREACH_UP,BULL,LONG,,False,-1.3245,1.4073,2.0143,True,1.0
2024-10-11,UBER,BREACH_UP,BULL,LONG,,False,-1.6215,-5.1425,-8.316,True,0.0
2024-10-31,UBER,BREACH_DOWN,BULL,IGNORE,,False,-1.6655,-2.9146,-1.499,True,0.0
2024-11-18,UBER,BREACH_DOWN,BULL,IGNORE,,False,0.2885,-0.4471,-5.8993,True,0.0
2024-12-05,UBER,BREACH_DOWN,BULL,IGNORE,,False,-1.3184,0.4139,5.8562,True,1.0
2024-12-11,UBER,BREACH_DOWN,BULL,IGNORE,,False,-0.3759,1.5201,-0.0817,True,1.0
2025-02-05,UBER,BREACH_DOWN,BULL,IGNORE,,False,-8.5453,-21.9448,-23.0614,True,0.0
2025-02-06,UBER,BREACH_UP,BULL,LONG,,False,6.5867,9.9443,14.7164,True,1.0
2025-02-07,UBER,BREACH_UP,BULL,LONG,,False,5.4021,6.3673,6.4611,True,1.0
2025-04-03,UBER,BREACH_DOWN,BEAR,IGNORE,,False,7.4875,6.8432,-1.5605,True,1.0
2025-04-04,UBER,BREACH_DOWN,BEAR,IGNORE,,False,-1.5785,-12.4729,-11.8539,True,0.0
2025-04-09,UBER,BREACH_UP,BEAR,HOLD,,False,-2.3941,0.5779,0.5228,True,1.0
2025-05-12,UBER,BREACH_UP,BULL,LONG,,False,4.109,2.3383,4.9489,True,1.0
2025-06-24,UBER,BREACH_UP,BULL,LONG,,False,-0.8183,-0.1309,0.5237,True,0.0
2025-09-17,UBER,BREACH_DOWN,BULL,IGNORE,,False,-1.8827,-6.9285,-5.1963,True,0.0
2025-11-04,UBER,BREACH_DOWN,BULL,IGNORE,,False,2.0281,2.8309,1.1302,True,1.0
2025-11-20,UBER,BREACH_DOWN,BEAR,IGNORE,,False,-0.6118,-0.3959,-5.0144,True,0.0
2025-12-10,UBER,BREACH_DOWN,BULL,IGNORE,,False,-1.5209,2.7329,5.9648,True,1.0
2026-01-06,UBER,BREACH_UP,BULL,LONG,,False,0.7599,-0.1169,-0.152,True,0.0
2026-02-04,UBER,BREACH_DOWN,BULL,IGNORE,,False,-1.7451,0.0135,3.9367,True,1.0
2026-04-15,UBER,BREACH_UP,BULL,LONG,,False,-1.0352,0.2717,-2.1998,True,1.0
2026-05-06,UBER,BREACH_UP,BULL,LONG,,False,-3.082,-3.8146,-5.6461,True,0.0
2021-07-19,UNH,BREACH_DOWN,UNKNOWN,IGNORE,,False,-0.9558,-1.6403,-1.0952,True,0.0
2021-08-05,UNH,BREACH_DOWN,UNKNOWN,IGNORE,,False,-0.9558,-0.1435,1.2719,True,0.0
2021-08-19,UNH,BREACH_UP,BULL,LONG,,False,0.4253,-1.047,-2.5801,True,0.0
2021-09-10,UNH,BREACH_DOWN,BULL,IGNORE,,False,-2.6268,-3.3696,-4.0232,True,0.0
2021-09-13,UNH,BREACH_UP,BULL,LONG,,False,-0.4777,0.5597,-0.4391,True,1.0
2021-10-14,UNH,BREACH_UP,BULL,LONG,,False,1.8341,0.9563,5.2146,True,1.0
2021-12-15,UNH,BREACH_UP,BULL,LONG,,False,-0.3075,-2.1542,-0.0506,True,0.0
2022-01-06,UNH,BREACH_DOWN,BULL,IGNORE,,False,2.3528,0.1384,0.4727,True,1.0
2022-02-25,UNH,BREACH_UP,BEAR,HOLD,,False,0.0252,2.0242,4.8135,True,1.0
2022-05-18,UNH,BREACH_DOWN,BEAR,IGNORE,,False,-1.5211,-4.3914,-5.6664,True,0.0
2022-06-21,UNH,BREACH_UP,BEAR,HOLD,,False,1.9487,3.1895,5.8544,True,1.0
2022-07-15,UNH,BREACH_UP,BEAR,HOLD,,False,-1.9594,-1.9405,-1.5743,True,0.0
2022-09-13,UNH,BREACH_DOWN,BEAR,IGNORE,,False,0.8152,-1.3737,-1.72,True,0.0
2022-11-11,UNH,BREACH_DOWN,BULL,IGNORE,,False,1.5956,2.0227,-1.517,True,1.0
2022-11-30,UNH,BREACH_UP,BULL,LONG,,False,-1.9808,-2.0211,-0.5799,True,0.0
2023-02-02,UNH,BREACH_DOWN,BULL,IGNORE,,False,-0.2527,-1.285,-3.1647,True,0.0
2023-04-03,UNH,BREACH_UP,BULL,LONG,,False,-0.1902,3.7678,5.419,True,1.0
2023-04-05,UNH,BREACH_UP,BULL,LONG,,False,0.703,2.3054,3.3384,True,1.0
2023-04-19,UNH,BREACH_DOWN,BULL,IGNORE,,False,-0.2592,-0.5635,0.6684,True,0.0
2023-06-14,UNH,BREACH_DOWN,BULL,IGNORE,,False,-1.7272,-2.4914,-4.6006,True,0.0
2023-07-14,UNH,BREACH_UP,BULL,LONG,,False,0.8143,4.9003,5.4897,True,1.0
2023-07-18,UNH,BREACH_UP,BULL,LONG,,False,0.74,1.306,2.186,True,1.0
2023-08-31,UNH,BREACH_DOWN,BULL,IGNORE,,False,0.0714,-0.0755,-1.2719,True,0.0
2023-09-20,UNH,BREACH_UP,BEAR,HOLD,,False,1.8308,3.688,2.3571,True,1.0
2023-10-13,UNH,BREACH_UP,BEAR,HOLD,,False,-0.254,-0.6192,-2.2933,True,0.0
2023-11-30,UNH,BREACH_UP,BULL,LONG,,False,-0.7131,-0.1506,-0.5117,True,0.0
2023-12-14,UNH,BREACH_DOWN,BULL,IGNORE,,False,0.584,1.9093,2.6879,True,1.0
2024-01-02,UNH,BREACH_UP,BULL,LONG,,False,0.4988,-0.3634,-0.1798,True,0.0
2024-01-12,UNH,BREACH_DOWN,BULL,IGNORE,,False,0.4525,0.9913,1.6337,True,1.0
2024-01-25,UNH,BREACH_DOWN,BULL,IGNORE,,False,-1.9862,-2.0693,-2.7848,True,0.0
2024-02-28,UNH,BREACH_DOWN,BULL,IGNORE,,False,0.9392,3.2933,5.1537,True,1.0
2024-04-02,UNH,BREACH_DOWN,BULL,IGNORE,,False,-0.3492,0.5239,-0.3449,True,1.0
2024-04-16,UNH,BREACH_UP,BEAR,HOLD,,False,2.154,6.8758,3.6874,True,1.0
2024-05-29,UNH,BREACH_DOWN,BULL,IGNORE,,False,0.6333,-2.6242,-3.796,True,0.0
2024-06-28,UNH,BREACH_UP,BULL,LONG,,False,-2.8689,-3.8035,-3.9116,True,0.0
2024-07-16,UNH,BREACH_UP,BULL,LONG,,False,4.4473,2.9989,1.0622,True,1.0
2024-07-17,UNH,BREACH_UP,BULL,LONG,,False,-1.5595,-2.5729,-2.3601,True,0.0
2024-10-15,UNH,BREACH_DOWN,BULL,IGNORE,,False,-2.7054,-2.3944,-2.4394,True,0.0
2024-11-06,UNH,BREACH_UP,BULL,LONG,,False,1.4681,4.7864,1.5385,True,1.0
2024-11-20,UNH,BREACH_UP,BULL,LONG,,False,-0.5013,0.8876,1.3122,True,1.0
2024-12-05,UNH,BREACH_DOWN,BULL,IGNORE,,False,5.0693,2.0057,10.576,True,1.0
2024-12-06,UNH,BREACH_DOWN,BULL,IGNORE,,False,-2.3926,2.5552,4.9386,True,1.0
2024-12-11,UNH,BREACH_DOWN,BULL,IGNORE,,False,3.3306,6.5657,6.337,True,1.0
2025-01-13,UNH,BREACH_UP,BEAR,HOLD,,False,0.4804,-5.6455,-2.9844,True,0.0
2025-01-16,UNH,BREACH_DOWN,BULL,IGNORE,,False,0.1626,-1.7881,-4.2931,True,0.0
2025-02-18,UNH,BREACH_DOWN,BULL,IGNORE,,False,-2.059,6.852,6.0612,True,1.0
2025-02-21,UNH,BREACH_DOWN,BULL,IGNORE,,False,1.0506,0.6068,-1.831,True,1.0
2025-04-03,UNH,BREACH_UP,BEAR,HOLD,,False,-2.8477,2.3388,9.9845,True,1.0
2025-04-08,UNH,BREACH_UP,BEAR,HOLD,,False,4.5961,8.3876,5.5164,True,1.0
2025-04-17,UNH,BREACH_DOWN,BEAR,IGNORE,,False,6.3377,5.7585,7.8109,True,1.0
2025-05-13,UNH,BREACH_DOWN,BULL,IGNORE,,False,1.0823,6.2528,-3.2757,True,1.0
2025-05-15,UNH,BREACH_DOWN,BULL,IGNORE,,False,-6.4006,-17.2152,-8.1356,True,0.0
2025-07-01,UNH,BREACH_UP,BULL,LONG,,False,-5.697,-6.8774,-7.1227,True,0.0
2025-07-02,UNH,BREACH_DOWN,BULL,IGNORE,,False,-0.3219,-0.0455,2.6174,True,0.0
2025-07-24,UNH,BREACH_DOWN,BULL,IGNORE,,False,-0.8902,6.2854,10.4171,True,1.0
2025-07-29,UNH,BREACH_DOWN,BULL,IGNORE,,False,-1.9037,8.9248,3.8572,True,1.0
2025-07-31,UNH,BREACH_DOWN,BULL,IGNORE,,False,4.7243,-0.577,1.9594,True,0.0
2025-08-15,UNH,BREACH_UP,BULL,LONG,,False,1.4736,-1.3717,1.1217,True,0.0
2025-09-09,UNH,BREACH_UP,BULL,LONG,,False,-0.3277,1.3193,-1.7235,True,1.0
2025-12-03,UNH,BREACH_UP,BULL,LONG,,False,-1.831,-4.0959,-2.6882,True,0.0
2026-01-27,UNH,BREACH_DOWN,BULL,IGNORE,,False,-4.0042,-1.4963,-0.5235,True,0.0
2026-04-07,UNH,BREACH_UP,BEAR,HOLD,,False,-0.5687,-1.1049,2.0992,True,0.0
2026-04-21,UNH,BREACH_UP,BULL,LONG,,False,2.1705,2.5751,5.9998,True,1.0
2021-07-19,V,BREACH_DOWN,UNKNOWN,IGNORE,,False,-0.9525,-1.5515,-4.093,True,0.0
2021-08-02,V,BREACH_DOWN,UNKNOWN,IGNORE,,False,1.1219,-0.1793,-0.0918,True,0.0
2021-09-02,V,BREACH_DOWN,BULL,IGNORE,,False,-0.4148,-2.1902,-0.3256,True,0.0
2021-10-01,V,BREACH_UP,BEAR,HOLD,,False,-2.4864,-1.714,-0.0824,True,0.0
2021-10-27,V,BREACH_DOWN,BULL,IGNORE,,False,2.7528,1.5386,3.5592,True,1.0
2021-11-17,V,BREACH_DOWN,BULL,IGNORE,,False,0.8436,4.623,0.8827,True,1.0
2022-01-21,V,BREACH_DOWN,BEAR,IGNORE,,False,1.9812,0.0291,-10.7173,True,1.0
2022-01-28,V,BREACH_UP,BEAR,HOLD,,False,-0.8026,3.2544,0.1711,True,1.0
2022-04-26,V,BREACH_DOWN,BEAR,IGNORE,,False,-6.4694,-5.9821,-3.7096,True,0.0
2022-04-27,V,BREACH_UP,BEAR,HOLD,,False,3.0592,-1.205,0.1915,True,0.0
2022-08-26,V,BREACH_DOWN,BULL,IGNORE,,False,0.276,2.0602,2.5285,True,1.0
2022-09-13,V,BREACH_DOWN,BEAR,IGNORE,,False,0.1302,3.1903,3.8063,True,1.0
2022-10-26,V,BREACH_UP,BULL,LONG,,False,0.4721,1.8836,-1.1705,True,1.0
2022-11-10,V,BREACH_UP,BULL,LONG,,False,-0.2773,2.1501,2.6366,True,1.0
2022-11-30,V,BREACH_UP,BULL,LONG,,False,0.0,-1.5299,-4.235,True,0.0
2023-01-06,V,BREACH_UP,BULL,LONG,,False,0.3904,1.9977,2.4386,True,1.0
2023-05-05,V,BREACH_UP,BULL,LONG,,False,0.1942,-0.22,0.022,True,0.0
2023-05-23,V,BREACH_DOWN,BULL,IGNORE,,False,1.0375,-0.1915,1.5807,True,0.0
2023-06-29,V,BREACH_UP,BULL,LONG,,False,1.3486,2.1893,0.909,True,1.0
2023-09-14,V,BREACH_DOWN,BULL,IGNORE,,False,0.1781,-0.853,2.0249,True,0.0
2023-09-21,V,BREACH_DOWN,BEAR,IGNORE,,False,0.6466,2.9415,2.092,True,1.0
2024-01-26,V,BREACH_DOWN,BULL,IGNORE,,False,-2.1348,-1.9855,-3.4485,True,0.0
2024-01-29,V,BREACH_UP,BULL,LONG,,False,1.2753,1.2388,0.7016,True,1.0
2024-02-22,V,BREACH_UP,BULL,LONG,,False,-0.0529,-0.2044,-0.3912,True,0.0
2024-03-22,V,BREACH_DOWN,BULL,IGNORE,,False,0.7237,1.4968,1.7581,True,1.0
2024-06-27,V,BREACH_DOWN,BULL,IGNORE,,False,1.5454,-0.6152,-1.4141,True,0.0
2024-07-24,V,BREACH_DOWN,BULL,IGNORE,,False,0.1692,-2.9232,-4.5245,True,0.0
2024-08-05,V,BREACH_DOWN,BEAR,IGNORE,,False,-0.7097,-1.3219,-1.5486,True,0.0
2024-09-09,V,BREACH_UP,BULL,LONG,,False,-0.0945,-0.084,1.7051,True,0.0
2024-09-24,V,BREACH_DOWN,BULL,IGNORE,,False,1.1548,-0.8762,-1.767,True,0.0
2024-10-16,V,BREACH_UP,BULL,LONG,,False,0.9982,-0.233,-1.3077,True,0.0
2024-10-30,V,BREACH_UP,BULL,LONG,,False,-0.1069,0.5824,5.9415,True,1.0
2024-11-06,V,BREACH_UP,BULL,LONG,,False,-0.5205,1.1451,0.868,True,1.0
2024-12-18,V,BREACH_DOWN,BEAR,IGNORE,,False,-1.6463,-2.4017,-3.5929,True,0.0
2025-01-15,V,BREACH_UP,BULL,LONG,,False,0.3067,2.3239,3.772,True,1.0
2025-01-30,V,BREACH_UP,BULL,LONG,,False,-0.3644,0.6122,1.2913,True,1.0
2025-03-04,V,BREACH_DOWN,BEAR,IGNORE,,False,-0.1278,1.9618,5.7037,True,1.0
2025-04-04,V,BREACH_DOWN,BEAR,IGNORE,,False,0.2587,-6.1636,-6.4733,True,0.0
2025-04-09,V,BREACH_UP,BEAR,HOLD,,False,-2.3524,0.8272,-0.3309,True,1.0
2025-06-13,V,BREACH_DOWN,BULL,IGNORE,,False,-0.7454,3.5341,2.579,True,1.0
2025-06-18,V,BREACH_DOWN,BULL,IGNORE,,False,0.5318,-3.3051,-1.6599,True,0.0
2025-09-05,V,BREACH_DOWN,BULL,IGNORE,,False,0.2681,1.4859,1.1043,True,1.0
2025-10-16,V,BREACH_DOWN,BULL,IGNORE,,False,-1.935,-3.5212,-3.1485,True,0.0
2025-12-11,V,BREACH_UP,BULL,LONG,,False,0.6365,-0.1505,0.1099,True,0.0
2026-01-13,V,BREACH_DOWN,BULL,IGNORE,,False,-0.3934,-0.1281,0.793,True,0.0
2026-01-30,V,BREACH_DOWN,BULL,IGNORE,,False,-3.7318,-2.5231,-3.0296,True,0.0
2026-02-02,V,BREACH_UP,BULL,LONG,,False,-1.4708,-1.4109,-2.4742,True,0.0
2026-02-23,V,BREACH_DOWN,BEAR,IGNORE,,False,-0.2284,-3.3212,-4.5641,True,0.0
2026-03-27,V,BREACH_DOWN,BEAR,IGNORE,,False,-1.3603,-1.0118,-2.6428,True,0.0
2026-04-29,V,BREACH_UP,BULL,LONG,,False,-1.4991,-2.392,-4.796,True,0.0
2021-06-21,WFC,BREACH_UP,UNKNOWN,HOLD,,False,0.6008,4.3901,5.7995,True,1.0
2021-08-31,WFC,BREACH_DOWN,BULL,IGNORE,,False,4.9234,3.3479,4.1138,True,1.0
2021-09-01,WFC,BREACH_DOWN,BULL,IGNORE,,False,-2.5777,-1.9793,-2.0944,True,0.0
2021-10-15,WFC,BREACH_UP,BULL,LONG,,False,2.1703,3.6792,4.7127,True,1.0
2021-11-26,WFC,BREACH_DOWN,BULL,IGNORE,,False,-1.5073,2.5191,1.4041,True,1.0
2021-12-17,WFC,BREACH_DOWN,BULL,IGNORE,,False,2.2941,-0.1668,-1.7101,True,0.0
2022-01-03,WFC,BREACH_UP,BULL,LONG,,False,3.9818,5.7165,9.107,True,1.0
2022-01-04,WFC,BREACH_UP,BULL,LONG,,False,-0.872,3.8294,6.2749,True,1.0
2022-01-14,WFC,BREACH_UP,BULL,LONG,,False,-2.3596,-5.2704,-8.164,True,0.0
2022-03-01,WFC,BREACH_DOWN,BEAR,IGNORE,,False,-3.8377,2.9827,7.6158,True,1.0
2022-06-10,WFC,BREACH_DOWN,BEAR,IGNORE,,False,2.7195,4.7655,3.992,True,1.0
2022-06-24,WFC,BREACH_UP,BEAR,HOLD,,False,-1.2757,-2.576,-2.0609,True,0.0
2022-07-15,WFC,BREACH_UP,BEAR,HOLD,,False,0.1459,3.8658,4.9599,True,1.0
2022-09-13,WFC,BREACH_DOWN,BEAR,IGNORE,,False,-0.1388,-1.6659,-0.4396,True,0.0
2022-10-04,WFC,BREACH_UP,BEAR,HOLD,,False,-0.5283,-4.0193,-7.6022,True,0.0
2022-10-13,WFC,BREACH_UP,BEAR,HOLD,,False,1.8641,5.4035,2.9967,True,1.0
2022-11-10,WFC,BREACH_UP,BULL,LONG,,False,-0.8342,-2.586,-4.0876,True,0.0
2022-12-05,WFC,BREACH_DOWN,BULL,IGNORE,,False,0.5955,2.4737,1.8323,True,1.0
2023-01-13,WFC,BREACH_UP,BULL,LONG,,False,-0.2262,-2.872,1.8318,True,0.0
2023-03-07,WFC,BREACH_DOWN,BULL,IGNORE,,False,1.3723,6.9516,9.6288,True,1.0
2023-03-09,WFC,BREACH_DOWN,BEAR,IGNORE,,False,-0.5592,2.3341,4.4493,True,1.0
2023-03-13,WFC,BREACH_DOWN,BEAR,IGNORE,,False,-4.5821,-2.3171,2.4213,True,0.0
2023-05-17,WFC,BREACH_UP,BULL,LONG,,False,-0.6179,1.2852,1.0133,True,1.0
2023-06-29,WFC,BREACH_UP,BULL,LONG,,False,0.5418,2.4264,0.7538,True,1.0
2023-11-14,WFC,BREACH_UP,BULL,LONG,,False,1.8061,2.0913,1.2357,True,1.0
2023-12-13,WFC,BREACH_UP,BULL,LONG,,False,5.7579,3.9782,3.3082,True,1.0
2023-12-14,WFC,BREACH_UP,BULL,LONG,,False,-0.396,-0.8315,-2.0986,True,0.0
2024-01-12,WFC,BREACH_DOWN,BULL,IGNORE,,False,1.2236,2.0253,-2.384,True,1.0
2024-01-19,WFC,BREACH_UP,BULL,LONG,,False,0.852,2.847,4.5719,True,1.0
2024-02-15,WFC,BREACH_UP,BULL,LONG,,False,-0.2498,1.1914,3.4973,True,1.0
2024-06-25,WFC,BREACH_DOWN,BULL,IGNORE,,False,0.3322,-3.8287,-6.5909,True,0.0
2024-06-28,WFC,BREACH_UP,BULL,LONG,,False,2.0205,2.1384,-0.6398,True,1.0
2024-07-12,WFC,BREACH_DOWN,BULL,IGNORE,,False,-2.1047,-7.729,-4.7577,True,0.0
2024-07-16,WFC,BREACH_UP,BULL,LONG,,False,1.1122,-1.6766,-0.9462,True,0.0
2024-08-01,WFC,BREACH_DOWN,BEAR,IGNORE,,False,6.3643,7.9465,7.2433,True,1.0
2024-08-02,WFC,BREACH_DOWN,BEAR,IGNORE,,False,2.1404,1.8212,0.182,True,1.0
2024-09-06,WFC,BREACH_DOWN,BEAR,IGNORE,,False,-1.0926,0.5,2.2593,True,1.0
2024-09-26,WFC,BREACH_UP,BULL,LONG,,False,-0.869,-1.7734,-2.5005,True,0.0
2024-10-11,WFC,BREACH_UP,BULL,LONG,,False,1.9183,4.7549,5.5255,True,1.0
2024-11-06,WFC,BREACH_UP,BULL,LONG,,False,-3.6567,0.7011,0.9925,True,1.0
2025-01-15,WFC,BREACH_UP,BULL,LONG,,False,0.0,2.5017,1.9487,True,1.0
2025-03-04,WFC,BREACH_DOWN,BEAR,IGNORE,,False,-1.1733,3.0696,8.2128,True,1.0
2025-03-10,WFC,BREACH_DOWN,BEAR,IGNORE,,False,-0.7487,-2.5157,-6.0797,True,0.0
2025-04-03,WFC,BREACH_DOWN,BEAR,IGNORE,,False,7.1418,5.4667,3.8983,True,1.0
2025-04-04,WFC,BREACH_DOWN,BEAR,IGNORE,,False,-1.9514,-8.7734,-2.509,True,0.0
2025-07-15,WFC,BREACH_DOWN,BULL,IGNORE,,False,-1.3315,-2.2572,-4.4636,True,0.0
2025-08-01,WFC,BREACH_DOWN,BULL,IGNORE,,False,0.2571,0.2186,-0.678,True,1.0
2025-09-05,WFC,BREACH_DOWN,BULL,IGNORE,,False,-0.228,-1.6971,-3.1662,True,0.0
2025-10-01,WFC,BREACH_DOWN,BULL,IGNORE,,False,0.4575,0.2226,1.4097,True,1.0
2025-10-14,WFC,BREACH_UP,BULL,LONG,,False,2.2469,-1.5137,0.2365,True,0.0
2025-12-03,WFC,BREACH_UP,BULL,LONG,,False,0.9625,0.7946,1.4997,True,1.0
2026-01-14,WFC,BREACH_DOWN,BULL,IGNORE,,False,0.3249,2.902,1.3557,True,1.0
2026-02-27,WFC,BREACH_DOWN,BULL,IGNORE,,False,-1.3874,-3.0448,1.2646,True,0.0
2026-04-14,WFC,BREACH_DOWN,BULL,IGNORE,,False,1.7258,0.3549,0.1836,True,1.0
2026-05-08,WFC,BREACH_DOWN,BULL,IGNORE,,False,2.7234,2.7895,2.935,True,1.0
2021-06-30,WMT,BREACH_UP,UNKNOWN,HOLD,,False,-1.2055,-0.7658,-1.0141,True,0.0
2021-08-05,WMT,BREACH_UP,UNKNOWN,HOLD,,False,-0.1787,2.1926,2.8308,True,1.0
2021-08-10,WMT,BREACH_UP,BULL,LONG,,False,0.8945,0.9418,1.7316,True,1.0
2021-10-19,WMT,BREACH_UP,BULL,LONG,,False,0.9054,2.5226,2.806,True,1.0
2021-11-16,WMT,BREACH_DOWN,BULL,IGNORE,,False,0.8591,0.5448,-1.8439,True,1.0
2021-12-01,WMT,BREACH_DOWN,BEAR,IGNORE,,False,1.2177,-1.3563,-0.0073,True,0.0
2021-12-17,WMT,BREACH_DOWN,BULL,IGNORE,,False,-0.3243,-0.7568,-1.4487,True,0.0
2022-02-17,WMT,BREACH_UP,BEAR,HOLD,,False,-0.6408,-2.7578,-1.8001,True,0.0
2022-05-17,WMT,BREACH_DOWN,BEAR,IGNORE,,False,6.791,9.2501,5.4968,True,1.0
2022-05-18,WMT,BREACH_DOWN,BEAR,IGNORE,,False,2.7445,-0.1388,-0.7678,True,0.0
2022-07-26,WMT,BREACH_DOWN,BULL,IGNORE,,False,-3.7793,-8.2555,-8.7719,True,0.0
2022-07-27,WMT,BREACH_UP,BULL,LONG,,False,2.4962,4.7002,3.0887,True,1.0
2022-08-04,WMT,BREACH_DOWN,BULL,IGNORE,,False,-0.8044,-2.628,-3.8349,True,0.0
2022-08-16,WMT,BREACH_UP,BULL,LONG,,False,0.1076,-1.6862,-3.8531,True,0.0
2022-08-26,WMT,BREACH_DOWN,BULL,IGNORE,,False,-0.9726,-0.7219,-1.0638,True,0.0
2022-11-15,WMT,BREACH_UP,BULL,LONG,,False,0.7189,1.8923,2.8825,True,1.0
2023-01-06,WMT,BREACH_UP,BULL,LONG,,False,-1.2468,-0.4428,-1.0151,True,0.0
2023-01-18,WMT,BREACH_DOWN,BULL,IGNORE,,False,1.4272,-1.278,-1.065,True,0.0
2023-06-30,WMT,BREACH_UP,BULL,LONG,,False,0.6489,-0.0445,-1.4633,True,0.0
2023-07-07,WMT,BREACH_DOWN,BULL,IGNORE,,False,-0.9056,-1.0098,-0.7623,True,0.0
2023-07-20,WMT,BREACH_UP,BULL,LONG,,False,0.5652,1.0732,1.0668,True,1.0
2023-08-17,WMT,BREACH_DOWN,BEAR,IGNORE,,False,-1.4387,-0.8478,-0.7708,True,0.0
2023-09-29,WMT,BREACH_DOWN,BEAR,IGNORE,,False,-0.1063,-0.6691,2.201,True,0.0
2023-11-16,WMT,BREACH_DOWN,BULL,IGNORE,,False,0.4422,0.1154,-0.0128,True,1.0
2024-02-01,WMT,BREACH_UP,BULL,LONG,,False,0.7486,0.8912,0.6298,True,1.0
2024-02-20,WMT,BREACH_UP,BULL,LONG,,False,-1.2282,-0.1706,1.6547,True,0.0
2024-05-16,WMT,BREACH_UP,BULL,LONG,,False,0.9998,1.781,1.2967,True,1.0
2024-06-25,WMT,BREACH_DOWN,BULL,IGNORE,,False,-1.2904,-0.4301,-0.9641,True,0.0
2024-07-05,WMT,BREACH_UP,BULL,LONG,,False,-0.514,0.5283,-1.1422,True,1.0
2024-08-15,WMT,BREACH_UP,BULL,LONG,,False,0.655,2.1487,3.574,True,1.0
2024-09-17,WMT,BREACH_DOWN,BULL,IGNORE,,False,-0.5471,-0.5852,-2.6336,True,0.0
2024-10-07,WMT,BREACH_DOWN,BULL,IGNORE,,False,-0.7712,-0.6448,-1.5044,True,0.0
2024-11-19,WMT,BREACH_UP,BULL,LONG,,False,0.6698,4.4342,5.4388,True,1.0
2025-01-27,WMT,BREACH_UP,BULL,LONG,,False,-0.1129,1.2834,2.1971,True,1.0
2025-02-20,WMT,BREACH_DOWN,BULL,IGNORE,,False,2.4997,-0.4938,0.432,True,0.0
2025-02-25,WMT,BREACH_UP,BULL,LONG,,False,-1.5252,0.9417,-2.7843,True,1.0
2025-03-10,WMT,BREACH_DOWN,BEAR,IGNORE,,False,0.4327,3.7805,0.4099,True,1.0
2025-04-04,WMT,BREACH_DOWN,BEAR,IGNORE,,False,-0.7693,-7.7053,-11.5519,True,0.0
2025-04-09,WMT,BREACH_UP,BEAR,HOLD,,False,1.1272,5.7255,1.7746,True,1.0
2025-08-06,WMT,BREACH_UP,BULL,LONG,,False,-0.2322,0.5515,-2.2929,True,1.0
2025-08-13,WMT,BREACH_DOWN,BULL,IGNORE,,False,0.1386,0.0543,-1.8017,True,1.0
2025-08-21,WMT,BREACH_DOWN,BULL,IGNORE,,False,1.1535,1.9498,1.8885,True,1.0
2025-10-14,WMT,BREACH_UP,BULL,LONG,,False,1.6976,0.485,-0.9234,True,1.0
2025-11-20,WMT,BREACH_UP,BEAR,HOLD,,False,-1.6712,-0.1027,3.1743,True,0.0
2026-01-12,WMT,BREACH_UP,BULL,LONG,,False,2.0259,1.0426,0.6273,True,1.0
2026-02-02,WMT,BREACH_UP,BULL,LONG,,False,2.9421,2.3215,3.9981,True,1.0
2026-02-06,WMT,BREACH_UP,BULL,LONG,,False,-1.6466,-1.8372,2.0659,True,0.0
2026-02-12,WMT,BREACH_UP,BEAR,HOLD,,False,0.1871,-5.2529,-7.9692,True,0.0
2026-02-17,WMT,BREACH_DOWN,BEAR,IGNORE,,False,1.7307,4.5479,1.6298,True,1.0
2026-04-07,WMT,BREACH_DOWN,BEAR,IGNORE,,False,-3.8942,-3.4942,-2.09,True,0.0
2026-04-08,WMT,BREACH_UP,BULL,LONG,,False,1.4694,-2.1138,-1.9645,True,0.0
2026-05-21,WMT,BREACH_DOWN,BULL,IGNORE,,False,0.8818,2.3076,4.6069,True,1.0
2021-08-23,XOM,BREACH_UP,BULL,LONG,,False,0.8195,-0.3642,0.4553,True,0.0
2021-11-19,XOM,BREACH_DOWN,BULL,IGNORE,,False,-1.3845,-4.6316,-1.5164,True,0.0
2021-11-26,XOM,BREACH_DOWN,BULL,IGNORE,,False,-0.5551,2.3837,0.5878,True,1.0
2022-01-03,XOM,BREACH_UP,BULL,LONG,,False,3.7614,7.5228,7.7589,True,1.0
2022-01-04,XOM,BREACH_UP,BULL,LONG,,False,1.2438,4.4744,8.2208,True,1.0
2022-01-11,XOM,BREACH_UP,BULL,LONG,,False,-0.2943,0.7288,2.4667,True,1.0
2022-02-01,XOM,BREACH_UP,BEAR,HOLD,,False,-0.2598,0.7175,-0.7052,True,1.0
2022-03-09,XOM,BREACH_DOWN,BEAR,IGNORE,,False,-3.1042,1.0992,7.0782,True,1.0
2022-03-15,XOM,BREACH_DOWN,BEAR,IGNORE,,False,0.3756,-1.8777,-5.9829,True,0.0
2022-05-09,XOM,BREACH_DOWN,BEAR,IGNORE,,False,-0.663,-3.2252,-8.7871,True,0.0
2022-06-07,XOM,BREACH_UP,BEAR,HOLD,,False,1.1802,-2.8151,-7.033,True,0.0
2022-06-13,XOM,BREACH_DOWN,BEAR,IGNORE,,False,-0.2608,4.6531,4.5592,True,1.0
2022-06-17,XOM,BREACH_DOWN,BEAR,IGNORE,,False,-6.2239,1.0567,-3.379,True,1.0
2022-06-21,XOM,BREACH_UP,BEAR,HOLD,,False,-3.9571,-5.0066,0.0219,True,0.0
2022-09-23,XOM,BREACH_DOWN,BEAR,IGNORE,,False,2.0642,-3.6268,-1.8192,True,0.0
2022-10-03,XOM,BREACH_UP,BEAR,HOLD,,False,3.6445,11.0313,7.5283,True,1.0
2022-11-09,XOM,BREACH_DOWN,BULL,IGNORE,,False,-1.4693,-4.9428,-4.517,True,0.0
2023-01-26,XOM,BREACH_UP,BULL,LONG,,False,-1.8258,-1.4861,-5.6131,True,0.0
2023-02-10,XOM,BREACH_UP,BULL,LONG,,False,-0.389,-1.8518,-5.9023,True,0.0
2023-03-15,XOM,BREACH_DOWN,BEAR,IGNORE,,False,0.5806,-0.8167,-2.9227,True,0.0
2023-04-03,XOM,BREACH_UP,BULL,LONG,,False,-0.9558,-0.93,-0.6717,True,0.0
2023-05-02,XOM,BREACH_DOWN,BULL,IGNORE,,False,1.9709,1.2897,0.8719,True,1.0
2023-07-06,XOM,BREACH_DOWN,BULL,IGNORE,,False,-0.2332,-2.9635,-1.574,True,0.0
2023-07-14,XOM,BREACH_DOWN,BULL,IGNORE,,False,-0.4359,-0.6737,-2.9225,True,0.0
2023-09-12,XOM,BREACH_UP,BULL,LONG,,False,-0.8937,-0.6724,-0.1362,True,0.0
2023-09-27,XOM,BREACH_UP,BEAR,HOLD,,False,-0.6073,-3.802,-7.2379,True,0.0
2023-10-04,XOM,BREACH_DOWN,BEAR,IGNORE,,False,2.2511,0.5202,4.4933,True,1.0
2024-04-26,XOM,BREACH_DOWN,BEAR,IGNORE,,False,-1.4242,1.6361,1.6616,True,1.0
2024-05-31,XOM,BREACH_UP,BULL,LONG,,False,-2.3964,-3.5306,-3.8462,True,0.0
2024-06-24,XOM,BREACH_UP,BULL,LONG,,False,0.2806,0.7453,0.7979,True,1.0
2024-08-20,XOM,BREACH_DOWN,BULL,IGNORE,,False,0.6371,-1.5186,-2.7055,True,0.0
2024-09-10,XOM,BREACH_DOWN,BULL,IGNORE,,False,0.9926,-0.2978,-3.0319,True,0.0
2024-10-15,XOM,BREACH_DOWN,BULL,IGNORE,,False,-0.2576,0.2825,-0.2908,True,1.0
2024-11-04,XOM,BREACH_UP,BULL,LONG,,False,0.2951,2.1415,1.5682,True,1.0
2024-12-04,XOM,BREACH_DOWN,BULL,IGNORE,,False,-0.4375,1.2076,2.0651,True,1.0
2025-02-12,XOM,BREACH_DOWN,BULL,IGNORE,,False,-0.7266,-2.599,-4.3316,True,0.0
2025-03-03,XOM,BREACH_DOWN,BEAR,IGNORE,,False,0.2042,0.1299,-3.7491,True,1.0
2025-04-03,XOM,BREACH_DOWN,BEAR,IGNORE,,False,7.1956,10.3709,11.118,True,1.0
2025-04-04,XOM,BREACH_DOWN,BEAR,IGNORE,,False,1.3418,-1.3993,1.1501,True,0.0
2025-04-10,XOM,BREACH_DOWN,BEAR,IGNORE,,False,-3.2123,-3.1722,-6.9949,True,0.0
2025-07-18,XOM,BREACH_DOWN,BULL,IGNORE,,False,-0.2598,-2.0043,-2.4404,True,0.0
2025-09-03,XOM,BREACH_DOWN,BULL,IGNORE,,False,-0.4379,1.8408,-0.5272,True,1.0
2025-09-05,XOM,BREACH_DOWN,BULL,IGNORE,,False,-0.5676,-2.9937,-2.6824,True,0.0
2025-09-29,XOM,BREACH_DOWN,BULL,IGNORE,,False,1.287,2.5652,0.0175,True,1.0
2026-01-06,XOM,BREACH_DOWN,BULL,IGNORE,,False,2.1148,-2.9409,-4.5353,True,0.0
2026-01-08,XOM,BREACH_UP,BULL,LONG,,False,1.3831,2.9534,5.0606,True,1.0
2026-02-03,XOM,BREACH_UP,BULL,LONG,,False,2.6856,3.7014,5.4686,True,1.0
2026-04-01,XOM,BREACH_DOWN,BEAR,IGNORE,,False,0.056,-1.9468,3.5701,True,0.0
2026-04-08,XOM,BREACH_DOWN,BULL,IGNORE,,False,0.7553,2.2916,4.6153,True,1.0
2026-05-15,XOM,BREACH_UP,BULL,LONG,,False,1.6274,-1.0385,-1.8997,True,0.0
2026-05-30,X,BREACH_UP,BULL,LONG,1.0,False,,,,False,
2026-05-31,X,BREACH_UP,BULL,LONG,1.0,False,,,,False,
2026-05-31,IBM,BREACH_UP,BULL,LONG,0.592,True,,,,False,
2026-05-31,ORCL,BREACH_UP,BULL,LONG,0.592,True,,,,False,
2026-05-31,MSFT,BREACH_UP,BULL,LONG,0.592,True,,,,False,
2026-05-31,CRM,BREACH_UP,BULL,LONG,0.592,True,,,,False,
2026-05-31,ADBE,BREACH_UP,BULL,LONG,0.592,True,,,,False,
2026-05-31,COST,BREACH_DOWN,BULL,IGNORE,0.592,True,,,,False,
