ticker,entry_date,exit_date,direction,days_held,gross_return_pct
WFC,2021-06-22,2021-06-28,long,5,5.7995
BA,2021-06-22,2021-06-28,long,5,-2.1689
IBM,2021-06-22,2021-06-28,long,5,-0.9274
COP,2021-06-22,2021-06-28,long,5,-1.4227
AXP,2021-06-22,2021-06-28,long,5,-0.0728
TSLA,2021-06-24,2021-06-30,long,5,3.5228
LLY,2021-06-25,2021-07-01,long,5,-0.7898
NKE,2021-06-28,2021-07-02,long,5,3.492
AXP,2021-06-29,2021-07-06,short,5,-3.105
NVDA,2021-06-29,2021-07-06,long,5,3.5702
META,2021-06-29,2021-07-06,long,5,-0.8042
MA,2021-06-29,2021-07-06,short,5,-2.2874
BA,2021-06-29,2021-07-06,short,5,1.5431
MS,2021-06-30,2021-07-07,long,5,-0.673
AMD,2021-07-01,2021-07-07,long,4,-3.6091
WMT,2021-07-01,2021-07-08,long,5,-1.014
MU,2021-07-02,2021-07-09,short,5,1.5378
ORCL,2021-07-06,2021-07-14,long,7,8.2934
MSFT,2021-07-06,2021-07-12,long,5,-0.1189
GOOGL,2021-07-06,2021-07-12,long,5,1.3716
IBM,2021-07-06,2021-07-12,short,5,-0.6612
AMZN,2021-07-06,2021-07-13,long,6,4.7388
COP,2021-07-07,2021-07-13,short,5,1.3021
AMD,2021-07-08,2021-07-14,short,5,1.6262
BLK,2021-07-09,2021-07-09,short,1,-2.8306
GM,2021-07-12,2021-07-16,long,5,-5.6161
DIS,2021-07-12,2021-07-19,long,6,-2.3102
BAC,2021-07-12,2021-07-16,long,5,-5.2947
BLK,2021-07-12,2021-07-14,long,3,-2.3288
BRK-B,2021-07-12,2021-07-16,long,5,-0.9234
JPM,2021-07-12,2021-07-16,long,5,-2.478
GS,2021-07-12,2021-07-16,long,5,-1.8722
PEP,2021-07-14,2021-07-20,long,5,1.8698
BA,2021-07-14,2021-07-20,short,5,4.4927
KO,2021-07-15,2021-07-21,long,5,0.5155
BLK,2021-07-15,2021-07-20,short,4,-0.1103
NVDA,2021-07-16,2021-07-22,short,5,-3.6842
DIS,2021-07-20,2021-07-26,short,5,-3.32
GE,2021-07-20,2021-07-20,short,1,-5.8333
SBUX,2021-07-20,2021-07-22,short,3,-6.0901
AAPL,2021-07-20,2021-07-26,short,5,-4.48
UNH,2021-07-20,2021-07-26,short,5,-1.1067
V,2021-07-20,2021-07-26,short,5,-3.9834
MCD,2021-07-20,2021-07-20,short,1,-2.1853
AXP,2021-07-20,2021-07-20,short,1,-3.7221
MA,2021-07-20,2021-07-26,short,5,-7.1212
MCD,2021-07-21,2021-07-27,long,5,5.1564
BA,2021-07-21,2021-07-27,long,5,2.3578
AXP,2021-07-21,2021-07-27,long,5,2.4101
PFE,2021-07-21,2021-07-27,long,5,2.5578
BLK,2021-07-21,2021-07-27,long,5,-1.9298
GE,2021-07-21,2021-07-27,long,5,2.9921
NFLX,2021-07-22,2021-07-28,short,5,-1.1008
TXN,2021-07-22,2021-07-22,long,1,-5.3182
SBUX,2021-07-23,2021-07-28,long,4,-0.1794
TXN,2021-07-23,2021-07-29,short,5,-3.766
INTC,2021-07-26,2021-07-30,short,5,-1.4575
META,2021-07-26,2021-07-29,long,4,-3.1018
GOOGL,2021-07-26,2021-08-04,long,8,1.5867
ORCL,2021-07-26,2021-07-30,short,5,0.6199
SBUX,2021-07-29,2021-08-04,short,5,3.4872
AMD,2021-07-29,2021-08-05,long,6,14.7248
PFE,2021-07-29,2021-08-11,long,10,7.5476
QCOM,2021-07-30,2021-08-05,long,5,-2.7551
PYPL,2021-07-30,2021-08-05,short,5,0.7404
META,2021-07-30,2021-08-05,short,5,-1.3591
ABBV,2021-08-02,2021-08-06,short,5,1.5924
PG,2021-08-02,2021-08-06,long,5,-0.5765
AMZN,2021-08-02,2021-08-06,short,5,-0.5432
V,2021-08-03,2021-08-09,short,5,-0.1327
LLY,2021-08-04,2021-08-10,long,5,5.258
GM,2021-08-05,2021-08-11,short,5,-3.0136
PEP,2021-08-05,2021-08-11,short,5,-0.6404
COST,2021-08-06,2021-08-12,long,5,0.4896
WMT,2021-08-06,2021-08-17,long,8,3.9622
UNH,2021-08-06,2021-08-12,short,5,1.2563
GS,2021-08-09,2021-08-13,long,5,3.2396
MU,2021-08-11,2021-08-19,short,7,7.5447
PFE,2021-08-12,2021-08-18,short,5,-6.3287
CAT,2021-08-12,2021-08-18,long,5,-5.346
HD,2021-08-18,2021-08-24,short,5,-1.3272
GM,2021-08-18,2021-08-24,short,5,1.5838
AAPL,2021-08-19,2021-08-25,short,5,-1.3762
IBM,2021-08-19,2021-08-25,short,5,-0.2974
UNH,2021-08-20,2021-08-26,long,5,-2.5801
PEP,2021-08-20,2021-08-26,long,5,-2.6933
CSCO,2021-08-20,2021-08-26,long,5,3.37
MSFT,2021-08-20,2021-08-27,long,6,0.9941
NFLX,2021-08-20,2021-08-26,long,5,1.1789
NVDA,2021-08-23,2021-08-30,long,6,8.9931
XOM,2021-08-24,2021-08-30,long,5,0.4553
AXP,2021-08-26,2021-09-01,long,5,-1.047
PYPL,2021-08-31,2021-09-07,long,5,1.6605
AAPL,2021-08-31,2021-09-07,long,5,2.3315
WFC,2021-09-01,2021-09-09,short,6,2.6653
ABBV,2021-09-02,2021-09-09,short,5,4.5054
V,2021-09-03,2021-09-10,short,5,-0.3621
JNJ,2021-09-08,2021-09-16,short,7,4.2299
KO,2021-09-08,2021-09-14,short,5,-0.8213
PEP,2021-09-08,2021-09-14,short,5,-0.4258
LLY,2021-09-10,2021-09-16,short,5,3.8153
UNH,2021-09-13,2021-09-13,short,1,-2.6268
AAPL,2021-09-13,2021-09-17,short,5,1.943
UNH,2021-09-14,2021-09-20,long,5,-0.4391
NKE,2021-09-14,2021-09-20,short,5,3.3851
GE,2021-09-15,2021-09-21,short,5,3.5326
ORCL,2021-09-15,2021-09-21,short,5,-0.6545
COP,2021-09-16,2021-09-29,long,10,14.6999
SBUX,2021-09-16,2021-09-22,short,5,1.3492
ADBE,2021-09-16,2021-09-22,long,5,-5.2944
TMO,2021-09-20,2021-09-24,long,5,2.1749
QCOM,2021-09-20,2021-09-24,short,5,-0.2325
DIS,2021-09-21,2021-09-28,short,6,2.0596
F,2021-09-21,2021-09-27,short,5,-9.7722
JPM,2021-09-21,2021-09-23,short,3,-5.2431
GS,2021-09-21,2021-09-27,short,5,-5.5644
MS,2021-09-21,2021-09-27,short,5,-6.3336
BAC,2021-09-21,2021-09-23,short,3,-6.3908
AMZN,2021-09-21,2021-09-27,short,5,-1.4983
TSLA,2021-09-21,2021-09-27,short,5,-7.8882
CAT,2021-09-21,2021-09-27,short,5,-4.6959
GM,2021-09-21,2021-09-27,short,5,-7.4292
UBER,2021-09-22,2021-09-28,long,5,3.6519
META,2021-09-23,2021-10-11,short,13,4.9163
BA,2021-09-23,2021-09-29,long,5,3.8621
ADBE,2021-09-23,2021-10-05,short,9,10.0171
JPM,2021-09-24,2021-09-30,long,5,1.5572
CRM,2021-09-24,2021-09-30,long,5,-2.3897
GE,2021-09-24,2021-09-30,long,5,0.1458
BAC,2021-09-24,2021-09-30,long,5,1.823
AXP,2021-09-24,2021-09-30,long,5,-3.363
MA,2021-09-24,2021-09-30,long,5,-1.8047
COST,2021-09-27,2021-09-28,long,2,-4.3613
NKE,2021-09-27,2021-10-01,short,5,1.653
TXN,2021-09-29,2021-10-05,short,5,0.4391
AMD,2021-09-29,2021-10-05,short,5,-0.428
COST,2021-09-29,2021-10-05,short,5,0.1828
PYPL,2021-09-29,2021-10-05,short,5,0.5632
AVGO,2021-09-29,2021-10-05,short,5,1.046
NVDA,2021-09-29,2021-10-11,short,9,-0.4326
GOOGL,2021-09-29,2021-10-05,short,5,-0.2778
MSFT,2021-09-29,2021-10-05,short,5,-1.9651
MRK,2021-09-30,2021-10-08,long,7,7.3778
LLY,2021-09-30,2021-10-06,long,5,-1.0896
ORCL,2021-10-01,2021-10-07,short,5,-5.7687
HD,2021-10-01,2021-10-07,short,5,-2.7987
DIS,2021-10-04,2021-10-08,long,5,0.4148
MA,2021-10-04,2021-10-04,long,1,-4.4366
AXP,2021-10-04,2021-10-08,long,5,0.9459
IBM,2021-10-04,2021-10-08,long,5,-0.0698
V,2021-10-04,2021-10-08,long,5,-0.0824
MA,2021-10-05,2021-10-11,short,5,-1.0759
NFLX,2021-10-06,2021-10-12,long,5,-1.5548
PEP,2021-10-07,2021-10-13,long,5,1.9554
F,2021-10-08,2021-10-14,long,5,3.7609
GM,2021-10-08,2021-10-14,long,5,2.2148
COP,2021-10-11,2021-10-15,long,5,-1.0411
BLK,2021-10-14,2021-10-20,long,5,4.047
AXP,2021-10-14,2021-10-20,short,5,-6.1621
UNH,2021-10-15,2021-10-21,long,5,5.2146
BAC,2021-10-15,2021-10-21,long,5,3.905
INTC,2021-10-15,2021-10-21,long,5,3.8961
WFC,2021-10-18,2021-10-22,long,5,4.7127
GS,2021-10-18,2021-10-22,long,5,2.0317
AMZN,2021-10-18,2021-10-22,long,5,-2.1552
JNJ,2021-10-20,2021-10-26,long,5,1.1473
WMT,2021-10-20,2021-10-26,long,5,2.806
PYPL,2021-10-21,2021-10-28,short,6,8.469
IBM,2021-10-22,2021-10-28,short,5,1.9483
NFLX,2021-10-22,2021-10-28,long,5,3.1983
AMZN,2021-10-25,2021-10-29,short,5,-1.1967
INTC,2021-10-25,2021-10-29,short,5,0.8408
GOOGL,2021-10-25,2021-10-27,short,3,-6.1652
META,2021-10-25,2021-10-29,short,5,0.0718
AXP,2021-10-25,2021-10-29,long,5,-7.1093
TSLA,2021-10-26,2021-11-08,long,10,13.4731
NVDA,2021-10-27,2021-11-02,long,5,6.8131
KO,2021-10-28,2021-11-03,long,5,1.3869
V,2021-10-28,2021-11-03,short,5,3.5742
GM,2021-10-28,2021-11-03,short,5,-3.1507
MCD,2021-10-28,2021-11-03,long,5,3.1599
MA,2021-10-28,2021-11-03,short,5,1.866
GOOGL,2021-10-28,2021-11-03,long,5,0.2602
TXN,2021-10-28,2021-11-03,short,5,-1.7232
MSFT,2021-10-28,2021-11-03,long,5,3.3512
AAPL,2021-10-29,2021-11-04,long,5,-1.0553
MRK,2021-10-29,2021-11-04,long,5,4.6101
F,2021-10-29,2021-11-04,long,5,15.1839
CAT,2021-10-29,2021-11-04,long,5,-0.245
ABBV,2021-11-01,2021-11-05,long,5,2.1889
SBUX,2021-11-01,2021-11-01,short,1,-3.5166
BA,2021-11-02,2021-11-12,long,9,2.9733
SBUX,2021-11-02,2021-11-12,long,9,2.1874
CSCO,2021-11-03,2021-11-09,long,5,-0.3124
PFE,2021-11-03,2021-11-12,long,8,10.3774
NKE,2021-11-04,2021-11-08,long,3,-0.3768
LLY,2021-11-04,2021-11-10,long,5,-0.6047
UBER,2021-11-04,2021-11-10,long,5,-5.1181
GM,2021-11-05,2021-11-18,long,10,6.2926
NVDA,2021-11-05,2021-11-11,long,5,1.9764
COST,2021-11-05,2021-11-11,long,5,-0.6672
AMD,2021-11-05,2021-11-10,long,4,1.7236
QCOM,2021-11-05,2021-11-12,long,6,5.6563
MRK,2021-11-08,2021-11-12,short,5,-2.8856
DIS,2021-11-08,2021-11-11,long,4,-7.698
TMO,2021-11-08,2021-11-12,short,5,-2.9542
CAT,2021-11-09,2021-11-15,long,5,-3.0525
PEP,2021-11-09,2021-11-15,short,5,-0.8535
NKE,2021-11-09,2021-11-17,short,7,-0.1048
TSLA,2021-11-10,2021-11-16,short,5,-3.4205
PYPL,2021-11-10,2021-11-16,short,5,-4.9213
COP,2021-11-11,2021-11-17,short,5,1.4048
CRM,2021-11-11,2021-11-17,short,5,-2.7419
AMD,2021-11-11,2021-11-17,short,5,-7.9381
ADBE,2021-11-11,2021-11-17,short,5,-3.537
DIS,2021-11-12,2021-11-18,short,5,4.1441
NFLX,2021-11-15,2021-11-19,long,5,-0.5582
MU,2021-11-15,2021-11-29,long,10,11.436
BA,2021-11-16,2021-11-19,long,4,-8.1342
CVX,2021-11-16,2021-11-22,long,5,-1.364
QCOM,2021-11-17,2021-11-23,long,5,-0.4785
WMT,2021-11-17,2021-11-23,short,5,-1.8606
HD,2021-11-17,2021-11-26,long,7,2.6432
V,2021-11-18,2021-11-24,short,5,0.7185
CSCO,2021-11-19,2021-11-26,short,5,-2.0123
NVDA,2021-11-19,2021-11-26,long,5,-0.543
AMZN,2021-11-19,2021-11-26,long,5,-5.1812
AAPL,2021-11-19,2021-11-26,long,5,-0.6715
BA,2021-11-22,2021-12-02,short,8,4.5967
XOM,2021-11-22,2021-12-03,short,9,-0.7245
COP,2021-11-22,2021-12-03,short,9,-2.6865
BRK-B,2021-11-23,2021-11-30,long,5,-2.9056
F,2021-11-23,2021-11-30,long,5,-6.2988
AVGO,2021-11-23,2021-11-29,short,4,-2.1146
MA,2021-11-23,2021-11-30,short,5,1.5675
ABBV,2021-11-24,2021-12-01,long,5,-2.4983
GE,2021-11-29,2021-12-03,short,5,5.158
MSFT,2021-11-29,2021-12-03,short,5,1.9467
CAT,2021-11-29,2021-12-03,short,5,0.3431
MRK,2021-11-29,2021-12-06,short,6,7.4882
BLK,2021-11-29,2021-12-03,short,5,-0.0078
BAC,2021-11-29,2021-12-03,short,5,3.5836
KO,2021-11-29,2021-12-06,short,6,-3.1159
JPM,2021-11-29,2021-12-03,short,5,2.1927
PFE,2021-11-29,2021-12-03,long,5,0.5
AXP,2021-11-29,2021-12-03,short,5,0.2099
MCD,2021-11-29,2021-12-03,short,5,-0.3467
AAPL,2021-11-29,2021-11-30,short,2,-5.2761
WFC,2021-11-29,2021-12-03,short,5,1.1184
CRM,2021-11-30,2021-11-30,long,1,-3.9698
AVGO,2021-11-30,2021-12-06,long,5,0.1134
TXN,2021-11-30,2021-12-06,long,5,0.1183
ADBE,2021-11-30,2021-12-03,long,4,-10.3216
AAPL,2021-12-01,2021-12-07,long,5,3.5572
PEP,2021-12-01,2021-12-03,short,3,-3.7162
COST,2021-12-01,2021-12-07,short,5,-0.5628
PG,2021-12-01,2021-12-07,short,5,-4.7959
JNJ,2021-12-01,2021-12-07,short,5,-4.6387
CRM,2021-12-01,2021-12-08,short,6,5.2502
WMT,2021-12-02,2021-12-08,short,5,-0.0678
BA,2021-12-03,2021-12-09,long,5,2.5595
ADBE,2021-12-06,2021-12-10,short,5,-6.1989
PEP,2021-12-06,2021-12-10,long,5,2.5864
KO,2021-12-07,2021-12-20,long,10,4.7897
PFE,2021-12-07,2021-12-13,short,5,-6.9739
MCD,2021-12-07,2021-12-13,long,5,2.8539
AVGO,2021-12-08,2021-12-22,long,11,11.6855
GM,2021-12-13,2021-12-13,long,1,-6.4547
ORCL,2021-12-13,2021-12-17,long,5,-5.856
COST,2021-12-13,2021-12-17,long,5,-2.006
F,2021-12-13,2021-12-17,long,5,-7.8321
GM,2021-12-14,2021-12-20,short,5,9.0196
MSFT,2021-12-15,2021-12-21,short,5,0.1297
ADBE,2021-12-15,2021-12-23,short,7,6.6612
LLY,2021-12-16,2021-12-17,long,2,-2.8553
TMO,2021-12-16,2021-12-22,long,5,-0.6161
CSCO,2021-12-16,2021-12-22,long,5,2.6698
UNH,2021-12-16,2021-12-22,long,5,-0.0506
PFE,2021-12-16,2021-12-22,long,5,1.2755
AMD,2021-12-16,2021-12-22,long,5,-1.7884
QCOM,2021-12-17,2021-12-23,short,5,-2.5591
ORCL,2021-12-20,2021-12-27,short,5,7.5845
PG,2021-12-20,2021-12-27,short,5,-2.8103
JNJ,2021-12-20,2021-12-27,short,5,-0.8598
LLY,2021-12-20,2021-12-27,short,5,-4.0697
SBUX,2021-12-20,2021-12-27,short,5,-4.9822
WFC,2021-12-20,2021-12-27,short,5,-1.7882
GS,2021-12-20,2021-12-27,short,5,-1.7459
WMT,2021-12-20,2021-12-27,short,5,-1.4387
NKE,2021-12-22,2021-12-29,long,5,1.2903
MU,2021-12-22,2021-12-29,long,5,6.0543
BA,2021-12-22,2021-12-29,long,5,2.075
WFC,2022-01-04,2022-01-11,long,6,10.5066
BAC,2022-01-04,2022-01-11,long,6,6.5613
GS,2022-01-04,2022-01-10,long,5,0.9714
TMO,2022-01-04,2022-01-11,short,6,3.6092
INTC,2022-01-04,2022-01-10,long,5,3.7587
TSLA,2022-01-04,2022-01-10,long,5,-11.8072
XOM,2022-01-04,2022-01-19,long,11,15.0614
F,2022-01-05,2022-01-11,long,5,0.1646
MS,2022-01-05,2022-01-11,long,5,1.5922
BRK-B,2022-01-05,2022-01-14,long,8,5.0562
JPM,2022-01-05,2022-01-11,long,5,0.3956
CAT,2022-01-05,2022-01-11,long,5,0.8575
GM,2022-01-05,2022-01-11,long,5,-6.5105
COP,2022-01-05,2022-01-11,long,5,8.6008
GOOGL,2022-01-06,2022-01-12,short,5,-2.6217
BLK,2022-01-06,2022-01-12,short,5,0.6737
NFLX,2022-01-06,2022-01-12,short,5,5.5165
SBUX,2022-01-06,2022-01-12,short,5,6.1518
MSFT,2022-01-06,2022-01-12,short,5,-0.6115
CRM,2022-01-06,2022-01-12,short,5,-4.3453
ADBE,2022-01-06,2022-01-12,short,5,-3.4668
AVGO,2022-01-06,2022-01-12,short,5,3.2846
UNH,2022-01-07,2022-01-13,short,5,0.3645
HD,2022-01-10,2022-01-24,short,10,7.6542
TXN,2022-01-10,2022-01-14,short,5,-4.1313
NKE,2022-01-11,2022-01-18,short,5,2.3118
AVGO,2022-01-14,2022-01-21,short,5,11.6508
MSFT,2022-01-14,2022-01-21,short,5,2.8302
TMO,2022-01-14,2022-01-21,short,5,3.4962
JPM,2022-01-18,2022-01-25,short,6,7.484
WFC,2022-01-18,2022-01-24,long,5,-8.164
UBER,2022-01-19,2022-01-25,short,5,9.8269
GS,2022-01-19,2022-01-25,short,5,3.7021
MS,2022-01-19,2022-01-25,short,5,-5.3085
QCOM,2022-01-19,2022-01-25,short,5,7.644
CSCO,2022-01-19,2022-01-25,short,5,6.3265
PG,2022-01-20,2022-01-26,long,5,-1.8494
CAT,2022-01-20,2022-01-26,short,5,3.3717
F,2022-01-20,2022-01-26,short,5,12.3093
NFLX,2022-01-24,2022-01-28,short,5,2.4334
DIS,2022-01-24,2022-01-28,short,5,-1.0255
AMZN,2022-01-24,2022-01-28,short,5,-1.1482
V,2022-01-24,2022-01-28,short,5,-10.7625
HD,2022-01-25,2022-01-31,long,5,0.8713
AXP,2022-01-26,2022-02-01,long,5,6.0251
JNJ,2022-01-26,2022-02-01,long,5,1.9388
IBM,2022-01-26,2022-02-01,long,5,-0.4188
CVX,2022-01-26,2022-01-28,long,3,-1.4933
GE,2022-01-26,2022-02-01,short,5,-7.266
COP,2022-01-26,2022-02-01,long,5,5.0855
INTC,2022-01-28,2022-02-03,short,5,-0.6078
TSLA,2022-01-28,2022-02-03,short,5,-8.1586
MA,2022-01-31,2022-02-04,long,5,-0.081
CVX,2022-01-31,2022-02-04,short,5,-3.9728
V,2022-01-31,2022-02-04,long,5,0.1711
AAPL,2022-01-31,2022-02-04,long,5,1.3384
MCD,2022-01-31,2022-02-04,long,5,1.5503
CAT,2022-01-31,2022-02-04,short,5,1.2917
NFLX,2022-02-01,2022-02-07,long,5,-5.8623
XOM,2022-02-02,2022-02-08,long,5,-0.7052
PYPL,2022-02-03,2022-02-09,short,5,7.1812
GOOGL,2022-02-03,2022-02-09,long,5,-4.3297
AMZN,2022-02-04,2022-02-04,short,1,-13.5359
META,2022-02-04,2022-02-10,short,5,3.5975
TXN,2022-02-04,2022-02-10,short,5,2.6198
MRK,2022-02-04,2022-02-10,short,5,3.1704
F,2022-02-07,2022-02-11,short,5,2.0861
AMZN,2022-02-07,2022-02-11,long,5,-2.7569
BLK,2022-02-11,2022-02-17,short,5,1.8764
AMD,2022-02-14,2022-02-18,short,5,-1.2897
GE,2022-02-16,2022-02-18,long,3,-8.155
MU,2022-02-16,2022-02-23,long,5,-9.0521
CAT,2022-02-18,2022-02-25,short,5,3.9952
ORCL,2022-02-18,2022-02-25,short,5,-1.2875
IBM,2022-02-18,2022-02-25,short,5,0.577
WMT,2022-02-18,2022-02-25,long,5,-1.8001
MS,2022-02-18,2022-02-25,short,5,1.5394
INTC,2022-02-22,2022-02-28,short,5,-5.8275
GE,2022-02-22,2022-02-28,short,5,-3.1753
HD,2022-02-23,2022-03-01,short,5,-1.3883
CRM,2022-02-25,2022-03-03,long,5,0.2252
ADBE,2022-02-25,2022-03-03,long,5,-1.022
MRK,2022-02-25,2022-02-25,short,1,-3.8226
MSFT,2022-02-25,2022-03-03,long,5,0.4515
MRK,2022-02-28,2022-03-04,long,5,1.9785
BRK-B,2022-02-28,2022-03-04,long,5,1.9108
JNJ,2022-02-28,2022-03-04,long,5,2.0964
KO,2022-02-28,2022-03-04,long,5,-0.4455
UNH,2022-02-28,2022-03-04,long,5,4.8134
PG,2022-02-28,2022-03-04,long,5,-1.959
CVX,2022-02-28,2022-03-15,long,12,12.7511
WFC,2022-03-02,2022-03-08,short,5,7.3754
AXP,2022-03-02,2022-03-14,short,9,1.8242
F,2022-03-03,2022-03-09,long,5,-9.558
MU,2022-03-03,2022-03-04,long,2,-12.2079
CAT,2022-03-03,2022-03-15,long,9,12.3826
MU,2022-03-07,2022-03-11,short,5,11.2887
BLK,2022-03-07,2022-03-11,short,5,1.0284
BAC,2022-03-08,2022-03-09,short,2,-6.9594
NKE,2022-03-08,2022-03-14,short,5,5.2729
SBUX,2022-03-08,2022-03-18,short,9,-6.8342
MCD,2022-03-08,2022-03-14,short,5,-0.8719
DIS,2022-03-08,2022-03-14,short,5,3.3603
QCOM,2022-03-08,2022-03-14,short,5,5.4376
PG,2022-03-09,2022-03-15,short,5,-2.5544
KO,2022-03-09,2022-03-15,short,5,-2.4594
XOM,2022-03-10,2022-03-22,short,9,0.3255
BAC,2022-03-10,2022-03-16,long,5,4.2885
MS,2022-03-17,2022-03-23,long,5,0.6757
ADBE,2022-03-24,2022-03-30,short,5,-8.4252
INTC,2022-03-25,2022-03-31,long,5,-3.9907
NVDA,2022-03-25,2022-03-31,long,5,-3.0693
TSLA,2022-03-29,2022-04-04,long,5,4.9101
MA,2022-03-30,2022-04-05,long,5,-1.1509
F,2022-03-30,2022-04-05,long,5,-10.8732
AMD,2022-04-01,2022-04-07,short,5,5.1472
LLY,2022-04-07,2022-04-13,long,5,-1.0365
ABBV,2022-04-07,2022-04-11,long,3,0.5447
MSFT,2022-04-07,2022-04-19,short,8,4.6258
JNJ,2022-04-07,2022-04-13,long,5,-0.8615
PFE,2022-04-08,2022-04-14,long,5,-3.6983
COST,2022-04-08,2022-04-14,long,5,-2.9043
TMO,2022-04-08,2022-04-11,long,2,-4.3351
TMO,2022-04-12,2022-04-19,short,5,1.9075
ABBV,2022-04-12,2022-04-21,short,7,5.8871
CAT,2022-04-18,2022-04-22,long,5,-4.5971
NKE,2022-04-18,2022-04-22,long,5,-3.2894
JNJ,2022-04-20,2022-04-26,long,5,0.8739
IBM,2022-04-21,2022-04-27,long,5,-2.3569
DIS,2022-04-21,2022-04-27,short,5,7.826
PYPL,2022-04-21,2022-04-27,short,5,14.0151
NFLX,2022-04-21,2022-04-27,short,5,19.066
PG,2022-04-21,2022-04-27,long,5,-2.0751
META,2022-04-21,2022-04-28,short,6,-6.2209
CVX,2022-04-22,2022-04-28,short,5,1.4956
NKE,2022-04-25,2022-05-03,short,7,4.3324
COST,2022-04-25,2022-05-12,short,14,16.3707
GS,2022-04-25,2022-04-29,short,5,4.4011
CAT,2022-04-25,2022-04-29,short,5,2.6014
ORCL,2022-04-25,2022-04-29,short,5,3.5401
LLY,2022-04-25,2022-04-28,short,4,-6.4708
MS,2022-04-25,2022-04-29,short,5,3.9747
TSLA,2022-04-27,2022-05-03,short,5,-3.7579
V,2022-04-27,2022-04-27,short,1,-6.4694
AVGO,2022-04-27,2022-05-03,short,5,-4.0771
GE,2022-04-27,2022-05-03,short,5,3.4056
TMO,2022-04-27,2022-04-28,short,2,-8.1043
MSFT,2022-04-28,2022-05-04,long,5,2.3869
MA,2022-04-28,2022-05-05,long,6,-2.2679
V,2022-04-28,2022-05-04,long,5,0.1915
BA,2022-04-28,2022-05-04,short,5,-1.877
PYPL,2022-04-29,2022-05-05,long,5,-7.2321
MCD,2022-04-29,2022-05-11,long,9,-3.8397
META,2022-04-29,2022-05-05,long,5,1.2395
TMO,2022-04-29,2022-05-05,long,5,-1.4994
QCOM,2022-04-29,2022-05-05,long,5,-4.42
LLY,2022-04-29,2022-05-05,long,5,-1.6483
AAPL,2022-04-29,2022-05-05,long,5,-4.1982
MRK,2022-04-29,2022-05-05,long,5,-0.6434
AMZN,2022-05-02,2022-05-06,short,5,7.6245
INTC,2022-05-02,2022-05-06,short,5,-2.6943
ABBV,2022-05-02,2022-05-06,short,5,-3.931
PEP,2022-05-02,2022-05-04,short,3,-1.4096
BLK,2022-05-05,2022-05-11,long,5,-9.753
IBM,2022-05-05,2022-05-10,long,4,-4.8789
PEP,2022-05-05,2022-05-11,long,5,-1.8406
AMD,2022-05-05,2022-05-09,long,3,-13.1362
SBUX,2022-05-05,2022-05-05,long,1,-5.0955
SBUX,2022-05-06,2022-05-12,short,5,9.7539
NKE,2022-05-06,2022-05-12,short,5,9.6715
CRM,2022-05-06,2022-05-12,short,5,7.0562
AAPL,2022-05-06,2022-05-12,short,5,9.2807
HD,2022-05-06,2022-05-12,short,5,3.0359
COP,2022-05-10,2022-05-16,short,5,-8.4811
GE,2022-05-10,2022-05-16,short,5,-2.3134
CVX,2022-05-10,2022-05-16,short,5,-8.1103
TMO,2022-05-10,2022-05-16,short,5,-4.2162
AMD,2022-05-10,2022-05-16,short,5,-9.2395
XOM,2022-05-10,2022-05-16,short,5,-8.2548
BA,2022-05-10,2022-05-16,short,5,6.9542
UBER,2022-05-10,2022-05-16,short,5,-2.9914
IBM,2022-05-11,2022-05-17,short,5,-6.788
SBUX,2022-05-16,2022-05-20,long,5,-2.9233
F,2022-05-16,2022-05-20,long,5,-7.4074
WMT,2022-05-18,2022-05-25,short,6,5.7908
PEP,2022-05-19,2022-05-25,short,5,-3.2382
UNH,2022-05-19,2022-05-25,short,5,-5.4337
COST,2022-05-19,2022-05-25,short,5,-2.6131
PG,2022-05-19,2022-05-25,short,5,-0.2813
AAPL,2022-05-19,2022-05-25,short,5,-0.0459
ORCL,2022-05-19,2022-05-25,short,5,-2.354
IBM,2022-05-19,2022-05-25,short,5,-1.2323
AVGO,2022-05-19,2022-05-25,short,5,6.9996
MCD,2022-05-19,2022-05-25,short,5,-5.4626
CSCO,2022-05-19,2022-05-26,short,6,5.2982
KO,2022-05-19,2022-05-25,short,5,-4.665
JPM,2022-05-24,2022-05-31,long,5,6.1236
BAC,2022-05-24,2022-05-31,long,5,3.7079
META,2022-05-25,2022-06-01,short,5,-4.1951
TMO,2022-05-31,2022-06-06,long,5,-3.4018
CRM,2022-06-02,2022-06-08,long,5,7.4516
COST,2022-06-03,2022-06-09,long,5,-3.1911
MU,2022-06-06,2022-06-10,short,5,11.1241
XOM,2022-06-08,2022-06-13,long,4,-7.2748
INTC,2022-06-09,2022-06-15,short,5,6.3578
BLK,2022-06-13,2022-06-17,short,5,5.8797
WFC,2022-06-13,2022-06-17,short,5,3.804
GS,2022-06-13,2022-06-17,short,5,2.4278
ADBE,2022-06-13,2022-06-17,short,5,8.6616
MS,2022-06-13,2022-06-17,short,5,5.9634
JPM,2022-06-13,2022-06-17,short,5,5.5981
ORCL,2022-06-14,2022-06-14,short,1,-10.4138
F,2022-06-14,2022-06-24,short,8,-2.6485
CVX,2022-06-14,2022-06-24,short,8,14.364
GM,2022-06-14,2022-06-24,short,8,-8.4141
AXP,2022-06-14,2022-06-24,short,8,-0.6598
BA,2022-06-14,2022-06-15,short,2,-14.386
BRK-B,2022-06-14,2022-06-21,short,5,3.4169
XOM,2022-06-14,2022-06-21,short,5,3.8654
ORCL,2022-06-15,2022-06-22,long,5,-5.9248
BA,2022-06-16,2022-06-23,long,5,0.187
CAT,2022-06-17,2022-06-24,short,5,4.3616
AVGO,2022-06-17,2022-06-24,short,5,-3.2609
GE,2022-06-17,2022-06-24,short,5,-2.9342
QCOM,2022-06-17,2022-06-24,short,5,-3.7243
MA,2022-06-17,2022-06-24,short,5,-6.7965
NKE,2022-06-17,2022-06-24,short,5,-5.534
COP,2022-06-17,2022-06-27,short,6,8.0747
UNH,2022-06-22,2022-06-28,long,5,5.8544
MRK,2022-06-22,2022-06-28,long,5,4.3849
XOM,2022-06-22,2022-06-28,long,5,0.0219
BLK,2022-06-22,2022-06-28,long,5,2.3725
CRM,2022-06-27,2022-07-01,long,5,-9.531
WFC,2022-06-27,2022-07-01,long,5,-2.0609
MS,2022-06-27,2022-07-01,long,5,-1.375
GS,2022-06-27,2022-07-01,long,5,-1.1627
BRK-B,2022-06-27,2022-07-01,long,5,-0.2803
JNJ,2022-06-29,2022-07-06,short,5,-0.7823
NKE,2022-06-29,2022-07-06,short,5,-1.5083
BA,2022-07-13,2022-07-19,long,5,6.1026
TMO,2022-07-13,2022-07-19,short,5,-1.3986
MSFT,2022-07-13,2022-07-19,short,5,-2.3239
COST,2022-07-15,2022-07-21,long,5,3.4223
WFC,2022-07-18,2022-07-22,long,5,4.9599
NFLX,2022-07-18,2022-07-27,long,8,19.9038
BAC,2022-07-18,2022-07-22,long,5,3.6589
UNH,2022-07-18,2022-07-22,long,5,-1.5743
BLK,2022-07-20,2022-07-26,long,5,-0.8594
IBM,2022-07-20,2022-07-26,short,5,2.1342
GS,2022-07-20,2022-07-26,long,5,0.1572
TSLA,2022-07-22,2022-07-28,long,5,3.3835
TMO,2022-07-22,2022-07-28,long,5,3.9374
META,2022-07-25,2022-07-29,short,5,5.3962
GOOGL,2022-07-25,2022-07-27,short,3,-5.1754
WMT,2022-07-27,2022-07-27,short,1,-3.7793
MCD,2022-07-27,2022-08-02,long,5,1.5403
MSFT,2022-07-28,2022-08-03,long,5,5.109
PYPL,2022-07-28,2022-08-10,long,10,14.4527
NVDA,2022-07-28,2022-08-03,long,5,6.2001
TXN,2022-07-28,2022-08-03,long,5,7.6591
GOOGL,2022-07-28,2022-08-03,long,5,4.4401
WMT,2022-07-28,2022-08-03,long,5,3.0887
F,2022-07-29,2022-08-04,long,5,9.7857
PG,2022-08-01,2022-08-05,short,5,-4.1392
INTC,2022-08-01,2022-08-05,short,5,1.4294
AMZN,2022-08-01,2022-08-05,long,5,4.3349
CVX,2022-08-01,2022-08-05,long,5,-6.1912
ABBV,2022-08-01,2022-08-05,short,5,3.8731
CAT,2022-08-01,2022-08-02,long,2,-7.4351
BA,2022-08-02,2022-08-08,long,5,-1.8809
UBER,2022-08-03,2022-08-09,long,5,6.188
CAT,2022-08-03,2022-08-09,short,5,-1.3672
AAPL,2022-08-04,2022-08-10,long,5,2.0135
DIS,2022-08-04,2022-08-10,long,5,3.1279
SBUX,2022-08-04,2022-08-10,long,5,-0.8938
WMT,2022-08-05,2022-08-11,short,5,-3.7246
TSLA,2022-08-08,2022-08-12,short,5,-4.4367
NVDA,2022-08-09,2022-08-15,short,5,-7.189
GS,2022-08-11,2022-08-17,long,5,1.6757
BLK,2022-08-11,2022-08-17,long,5,2.4834
DIS,2022-08-12,2022-08-18,long,5,4.2314
PFE,2022-08-15,2022-08-19,long,5,-1.9158
HD,2022-08-17,2022-08-23,long,5,-6.2557
WMT,2022-08-17,2022-08-23,long,5,-3.8531
TXN,2022-08-18,2022-08-24,short,5,2.5148
CSCO,2022-08-19,2022-08-25,long,5,-4.2536
BLK,2022-08-22,2022-09-02,short,10,8.102
F,2022-08-23,2022-08-29,short,5,-3.3692
BRK-B,2022-08-23,2022-09-02,short,9,3.7722
NFLX,2022-08-23,2022-08-29,short,5,0.5676
ORCL,2022-08-23,2022-09-02,short,9,2.2509
PEP,2022-08-29,2022-09-02,short,5,1.8447
WMT,2022-08-29,2022-09-02,short,5,-1.0959
COST,2022-08-29,2022-09-02,short,5,2.3735
NKE,2022-08-29,2022-09-02,short,5,2.0882
KO,2022-08-29,2022-09-02,short,5,3.1658
MS,2022-08-29,2022-09-02,short,5,0.4125
TMO,2022-08-29,2022-09-02,short,5,3.6358
QCOM,2022-08-29,2022-09-02,short,5,6.9959
MSFT,2022-08-29,2022-09-02,short,5,4.6443
IBM,2022-08-29,2022-09-02,short,5,1.9855
AVGO,2022-08-29,2022-09-02,short,5,4.0136
TXN,2022-08-29,2022-09-02,short,5,3.9178
ADBE,2022-08-29,2022-09-02,short,5,3.4624
NVDA,2022-08-29,2022-09-02,short,5,18.1797
INTC,2022-08-29,2022-09-02,short,5,6.7467
MU,2022-08-29,2022-09-02,short,5,2.229
MCD,2022-08-29,2022-09-02,short,5,0.3657
AAPL,2022-08-29,2022-09-02,short,5,4.9346
HD,2022-08-29,2022-09-02,short,5,1.4048
SBUX,2022-08-29,2022-09-02,short,5,1.2273
GOOGL,2022-08-29,2022-09-02,short,5,2.2447
V,2022-08-29,2022-09-02,short,5,2.5534
MA,2022-08-29,2022-09-02,short,5,2.8865
ABBV,2022-09-02,2022-09-09,long,5,2.1452
JNJ,2022-09-02,2022-09-09,long,5,0.2238
SBUX,2022-09-08,2022-09-21,long,10,0.3284
AAPL,2022-09-13,2022-09-13,long,1,-5.8679
META,2022-09-14,2022-09-20,short,5,4.7076
GS,2022-09-14,2022-09-20,short,5,1.5075
CSCO,2022-09-14,2022-09-20,short,5,3.5393
AAPL,2022-09-14,2022-09-20,short,5,-2.0918
AVGO,2022-09-14,2022-09-20,short,5,2.0498
NFLX,2022-09-14,2022-09-20,short,5,-10.5298
COST,2022-09-14,2022-09-20,short,5,2.1257
BLK,2022-09-14,2022-09-20,short,5,3.5349
NKE,2022-09-14,2022-09-27,short,10,9.2947
UNH,2022-09-14,2022-09-20,short,5,-1.7665
WFC,2022-09-14,2022-09-20,short,5,-0.5286
MCD,2022-09-14,2022-09-20,short,5,-0.4435
MA,2022-09-14,2022-09-20,short,5,3.802
AMD,2022-09-14,2022-09-20,short,5,2.3101
GOOGL,2022-09-14,2022-09-20,short,5,3.0619
PEP,2022-09-14,2022-09-20,short,5,-0.9423
ADBE,2022-09-14,2022-09-22,short,7,24.4968
MSFT,2022-09-14,2022-09-20,short,5,3.8501
V,2022-09-14,2022-09-20,short,5,3.8991
BRK-B,2022-09-14,2022-09-20,short,5,0.383
BA,2022-09-14,2022-09-20,short,5,0.7772
GE,2022-09-14,2022-09-20,short,5,6.1835
HD,2022-09-14,2022-09-20,short,5,1.2339
QCOM,2022-09-14,2022-09-20,short,5,0.0043
JNJ,2022-09-14,2022-09-20,short,5,-2.2837
INTC,2022-09-14,2022-09-20,short,5,1.0733
JPM,2022-09-14,2022-09-20,short,5,0.408
DIS,2022-09-14,2022-09-20,short,5,3.7825
AXP,2022-09-14,2022-09-20,short,5,1.1386
TMO,2022-09-14,2022-09-20,short,5,5.0671
PFE,2022-09-14,2022-09-20,short,5,3.1298
MU,2022-09-14,2022-09-20,short,5,5.4471
TXN,2022-09-14,2022-09-20,short,5,-2.1312
KO,2022-09-14,2022-09-20,short,5,0.1936
F,2022-09-14,2022-09-27,short,10,21.5047
AMZN,2022-09-14,2022-09-20,short,5,3.6389
IBM,2022-09-14,2022-09-20,short,5,0.6868
CAT,2022-09-14,2022-09-20,short,5,3.4325
NVDA,2022-09-14,2022-09-20,short,5,-0.4505
COP,2022-09-15,2022-09-21,long,5,-5.624
ORCL,2022-09-15,2022-09-21,short,5,7.8629
GM,2022-09-21,2022-09-27,short,5,12.0673
LLY,2022-09-23,2022-10-05,long,9,6.7263
SBUX,2022-09-23,2022-09-29,short,5,-2.2875
MRK,2022-09-23,2022-09-29,long,5,-0.9942
XOM,2022-09-26,2022-09-30,short,5,-2.0254
COST,2022-09-26,2022-09-30,short,5,-1.4306
COP,2022-09-26,2022-09-30,short,5,-3.4684
CVX,2022-09-26,2022-09-30,short,5,0.5705
PG,2022-09-28,2022-10-04,short,5,1.2977
MCD,2022-09-28,2022-10-04,short,5,-0.8477
KO,2022-09-28,2022-10-04,short,5,-0.7433
HD,2022-09-29,2022-10-05,long,5,2.7145
NFLX,2022-09-29,2022-10-05,long,5,-3.4543
AAPL,2022-09-30,2022-10-06,short,5,-2.2783
TSLA,2022-09-30,2022-10-10,short,7,18.6531
ABBV,2022-10-03,2022-10-07,short,5,-3.5013
NKE,2022-10-03,2022-10-07,short,5,-5.0332
COP,2022-10-04,2022-10-10,long,5,6.2108
XOM,2022-10-04,2022-10-10,long,5,7.5283
CVX,2022-10-04,2022-10-10,long,5,3.5655
IBM,2022-10-05,2022-10-11,long,5,-6.1355
GM,2022-10-05,2022-10-11,long,5,-10.3631
WFC,2022-10-05,2022-10-11,long,5,-7.6022
GE,2022-10-05,2022-10-11,long,5,-5.2414
JPM,2022-10-05,2022-10-11,long,5,-8.7769
GS,2022-10-05,2022-10-11,long,5,-6.5615
F,2022-10-05,2022-10-11,long,5,-6.4725
UBER,2022-10-05,2022-10-11,long,5,-15.519
AVGO,2022-10-05,2022-10-11,long,5,-10.2322
PYPL,2022-10-05,2022-10-11,long,5,-10.4537
CAT,2022-10-05,2022-10-11,long,5,0.0668
MSFT,2022-10-10,2022-10-14,short,5,2.2047
INTC,2022-10-10,2022-10-14,short,5,-1.0118
NVDA,2022-10-10,2022-10-14,short,5,6.8543
AMD,2022-10-10,2022-10-14,short,5,4.1468
TXN,2022-10-10,2022-10-14,short,5,7.0851
MRK,2022-10-11,2022-10-17,long,5,4.023
UBER,2022-10-12,2022-10-18,short,5,-11.6671
PEP,2022-10-13,2022-10-20,long,6,1.222
WFC,2022-10-14,2022-10-20,long,5,2.9967
BRK-B,2022-10-14,2022-10-20,long,5,-0.8159
JPM,2022-10-14,2022-10-20,long,5,6.1809
BLK,2022-10-14,2022-10-20,long,5,1.1183
IBM,2022-10-14,2022-10-27,long,10,10.6577
MCD,2022-10-14,2022-10-20,long,5,1.2239
CVX,2022-10-14,2022-10-20,long,5,2.2265
BAC,2022-10-14,2022-10-24,long,7,10.6658
MS,2022-10-17,2022-10-21,short,5,-5.2662
NFLX,2022-10-20,2022-10-26,long,5,9.6336
ORCL,2022-10-24,2022-10-28,long,5,6.4099
CAT,2022-10-24,2022-11-03,long,9,15.2665
JPM,2022-10-24,2022-10-28,long,5,3.1498
MRK,2022-10-24,2022-10-28,long,5,5.3308
PFE,2022-10-24,2022-11-04,long,10,5.9504
SBUX,2022-10-25,2022-10-31,short,5,-3.3557
PYPL,2022-10-26,2022-11-01,long,5,-6.8691
GOOGL,2022-10-27,2022-11-02,short,5,8.4526
MSFT,2022-10-27,2022-11-02,short,5,4.6987
V,2022-10-27,2022-11-02,long,5,-1.1705
BA,2022-10-27,2022-11-02,short,5,-9.5801
META,2022-10-28,2022-11-03,short,5,9.3789
MCD,2022-10-28,2022-11-04,long,6,3.5872
BRK-B,2022-10-31,2022-11-04,long,5,-4.0583
AAPL,2022-10-31,2022-11-04,long,5,-10.9994
ABBV,2022-10-31,2022-11-04,short,5,1.5652
INTC,2022-10-31,2022-11-04,long,5,-1.6826
AMZN,2022-10-31,2022-11-04,short,5,12.8969
UBER,2022-11-02,2022-11-08,long,5,-7.7647
CRM,2022-11-03,2022-11-09,short,5,5.0402
MA,2022-11-03,2022-11-09,short,5,0.979
TMO,2022-11-03,2022-11-09,short,5,1.2269
COP,2022-11-04,2022-11-09,long,4,-6.3966
QCOM,2022-11-04,2022-11-10,short,5,-14.8839
SBUX,2022-11-07,2022-11-17,long,9,6.1695
NKE,2022-11-07,2022-11-18,long,10,10.0532
COP,2022-11-10,2022-11-16,short,5,-3.8067
CVX,2022-11-10,2022-11-16,short,5,-3.9605
DIS,2022-11-10,2022-11-16,short,5,-8.1113
XOM,2022-11-10,2022-11-16,short,5,-4.4517
MU,2022-11-11,2022-11-16,long,4,-2.3229
WFC,2022-11-11,2022-11-17,long,5,-4.0876
GOOGL,2022-11-11,2022-11-17,long,5,4.7051
PG,2022-11-11,2022-11-17,long,5,-0.2196
COST,2022-11-11,2022-11-17,long,5,1.5961
QCOM,2022-11-11,2022-11-17,long,5,1.8064
CRM,2022-11-11,2022-11-17,long,5,-4.229
MSFT,2022-11-11,2022-11-17,long,5,-0.2547
V,2022-11-11,2022-11-17,long,5,2.6366
INTC,2022-11-11,2022-11-17,long,5,0.4368
AXP,2022-11-11,2022-11-17,long,5,-2.6559
JPM,2022-11-11,2022-11-17,long,5,-1.8804
TXN,2022-11-11,2022-11-17,long,5,0.3836
BAC,2022-11-11,2022-11-17,long,5,-2.5177
HD,2022-11-11,2022-11-17,long,5,-0.0834
ADBE,2022-11-11,2022-11-17,long,5,2.3882
AVGO,2022-11-11,2022-11-17,long,5,1.0936
TMO,2022-11-11,2022-11-17,long,5,1.7884
META,2022-11-11,2022-11-17,long,5,-0.3754
F,2022-11-11,2022-11-17,long,5,-0.8787
MS,2022-11-11,2022-11-17,long,5,0.1689
BLK,2022-11-11,2022-11-17,long,5,-5.0671
CSCO,2022-11-11,2022-11-25,long,10,6.0009
BRK-B,2022-11-11,2022-11-17,long,5,1.3984
PYPL,2022-11-11,2022-11-17,long,5,-1.3364
MA,2022-11-11,2022-11-17,long,5,1.186
NVDA,2022-11-11,2022-11-17,long,5,-0.4635
AAPL,2022-11-11,2022-11-17,long,5,2.6214
GS,2022-11-11,2022-11-17,long,5,0.3886
AMD,2022-11-11,2022-11-17,long,5,7.9305
NFLX,2022-11-11,2022-11-17,long,5,7.3863
AMZN,2022-11-11,2022-11-17,long,5,-1.8421
KO,2022-11-11,2022-11-17,long,5,-0.2792
JNJ,2022-11-14,2022-11-18,short,5,-3.9844
MRK,2022-11-14,2022-11-18,short,5,-6.1641
LLY,2022-11-14,2022-11-18,short,5,-2.9635
UNH,2022-11-14,2022-11-18,short,5,-1.676
PFE,2022-11-15,2022-11-21,long,5,-2.1527
UBER,2022-11-16,2022-11-22,long,5,-11.0548
WMT,2022-11-16,2022-11-22,long,5,2.8825
MU,2022-11-17,2022-11-23,short,5,-0.2297
DIS,2022-11-22,2022-11-29,long,5,-2.9617
KO,2022-12-01,2022-12-07,long,5,-0.11
NVDA,2022-12-01,2022-12-07,long,5,-4.745
AVGO,2022-12-01,2022-12-07,long,5,-5.9035
TXN,2022-12-01,2022-12-07,long,5,-3.7183
ADBE,2022-12-01,2022-12-07,long,5,-5.2909
NFLX,2022-12-01,2022-12-07,long,5,0.9459
MA,2022-12-01,2022-12-07,long,5,-2.5196
SBUX,2022-12-01,2022-12-07,long,5,-0.3229
META,2022-12-01,2022-12-06,long,4,-3.37
PG,2022-12-01,2022-12-07,long,5,0.724
V,2022-12-01,2022-12-07,long,5,-4.235
UNH,2022-12-01,2022-12-07,long,5,-0.5799
MSFT,2022-12-01,2022-12-07,long,5,-4.2212
QCOM,2022-12-01,2022-12-07,long,5,-6.546
GOOGL,2022-12-01,2022-12-07,long,5,-5.9907
CRM,2022-12-02,2022-12-12,short,7,9.7243
COST,2022-12-02,2022-12-08,short,5,4.5855
BAC,2022-12-06,2022-12-13,short,6,5.0325
ORCL,2022-12-06,2022-12-12,short,5,-2.3383
WFC,2022-12-06,2022-12-12,short,5,1.8055
META,2022-12-07,2022-12-13,short,5,-5.2592
PFE,2022-12-09,2022-12-15,long,5,3.5342
IBM,2022-12-16,2022-12-22,short,5,0.9758
COST,2022-12-16,2022-12-22,short,5,1.1127
NFLX,2022-12-16,2022-12-22,short,5,-2.5841
F,2022-12-19,2022-12-23,short,5,6.2688
PFE,2022-12-19,2022-12-23,short,5,-0.8355
NKE,2022-12-22,2022-12-29,long,5,1.356
NVDA,2022-12-23,2022-12-30,short,5,4.2445
GM,2022-12-23,2022-12-30,short,5,-0.536
TSLA,2023-01-04,2023-01-10,short,5,-9.7399
GE,2023-01-05,2023-01-11,long,5,10.6695
MU,2023-01-05,2023-01-11,long,5,7.1218
MSFT,2023-01-05,2023-01-11,short,5,-3.0315
SBUX,2023-01-05,2023-01-11,long,5,1.7614
WMT,2023-01-09,2023-01-13,long,5,-1.0151
COST,2023-01-09,2023-01-13,long,5,0.4929
V,2023-01-09,2023-01-13,long,5,2.4386
TXN,2023-01-09,2023-01-13,long,5,2.198
CSCO,2023-01-09,2023-01-13,long,5,1.1589
BLK,2023-01-09,2023-01-13,long,5,2.1667
PG,2023-01-09,2023-01-13,long,5,-1.975
CAT,2023-01-09,2023-01-13,long,5,3.8576
AVGO,2023-01-09,2023-01-13,long,5,-1.6026
TMO,2023-01-09,2023-01-13,short,5,-8.6141
MCD,2023-01-09,2023-01-13,long,5,-0.2152
MA,2023-01-09,2023-01-13,long,5,2.1351
PFE,2023-01-10,2023-01-24,short,10,7.9844
MRK,2023-01-10,2023-01-17,short,5,-0.097
LLY,2023-01-10,2023-01-17,short,5,-2.2813
JNJ,2023-01-10,2023-01-17,short,5,1.8598
ABBV,2023-01-10,2023-01-17,short,5,4.6769
AMZN,2023-01-12,2023-01-19,long,5,-1.4828
GM,2023-01-17,2023-01-23,short,5,0.0446
WFC,2023-01-17,2023-01-23,long,5,1.8318
F,2023-01-17,2023-01-23,short,5,-0.8382
GS,2023-01-18,2023-01-24,short,5,0.3425
MS,2023-01-18,2023-01-24,long,5,-1.6172
PG,2023-01-19,2023-01-25,short,5,2.596
WMT,2023-01-19,2023-01-25,short,5,-1.114
PEP,2023-01-19,2023-01-25,short,5,-0.2098
MCD,2023-01-19,2023-01-25,short,5,-2.6095
IBM,2023-01-19,2023-01-25,short,5,-0.256
KO,2023-01-19,2023-01-25,short,5,-1.8492
HD,2023-01-20,2023-01-26,short,5,-0.968
GOOGL,2023-01-23,2023-01-27,long,5,1.3773
DIS,2023-01-23,2023-01-27,long,5,5.8562
NFLX,2023-01-23,2023-01-27,long,5,5.3343
QCOM,2023-01-24,2023-01-30,long,5,0.4579
NVDA,2023-01-24,2023-01-30,long,5,-0.1615
AMD,2023-01-24,2023-01-30,long,5,-5.3312
MU,2023-01-24,2023-01-30,long,5,-0.1779
TMO,2023-01-25,2023-01-31,short,5,1.7687
CVX,2023-01-27,2023-01-27,long,1,-4.4411
IBM,2023-01-27,2023-02-02,short,5,-1.4385
XOM,2023-01-27,2023-02-02,long,5,-5.6131
TSLA,2023-01-27,2023-02-03,long,6,18.5375
CRM,2023-01-27,2023-02-02,long,5,5.7847
INTC,2023-01-30,2023-02-03,short,5,-7.3563
AXP,2023-01-30,2023-02-03,long,5,3.8013
CVX,2023-01-30,2023-02-03,short,5,5.7654
JNJ,2023-01-31,2023-02-06,short,5,-0.8587
GM,2023-02-01,2023-02-09,long,7,5.8749
CAT,2023-02-01,2023-02-07,short,5,0.9657
NVDA,2023-02-02,2023-02-08,long,5,6.0259
AMD,2023-02-02,2023-02-08,long,5,0.0591
META,2023-02-03,2023-02-09,long,5,-5.7477
PYPL,2023-02-03,2023-02-09,long,5,-9.8206
GOOGL,2023-02-03,2023-02-08,long,4,-7.7687
MSFT,2023-02-03,2023-02-14,long,8,2.8609
MRK,2023-02-03,2023-02-09,short,5,-3.1005
LLY,2023-02-03,2023-02-09,short,5,-3.3139
COP,2023-02-03,2023-02-09,short,5,0.9618
AMZN,2023-02-03,2023-02-03,long,1,-8.4315
UNH,2023-02-03,2023-02-09,short,5,-3.0936
AMZN,2023-02-06,2023-02-10,short,5,5.8249
F,2023-02-06,2023-02-10,short,5,-2.2986
SBUX,2023-02-06,2023-02-10,short,5,-3.1367
GOOGL,2023-02-09,2023-02-15,short,5,2.2488
ABBV,2023-02-10,2023-02-16,long,5,0.5582
XOM,2023-02-13,2023-02-17,long,5,-5.9022
LLY,2023-02-16,2023-02-23,short,5,2.2035
CSCO,2023-02-17,2023-02-24,long,5,-4.9225
MRK,2023-02-21,2023-02-27,long,5,-0.1461
IBM,2023-02-22,2023-02-28,short,5,1.8517
HD,2023-02-22,2023-02-28,short,5,-0.3703
INTC,2023-02-22,2023-02-28,short,5,4.4311
GM,2023-02-22,2023-02-28,short,5,5.9712
NVDA,2023-02-24,2023-03-02,long,5,-1.479
BA,2023-02-27,2023-03-03,short,5,-8.04
ADBE,2023-02-27,2023-03-03,short,5,-7.0203
GS,2023-03-01,2023-03-07,short,5,0.7251
MRK,2023-03-01,2023-03-06,short,4,-4.5262
CAT,2023-03-02,2023-03-08,long,5,0.0201
CRM,2023-03-03,2023-03-09,long,5,-4.2178
AAPL,2023-03-06,2023-03-10,long,5,-1.6752
META,2023-03-06,2023-03-10,long,5,-3.0985
AVGO,2023-03-06,2023-03-10,long,5,-2.8336
MRK,2023-03-07,2023-03-13,long,5,-4.8335
JPM,2023-03-08,2023-03-22,short,11,7.896
WFC,2023-03-08,2023-03-20,short,9,16.9412
BAC,2023-03-08,2023-03-20,short,9,17.7909
BLK,2023-03-10,2023-03-16,short,5,2.1053
GM,2023-03-10,2023-03-16,short,5,8.9501
GE,2023-03-10,2023-03-16,long,5,0.4478
MS,2023-03-10,2023-03-22,short,9,4.5346
CAT,2023-03-13,2023-03-17,short,5,5.3868
ORCL,2023-03-13,2023-03-17,short,5,-1.4935
AXP,2023-03-13,2023-03-20,short,6,3.811
GS,2023-03-13,2023-03-17,short,5,7.4962
META,2023-03-15,2023-03-21,long,5,4.1954
AMD,2023-03-15,2023-03-23,long,7,14.6712
CVX,2023-03-16,2023-03-22,short,5,-1.6255
XOM,2023-03-16,2023-03-22,short,5,-3.1684
COP,2023-03-16,2023-03-22,short,5,-3.4216
INTC,2023-03-17,2023-03-23,long,5,-3.8105
ADBE,2023-03-17,2023-03-23,long,5,4.4468
MSFT,2023-03-17,2023-03-23,long,5,0.5286
NKE,2023-03-22,2023-03-22,long,1,-4.8643
NKE,2023-03-23,2023-03-29,short,5,-0.9433
MU,2023-03-24,2023-04-05,long,9,-7.0427
NFLX,2023-03-24,2023-03-30,long,5,5.6372
IBM,2023-03-28,2023-04-03,long,5,2.1267
INTC,2023-03-30,2023-04-05,long,5,4.1561
HD,2023-04-03,2023-04-10,long,5,-1.3384
SBUX,2023-04-03,2023-04-10,long,5,0.5858
UNH,2023-04-04,2023-04-13,long,7,6.4833
COP,2023-04-04,2023-04-11,long,5,-1.5403
CVX,2023-04-04,2023-04-11,long,5,-0.4295
XOM,2023-04-04,2023-04-11,long,5,-0.6717
CAT,2023-04-05,2023-04-12,short,5,-1.602
JNJ,2023-04-06,2023-04-13,long,5,0.3019
MU,2023-04-11,2023-04-17,long,5,-1.1538
AAPL,2023-04-14,2023-04-20,long,5,0.6584
AMZN,2023-04-14,2023-04-20,long,5,1.3769
JPM,2023-04-17,2023-04-21,long,5,1.3047
BLK,2023-04-17,2023-04-21,long,5,-1.5029
BA,2023-04-17,2023-04-21,short,5,-1.7446
JNJ,2023-04-19,2023-04-25,short,5,-2.552
UNH,2023-04-20,2023-04-26,short,5,0.6182
CSCO,2023-04-20,2023-04-27,short,6,3.0495
TSLA,2023-04-21,2023-04-27,short,5,1.327
LLY,2023-04-24,2023-05-10,long,13,13.1554
PG,2023-04-24,2023-04-28,long,5,0.1986
TXN,2023-04-26,2023-05-02,short,5,3.1914
TMO,2023-04-26,2023-05-02,short,5,0.6569
PEP,2023-04-26,2023-05-02,long,5,1.3389
MSFT,2023-04-27,2023-05-03,long,5,3.0572
MRK,2023-04-27,2023-05-03,short,5,-4.098
HD,2023-04-27,2023-05-03,short,5,-1.8231
AAPL,2023-04-28,2023-05-04,long,5,-1.5557
MCD,2023-04-28,2023-05-04,long,5,0.1493
AMZN,2023-04-28,2023-05-04,long,5,-5.2996
DIS,2023-04-28,2023-05-04,long,5,-2.4817
ABBV,2023-04-28,2023-05-04,short,5,0.9124
META,2023-04-28,2023-05-04,long,5,-2.1127
UBER,2023-05-02,2023-05-09,long,6,16.6463
AVGO,2023-05-03,2023-05-05,short,3,-2.9283
CVX,2023-05-03,2023-05-09,short,5,0.4682
XOM,2023-05-03,2023-05-09,short,5,0.7454
AXP,2023-05-03,2023-05-09,short,5,-0.2068
SBUX,2023-05-04,2023-05-10,short,5,-2.8764
ADBE,2023-05-04,2023-05-10,short,5,0.1235
AMD,2023-05-04,2023-05-10,short,5,-16.6199
DIS,2023-05-05,2023-05-18,short,10,2.8589
QCOM,2023-05-05,2023-05-11,short,5,2.2635
AVGO,2023-05-08,2023-05-12,long,5,0.1634
V,2023-05-08,2023-05-12,long,5,0.022
AAPL,2023-05-08,2023-05-12,long,5,-0.4386
PYPL,2023-05-08,2023-05-09,long,2,-12.0915
PYPL,2023-05-10,2023-05-16,short,5,7.9896
GOOGL,2023-05-11,2023-05-18,long,6,9.915
MU,2023-05-16,2023-05-22,long,5,2.4598
GE,2023-05-16,2023-05-22,long,5,2.5
BAC,2023-05-18,2023-05-24,long,5,-1.6451
HD,2023-05-18,2023-05-24,long,5,-0.4412
WFC,2023-05-18,2023-05-24,long,5,1.0134
NFLX,2023-05-19,2023-05-25,long,5,-3.3101
AVGO,2023-05-19,2023-06-05,long,11,18.3508
NVDA,2023-05-19,2023-06-02,long,10,24.1461
ORCL,2023-05-19,2023-05-23,long,3,-3.7131
NKE,2023-05-22,2023-05-30,short,6,7.5294
MCD,2023-05-23,2023-05-30,short,5,1.5417
PEP,2023-05-23,2023-05-30,short,5,2.749
PFE,2023-05-23,2023-05-30,long,5,-4.4903
PG,2023-05-23,2023-05-30,short,5,4.1288
KO,2023-05-23,2023-05-30,short,5,2.873
MA,2023-05-24,2023-05-31,short,5,2.3165
ORCL,2023-05-24,2023-05-25,short,2,-5.8623
V,2023-05-24,2023-05-31,short,5,1.5636
ORCL,2023-05-26,2023-06-02,long,5,1.5341
INTC,2023-05-26,2023-05-26,short,1,-5.8394
AMD,2023-05-26,2023-06-02,long,5,-2.069
ADBE,2023-05-26,2023-06-05,long,6,10.7433
MSFT,2023-05-26,2023-06-02,long,5,2.9087
META,2023-05-30,2023-06-05,long,5,3.5682
AXP,2023-05-30,2023-06-09,long,9,9.2089
NFLX,2023-05-30,2023-06-05,long,5,6.5087
QCOM,2023-05-30,2023-06-06,long,6,6.1786
F,2023-05-30,2023-05-31,long,2,-0.7444
COST,2023-05-30,2023-06-05,long,5,2.1665
INTC,2023-05-30,2023-06-05,long,5,2.9655
MU,2023-05-30,2023-06-05,long,5,-8.3322
AMZN,2023-05-30,2023-06-05,long,5,4.321
TXN,2023-05-30,2023-06-05,long,5,-3.4205
F,2023-06-01,2023-06-07,short,5,-12.0715
CRM,2023-06-02,2023-06-08,short,5,1.417
ABBV,2023-06-02,2023-06-08,short,5,-3.1389
BRK-B,2023-06-05,2023-06-09,long,5,1.7634
CAT,2023-06-05,2023-06-09,long,5,3.7065
NKE,2023-06-05,2023-06-09,long,5,-1.7814
KO,2023-06-05,2023-06-09,long,5,-1.1282
F,2023-06-08,2023-06-14,long,5,4.4886
MSFT,2023-06-08,2023-06-14,short,5,-4.1798
AMZN,2023-06-08,2023-06-14,short,5,-4.2315
GOOGL,2023-06-08,2023-06-14,short,5,-0.9605
ADBE,2023-06-09,2023-06-15,long,5,11.817
ORCL,2023-06-13,2023-06-22,long,7,3.5644
AVGO,2023-06-13,2023-06-20,long,5,1.4812
INTC,2023-06-13,2023-06-20,long,5,5.8361
NKE,2023-06-15,2023-06-20,long,3,-2.9417
UNH,2023-06-15,2023-06-22,short,5,-4.5306
MSFT,2023-06-16,2023-06-23,long,5,-3.7575
UBER,2023-06-16,2023-06-23,long,5,-0.0461
NKE,2023-06-21,2023-06-27,short,5,-3.6594
INTC,2023-06-22,2023-06-28,short,5,-2.0918
TSLA,2023-06-22,2023-06-28,short,5,0.5487
AMZN,2023-06-23,2023-06-29,long,5,-1.7288
PFE,2023-06-27,2023-07-03,short,5,0.6107
TXN,2023-06-28,2023-07-05,long,5,0.1248
JPM,2023-06-30,2023-07-07,long,5,1.3256
GS,2023-06-30,2023-07-07,long,5,-2.4513
WFC,2023-06-30,2023-07-07,long,5,0.7538
V,2023-06-30,2023-07-07,long,5,0.909
WMT,2023-07-03,2023-07-07,long,4,-2.3476
AAPL,2023-07-03,2023-07-10,long,5,-2.7633
TSLA,2023-07-05,2023-07-11,long,5,-3.5844
PYPL,2023-07-07,2023-07-13,short,5,-8.863
COP,2023-07-07,2023-07-13,short,5,-9.4402
XOM,2023-07-07,2023-07-13,short,5,-1.6219
MS,2023-07-07,2023-07-13,short,5,-3.3859
HD,2023-07-07,2023-07-13,short,5,-4.0918
PEP,2023-07-10,2023-07-13,short,4,-2.4348
COST,2023-07-10,2023-07-14,short,5,-4.0104
PG,2023-07-10,2023-07-14,short,5,-0.8439
WMT,2023-07-10,2023-07-14,short,5,-0.7701
SBUX,2023-07-11,2023-07-17,long,5,1.8158
TXN,2023-07-11,2023-07-17,long,5,2.2069
LLY,2023-07-12,2023-07-14,short,3,-2.3714
CRM,2023-07-12,2023-07-18,long,5,2.9208
CSCO,2023-07-13,2023-07-19,short,5,-3.3611
NVDA,2023-07-14,2023-07-20,long,5,-0.994
PEP,2023-07-14,2023-07-20,long,5,0.9439
GOOGL,2023-07-14,2023-07-20,long,5,-4.2878
XOM,2023-07-17,2023-07-21,short,5,-2.8803
LLY,2023-07-17,2023-07-21,long,5,2.7989
UNH,2023-07-17,2023-07-25,long,7,6.4061
DIS,2023-07-18,2023-07-24,short,5,-1.2447
F,2023-07-18,2023-07-24,short,5,-0.1858
MSFT,2023-07-19,2023-07-25,long,5,-2.3673
BAC,2023-07-19,2023-07-25,long,5,4.7231
NFLX,2023-07-19,2023-07-20,long,2,-7.8728
MS,2023-07-19,2023-07-25,long,5,2.6974
GS,2023-07-19,2023-07-25,long,5,5.168
WMT,2023-07-21,2023-07-27,long,5,1.0668
NFLX,2023-07-21,2023-07-27,short,5,5.746
ABBV,2023-07-21,2023-08-03,long,10,4.8245
TSLA,2023-07-21,2023-07-27,short,5,2.544
AMZN,2023-07-21,2023-07-27,short,5,1.3181
IBM,2023-07-21,2023-07-27,long,5,3.3169
JNJ,2023-07-21,2023-07-27,long,5,3.1536
META,2023-07-21,2023-07-27,short,5,-3.2444
TMO,2023-07-24,2023-07-28,long,5,-0.0605
AXP,2023-07-24,2023-07-28,short,5,2.7868
GE,2023-07-26,2023-08-01,long,5,-3.3629
GM,2023-07-26,2023-08-01,short,5,-0.6322
TXN,2023-07-27,2023-08-02,short,5,1.2023
GOOGL,2023-07-27,2023-08-02,long,5,-0.6885
MSFT,2023-07-27,2023-08-02,short,5,2.959
BA,2023-07-27,2023-08-02,long,5,-0.61
META,2023-07-28,2023-08-03,long,5,0.4748
MU,2023-07-28,2023-08-03,long,5,-2.6593
PG,2023-07-31,2023-08-04,long,5,-0.7225
INTC,2023-07-31,2023-08-04,long,5,-4.2454
CVX,2023-08-01,2023-08-07,long,5,-2.3035
DIS,2023-08-01,2023-08-02,long,2,-2.9137
JNJ,2023-08-01,2023-08-07,short,5,-3.2938
CAT,2023-08-02,2023-08-08,long,5,-1.9955
UBER,2023-08-02,2023-08-08,short,5,3.2131
NVDA,2023-08-03,2023-08-09,short,5,3.7366
DIS,2023-08-03,2023-08-09,short,5,-1.4087
AMD,2023-08-03,2023-08-09,short,5,-1.3471
PYPL,2023-08-04,2023-08-10,short,5,2.0027
QCOM,2023-08-04,2023-08-10,short,5,2.5471
AAPL,2023-08-07,2023-08-11,short,5,2.1826
AMZN,2023-08-07,2023-08-11,long,5,-0.8311
BRK-B,2023-08-08,2023-08-14,long,5,-1.1308
LLY,2023-08-09,2023-08-15,long,5,5.0214
AVGO,2023-08-10,2023-08-16,short,5,1.9765
GM,2023-08-11,2023-08-17,short,5,3.6818
F,2023-08-11,2023-08-17,short,5,2.7323
DIS,2023-08-11,2023-08-17,long,5,-6.3644
MU,2023-08-15,2023-08-21,long,5,-6.3269
NVDA,2023-08-15,2023-08-28,long,10,7.0441
BLK,2023-08-16,2023-08-22,short,5,1.0366
JPM,2023-08-16,2023-08-22,short,5,2.981
CVX,2023-08-16,2023-08-22,short,5,-0.8696
PYPL,2023-08-16,2023-08-22,short,5,-2.5882
WMT,2023-08-18,2023-08-24,short,5,-0.7977
CSCO,2023-08-18,2023-08-24,long,5,0.9319
PFE,2023-08-18,2023-08-24,long,5,-0.9586
COST,2023-08-18,2023-08-24,short,5,2.6659
JNJ,2023-08-22,2023-08-28,short,5,1.0778
AVGO,2023-08-22,2023-08-28,long,5,-0.4693
TSLA,2023-08-22,2023-08-28,long,5,3.2601
MRK,2023-08-24,2023-08-30,long,5,-0.9793
TMO,2023-08-24,2023-08-30,long,5,2.5237
AMD,2023-08-25,2023-08-31,short,5,-3.8214
NFLX,2023-08-25,2023-08-31,short,5,-6.3053
DIS,2023-08-25,2023-08-31,short,5,-1.4725
AAPL,2023-08-25,2023-08-31,short,5,-6.2176
BA,2023-08-25,2023-08-31,short,5,-3.1498
ORCL,2023-08-25,2023-08-31,short,5,-6.3948
TSLA,2023-08-30,2023-09-06,long,5,-2.0453
UNH,2023-09-01,2023-09-08,short,5,-1.3003
AVGO,2023-09-05,2023-09-11,short,5,1.526
TMO,2023-09-06,2023-09-12,short,5,5.9732
AAPL,2023-09-07,2023-09-14,short,6,3.9321
QCOM,2023-09-08,2023-09-14,short,5,-6.8782
AMZN,2023-09-12,2023-09-18,long,5,-2.1803
TSLA,2023-09-12,2023-09-18,long,5,-3.0338
ORCL,2023-09-13,2023-09-19,short,5,-2.8926
ADBE,2023-09-13,2023-09-28,short,12,6.9509
PG,2023-09-13,2023-09-19,short,5,-1.0481
XOM,2023-09-13,2023-09-19,long,5,-0.1362
NFLX,2023-09-14,2023-09-20,short,5,6.5468
V,2023-09-15,2023-09-28,short,10,4.1223
GS,2023-09-15,2023-09-21,long,5,-4.1588
HD,2023-09-18,2023-09-22,short,5,5.0663
MCD,2023-09-18,2023-09-28,short,9,4.6627
AXP,2023-09-19,2023-09-25,short,5,4.1196
DIS,2023-09-20,2023-09-26,short,5,2.3067
INTC,2023-09-20,2023-09-26,short,5,7.1577
GOOGL,2023-09-21,2023-09-27,short,5,2.3219
UNH,2023-09-21,2023-09-27,long,5,2.3571
IBM,2023-09-21,2023-09-26,long,4,-4.3983
CSCO,2023-09-22,2023-09-28,short,5,-1.0496
AMZN,2023-09-22,2023-09-28,short,5,2.4637
LLY,2023-09-22,2023-09-28,short,5,1.031
UBER,2023-09-22,2023-09-28,short,5,-3.456
IBM,2023-09-27,2023-10-03,short,5,2.007
XOM,2023-09-28,2023-10-04,long,5,-7.2379
MU,2023-09-29,2023-10-05,short,5,-5.7736
WMT,2023-10-02,2023-10-06,short,5,2.1882
NKE,2023-10-02,2023-10-06,long,5,1.5583
BRK-B,2023-10-02,2023-10-06,short,5,1.1148
PFE,2023-10-02,2023-10-06,long,5,-0.1206
MCD,2023-10-03,2023-10-09,short,5,3.0626
GS,2023-10-04,2023-10-10,short,5,-2.7667
BLK,2023-10-04,2023-10-10,short,5,-2.6217
HD,2023-10-04,2023-10-10,short,5,-2.4592
AXP,2023-10-04,2023-10-10,short,5,-4.3478
COP,2023-10-05,2023-10-09,short,3,-7.2903
XOM,2023-10-05,2023-10-11,short,5,4.3581
KO,2023-10-06,2023-10-12,short,5,-0.9157
PEP,2023-10-06,2023-10-12,short,5,1.1465
LLY,2023-10-09,2023-10-18,long,8,7.4343
COP,2023-10-10,2023-10-16,long,5,2.8649
CVX,2023-10-12,2023-10-18,short,5,-4.6879
UBER,2023-10-16,2023-10-20,short,5,1.0187
UNH,2023-10-16,2023-10-20,long,5,-2.2933
PFE,2023-10-17,2023-10-18,long,2,-5.5906
NVDA,2023-10-18,2023-10-24,short,5,0.2687
MS,2023-10-19,2023-10-25,short,5,4.7603
JNJ,2023-10-19,2023-10-25,short,5,0.7508
CAT,2023-10-19,2023-10-25,short,5,5.1632
TMO,2023-10-19,2023-11-01,short,10,5.4412
BLK,2023-10-19,2023-10-25,short,5,1.2863
PFE,2023-10-19,2023-10-25,short,5,2.1452
PG,2023-10-19,2023-10-25,long,5,1.0135
TSLA,2023-10-20,2023-10-26,short,5,6.6385
ABBV,2023-10-20,2023-10-26,short,5,0.1903
NFLX,2023-10-20,2023-10-26,long,5,0.4406
ORCL,2023-10-23,2023-10-27,short,5,0.7742
AXP,2023-10-23,2023-10-27,short,5,0.1142
CVX,2023-10-24,2023-11-03,short,9,8.1285
GE,2023-10-25,2023-10-31,long,5,-4.3918
KO,2023-10-25,2023-10-31,long,5,1.5277
MSFT,2023-10-26,2023-10-26,long,1,-3.7514
TXN,2023-10-26,2023-11-01,short,5,-1.9177
GOOGL,2023-10-26,2023-11-01,short,5,-0.8062
PYPL,2023-10-26,2023-11-01,short,5,-0.4398
AMD,2023-10-26,2023-11-01,short,5,-12.1052
INTC,2023-10-26,2023-10-27,short,2,-8.43
QCOM,2023-10-26,2023-11-01,short,5,-5.5773
AMZN,2023-10-26,2023-10-27,short,2,-5.436
NKE,2023-10-27,2023-10-30,short,2,-1.9387
MA,2023-10-27,2023-11-02,short,5,-4.8077
IBM,2023-10-27,2023-11-02,long,5,2.2607
MSFT,2023-10-27,2023-11-02,short,5,-5.9739
JPM,2023-10-30,2023-11-03,short,5,-5.183
ABBV,2023-10-30,2023-11-03,short,5,-1.8352
F,2023-10-30,2023-11-03,short,5,-7.4147
INTC,2023-10-30,2023-11-03,long,5,7.3157
AMZN,2023-10-30,2023-11-03,long,5,8.5017
GS,2023-10-31,2023-11-10,long,9,8.204
NKE,2023-10-31,2023-11-09,long,8,5.108
CAT,2023-11-01,2023-11-07,short,5,-3.9674
AMD,2023-11-02,2023-11-08,long,5,5.137
PYPL,2023-11-03,2023-11-09,long,5,-1.4166
UBER,2023-11-03,2023-11-09,long,5,7.6807
BLK,2023-11-03,2023-11-09,long,5,1.1373
SBUX,2023-11-03,2023-11-09,long,5,2.7815
BAC,2023-11-03,2023-11-09,long,5,-0.3259
COP,2023-11-03,2023-11-09,long,5,-6.4498
HD,2023-11-03,2023-11-09,long,5,-2.2612
LLY,2023-11-03,2023-11-13,long,7,5.5869
QCOM,2023-11-03,2023-11-09,long,5,2.3347
MS,2023-11-06,2023-11-10,long,5,-1.2195
HD,2023-11-10,2023-11-14,short,3,-5.4967
DIS,2023-11-10,2023-11-16,long,5,4.6159
COST,2023-11-13,2023-11-16,long,4,0.253
AVGO,2023-11-13,2023-11-17,long,5,2.1107
BA,2023-11-14,2023-11-28,long,10,8.7171
F,2023-11-15,2023-11-21,long,5,-2.0192
GS,2023-11-15,2023-11-21,long,5,-1.1071
BLK,2023-11-15,2023-11-21,long,5,3.9134
BAC,2023-11-15,2023-11-21,long,5,1.5058
HD,2023-11-15,2023-11-21,long,5,0.5632
WFC,2023-11-15,2023-11-21,long,5,1.2357
MS,2023-11-15,2023-11-21,long,5,0.2043
MCD,2023-11-17,2023-11-24,long,5,2.3251
INTC,2023-11-17,2023-11-24,long,5,1.4071
COST,2023-11-17,2023-11-24,short,5,-2.1772
WMT,2023-11-17,2023-11-24,short,5,-0.03
CSCO,2023-11-17,2023-11-24,short,5,-0.6926
GM,2023-11-30,2023-12-06,long,5,4.443
GE,2023-12-01,2023-12-07,long,5,-1.9048
UNH,2023-12-01,2023-12-07,long,5,-0.5117
CRM,2023-12-01,2023-12-04,long,2,-0.4923
ABBV,2023-12-01,2023-12-07,long,5,3.9188
BA,2023-12-01,2023-12-07,long,5,2.4608
JNJ,2023-12-04,2023-12-08,long,5,-2.5003
NKE,2023-12-04,2023-12-08,long,5,2.1413
PFE,2023-12-04,2023-12-08,short,5,0.4145
CRM,2023-12-05,2023-12-11,short,5,-0.586
PG,2023-12-06,2023-12-12,short,5,0.551
AMD,2023-12-08,2023-12-14,long,5,7.5018
GOOGL,2023-12-08,2023-12-14,long,5,-3.6442
INTC,2023-12-12,2023-12-18,long,5,2.5819
AVGO,2023-12-12,2023-12-19,long,6,11.2297
COST,2023-12-12,2023-12-26,long,10,8.1365
ORCL,2023-12-13,2023-12-19,short,5,-5.3524
WFC,2023-12-14,2023-12-21,long,6,3.5385
PFE,2023-12-14,2023-12-20,short,5,-3.8026
PEP,2023-12-14,2023-12-14,long,1,-2.1859
TMO,2023-12-14,2023-12-20,long,5,0.2393
BAC,2023-12-14,2023-12-21,long,6,3.6205
MRK,2023-12-14,2023-12-20,long,5,-0.9216
HD,2023-12-14,2023-12-21,long,6,1.622
GS,2023-12-14,2023-12-21,long,6,4.9182
PYPL,2023-12-14,2023-12-20,long,5,0.0162
NFLX,2023-12-14,2023-12-20,long,5,1.9355
MS,2023-12-15,2023-12-21,long,5,1.7465
ADBE,2023-12-15,2023-12-21,short,5,-2.6746
CAT,2023-12-15,2023-12-21,long,5,1.7183
F,2023-12-15,2023-12-29,long,10,0.9106
LLY,2023-12-15,2023-12-21,short,5,0.2444
PEP,2023-12-15,2023-12-21,short,5,0.7204
JPM,2023-12-15,2023-12-21,long,5,2.1404
GM,2023-12-15,2023-12-21,long,5,0.0
MCD,2023-12-15,2023-12-21,short,5,-0.5004
PG,2023-12-15,2023-12-21,short,5,0.2267
CVX,2023-12-15,2023-12-21,long,5,0.5203
UNH,2023-12-15,2023-12-21,short,5,2.7181
BLK,2023-12-15,2023-12-18,long,2,-1.3244
TXN,2023-12-15,2023-12-21,long,5,-1.1672
BA,2023-12-18,2023-12-22,long,5,-1.4493
BLK,2023-12-19,2023-12-26,short,5,-1.3071
AXP,2023-12-21,2023-12-28,short,5,-3.8648
DIS,2023-12-21,2023-12-28,short,5,0.9396
KO,2023-12-21,2023-12-28,short,5,-1.9502
JNJ,2023-12-21,2023-12-28,short,5,-2.1281
MU,2023-12-21,2023-12-21,short,1,-8.6288
BRK-B,2023-12-21,2023-12-28,short,5,-0.6218
SBUX,2023-12-21,2023-12-28,short,5,-1.2837
GE,2023-12-22,2023-12-29,long,5,0.5829
MU,2023-12-22,2023-12-29,long,5,-0.0301
NKE,2023-12-26,2024-01-02,short,5,1.3307
INTC,2023-12-27,2024-01-02,long,4,-5.3465
UNH,2024-01-03,2024-01-09,long,5,-0.1799
INTC,2024-01-03,2024-01-09,short,5,-0.6631
TMO,2024-01-03,2024-01-03,long,1,-2.8173
UBER,2024-01-03,2024-01-09,short,5,-3.2977
MRK,2024-01-03,2024-01-09,long,5,4.5832
BRK-B,2024-01-03,2024-01-09,long,5,1.225
PEP,2024-01-03,2024-01-09,long,5,-3.3197
QCOM,2024-01-03,2024-01-09,short,5,0.1631
NFLX,2024-01-03,2024-01-09,short,5,-2.8847
SBUX,2024-01-03,2024-01-09,short,5,0.5856
JNJ,2024-01-03,2024-01-09,long,5,1.0377
CRM,2024-01-03,2024-01-08,short,4,-1.9931
BA,2024-01-03,2024-01-23,short,14,16.9432
ABBV,2024-01-03,2024-01-09,long,5,1.558
AMD,2024-01-03,2024-01-08,short,4,-5.5727
AAPL,2024-01-03,2024-01-09,short,5,0.1876
F,2024-01-04,2024-01-10,short,5,-1.0579
CAT,2024-01-04,2024-01-10,short,5,-3.1125
TMO,2024-01-04,2024-01-10,short,5,-2.8529
PYPL,2024-01-04,2024-01-10,short,5,-3.9836
LLY,2024-01-04,2024-01-10,long,5,2.022
COP,2024-01-05,2024-01-11,short,5,4.86
NVDA,2024-01-09,2024-01-16,long,5,7.9019
CRM,2024-01-09,2024-01-16,long,5,3.1893
AMD,2024-01-09,2024-01-31,long,16,14.7147
HD,2024-01-11,2024-01-18,long,5,0.3083
META,2024-01-11,2024-01-18,long,5,1.5278
IBM,2024-01-16,2024-02-01,long,13,12.7262
WFC,2024-01-16,2024-01-19,short,4,-1.6433
UNH,2024-01-16,2024-01-22,short,5,1.521
DIS,2024-01-17,2024-01-17,long,1,-2.9124
PYPL,2024-01-17,2024-01-19,short,3,-11.6907
MS,2024-01-17,2024-01-23,short,5,-0.969
DIS,2024-01-18,2024-01-24,short,5,-3.4939
CAT,2024-01-18,2024-01-24,short,5,-4.6446
QCOM,2024-01-19,2024-01-26,long,6,3.7374
AVGO,2024-01-19,2024-01-26,long,6,5.33
AAPL,2024-01-19,2024-01-25,long,5,2.937
PYPL,2024-01-22,2024-01-26,long,5,-6.1379
MCD,2024-01-22,2024-01-26,long,5,-2.7518
ADBE,2024-01-22,2024-01-26,long,5,0.3892
WFC,2024-01-22,2024-01-26,long,5,4.5719
NVDA,2024-01-22,2024-01-26,long,5,2.5886
TXN,2024-01-22,2024-01-26,long,5,-5.5053
PG,2024-01-24,2024-02-01,long,7,3.377
KO,2024-01-25,2024-01-31,short,5,-0.9871
NFLX,2024-01-25,2024-01-31,long,5,3.5311
CAT,2024-01-26,2024-02-01,long,5,2.3008
TSLA,2024-01-26,2024-02-01,short,5,-3.5263
UNH,2024-01-26,2024-02-01,short,5,-2.7819
BA,2024-01-26,2024-02-01,short,5,-4.1339
CSCO,2024-01-26,2024-01-31,long,4,-4.1085
INTC,2024-01-29,2024-02-02,short,5,2.3805
V,2024-01-29,2024-01-29,short,1,-2.1348
AXP,2024-01-29,2024-02-02,long,5,2.4723
CRM,2024-01-30,2024-02-05,long,5,0.0869
V,2024-01-30,2024-02-05,long,5,0.7016
BAC,2024-01-31,2024-02-06,long,5,-5.0302
GM,2024-01-31,2024-02-06,long,5,-0.3145
MSFT,2024-02-01,2024-02-07,short,5,-4.0941
CSCO,2024-02-01,2024-02-07,short,5,0.795
TMO,2024-02-01,2024-02-07,short,5,-2.5163
GOOGL,2024-02-01,2024-02-07,short,5,-3.769
QCOM,2024-02-02,2024-02-08,short,5,-4.837
ORCL,2024-02-02,2024-02-08,long,5,0.9954
WMT,2024-02-02,2024-02-08,long,5,0.6298
MA,2024-02-02,2024-02-08,long,5,-0.5771
MRK,2024-02-02,2024-02-08,long,5,0.182
KO,2024-02-02,2024-02-08,long,5,-1.8859
CVX,2024-02-05,2024-02-09,long,5,-0.7882
META,2024-02-05,2024-02-09,long,5,-1.4484
NVDA,2024-02-05,2024-02-12,long,6,9.2019
AMZN,2024-02-05,2024-02-09,long,5,1.5366
MCD,2024-02-06,2024-02-12,short,5,-1.242
F,2024-02-06,2024-02-07,short,2,-9.9391
LLY,2024-02-06,2024-02-12,long,5,4.3982
DIS,2024-02-07,2024-02-15,long,7,13.2541
ADBE,2024-02-07,2024-02-13,short,5,0.73
SBUX,2024-02-07,2024-02-13,long,5,-1.2911
F,2024-02-08,2024-02-14,long,5,-1.875
PYPL,2024-02-09,2024-02-15,short,5,-6.364
PEP,2024-02-12,2024-02-16,short,5,0.7549
MS,2024-02-14,2024-02-21,short,5,-1.8091
BLK,2024-02-14,2024-02-21,short,5,-3.4462
GS,2024-02-14,2024-02-21,short,5,-2.4993
MU,2024-02-14,2024-02-21,short,5,-0.0535
UBER,2024-02-15,2024-02-22,long,5,-1.415
NFLX,2024-02-15,2024-02-22,long,5,1.5777
GE,2024-02-15,2024-02-22,long,5,3.529
CSCO,2024-02-16,2024-02-23,short,5,0.3866
WFC,2024-02-16,2024-02-23,long,5,3.4973
JPM,2024-02-16,2024-02-23,long,5,2.2906
CVX,2024-02-16,2024-02-23,long,5,0.1295
ADBE,2024-02-20,2024-02-26,short,5,-2.578
MA,2024-02-21,2024-02-22,short,2,-4.2971
WMT,2024-02-21,2024-02-27,long,5,1.6547
KO,2024-02-21,2024-02-27,long,5,-0.5931
MU,2024-02-23,2024-03-08,long,11,13.6305
CRM,2024-02-23,2024-02-29,long,5,5.166
AVGO,2024-02-23,2024-02-29,long,5,-0.338
MA,2024-02-23,2024-02-29,long,5,0.6786
V,2024-02-23,2024-02-29,long,5,-0.3912
AMZN,2024-02-23,2024-02-29,long,5,1.2487
AMD,2024-02-23,2024-03-07,long,10,16.2323
NVDA,2024-02-23,2024-02-29,long,5,0.7308
GOOGL,2024-02-27,2024-03-04,short,5,3.0097
BRK-B,2024-02-27,2024-03-04,short,5,1.4029
UNH,2024-02-29,2024-03-06,short,5,5.3568
TXN,2024-03-01,2024-03-07,long,5,4.7451
AVGO,2024-03-04,2024-03-05,long,2,-4.0324
QCOM,2024-03-04,2024-03-14,long,9,3.2865
CVX,2024-03-05,2024-03-11,short,5,-2.0874
TSLA,2024-03-05,2024-03-11,short,5,5.541
BLK,2024-03-05,2024-03-11,long,5,-0.5021
IBM,2024-03-05,2024-03-11,long,5,-0.6889
MRK,2024-03-05,2024-03-11,short,5,1.0217
MS,2024-03-05,2024-03-06,long,2,-4.8645
AAPL,2024-03-06,2024-03-12,short,5,-1.8235
AVGO,2024-03-06,2024-03-15,short,8,7.8142
CRM,2024-03-06,2024-03-12,short,5,-2.6058
INTC,2024-03-06,2024-03-12,short,5,-5.0701
MSFT,2024-03-06,2024-03-12,short,5,-3.1465
ORCL,2024-03-06,2024-03-12,short,5,-14.313
PFE,2024-03-07,2024-03-18,long,8,1.9492
MS,2024-03-07,2024-03-13,short,5,-4.2105
GE,2024-03-08,2024-03-14,long,5,0.1502
AXP,2024-03-08,2024-03-14,long,5,-1.3204
COST,2024-03-11,2024-03-12,short,2,-1.6612
NVDA,2024-03-11,2024-03-12,short,2,-5.2967
META,2024-03-12,2024-03-18,short,5,-2.9081
NVDA,2024-03-13,2024-03-19,long,5,-2.7363
COST,2024-03-13,2024-03-19,long,5,-0.6392
ORCL,2024-03-13,2024-03-19,long,5,1.2937
BA,2024-03-13,2024-03-19,short,5,1.663
MSFT,2024-03-13,2024-03-19,long,5,1.4761
IBM,2024-03-13,2024-03-19,long,5,-2.2449
MCD,2024-03-14,2024-03-20,short,5,-0.5961
ADBE,2024-03-18,2024-03-22,short,5,-1.6956
GOOGL,2024-03-19,2024-03-25,long,5,1.6184
PEP,2024-03-19,2024-03-25,long,5,0.7825
AXP,2024-03-21,2024-03-27,long,5,-0.0702
F,2024-03-21,2024-03-26,long,4,-3.5659
MS,2024-03-21,2024-03-27,long,5,2.3536
HD,2024-03-22,2024-03-28,long,5,-2.9352
AAPL,2024-03-22,2024-03-28,short,5,-0.1344
BLK,2024-03-22,2024-03-28,long,5,-0.9928
MU,2024-03-22,2024-04-02,long,7,11.8512
AVGO,2024-03-22,2024-03-28,long,5,-1.6758
GS,2024-03-22,2024-03-28,long,5,0.962
NKE,2024-03-25,2024-04-01,short,5,1.3368
V,2024-03-25,2024-04-01,short,5,1.7797
COP,2024-03-26,2024-04-02,long,5,3.5174
DIS,2024-03-26,2024-04-02,long,5,2.8988
F,2024-03-27,2024-03-27,short,1,-4.9839
GE,2024-03-28,2024-04-12,long,11,7.7593
MRK,2024-03-28,2024-04-04,long,5,-3.1043
F,2024-03-28,2024-04-04,long,5,1.1485
HD,2024-04-02,2024-04-08,short,5,1.6075
UNH,2024-04-03,2024-04-09,short,5,-0.3606
SBUX,2024-04-03,2024-04-09,short,5,2.4612
INTC,2024-04-04,2024-04-10,short,5,8.1767
DIS,2024-04-04,2024-04-10,short,5,1.4745
CAT,2024-04-04,2024-04-10,long,5,-0.9899
JNJ,2024-04-04,2024-04-10,short,5,2.6653
PG,2024-04-04,2024-04-10,short,5,-0.6999
AMD,2024-04-05,2024-04-11,short,5,-2.9004
CRM,2024-04-05,2024-04-11,short,5,-1.7522
ABBV,2024-04-05,2024-04-11,short,5,0.1984
GM,2024-04-05,2024-04-11,short,5,-0.4207
AXP,2024-04-05,2024-04-11,short,5,0.5672
BLK,2024-04-05,2024-04-11,short,5,0.705
AMZN,2024-04-08,2024-04-12,long,5,0.5728
CSCO,2024-04-10,2024-04-16,long,5,-4.1792
TMO,2024-04-11,2024-04-17,short,5,4.7675
HD,2024-04-11,2024-04-17,short,5,5.2662
BAC,2024-04-11,2024-04-23,short,9,-4.8541
MS,2024-04-12,2024-04-18,short,5,-3.8726
AAPL,2024-04-12,2024-04-18,long,5,-4.5704
JPM,2024-04-15,2024-04-19,short,5,-1.7006
CRM,2024-04-16,2024-04-22,short,5,-0.4058
UNH,2024-04-17,2024-04-23,long,5,3.6874
JNJ,2024-04-17,2024-04-23,short,5,-3.4502
NFLX,2024-04-22,2024-04-26,short,5,-1.4607
NVDA,2024-04-22,2024-04-26,short,5,-13.9723
AXP,2024-04-22,2024-04-26,long,5,1.991
KO,2024-04-22,2024-04-26,long,5,2.6093
GS,2024-04-23,2024-04-29,long,5,3.2251
F,2024-04-23,2024-04-29,long,5,-1.0093
PEP,2024-04-24,2024-04-24,short,1,-3.6152
GM,2024-04-24,2024-04-30,long,5,-1.2638
GE,2024-04-24,2024-04-30,long,5,-0.4919
TMO,2024-04-24,2024-04-30,long,5,-1.0216
PEP,2024-04-25,2024-05-01,long,5,-1.2739
TSLA,2024-04-25,2024-05-06,long,8,13.9579
TXN,2024-04-25,2024-05-01,long,5,0.2231
MRK,2024-04-26,2024-05-02,long,5,-1.8819
IBM,2024-04-26,2024-05-02,short,5,2.5332
CAT,2024-04-26,2024-05-07,short,8,-2.3345
PFE,2024-04-26,2024-05-01,short,4,-7.4197
META,2024-04-26,2024-05-02,short,5,-0.178
XOM,2024-04-29,2024-05-03,short,5,1.6185
GOOGL,2024-04-29,2024-05-03,long,5,-2.7392
INTC,2024-04-29,2024-05-03,short,5,3.0409
ABBV,2024-04-29,2024-05-03,short,5,-2.6041
COP,2024-05-01,2024-05-07,short,5,1.6325
MSFT,2024-05-01,2024-05-07,short,5,-4.997
F,2024-05-01,2024-05-07,short,5,-1.4461
LLY,2024-05-01,2024-05-13,long,9,-2.9958
CVX,2024-05-01,2024-05-07,short,5,-0.8932
AMD,2024-05-02,2024-05-08,short,5,-6.3098
SBUX,2024-05-02,2024-05-08,short,5,1.1917
PFE,2024-05-02,2024-05-08,long,5,4.0103
JNJ,2024-05-02,2024-05-08,long,5,-1.4751
QCOM,2024-05-03,2024-05-09,long,5,0.2443
AAPL,2024-05-06,2024-05-10,long,5,-0.0446
DIS,2024-05-08,2024-05-14,short,5,0.0347
UBER,2024-05-09,2024-05-15,short,5,-0.4737
MCD,2024-05-13,2024-05-17,long,5,-0.9527
ORCL,2024-05-15,2024-05-21,long,5,3.1108
MRK,2024-05-16,2024-05-22,long,5,-0.4782
CRM,2024-05-16,2024-05-22,long,5,-1.2937
WMT,2024-05-17,2024-05-23,long,5,1.2966
CSCO,2024-05-17,2024-05-23,short,5,3.6396
JPM,2024-05-21,2024-05-28,short,5,-2.053
TSLA,2024-05-22,2024-05-29,long,5,-5.5788
SBUX,2024-05-23,2024-05-30,long,5,-2.4282
PFE,2024-05-23,2024-05-23,long,1,-3.0743
JNJ,2024-05-24,2024-05-31,short,5,1.9874
BA,2024-05-24,2024-05-31,short,5,-3.1767
BRK-B,2024-05-24,2024-05-31,short,5,-2.0966
PFE,2024-05-24,2024-05-31,short,5,-0.0142
NVDA,2024-05-24,2024-06-04,long,7,12.1754
MCD,2024-05-24,2024-05-31,short,5,-0.5136
QCOM,2024-05-28,2024-06-03,long,5,-1.7143
MRK,2024-05-29,2024-06-04,short,5,-2.1059
F,2024-05-29,2024-06-04,short,5,-3.0615
PEP,2024-05-29,2024-06-04,short,5,-0.3647
COP,2024-05-30,2024-06-05,short,5,2.5306
UNH,2024-05-30,2024-06-05,short,5,-3.7682
ORCL,2024-05-31,2024-06-06,short,5,-5.2725
CRM,2024-05-31,2024-05-31,short,1,-7.5363
ADBE,2024-05-31,2024-06-06,short,5,-2.7663
MSFT,2024-05-31,2024-06-06,short,5,-2.3613
GM,2024-06-03,2024-06-07,long,5,1.8907
ABBV,2024-06-03,2024-06-07,long,5,5.0732
CRM,2024-06-03,2024-06-07,long,5,3.1607
CVX,2024-06-03,2024-06-03,long,1,-2.9821
BAC,2024-06-03,2024-06-07,long,5,0.0799
XOM,2024-06-03,2024-06-07,long,5,-3.8462
MCD,2024-06-03,2024-06-07,long,5,-0.3927
CVX,2024-06-04,2024-06-10,short,5,0.4411
CSCO,2024-06-06,2024-06-12,short,5,0.8661
META,2024-06-06,2024-06-12,long,5,2.7835
AVGO,2024-06-06,2024-06-12,long,5,5.8326
MU,2024-06-06,2024-06-12,long,5,5.2651
PYPL,2024-06-07,2024-06-13,long,5,-8.1767
UBER,2024-06-07,2024-06-20,long,9,2.0319
PEP,2024-06-11,2024-06-17,short,5,-0.1746
GM,2024-06-11,2024-06-17,long,5,-0.3574
AAPL,2024-06-12,2024-06-20,long,6,1.2213
AXP,2024-06-12,2024-06-18,short,5,-2.1305
JPM,2024-06-12,2024-06-18,short,5,-1.3876
ORCL,2024-06-13,2024-06-20,long,5,1.8023
AVGO,2024-06-14,2024-06-25,long,7,-5.5498
ADBE,2024-06-17,2024-06-24,long,5,-0.217
GE,2024-06-18,2024-06-25,long,5,-2.1442
MU,2024-06-21,2024-07-05,short,10,8.5843
QCOM,2024-06-21,2024-07-01,short,7,7.2459
XOM,2024-06-25,2024-07-01,long,5,0.7979
GS,2024-06-25,2024-07-01,long,5,0.3398
KO,2024-06-25,2024-07-01,long,5,-1.0786
COP,2024-06-25,2024-07-01,long,5,-0.7033
NVDA,2024-06-25,2024-07-01,short,5,-5.4534
WFC,2024-06-26,2024-06-28,short,3,-3.8069
WMT,2024-06-26,2024-07-02,short,5,-0.9843
HD,2024-06-26,2024-07-02,short,5,0.9261
GM,2024-06-26,2024-07-02,short,5,-1.213
AMZN,2024-06-27,2024-07-03,long,5,2.0557
MA,2024-06-28,2024-07-05,short,5,-1.5397
V,2024-06-28,2024-07-05,short,5,-1.4576
WFC,2024-07-01,2024-07-08,long,5,-0.6398
DIS,2024-07-01,2024-07-08,short,5,1.4791
UNH,2024-07-01,2024-07-08,long,5,-3.9116
NKE,2024-07-01,2024-07-08,short,5,3.0116
MRK,2024-07-01,2024-07-08,short,5,-1.7084
TSLA,2024-07-02,2024-07-11,long,7,14.8528
META,2024-07-08,2024-07-11,long,4,-5.0397
GOOGL,2024-07-08,2024-07-11,long,4,-2.639
WMT,2024-07-08,2024-07-12,long,5,-1.1422
COST,2024-07-08,2024-07-11,long,4,-4.4125
INTC,2024-07-09,2024-07-11,long,3,-1.4416
ORCL,2024-07-10,2024-07-16,short,5,-1.6806
MA,2024-07-11,2024-07-17,short,5,-3.9302
INTC,2024-07-12,2024-07-18,short,5,-4.0288
COST,2024-07-12,2024-07-18,short,5,0.8433
TSLA,2024-07-12,2024-07-18,short,5,-3.5263
HD,2024-07-12,2024-07-23,long,8,1.6478
GOOGL,2024-07-12,2024-07-18,short,5,4.3457
MSFT,2024-07-12,2024-07-18,short,5,3.2199
QCOM,2024-07-12,2024-07-31,short,14,7.3252
META,2024-07-12,2024-07-31,short,14,6.8589
UBER,2024-07-12,2024-07-17,long,4,-6.6775
NFLX,2024-07-12,2024-07-18,short,5,1.4615
IBM,2024-07-15,2024-07-19,long,5,0.2297
F,2024-07-15,2024-07-19,long,5,-0.3564
WFC,2024-07-15,2024-07-16,short,2,-6.361
CAT,2024-07-16,2024-07-23,long,6,-0.0574
BRK-B,2024-07-16,2024-07-22,long,5,0.3591
WFC,2024-07-17,2024-07-23,long,5,-0.9462
BA,2024-07-17,2024-07-30,long,10,0.4354
UNH,2024-07-17,2024-07-24,long,6,1.9823
BAC,2024-07-17,2024-07-23,long,5,-3.8976
BLK,2024-07-17,2024-07-23,long,5,0.0889
SBUX,2024-07-17,2024-07-26,long,8,-1.9335
JNJ,2024-07-18,2024-07-31,long,10,0.8111
AMD,2024-07-18,2024-07-24,short,5,9.584
UBER,2024-07-18,2024-07-24,short,5,3.5526
MU,2024-07-18,2024-07-24,short,5,8.1008
ABBV,2024-07-18,2024-07-24,long,5,0.5363
PEP,2024-07-18,2024-07-24,long,5,-1.0124
LLY,2024-07-18,2024-08-01,short,11,7.7873
NVDA,2024-07-18,2024-07-31,short,10,-2.1877
CSCO,2024-07-18,2024-07-24,long,5,-3.4419
GE,2024-07-18,2024-07-23,short,4,-9.2766
AVGO,2024-07-18,2024-07-31,short,10,-5.3003
GS,2024-07-19,2024-07-25,short,5,-1.1546
JPM,2024-07-19,2024-07-25,short,5,0.6202
TMO,2024-07-19,2024-07-24,short,4,-6.1622
INTC,2024-07-22,2024-07-26,short,5,4.9722
TXN,2024-07-22,2024-07-22,short,1,-3.4053
AXP,2024-07-22,2024-07-26,short,5,-1.5578
F,2024-07-22,2024-08-01,short,9,26.2022
TXN,2024-07-23,2024-07-23,long,1,-3.6866
GE,2024-07-24,2024-07-24,long,1,-5.6395
DIS,2024-07-24,2024-07-30,short,5,-3.1541
GM,2024-07-24,2024-08-01,short,7,6.6142
TXN,2024-07-24,2024-07-30,short,5,-1.408
V,2024-07-25,2024-07-31,short,5,-4.3964
GOOGL,2024-07-25,2024-07-31,short,5,0.508
TSLA,2024-07-25,2024-07-31,short,5,-7.5784
TMO,2024-07-25,2024-08-01,long,6,8.1847
GE,2024-07-25,2024-07-31,short,5,-4.7988
MSFT,2024-07-25,2024-07-31,short,5,2.4114
IBM,2024-07-26,2024-08-01,long,5,-1.2084
ABBV,2024-07-26,2024-08-01,long,5,4.139
PFE,2024-07-29,2024-08-02,long,5,-1.105
MCD,2024-07-30,2024-08-05,long,5,2.6892
PYPL,2024-07-31,2024-08-02,long,3,-3.1563
PG,2024-07-31,2024-08-01,short,2,-2.5032
MRK,2024-07-31,2024-08-06,short,5,3.5583
QCOM,2024-08-01,2024-08-01,long,1,-9.3672
AVGO,2024-08-01,2024-08-01,long,1,-8.5014
MA,2024-08-01,2024-08-05,long,3,-4.6818
NVDA,2024-08-01,2024-08-07,long,5,-15.476
INTC,2024-08-02,2024-08-09,short,6,34.7097
CVX,2024-08-02,2024-08-08,short,5,5.4429
AMD,2024-08-02,2024-08-08,short,5,-3.274
CAT,2024-08-02,2024-08-08,short,5,-1.689
MU,2024-08-02,2024-08-09,short,6,7.6657
BA,2024-08-02,2024-08-08,short,5,5.1742
QCOM,2024-08-02,2024-08-08,short,5,-1.0112
WFC,2024-08-02,2024-08-09,short,6,6.4922
TXN,2024-08-02,2024-08-08,short,5,-0.5637
AVGO,2024-08-02,2024-08-08,short,5,0.0286
PG,2024-08-02,2024-08-08,long,5,3.1263
MS,2024-08-05,2024-08-09,short,5,0.9416
BAC,2024-08-05,2024-08-09,short,5,-1.9632
PYPL,2024-08-05,2024-08-09,short,5,-4.4906
ADBE,2024-08-05,2024-08-09,short,5,-2.114
GE,2024-08-05,2024-08-09,short,5,-4.2231
GS,2024-08-05,2024-08-09,short,5,-4.1989
JPM,2024-08-05,2024-08-09,short,5,-3.3946
AXP,2024-08-05,2024-08-09,short,5,-2.5516
DIS,2024-08-05,2024-08-14,short,8,3.4666
GM,2024-08-05,2024-08-09,short,5,-5.6985
AMZN,2024-08-05,2024-08-09,short,5,0.3607
ORCL,2024-08-06,2024-08-12,short,5,-3.7063
AAPL,2024-08-06,2024-08-12,short,5,-3.9821
V,2024-08-06,2024-08-12,short,5,-1.5511
CSCO,2024-08-06,2024-08-12,short,5,-0.3251
GOOGL,2024-08-06,2024-08-12,short,5,-1.9325
BRK-B,2024-08-06,2024-08-12,short,5,-3.9375
MA,2024-08-06,2024-08-12,short,5,-3.0421
UBER,2024-08-07,2024-08-13,long,5,9.5422
COST,2024-08-09,2024-08-15,long,5,4.5173
LLY,2024-08-09,2024-08-15,long,5,10.3597
NKE,2024-08-14,2024-08-22,long,7,6.2548
SBUX,2024-08-14,2024-08-20,long,5,-2.4274
WMT,2024-08-16,2024-08-22,long,5,3.574
CSCO,2024-08-16,2024-08-22,long,5,3.4824
MCD,2024-08-20,2024-08-26,long,5,0.393
XOM,2024-08-21,2024-08-27,short,5,-2.7161
GM,2024-08-26,2024-08-30,long,5,2.4913
INTC,2024-09-03,2024-09-03,long,1,-8.8022
BA,2024-09-04,2024-09-10,short,5,0.3482
INTC,2024-09-04,2024-09-10,short,5,5.698
NVDA,2024-09-04,2024-09-10,short,5,-0.4438
QCOM,2024-09-04,2024-09-10,short,5,0.2834
MS,2024-09-04,2024-09-10,short,5,2.5859
TXN,2024-09-04,2024-09-10,short,5,0.9075
CAT,2024-09-04,2024-09-10,short,5,1.7629
PEP,2024-09-04,2024-09-10,long,5,0.9147
MU,2024-09-04,2024-09-10,short,5,1.8649
GE,2024-09-04,2024-09-10,short,5,-1.797
GS,2024-09-04,2024-09-17,short,10,0.1231
GOOGL,2024-09-04,2024-09-13,short,8,-0.4952
COP,2024-09-04,2024-09-10,short,5,5.5548
NFLX,2024-09-04,2024-09-10,short,5,0.1547
AMD,2024-09-04,2024-09-10,short,5,-4.5336
BRK-B,2024-09-06,2024-09-12,short,5,3.0824
TSLA,2024-09-09,2024-09-13,short,5,-8.7607
WFC,2024-09-09,2024-09-13,short,5,2.062
AVGO,2024-09-09,2024-09-13,short,5,-19.1223
PYPL,2024-09-09,2024-09-13,short,5,-1.763
V,2024-09-10,2024-09-16,long,5,1.7051
MA,2024-09-10,2024-09-16,long,5,2.1803
PFE,2024-09-10,2024-09-16,long,5,2.2441
JPM,2024-09-11,2024-09-17,short,5,-1.8167
ORCL,2024-09-11,2024-09-23,long,9,6.4533
XOM,2024-09-11,2024-09-17,short,5,-3.0063
GM,2024-09-11,2024-09-17,short,5,-5.8161
SBUX,2024-09-12,2024-09-18,long,5,-2.1181
PG,2024-09-12,2024-09-18,short,5,-0.0532
GE,2024-09-16,2024-09-20,long,5,5.1324
UBER,2024-09-16,2024-09-20,long,5,2.0143
ADBE,2024-09-16,2024-09-20,short,5,2.5314
WMT,2024-09-18,2024-09-24,short,5,-2.6277
GS,2024-09-20,2024-09-26,long,5,-1.3715
PYPL,2024-09-20,2024-09-26,long,5,3.2358
CRM,2024-09-20,2024-09-26,long,5,3.6731
AAPL,2024-09-20,2024-09-26,long,5,-0.5899
CAT,2024-09-20,2024-10-01,long,8,5.111
TSLA,2024-09-20,2024-09-26,long,5,4.2227
META,2024-09-20,2024-09-26,long,5,1.5632
NKE,2024-09-23,2024-09-27,long,5,3.375
V,2024-09-25,2024-10-01,short,5,-1.7805
GM,2024-09-26,2024-10-02,short,5,1.8809
F,2024-09-26,2024-10-02,short,5,-0.7793
MU,2024-09-27,2024-10-03,long,5,-7.3353
WFC,2024-09-27,2024-10-03,long,5,-2.5004
TMO,2024-09-27,2024-10-03,long,5,-2.9726
COP,2024-10-02,2024-10-08,long,5,1.3075
NKE,2024-10-03,2024-10-09,short,5,0.6997
AXP,2024-10-07,2024-10-11,long,5,0.0689
MS,2024-10-07,2024-10-11,long,5,2.3916
JPM,2024-10-07,2024-10-18,long,10,6.6992
WMT,2024-10-08,2024-10-14,short,5,-1.5092
DIS,2024-10-08,2024-10-14,short,5,-2.7568
ADBE,2024-10-08,2024-10-14,short,5,-4.5585
PFE,2024-10-10,2024-10-16,long,5,-1.7224
IBM,2024-10-10,2024-10-16,long,5,-0.2689
UBER,2024-10-14,2024-10-18,long,5,-8.316
BAC,2024-10-14,2024-10-18,long,5,0.882
BLK,2024-10-14,2024-10-18,long,5,1.6925
WFC,2024-10-14,2024-10-18,long,5,5.5255
TSLA,2024-10-14,2024-10-18,short,5,-1.325
QCOM,2024-10-15,2024-10-21,long,5,-5.0719
AMD,2024-10-16,2024-10-22,short,5,1.5787
UNH,2024-10-16,2024-10-22,short,5,-2.4669
COP,2024-10-16,2024-10-22,short,5,0.1849
XOM,2024-10-16,2024-10-22,short,5,-0.2948
TXN,2024-10-16,2024-10-22,short,5,2.9819
V,2024-10-17,2024-10-23,long,5,-1.3077
CSCO,2024-10-17,2024-10-23,long,5,-0.1774
MS,2024-10-17,2024-10-23,long,5,-1.0292
NFLX,2024-10-21,2024-10-25,long,5,-1.2057
AXP,2024-10-21,2024-10-25,short,5,3.4637
GE,2024-10-23,2024-10-29,short,5,1.3544
GM,2024-10-23,2024-10-29,long,5,-4.0759
TXN,2024-10-24,2024-10-30,long,5,3.0683
META,2024-10-24,2024-10-30,short,5,-4.8365
KO,2024-10-24,2024-10-30,short,5,3.1228
MCD,2024-10-24,2024-11-01,short,7,0.9883
TSLA,2024-10-25,2024-10-31,long,5,-4.0809
IBM,2024-10-25,2024-10-31,short,5,5.512
TMO,2024-10-25,2024-10-31,short,5,2.0038
PYPL,2024-10-30,2024-11-05,short,5,1.1121
F,2024-10-30,2024-11-05,short,5,-1.9004
ABBV,2024-10-31,2024-11-06,long,5,-0.1489
GOOGL,2024-10-31,2024-11-13,long,10,2.5335
LLY,2024-10-31,2024-11-06,short,5,8.8369
QCOM,2024-10-31,2024-11-06,short,5,-3.3864
AMD,2024-10-31,2024-11-06,short,5,2.2212
V,2024-10-31,2024-11-13,long,10,6.8612
AMZN,2024-11-01,2024-11-01,short,1,-6.1856
COP,2024-11-01,2024-11-13,long,9,2.7948
UBER,2024-11-01,2024-11-07,short,5,-1.5467
ORCL,2024-11-01,2024-11-06,short,4,-7.7059
MSFT,2024-11-01,2024-11-07,short,5,-4.5592
MA,2024-11-01,2024-11-06,short,4,-4.2542
META,2024-11-01,2024-11-07,short,5,-4.2443
AMZN,2024-11-04,2024-11-13,long,8,8.1696
INTC,2024-11-04,2024-11-13,long,8,7.4138
CVX,2024-11-04,2024-11-13,long,8,3.6911
XOM,2024-11-05,2024-11-11,long,5,1.5682
BRK-B,2024-11-05,2024-11-06,short,2,-5.9493
GS,2024-11-06,2024-11-13,long,6,12.7638
AXP,2024-11-07,2024-11-13,long,5,-2.5478
NKE,2024-11-07,2024-11-13,short,5,-1.5837
MA,2024-11-07,2024-11-13,long,5,0.1439
UNH,2024-11-07,2024-11-13,long,5,1.5385
TXN,2024-11-07,2024-11-13,long,5,-4.3029
CAT,2024-11-07,2024-11-13,long,5,-7.1507
TSLA,2024-11-07,2024-11-18,long,8,17.402
BAC,2024-11-07,2024-11-13,long,5,1.013
KO,2024-11-07,2024-11-13,short,5,1.1
HD,2024-11-07,2024-11-13,short,5,-5.4693
JPM,2024-11-07,2024-11-07,long,1,-4.3228
ADBE,2024-11-07,2024-11-15,long,7,-0.2892
ORCL,2024-11-07,2024-11-13,long,5,4.6292
MU,2024-11-07,2024-11-13,long,5,-10.6501
PG,2024-11-07,2024-11-08,short,2,-4.0582
BRK-B,2024-11-07,2024-11-13,long,5,-0.1706
WFC,2024-11-07,2024-11-13,long,5,0.9925
CSCO,2024-11-07,2024-11-13,long,5,2.2637
F,2024-11-07,2024-11-13,long,5,0.5435
MS,2024-11-07,2024-11-13,long,5,0.9659
CRM,2024-11-07,2024-11-18,long,8,5.0016
JPM,2024-11-08,2024-11-14,short,5,-2.2851
COST,2024-11-11,2024-11-15,long,5,-3.8917
PG,2024-11-11,2024-11-15,long,5,1.0912
ABBV,2024-11-12,2024-11-18,short,5,4.7742
PYPL,2024-11-12,2024-11-18,long,5,-2.611
DIS,2024-11-15,2024-11-22,long,6,5.9842
LLY,2024-11-18,2024-11-22,short,5,-0.4156
AMZN,2024-11-18,2024-11-22,short,5,2.6996
ADBE,2024-11-18,2024-11-22,short,5,-1.7527
PFE,2024-11-18,2024-11-22,short,5,-3.3743
META,2024-11-18,2024-11-22,short,5,-0.9323
PEP,2024-11-18,2024-11-22,short,5,-2.1336
TMO,2024-11-18,2024-11-22,short,5,-0.1246
UBER,2024-11-19,2024-11-25,short,5,-5.7113
WMT,2024-11-20,2024-11-26,long,5,5.4388
UNH,2024-11-21,2024-11-27,long,5,1.3123
QCOM,2024-11-21,2024-11-27,short,5,-1.4066
COST,2024-11-22,2024-11-29,long,5,1.6983
GOOGL,2024-11-22,2024-11-29,short,5,-0.8488
IBM,2024-11-22,2024-11-29,long,5,2.2527
GM,2024-11-25,2024-11-26,long,2,-6.3899
COP,2024-11-26,2024-12-03,short,5,-0.0094
NFLX,2024-11-26,2024-12-03,short,5,-4.0919
GM,2024-11-27,2024-12-04,short,5,2.5846
ORCL,2024-11-29,2024-12-05,short,5,-2.0474
CRM,2024-11-29,2024-12-04,short,4,-11.3771
PG,2024-12-04,2024-12-10,short,5,1.7647
ADBE,2024-12-05,2024-12-11,long,5,2.5052
CRM,2024-12-05,2024-12-11,long,5,-3.5393
PYPL,2024-12-05,2024-12-11,long,5,1.5896
XOM,2024-12-05,2024-12-11,short,5,2.0868
UBER,2024-12-06,2024-12-18,short,9,6.0506
GE,2024-12-06,2024-12-12,short,5,4.7371
UNH,2024-12-06,2024-12-18,short,9,14.1687
CVX,2024-12-09,2024-12-13,short,5,0.8613
AVGO,2024-12-09,2024-12-18,long,8,24.5586
AMD,2024-12-10,2024-12-16,short,5,3.1196
IBM,2024-12-10,2024-12-16,short,5,0.2651
ORCL,2024-12-11,2024-12-17,short,5,4.6572
GOOGL,2024-12-11,2024-12-23,long,9,5.1088
ADBE,2024-12-13,2024-12-19,short,5,8.3368
SBUX,2024-12-17,2024-12-23,short,5,6.3932
F,2024-12-17,2024-12-23,short,5,0.8052
TSLA,2024-12-17,2024-12-18,long,2,-4.9436
CVX,2024-12-17,2024-12-23,short,5,4.3265
PFE,2024-12-18,2024-12-24,long,5,1.1729
AAPL,2024-12-19,2024-12-26,short,5,-4.2883
META,2024-12-19,2024-12-26,short,5,-1.1353
JPM,2024-12-19,2024-12-26,short,5,-5.3294
BAC,2024-12-19,2024-12-26,short,5,-2.4075
MS,2024-12-19,2024-12-26,short,5,-5.5712
AVGO,2024-12-19,2024-12-26,short,5,-9.5842
AMZN,2024-12-19,2024-12-26,short,5,-2.9345
TSLA,2024-12-19,2024-12-26,short,5,-3.8102
HD,2024-12-19,2024-12-26,short,5,-0.4319
V,2024-12-19,2024-12-26,short,5,-3.5138
PYPL,2024-12-19,2024-12-26,short,5,-3.1012
IBM,2024-12-19,2024-12-26,short,5,-2.1445
NFLX,2024-12-19,2024-12-26,short,5,-3.8249
GS,2024-12-19,2024-12-26,short,5,-5.4287
AXP,2024-12-19,2024-12-26,short,5,-5.422
MSFT,2024-12-19,2024-12-26,short,5,-0.175
MU,2024-12-20,2024-12-27,short,5,-1.8816
AAPL,2025-01-03,2025-01-10,short,5,2.8768
META,2025-01-07,2025-01-14,long,5,-5.7045
PG,2025-01-07,2025-01-14,short,5,0.4825
MU,2025-01-07,2025-01-14,long,5,-1.9142
BLK,2025-01-08,2025-01-15,short,5,-3.5628
NVDA,2025-01-08,2025-01-15,short,5,2.5989
JNJ,2025-01-10,2025-01-16,short,5,-3.7864
PYPL,2025-01-13,2025-01-17,short,5,-9.5137
ORCL,2025-01-13,2025-01-17,short,5,-4.1095
BRK-B,2025-01-13,2025-01-17,short,5,-5.4767
MS,2025-01-13,2025-01-15,short,3,-5.6569
PEP,2025-01-13,2025-01-17,short,5,-3.8289
AXP,2025-01-13,2025-01-15,short,3,-6.2658
GS,2025-01-13,2025-01-15,short,3,-7.9371
NFLX,2025-01-13,2025-01-17,short,5,-2.4938
UNH,2025-01-14,2025-01-16,long,3,-5.6455
CAT,2025-01-14,2025-01-27,long,9,9.3595
LLY,2025-01-15,2025-01-22,short,5,-1.4753
V,2025-01-16,2025-01-23,long,5,3.772
AXP,2025-01-16,2025-01-23,long,5,4.3385
HD,2025-01-16,2025-01-23,long,5,2.0439
GS,2025-01-16,2025-01-23,long,5,5.542
MA,2025-01-16,2025-01-23,long,5,2.2724
MS,2025-01-16,2025-01-24,long,6,5.5687
BLK,2025-01-16,2025-01-23,long,5,0.4491
WFC,2025-01-16,2025-01-23,long,5,1.9487
TXN,2025-01-17,2025-01-31,short,10,-0.1601
AAPL,2025-01-17,2025-01-24,short,5,2.3451
UNH,2025-01-17,2025-01-24,short,5,-4.2502
INTC,2025-01-21,2025-01-27,long,5,-5.584
GM,2025-01-22,2025-01-28,long,5,-7.1442
ORCL,2025-01-22,2025-01-27,long,4,-8.2807
SBUX,2025-01-22,2025-01-28,long,5,2.4801
NFLX,2025-01-23,2025-01-29,long,5,2.5325
F,2025-01-23,2025-01-29,short,5,-1.9442
MSFT,2025-01-23,2025-01-29,long,5,-0.8673
GE,2025-01-24,2025-01-30,long,5,2.3755
NVDA,2025-01-28,2025-02-03,short,5,0.3079
ABBV,2025-01-28,2025-02-07,long,9,7.7445
KO,2025-01-28,2025-01-28,long,1,-2.3642
PEP,2025-01-28,2025-01-28,long,1,-2.82
BRK-B,2025-01-28,2025-02-03,long,5,-2.1256
CRM,2025-01-28,2025-02-03,long,5,-2.2645
CAT,2025-01-28,2025-02-06,short,8,7.6958
MCD,2025-01-28,2025-02-03,long,5,-1.0372
COST,2025-01-28,2025-02-10,long,10,10.1366
AVGO,2025-01-28,2025-02-03,short,5,-7.5044
PFE,2025-01-28,2025-02-03,long,5,-2.4572
PG,2025-01-28,2025-02-03,long,5,-0.5305
WMT,2025-01-28,2025-02-03,long,5,2.1971
MA,2025-01-28,2025-02-06,long,8,3.5644
CSCO,2025-01-28,2025-02-03,short,5,-3.2434
ORCL,2025-01-28,2025-02-03,short,5,-6.5141
JNJ,2025-01-28,2025-02-03,long,5,-0.6671
MU,2025-01-28,2025-02-03,short,5,1.0206
GOOGL,2025-01-28,2025-02-03,short,5,-4.8284
AMD,2025-01-28,2025-02-03,short,5,0.4661
GM,2025-01-29,2025-02-04,short,5,2.8978
PEP,2025-01-29,2025-02-11,short,10,2.9019
KO,2025-01-29,2025-02-04,short,5,-0.5576
AAPL,2025-01-29,2025-02-04,long,5,-2.2916
SBUX,2025-01-30,2025-02-05,long,5,3.38
V,2025-01-31,2025-02-06,long,5,1.2914
TMO,2025-01-31,2025-02-06,long,5,-5.6087
IBM,2025-01-31,2025-02-06,long,5,-1.8701
MSFT,2025-01-31,2025-02-06,short,5,-0.215
CVX,2025-02-03,2025-02-07,short,5,-2.3209
BLK,2025-02-04,2025-02-10,short,5,2.8287
MRK,2025-02-05,2025-02-11,short,5,4.7855
PYPL,2025-02-05,2025-02-11,short,5,1.8352
UBER,2025-02-06,2025-02-06,short,1,-8.5453
GOOGL,2025-02-06,2025-02-12,short,5,4.0764
AMD,2025-02-06,2025-02-12,short,5,0.0963
F,2025-02-07,2025-02-13,short,5,-0.9813
IBM,2025-02-07,2025-02-13,short,5,-2.9353
UBER,2025-02-07,2025-02-14,long,6,13.4734
CRM,2025-02-07,2025-02-13,short,5,0.2433
AMZN,2025-02-10,2025-02-14,short,5,0.1384
ADBE,2025-02-11,2025-02-18,long,5,2.8841
MCD,2025-02-11,2025-02-18,long,5,-1.164
INTC,2025-02-12,2025-02-25,long,9,9.6328
KO,2025-02-12,2025-02-19,long,5,3.6539
XOM,2025-02-13,2025-02-20,short,5,-4.2095
PG,2025-02-18,2025-02-24,short,5,-4.5462
MU,2025-02-19,2025-02-25,long,5,-12.7072
NKE,2025-02-19,2025-03-03,long,9,1.5683
UNH,2025-02-19,2025-02-28,short,8,4.7066
TXN,2025-02-20,2025-02-27,long,6,-2.557
JPM,2025-02-21,2025-02-27,short,5,2.9433
WMT,2025-02-21,2025-02-25,short,3,-0.7503
GS,2025-02-21,2025-02-27,short,5,5.5011
MS,2025-02-21,2025-02-27,short,5,3.8543
COST,2025-02-21,2025-02-27,short,5,1.1851
PEP,2025-02-24,2025-02-26,long,3,-1.2964
GE,2025-02-24,2025-02-28,short,5,-3.5449
QCOM,2025-02-24,2025-03-06,short,9,4.9664
COP,2025-02-24,2025-02-28,short,5,-1.3178
BRK-B,2025-02-25,2025-03-03,long,5,2.3394
WMT,2025-02-26,2025-03-04,long,5,-2.7843
TSLA,2025-02-26,2025-03-04,short,5,10.5525
PEP,2025-02-27,2025-03-05,short,5,-1.5903
NVDA,2025-02-28,2025-03-10,short,7,10.5487
AVGO,2025-02-28,2025-03-06,short,5,9.3226
BAC,2025-03-03,2025-03-04,long,2,-7.4404
CVX,2025-03-04,2025-03-10,short,5,-2.9273
XOM,2025-03-04,2025-03-10,short,5,-3.7708
COP,2025-03-04,2025-03-10,short,5,-0.49
JPM,2025-03-05,2025-03-17,short,9,6.5634
MS,2025-03-05,2025-03-17,short,9,2.3735
BRK-B,2025-03-05,2025-03-11,short,5,-0.0848
WFC,2025-03-05,2025-03-17,short,9,2.794
BAC,2025-03-05,2025-03-11,short,5,6.8404
V,2025-03-05,2025-03-11,short,5,5.893
AXP,2025-03-05,2025-03-11,short,5,10.6184
MA,2025-03-05,2025-03-11,short,5,5.4558
BA,2025-03-05,2025-03-11,short,5,2.5859
KO,2025-03-05,2025-03-11,short,5,-1.2216
F,2025-03-06,2025-03-12,long,5,-0.6217
GM,2025-03-06,2025-03-12,long,5,-0.9445
SBUX,2025-03-07,2025-03-17,short,7,6.0013
ORCL,2025-03-07,2025-03-13,short,5,1.6042
NFLX,2025-03-07,2025-03-13,short,5,1.4229
IBM,2025-03-10,2025-03-14,long,5,-5.0432
MCD,2025-03-10,2025-03-11,long,2,-4.5224
COST,2025-03-10,2025-03-14,short,5,6.3865
LLY,2025-03-10,2025-03-17,short,6,5.1008
TSLA,2025-03-11,2025-03-17,short,5,-7.7683
WMT,2025-03-11,2025-03-17,short,5,0.2656
AAPL,2025-03-11,2025-03-17,short,5,6.0203
GOOGL,2025-03-11,2025-03-17,short,5,0.812
MCD,2025-03-12,2025-03-18,short,5,0.953
DIS,2025-03-12,2025-03-18,short,5,-1.5413
TXN,2025-03-12,2025-03-18,short,5,-1.2658
HD,2025-03-14,2025-03-20,short,5,-2.3773
INTC,2025-03-14,2025-03-20,long,5,1.097
ADBE,2025-03-14,2025-03-20,short,5,-3.2762
BA,2025-03-20,2025-03-26,long,5,3.4353
NKE,2025-03-24,2025-03-28,short,5,7.1513
MU,2025-03-24,2025-03-28,short,5,6.7976
TSLA,2025-03-25,2025-03-31,long,5,-6.9076
AMD,2025-03-25,2025-03-31,long,5,-9.7585
ABBV,2025-03-26,2025-04-01,short,5,-2.4755
MRK,2025-03-26,2025-04-01,short,5,0.7311
GM,2025-03-28,2025-04-03,short,5,2.5945
GOOGL,2025-03-31,2025-04-04,short,5,5.6756
PYPL,2025-03-31,2025-04-09,short,8,-0.4777
MA,2025-03-31,2025-04-09,short,8,3.3641
PFE,2025-04-02,2025-04-11,short,8,11.1754
JNJ,2025-04-02,2025-04-11,short,8,0.628
TMO,2025-04-04,2025-04-09,short,4,2.2777
COP,2025-04-04,2025-04-09,short,4,1.8522
AXP,2025-04-04,2025-04-09,short,4,-7.8246
SBUX,2025-04-04,2025-04-09,short,4,-2.2843
MS,2025-04-04,2025-04-09,short,4,-5.1729
CRM,2025-04-04,2025-04-09,short,4,-4.8005
BLK,2025-04-04,2025-04-09,short,4,-2.5656
MU,2025-04-04,2025-04-09,short,4,-9.8967
CSCO,2025-04-04,2025-04-09,short,4,-2.5389
BA,2025-04-04,2025-04-09,short,4,-9.2315
ADBE,2025-04-04,2025-04-09,short,4,-0.1166
BAC,2025-04-04,2025-04-11,short,6,2.2837
UNH,2025-04-04,2025-04-15,long,8,7.9842
AVGO,2025-04-04,2025-04-09,short,4,-20.1604
GS,2025-04-04,2025-04-09,short,4,-3.1006
AMD,2025-04-04,2025-04-09,short,4,-9.7439
CVX,2025-04-04,2025-04-09,short,4,5.6112
F,2025-04-04,2025-04-09,short,4,-0.9308
HD,2025-04-04,2025-04-09,short,4,-0.3746
XOM,2025-04-04,2025-04-17,short,10,3.7705
KO,2025-04-04,2025-04-04,long,1,-4.4411
CAT,2025-04-04,2025-04-09,short,4,0.1243
AMZN,2025-04-04,2025-04-09,short,4,-8.2587
NVDA,2025-04-04,2025-04-09,short,4,-14.6685
WFC,2025-04-04,2025-04-11,short,6,3.7352
UBER,2025-04-04,2025-04-09,short,4,-5.7703
GE,2025-04-04,2025-04-09,short,4,-2.1592
QCOM,2025-04-04,2025-04-09,short,4,-6.0139
NKE,2025-04-04,2025-04-09,short,4,-7.8361
META,2025-04-04,2025-04-09,short,4,-11.5047
DIS,2025-04-04,2025-04-09,short,4,-4.5951
JPM,2025-04-04,2025-04-09,short,4,-4.2273
TXN,2025-04-04,2025-04-09,short,4,-6.4887
AAPL,2025-04-04,2025-04-09,short,4,-1.1285
INTC,2025-04-07,2025-04-09,short,3,-11.5448
ABBV,2025-04-07,2025-04-15,short,7,4.2002
COST,2025-04-07,2025-04-09,short,3,-5.4208
MCD,2025-04-07,2025-04-11,short,5,-3.1959
NFLX,2025-04-07,2025-04-09,short,3,-10.1696
MRK,2025-04-07,2025-04-11,short,5,2.3326
BRK-B,2025-04-07,2025-04-09,short,3,-5.6738
V,2025-04-07,2025-04-09,short,3,-6.4007
PEP,2025-04-07,2025-04-11,short,5,1.2582
PG,2025-04-07,2025-04-11,short,5,-2.0587
WMT,2025-04-07,2025-04-09,short,3,-8.0605
IBM,2025-04-07,2025-04-09,short,3,-3.779
KO,2025-04-07,2025-04-11,short,5,-2.2195
LLY,2025-04-07,2025-04-11,short,5,0.3917
TSLA,2025-04-10,2025-04-16,long,5,-11.2601
AMZN,2025-04-10,2025-04-16,long,5,-8.7755
WMT,2025-04-10,2025-04-16,long,5,1.7746
MU,2025-04-10,2025-04-16,long,5,-10.967
F,2025-04-10,2025-04-16,long,5,-1.0526
CRM,2025-04-10,2025-04-16,long,5,-5.6332
NKE,2025-04-10,2025-04-16,long,5,-9.7269
TMO,2025-04-10,2025-04-16,long,5,-3.6953
DIS,2025-04-10,2025-04-10,long,1,-6.7913
COST,2025-04-10,2025-04-16,long,5,0.2652
BRK-B,2025-04-10,2025-04-16,long,5,-0.9513
MA,2025-04-10,2025-04-16,long,5,-0.388
INTC,2025-04-10,2025-04-16,long,5,-10.6828
CAT,2025-04-10,2025-04-16,long,5,-3.6112
BA,2025-04-10,2025-04-16,long,5,-2.7049
UBER,2025-04-10,2025-04-16,long,5,0.5228
QCOM,2025-04-10,2025-04-16,long,5,-5.4669
IBM,2025-04-10,2025-04-16,long,5,1.3854
HD,2025-04-10,2025-04-16,long,5,-2.645
MSFT,2025-04-10,2025-04-16,long,5,-4.8349
TXN,2025-04-10,2025-04-16,long,5,-13.5398
COP,2025-04-10,2025-04-10,long,1,-8.9826
BLK,2025-04-10,2025-04-16,long,5,-3.4891
SBUX,2025-04-10,2025-04-16,long,5,-8.931
ADBE,2025-04-10,2025-04-16,long,5,-5.6083
AXP,2025-04-10,2025-04-16,long,5,-3.5981
PYPL,2025-04-10,2025-04-16,long,5,-5.8014
AMD,2025-04-10,2025-04-16,long,5,-8.829
NVDA,2025-04-10,2025-04-16,long,5,-8.6067
AVGO,2025-04-10,2025-04-16,long,5,-5.6927
JPM,2025-04-10,2025-04-16,long,5,-2.0184
GOOGL,2025-04-10,2025-04-16,long,5,-3.3898
CVX,2025-04-10,2025-04-10,long,1,-7.5669
CSCO,2025-04-10,2025-04-16,long,5,-4.0771
ORCL,2025-04-10,2025-04-16,long,5,-6.7749
NFLX,2025-04-10,2025-04-16,long,5,1.7092
META,2025-04-10,2025-04-16,long,5,-14.2479
GE,2025-04-10,2025-04-16,long,5,-2.5738
MS,2025-04-10,2025-04-16,long,5,-3.4378
V,2025-04-10,2025-04-16,long,5,-0.3309
AAPL,2025-04-10,2025-04-16,long,5,-2.3032
GS,2025-04-10,2025-04-16,long,5,-3.4477
COP,2025-04-11,2025-04-17,short,5,-6.6223
CVX,2025-04-11,2025-04-17,short,5,-2.1395
DIS,2025-04-11,2025-04-17,short,5,0.3604
LLY,2025-04-21,2025-04-25,long,5,5.3074
UNH,2025-04-21,2025-04-25,short,5,8.0076
IBM,2025-04-25,2025-05-01,short,5,-4.3878
PEP,2025-04-25,2025-05-01,short,5,1.2629
LLY,2025-05-02,2025-05-08,short,5,5.0813
MSFT,2025-05-02,2025-05-08,long,5,3.0019
QCOM,2025-05-02,2025-05-08,short,5,-7.0204
BRK-B,2025-05-06,2025-05-12,short,5,-0.4406
GOOGL,2025-05-08,2025-05-14,short,5,-8.7569
DIS,2025-05-08,2025-05-14,long,5,10.6279
HD,2025-05-13,2025-05-19,long,5,0.7409
AXP,2025-05-13,2025-05-19,long,5,0.1271
AMZN,2025-05-13,2025-05-19,long,5,-1.1886
UBER,2025-05-13,2025-05-19,long,5,4.9489
TMO,2025-05-13,2025-05-14,long,2,-6.1351
AVGO,2025-05-13,2025-05-19,long,5,4.0843
MU,2025-05-13,2025-05-19,long,5,6.8913
MRK,2025-05-13,2025-05-19,long,5,-3.9786
SBUX,2025-05-13,2025-05-19,long,5,-0.542
NKE,2025-05-13,2025-05-19,long,5,-0.799
CRM,2025-05-13,2025-05-19,long,5,-0.412
AAPL,2025-05-13,2025-05-19,long,5,-0.9535
TXN,2025-05-13,2025-05-19,long,5,0.566
META,2025-05-13,2025-05-19,long,5,0.1564
CAT,2025-05-13,2025-05-19,long,5,2.9251
JNJ,2025-05-14,2025-05-20,short,5,-3.4878
UNH,2025-05-14,2025-05-22,short,7,2.1504
TMO,2025-05-15,2025-05-21,short,5,1.7739
ABBV,2025-05-15,2025-05-21,short,5,-2.507
KO,2025-05-16,2025-05-22,long,5,-0.6563
CSCO,2025-05-16,2025-05-22,long,5,-1.4006
CRM,2025-05-27,2025-06-02,short,5,4.2366
GE,2025-05-28,2025-06-03,long,5,2.9324
COST,2025-06-02,2025-06-05,long,4,-2.8236
F,2025-06-03,2025-06-09,short,5,-3.5748
GM,2025-06-03,2025-06-09,short,5,-1.0011
TSLA,2025-06-06,2025-06-12,short,5,-11.4188
COST,2025-06-06,2025-06-12,short,5,0.784
AVGO,2025-06-09,2025-06-13,short,5,-0.9347
QCOM,2025-06-10,2025-06-16,long,5,0.9394
GE,2025-06-11,2025-06-17,short,5,2.5557
INTC,2025-06-11,2025-06-11,long,1,-6.3406
LLY,2025-06-11,2025-06-17,long,5,-1.976
INTC,2025-06-12,2025-06-18,short,5,-4.0514
SBUX,2025-06-12,2025-06-18,long,5,-3.2603
BA,2025-06-13,2025-06-20,short,5,2.4566
ORCL,2025-06-13,2025-06-23,long,6,3.5925
MA,2025-06-16,2025-06-26,short,8,2.5083
V,2025-06-16,2025-06-26,short,8,1.6041
AXP,2025-06-16,2025-06-23,short,5,-4.0226
PYPL,2025-06-16,2025-06-23,short,5,-1.9357
ADBE,2025-06-16,2025-06-25,short,7,0.7269
AMD,2025-06-17,2025-07-01,long,10,7.6905
GOOGL,2025-06-23,2025-06-27,short,5,-6.8301
IBM,2025-06-24,2025-06-30,long,5,1.9365
TSLA,2025-06-24,2025-06-30,long,5,-8.8964
UBER,2025-06-25,2025-07-01,long,5,0.5237
INTC,2025-06-25,2025-07-01,long,5,1.3304
NVDA,2025-06-26,2025-07-02,long,5,1.9052
CAT,2025-06-27,2025-07-03,long,5,4.1846
NKE,2025-06-30,2025-07-07,long,5,6.2326
BA,2025-06-30,2025-07-07,long,5,1.9017
TMO,2025-07-02,2025-07-09,long,5,-0.3773
UNH,2025-07-02,2025-07-02,long,1,-5.697
GM,2025-07-02,2025-07-09,long,5,1.0379
NFLX,2025-07-02,2025-07-09,short,5,0.373
PFE,2025-07-02,2025-07-09,long,5,2.0767
F,2025-07-02,2025-07-10,long,6,4.9339
ADBE,2025-07-03,2025-07-10,short,5,1.8131
ORCL,2025-07-03,2025-07-10,long,5,2.3999
UNH,2025-07-03,2025-07-10,short,5,2.6059
CVX,2025-07-09,2025-07-15,long,5,-1.664
BAC,2025-07-09,2025-07-15,short,5,2.1145
JPM,2025-07-09,2025-07-15,short,5,-1.3586
INTC,2025-07-09,2025-07-15,long,5,-2.8402
PYPL,2025-07-14,2025-07-18,short,5,-3.9407
BLK,2025-07-16,2025-07-16,short,1,-3.4488
AMD,2025-07-16,2025-07-22,long,5,-0.5719
NVDA,2025-07-16,2025-07-22,long,5,-2.15
AXP,2025-07-16,2025-07-22,short,5,2.0419
HD,2025-07-16,2025-07-22,short,5,-3.389
WFC,2025-07-16,2025-07-22,short,5,-4.3709
PFE,2025-07-16,2025-07-22,short,5,-2.2463
BLK,2025-07-17,2025-07-23,long,5,3.5233
JNJ,2025-07-17,2025-07-23,long,5,2.6217
PEP,2025-07-18,2025-07-29,long,8,-1.0657
NFLX,2025-07-21,2025-07-25,short,5,2.2554
XOM,2025-07-21,2025-07-25,short,5,-2.4081
TMO,2025-07-23,2025-07-30,long,6,11.6131
SBUX,2025-07-23,2025-07-29,long,5,-4.1056
PFE,2025-07-23,2025-07-29,long,5,-1.6734
GM,2025-07-23,2025-07-23,short,1,-8.6725
PG,2025-07-23,2025-07-29,long,5,-1.0801
GM,2025-07-24,2025-07-30,long,5,-1.9198
TXN,2025-07-24,2025-07-30,short,5,-1.8015
TSLA,2025-07-25,2025-07-31,short,5,-1.3114
UNH,2025-07-25,2025-08-07,short,10,12.2223
IBM,2025-07-25,2025-07-31,short,5,2.8032
INTC,2025-07-28,2025-08-01,short,5,7.0376
NKE,2025-07-29,2025-08-04,long,5,-5.578
PYPL,2025-07-30,2025-08-05,short,5,5.1746
BA,2025-07-30,2025-08-05,short,5,0.4976
LLY,2025-07-30,2025-08-05,short,5,-0.5613
PG,2025-07-31,2025-08-06,short,5,-0.0366
MSFT,2025-08-01,2025-08-07,long,5,-2.373
META,2025-08-01,2025-08-07,long,5,-1.5011
MRK,2025-08-01,2025-08-07,short,5,-2.88
MU,2025-08-01,2025-08-07,short,5,-2.7561
PEP,2025-08-01,2025-08-07,short,5,-4.2348
QCOM,2025-08-01,2025-08-07,short,5,0.5713
AMZN,2025-08-04,2025-08-06,short,3,-3.5852
WFC,2025-08-04,2025-08-08,short,5,-0.7101
DIS,2025-08-04,2025-08-04,short,1,-2.3673
BAC,2025-08-04,2025-08-08,short,5,-0.8378
BRK-B,2025-08-05,2025-08-11,short,5,-1.2638
DIS,2025-08-05,2025-08-06,long,2,-3.5023
PFE,2025-08-06,2025-08-06,long,1,-3.3131
PFE,2025-08-07,2025-08-13,short,5,-4.965
AAPL,2025-08-07,2025-08-15,long,7,8.7235
CSCO,2025-08-07,2025-08-15,long,7,-4.3491
MCD,2025-08-07,2025-08-13,long,5,-0.8418
WMT,2025-08-07,2025-08-13,long,5,-2.2929
COST,2025-08-07,2025-08-13,long,5,1.0624
AMZN,2025-08-07,2025-08-13,long,5,1.0121
AMD,2025-08-07,2025-08-13,short,5,-12.1165
DIS,2025-08-07,2025-08-13,short,5,-1.3767
LLY,2025-08-08,2025-08-14,short,5,-6.6689
CRM,2025-08-08,2025-08-14,short,5,3.0265
MU,2025-08-11,2025-08-15,long,5,1.6654
TXN,2025-08-13,2025-08-19,long,5,1.5391
BLK,2025-08-13,2025-08-19,long,5,-2.6854
QCOM,2025-08-13,2025-08-19,long,5,1.6392
GS,2025-08-13,2025-08-19,long,5,-2.9595
WMT,2025-08-14,2025-08-20,short,5,-1.7976
ADBE,2025-08-14,2025-08-20,long,5,0.6722
HD,2025-08-14,2025-08-29,long,12,-0.1007
GE,2025-08-14,2025-08-20,short,5,0.8928
INTC,2025-08-15,2025-08-26,long,8,2.0536
UNH,2025-08-18,2025-08-22,long,5,1.1217
CSCO,2025-08-18,2025-08-22,short,5,-1.682
ORCL,2025-08-20,2025-08-26,short,5,0.1449
NVDA,2025-08-20,2025-08-26,short,5,-3.4233
COST,2025-08-22,2025-08-28,short,5,2.5602
WMT,2025-08-22,2025-08-28,short,5,1.905
CAT,2025-08-25,2025-08-29,long,5,-3.8171
AXP,2025-08-25,2025-08-29,long,5,3.7975
GOOGL,2025-08-25,2025-08-29,long,5,3.3092
F,2025-08-25,2025-08-29,long,5,0.2555
GM,2025-08-25,2025-08-29,long,5,0.3769
GS,2025-08-25,2025-08-29,long,5,0.9906
MS,2025-08-25,2025-08-29,long,5,1.6619
TSLA,2025-08-25,2025-08-29,long,5,-1.8058
PFE,2025-08-26,2025-09-02,short,5,0.5816
LLY,2025-08-27,2025-09-03,long,5,0.2446
ORCL,2025-09-02,2025-09-08,short,5,-5.4261
CAT,2025-09-02,2025-09-08,short,5,-0.9098
NKE,2025-09-03,2025-09-09,short,5,0.8836
AAPL,2025-09-04,2025-09-10,long,5,-4.8979
GOOGL,2025-09-04,2025-09-10,long,5,3.7821
COP,2025-09-04,2025-09-10,short,5,0.1465
XOM,2025-09-04,2025-09-12,short,7,-0.3416
TXN,2025-09-05,2025-09-11,short,5,1.5755
CRM,2025-09-05,2025-09-11,short,5,-1.1646
AMZN,2025-09-05,2025-09-10,long,4,-2.27
MSFT,2025-09-08,2025-09-12,short,5,-2.9584
AMD,2025-09-08,2025-09-12,short,5,-4.9101
AVGO,2025-09-08,2025-09-17,long,8,3.3683
JPM,2025-09-08,2025-09-12,short,5,-4.1487
V,2025-09-08,2025-09-12,short,5,1.0443
WFC,2025-09-08,2025-09-12,short,5,-3.1275
CVX,2025-09-08,2025-09-12,short,5,-2.2405
MU,2025-09-08,2025-09-25,long,14,19.3804
IBM,2025-09-09,2025-09-15,long,5,0.0586
PEP,2025-09-09,2025-09-15,short,5,0.6948
UNH,2025-09-10,2025-09-16,long,5,-1.7235
ORCL,2025-09-11,2025-09-17,long,5,-8.1991
AAPL,2025-09-11,2025-09-17,short,5,-5.1702
COST,2025-09-11,2025-09-17,short,5,-0.7348
MCD,2025-09-11,2025-09-17,short,5,0.2851
AMZN,2025-09-11,2025-09-17,short,5,-0.6073
TSLA,2025-09-12,2025-09-19,long,6,15.5256
BLK,2025-09-12,2025-09-18,long,5,0.2601
F,2025-09-12,2025-09-18,long,5,-0.1701
ABBV,2025-09-12,2025-09-18,long,5,0.8037
NFLX,2025-09-12,2025-09-18,short,5,-0.4661
PFE,2025-09-15,2025-09-19,short,5,-0.6765
GOOGL,2025-09-16,2025-09-22,long,5,0.3656
AXP,2025-09-18,2025-09-24,long,5,1.3333
UBER,2025-09-18,2025-09-24,short,5,-5.159
CAT,2025-09-19,2025-09-25,long,5,-0.6938
INTC,2025-09-19,2025-10-02,long,10,22.015
AAPL,2025-09-22,2025-09-29,long,6,3.6375
MA,2025-09-24,2025-09-30,short,5,0.1984
LLY,2025-09-26,2025-09-30,short,3,-6.5998
IBM,2025-09-26,2025-10-02,long,5,1.8761
F,2025-09-29,2025-10-07,long,7,-0.7494
COST,2025-09-29,2025-10-03,short,5,0.0448
BA,2025-09-29,2025-10-03,long,5,-2.2417
XOM,2025-09-30,2025-10-06,short,5,-0.0457
CVX,2025-09-30,2025-10-06,short,5,1.3383
PYPL,2025-09-30,2025-09-30,long,1,-3.76
JNJ,2025-10-01,2025-10-07,long,5,1.8714
PFE,2025-10-01,2025-10-06,long,4,3.7284
LLY,2025-10-01,2025-10-08,long,6,10.8414
ABBV,2025-10-01,2025-10-02,long,2,2.1681
PYPL,2025-10-01,2025-10-07,short,5,-10.5011
AXP,2025-10-01,2025-10-07,short,5,1.2445
MRK,2025-10-01,2025-10-08,long,6,2.9429
TMO,2025-10-01,2025-10-08,long,6,10.5501
WFC,2025-10-02,2025-10-08,short,5,1.3935
NKE,2025-10-02,2025-10-08,long,5,-6.8868
MU,2025-10-02,2025-10-08,long,5,7.9677
ABBV,2025-10-03,2025-10-09,short,5,2.4869
GM,2025-10-03,2025-10-09,short,5,5.9646
AMD,2025-10-07,2025-10-10,long,4,5.4931
PFE,2025-10-07,2025-10-13,short,5,6.7492
SBUX,2025-10-07,2025-10-13,short,5,2.4943
F,2025-10-08,2025-10-14,short,5,2.2227
PYPL,2025-10-08,2025-10-10,long,3,-6.3932
COST,2025-10-10,2025-10-16,long,5,-1.8316
BA,2025-10-10,2025-10-16,short,5,1.8119
PEP,2025-10-10,2025-10-17,long,6,6.2193
AVGO,2025-10-13,2025-10-13,short,1,-9.8789
COP,2025-10-13,2025-10-17,short,5,1.3055
AMZN,2025-10-13,2025-10-17,short,5,1.4964
NVDA,2025-10-13,2025-10-17,short,5,-0.3239
AMD,2025-10-13,2025-10-15,short,3,-10.7393
AAPL,2025-10-13,2025-10-17,short,5,-2.8384
QCOM,2025-10-13,2025-10-13,short,1,-5.3324
CSCO,2025-10-13,2025-10-17,short,5,-3.1991
META,2025-10-13,2025-10-17,short,5,-1.6776
BLK,2025-10-13,2025-10-14,short,2,-5.3302
PYPL,2025-10-13,2025-10-17,short,5,3.4256
IBM,2025-10-13,2025-10-17,short,5,-1.3246
TXN,2025-10-13,2025-10-17,short,5,-2.816
AVGO,2025-10-14,2025-10-20,long,5,-2.0914
QCOM,2025-10-14,2025-10-20,long,5,3.2513
WMT,2025-10-15,2025-10-21,long,5,-0.9234
CAT,2025-10-15,2025-10-21,long,5,-0.2488
BLK,2025-10-15,2025-10-21,long,5,-5.3807
WFC,2025-10-15,2025-10-21,long,5,0.2365
MS,2025-10-16,2025-10-22,long,5,-2.7851
AMD,2025-10-16,2025-10-22,long,5,-3.508
BAC,2025-10-16,2025-10-16,long,1,-3.5195
COST,2025-10-17,2025-10-23,short,5,-1.764
V,2025-10-17,2025-10-23,short,5,-3.1034
BAC,2025-10-17,2025-10-23,short,5,-2.6311
AXP,2025-10-20,2025-10-24,long,5,3.1562
ORCL,2025-10-20,2025-10-24,short,5,2.4711
AAPL,2025-10-21,2025-10-27,long,5,2.5053
ADBE,2025-10-22,2025-10-28,long,5,0.6601
F,2025-10-22,2025-10-31,long,8,4.5382
GM,2025-10-22,2025-10-28,long,5,4.8784
KO,2025-10-22,2025-10-28,long,5,-1.4883
NFLX,2025-10-23,2025-10-29,short,5,1.4148
TXN,2025-10-23,2025-10-29,short,5,6.2866
IBM,2025-10-27,2025-10-31,long,5,-0.0163
AMD,2025-10-27,2025-10-31,long,5,1.2652
GS,2025-10-27,2025-10-31,long,5,0.7004
QCOM,2025-10-28,2025-11-03,long,5,-3.7084
NVDA,2025-10-29,2025-11-04,long,5,-1.164
BA,2025-10-30,2025-11-06,short,6,8.1088
CAT,2025-10-30,2025-11-05,long,5,-2.7908
ADBE,2025-10-30,2025-11-05,short,5,0.6807
KO,2025-10-30,2025-11-05,short,5,-0.2711
PEP,2025-10-30,2025-11-05,short,5,2.2585
MSFT,2025-10-31,2025-11-06,short,5,5.676
META,2025-10-31,2025-11-06,short,5,7.4449
LLY,2025-10-31,2025-11-06,long,5,11.0053
CVX,2025-11-03,2025-11-07,long,5,-1.7119
AMZN,2025-11-03,2025-11-07,long,5,0.0778
ABBV,2025-11-03,2025-11-07,short,5,-0.6352
MRK,2025-11-04,2025-11-10,short,5,-4.9725
MU,2025-11-05,2025-11-05,short,1,-8.93
BRK-B,2025-11-05,2025-11-11,long,5,1.9296
CSCO,2025-11-05,2025-11-11,short,5,0.8043
UBER,2025-11-05,2025-11-11,short,5,1.0407
MCD,2025-11-06,2025-11-06,long,1,-2.3751
MU,2025-11-06,2025-11-12,long,5,3.1158
SBUX,2025-11-06,2025-11-12,long,5,5.2848
MCD,2025-11-07,2025-11-11,short,3,-2.8112
AMD,2025-11-07,2025-11-12,short,4,-9.2017
CRM,2025-11-07,2025-11-13,short,5,-0.5574
LLY,2025-11-11,2025-11-17,long,5,5.8512
NVDA,2025-11-11,2025-11-17,long,5,-6.2547
JNJ,2025-11-12,2025-11-18,long,5,3.1832
MCD,2025-11-12,2025-11-18,long,5,-0.73
MRK,2025-11-12,2025-12-03,long,15,12.4464
PFE,2025-11-12,2025-11-18,long,5,-0.2352
AMD,2025-11-13,2025-11-19,long,5,-13.6506
CSCO,2025-11-13,2025-11-20,long,6,2.0011
ABBV,2025-11-13,2025-11-19,long,5,-0.1372
BRK-B,2025-11-14,2025-11-20,long,5,-2.3367
JPM,2025-11-14,2025-11-20,short,5,3.6257
GS,2025-11-14,2025-11-20,short,5,3.995
DIS,2025-11-14,2025-11-20,short,5,4.6868
GM,2025-11-18,2025-11-24,short,5,-4.4802
AXP,2025-11-18,2025-11-24,short,5,-4.2125
BLK,2025-11-18,2025-11-24,short,5,0.3184
AMZN,2025-11-19,2025-11-25,short,5,-3.27
HD,2025-11-19,2025-11-25,short,5,-4.4811
UBER,2025-11-21,2025-11-28,short,5,-4.8776
WMT,2025-11-21,2025-11-28,long,5,3.1743
F,2025-11-21,2025-11-28,short,5,-6.6969
MU,2025-11-21,2025-11-28,short,5,-15.5824
CSCO,2025-11-21,2025-11-28,short,5,-1.9714
KO,2025-11-24,2025-12-01,long,5,-0.678
AVGO,2025-11-25,2025-12-02,long,5,0.9551
PG,2025-11-25,2025-12-02,short,5,0.743
GOOGL,2025-11-25,2025-12-02,long,5,-0.8695
HD,2025-11-26,2025-12-03,long,5,1.9483
INTC,2025-12-01,2025-12-04,long,4,-0.1479
TXN,2025-12-03,2025-12-09,long,5,2.4307
BA,2025-12-03,2025-12-09,long,5,-2.4394
UNH,2025-12-04,2025-12-10,long,5,-2.6882
WFC,2025-12-04,2025-12-10,long,5,1.4997
BLK,2025-12-04,2025-12-10,long,5,0.8115
NFLX,2025-12-04,2025-12-10,short,5,11.7113
INTC,2025-12-05,2025-12-11,short,5,2.2736
COST,2025-12-05,2025-12-11,short,5,1.2412
ADBE,2025-12-08,2025-12-12,long,5,2.9371
CRM,2025-12-08,2025-12-12,long,5,0.6371
PG,2025-12-09,2025-12-15,short,5,-4.7366
JPM,2025-12-10,2025-12-16,short,5,-4.9376
COP,2025-12-11,2025-12-16,long,4,-6.2293
UBER,2025-12-11,2025-12-17,short,5,6.0966
JNJ,2025-12-11,2025-12-17,long,5,1.835
GM,2025-12-11,2025-12-17,long,5,-0.3589
PEP,2025-12-11,2025-12-17,long,5,0.2538
AXP,2025-12-11,2025-12-17,long,5,0.0106
ORCL,2025-12-12,2025-12-18,short,5,9.7811
MA,2025-12-12,2025-12-18,long,5,0.5041
V,2025-12-12,2025-12-18,long,5,0.1099
GE,2025-12-15,2025-12-19,long,5,2.4682
AVGO,2025-12-15,2025-12-19,short,5,5.0851
CAT,2025-12-15,2025-12-24,short,8,2.1337
COST,2025-12-16,2025-12-22,short,5,1.2333
PFE,2025-12-17,2025-12-23,short,5,2.5534
COP,2025-12-17,2025-12-17,short,1,-4.6161
COP,2025-12-18,2025-12-24,long,5,-3.3277
SBUX,2025-12-19,2025-12-26,long,5,-4.8535
MU,2025-12-19,2025-12-26,long,5,14.5806
NKE,2025-12-22,2025-12-29,short,5,-4.3778
GE,2026-01-05,2026-01-09,long,5,0.2619
GS,2026-01-05,2026-01-12,long,6,3.8509
CVX,2026-01-05,2026-01-06,long,2,0.4105
CRM,2026-01-05,2026-01-09,short,5,-2.5655
ADBE,2026-01-05,2026-01-09,short,5,-0.2424
BA,2026-01-05,2026-01-09,long,5,2.9679
MU,2026-01-05,2026-01-13,long,7,7.1999
INTC,2026-01-05,2026-01-23,long,14,14.449
CAT,2026-01-05,2026-01-07,long,3,-0.3158
ABBV,2026-01-06,2026-01-07,short,2,-5.8689
LLY,2026-01-06,2026-01-07,short,2,-6.2135
GM,2026-01-06,2026-01-15,long,8,-2.6939
JPM,2026-01-06,2026-01-12,long,5,-2.4208
KO,2026-01-06,2026-01-08,short,3,-2.1354
BLK,2026-01-06,2026-01-07,long,2,-3.9893
TMO,2026-01-06,2026-01-12,long,5,0.6954
COST,2026-01-06,2026-01-15,long,8,9.2505
AMZN,2026-01-07,2026-01-13,long,5,0.6932
CVX,2026-01-07,2026-01-13,short,5,-4.5846
TXN,2026-01-07,2026-01-13,long,5,-1.8584
XOM,2026-01-07,2026-01-08,short,2,-1.6943
UBER,2026-01-07,2026-01-13,long,5,-0.152
QCOM,2026-01-07,2026-01-12,long,4,-7.2239
BAC,2026-01-08,2026-01-22,short,10,5.8473
ABBV,2026-01-08,2026-01-08,long,1,-3.9799
BLK,2026-01-08,2026-01-14,short,5,-1.5516
CAT,2026-01-08,2026-01-14,short,5,-6.7175
LLY,2026-01-08,2026-01-14,long,5,-3.1405
F,2026-01-09,2026-01-15,long,5,-4.0972
XOM,2026-01-09,2026-01-15,long,5,5.0606
COP,2026-01-09,2026-01-15,long,5,0.2127
ABBV,2026-01-09,2026-01-15,short,5,3.3118
KO,2026-01-09,2026-01-15,long,5,1.6001
PG,2026-01-09,2026-01-15,long,5,2.1904
HD,2026-01-12,2026-01-16,long,5,1.4761
JNJ,2026-01-13,2026-01-20,long,5,4.0483
WMT,2026-01-13,2026-01-20,long,5,0.6273
AXP,2026-01-13,2026-01-27,short,10,-0.2673
QCOM,2026-01-13,2026-01-20,short,5,9.6225
CRM,2026-01-14,2026-01-21,short,5,8.5264
V,2026-01-14,2026-01-21,short,5,0.7896
MA,2026-01-14,2026-01-21,short,5,3.2636
ADBE,2026-01-14,2026-01-21,short,5,5.1722
JPM,2026-01-14,2026-01-21,short,5,2.8101
AMD,2026-01-14,2026-01-28,long,10,14.3775
WFC,2026-01-15,2026-01-22,short,5,1.2763
BLK,2026-01-16,2026-01-20,long,2,-4.0289
MS,2026-01-16,2026-01-20,long,2,-4.7744
GS,2026-01-16,2026-01-23,long,5,-5.8389
MU,2026-01-20,2026-01-26,long,5,7.2612
NVDA,2026-01-21,2026-01-27,short,5,-5.6692
AAPL,2026-01-21,2026-01-26,short,4,-3.4978
GE,2026-01-21,2026-01-29,short,7,3.8123
IBM,2026-01-21,2026-01-27,short,5,-0.9382
MS,2026-01-21,2026-01-27,short,5,-0.3877
GM,2026-01-21,2026-01-21,short,1,-4.0098
AMZN,2026-01-21,2026-01-27,short,5,-5.7132
BLK,2026-01-21,2026-01-27,short,5,0.2362
GM,2026-01-22,2026-02-03,long,9,5.9063
F,2026-01-22,2026-02-03,long,9,-0.2905
META,2026-01-23,2026-02-05,long,10,3.4866
PG,2026-01-23,2026-01-29,long,5,0.6899
GS,2026-01-26,2026-01-30,short,5,-1.7967
INTC,2026-01-26,2026-01-28,short,3,-9.1353
MSFT,2026-01-26,2026-01-29,long,4,-6.9643
AAPL,2026-01-27,2026-02-09,long,10,7.6218
CSCO,2026-01-27,2026-02-10,long,11,12.0504
UNH,2026-01-28,2026-02-03,short,5,-0.7217
INTC,2026-01-29,2026-02-04,long,5,-0.369
TXN,2026-01-29,2026-02-09,long,8,1.8633
CRM,2026-01-30,2026-02-10,short,8,9.8294
MA,2026-01-30,2026-02-05,long,5,1.5008
IBM,2026-01-30,2026-02-03,long,3,-4.828
MSFT,2026-01-30,2026-02-12,short,10,7.2894
CVX,2026-02-02,2026-02-06,long,5,2.2385
PEP,2026-02-02,2026-02-10,long,7,8.6832
V,2026-02-02,2026-02-02,short,1,-3.7318
WMT,2026-02-03,2026-02-17,long,10,3.861
COST,2026-02-03,2026-02-09,long,5,3.0185
DIS,2026-02-03,2026-02-09,short,5,-2.754
CAT,2026-02-03,2026-02-13,long,9,12.0551
V,2026-02-03,2026-02-09,long,5,-2.4742
XOM,2026-02-04,2026-02-10,long,5,5.4686
PYPL,2026-02-04,2026-02-10,short,5,0.3473
IBM,2026-02-04,2026-02-10,short,5,0.1545
ADBE,2026-02-04,2026-02-10,short,5,2.5075
PFE,2026-02-04,2026-02-04,short,1,-3.9193
BLK,2026-02-04,2026-02-10,short,5,-1.7233
LLY,2026-02-05,2026-02-05,long,1,-7.7932
ABBV,2026-02-05,2026-02-11,short,5,-1.7649
UBER,2026-02-05,2026-02-11,short,5,3.9264
MU,2026-02-05,2026-02-11,short,5,-8.6866
PFE,2026-02-05,2026-02-11,long,5,3.5474
NKE,2026-02-05,2026-02-11,long,5,-2.9119
AMD,2026-02-05,2026-02-11,short,5,-7.1834
LLY,2026-02-06,2026-02-12,short,5,-1.9207
AMZN,2026-02-06,2026-02-13,short,6,11.5854
QCOM,2026-02-06,2026-02-12,short,5,-1.6301
NVDA,2026-02-09,2026-02-13,long,5,-1.4023
JPM,2026-02-09,2026-02-13,long,5,-6.157
GE,2026-02-09,2026-02-13,long,5,-1.7414
GM,2026-02-10,2026-02-17,short,5,-0.6916
ORCL,2026-02-10,2026-02-17,long,5,-1.6732
IBM,2026-02-12,2026-02-19,short,5,6.1174
MCD,2026-02-13,2026-02-20,long,5,-0.8582
CSCO,2026-02-13,2026-02-20,short,5,-5.3975
DIS,2026-02-13,2026-02-20,short,5,-3.1538
AAPL,2026-02-13,2026-02-20,short,5,-1.2711
MS,2026-02-13,2026-02-20,short,5,-4.3246
NFLX,2026-02-13,2026-02-20,short,5,-3.6661
WMT,2026-02-18,2026-02-24,short,5,1.5248
IBM,2026-02-24,2026-03-02,short,5,-6.9183
JPM,2026-02-24,2026-03-02,short,5,-0.0572
MS,2026-02-24,2026-03-06,short,9,3.3954
PG,2026-02-24,2026-03-02,long,5,-1.005
MA,2026-02-24,2026-03-02,short,5,-4.8619
AXP,2026-02-24,2026-03-06,short,9,5.8727
V,2026-02-24,2026-03-02,short,5,-4.424
PYPL,2026-02-25,2026-03-03,long,5,-1.3611
AMD,2026-02-25,2026-03-03,long,5,-10.7043
F,2026-02-25,2026-03-02,long,4,-5.7042
NFLX,2026-02-26,2026-03-06,long,7,19.734
NVDA,2026-02-27,2026-03-05,short,5,0.5349
BAC,2026-03-02,2026-03-06,short,5,1.8226
WFC,2026-03-02,2026-03-06,short,5,1.1416
MRK,2026-03-02,2026-03-06,long,5,-6.4852
GS,2026-03-02,2026-03-06,short,5,3.9179
BRK-B,2026-03-03,2026-03-09,short,5,-3.5112
F,2026-03-03,2026-03-10,short,6,8.921
COP,2026-03-03,2026-03-09,long,5,-1.0233
BLK,2026-03-09,2026-03-13,short,5,3.2598
ORCL,2026-03-12,2026-03-18,long,5,-6.2653
GE,2026-03-13,2026-03-19,short,5,4.991
ADBE,2026-03-16,2026-03-20,short,5,0.3401
LLY,2026-03-18,2026-03-24,short,5,2.9853
SBUX,2026-03-19,2026-03-25,short,5,-0.341
MA,2026-03-19,2026-03-25,short,5,-2.8691
PG,2026-03-19,2026-03-25,short,5,1.9138
ABBV,2026-03-19,2026-03-25,short,5,0.5368
MCD,2026-03-19,2026-03-25,short,5,1.2374
GOOGL,2026-03-25,2026-03-31,short,5,0.5589
CRM,2026-03-25,2026-03-31,short,5,-2.2199
AMD,2026-03-26,2026-03-26,long,1,-7.4908
META,2026-03-27,2026-03-31,short,3,-4.9135
AMD,2026-03-27,2026-04-02,short,5,-6.7502
V,2026-03-30,2026-04-06,short,5,-2.6282
SBUX,2026-03-30,2026-04-06,short,5,-8.7353
META,2026-04-01,2026-04-15,long,10,17.3824
NVDA,2026-04-01,2026-04-08,long,5,4.4037
CAT,2026-04-01,2026-04-15,long,10,8.7104
GOOGL,2026-04-01,2026-04-08,long,5,10.3491
XOM,2026-04-02,2026-04-15,short,9,7.5416
NKE,2026-04-02,2026-04-09,short,5,1.2747
CVX,2026-04-02,2026-04-15,short,9,6.399
TSLA,2026-04-06,2026-04-10,short,5,3.2317
SBUX,2026-04-07,2026-04-13,long,5,2.8487
AVGO,2026-04-08,2026-04-14,long,5,14.0162
UNH,2026-04-08,2026-04-14,long,5,2.0992
WMT,2026-04-08,2026-04-08,short,1,-3.8942
JPM,2026-04-09,2026-04-15,long,5,-0.6624
TXN,2026-04-09,2026-04-15,long,5,3.5376
GM,2026-04-09,2026-04-15,long,5,1.3552
DIS,2026-04-09,2026-04-15,long,5,3.8919
COP,2026-04-09,2026-04-15,short,5,5.1024
INTC,2026-04-09,2026-04-15,long,5,10.1612
WMT,2026-04-09,2026-04-15,long,5,-1.9645
F,2026-04-09,2026-04-21,long,9,4.9261
HD,2026-04-09,2026-04-15,long,5,0.8181
GE,2026-04-09,2026-04-15,long,5,1.9055
BLK,2026-04-09,2026-04-15,long,5,4.6988
GS,2026-04-09,2026-04-15,long,5,-0.6911
AMZN,2026-04-10,2026-04-16,long,5,6.8693
COST,2026-04-13,2026-04-17,short,5,-0.2044
ORCL,2026-04-14,2026-04-20,long,5,14.1113
MSFT,2026-04-14,2026-04-22,long,7,12.6311
ADBE,2026-04-14,2026-04-20,long,5,3.5484
PYPL,2026-04-14,2026-04-20,long,5,8.314
WFC,2026-04-15,2026-04-21,short,5,0.132
MU,2026-04-15,2026-04-21,long,5,-3.4961
MS,2026-04-16,2026-04-22,long,5,-0.2975
TSLA,2026-04-16,2026-04-22,long,5,-1.1328
UBER,2026-04-16,2026-04-22,long,5,-2.1998
AMD,2026-04-17,2026-05-01,long,11,29.5695
PG,2026-04-20,2026-04-24,long,5,1.6102
NFLX,2026-04-20,2026-04-24,short,5,5.1314
GE,2026-04-22,2026-04-28,short,5,-1.0657
UNH,2026-04-22,2026-04-28,long,5,5.9998
MRK,2026-04-22,2026-04-28,short,5,2.1938
BA,2026-04-23,2026-04-29,long,5,-3.1001
MU,2026-04-23,2026-04-29,long,5,6.3551
AVGO,2026-04-23,2026-04-29,long,5,-4.0696
TXN,2026-04-24,2026-04-30,long,5,-0.4075
AXP,2026-04-24,2026-04-30,short,5,-1.4976
IBM,2026-04-24,2026-04-30,short,5,-0.1289
TMO,2026-04-24,2026-04-30,short,5,-2.6463
ADBE,2026-04-24,2026-04-30,short,5,-3.0609
MSFT,2026-04-24,2026-05-07,short,10,-1.4737
CRM,2026-04-24,2026-04-30,short,5,-1.9892
INTC,2026-04-27,2026-05-15,long,15,31.7785
QCOM,2026-04-27,2026-05-12,long,12,41.2899
NVDA,2026-04-27,2026-04-30,long,4,-4.1773
MCD,2026-04-28,2026-05-04,short,5,2.0583
KO,2026-04-29,2026-05-05,long,5,0.1659
MA,2026-04-30,2026-04-30,long,1,-4.2477
V,2026-04-30,2026-05-06,long,5,-4.796
SBUX,2026-04-30,2026-05-06,long,5,0.891
LLY,2026-05-01,2026-05-07,long,5,4.3184
META,2026-05-01,2026-05-07,short,5,-0.8268
GOOGL,2026-05-01,2026-05-07,long,5,3.4278
CAT,2026-05-01,2026-05-07,long,5,0.6269
NVDA,2026-05-01,2026-05-06,short,4,-4.3062
MA,2026-05-01,2026-05-07,short,5,0.27
MU,2026-05-06,2026-05-15,long,8,13.1927
PYPL,2026-05-06,2026-05-12,short,5,2.2624
AMD,2026-05-07,2026-05-15,long,7,0.6431
UBER,2026-05-07,2026-05-13,long,5,-5.6461
DIS,2026-05-07,2026-05-13,long,5,-2.9243
CVX,2026-05-07,2026-05-13,short,5,-0.5081
NVDA,2026-05-07,2026-05-13,long,5,8.6609
GE,2026-05-07,2026-05-13,long,5,-3.636
WFC,2026-05-11,2026-05-15,short,5,2.8452
CSCO,2026-05-11,2026-05-21,long,9,22.3983
PEP,2026-05-12,2026-05-18,short,5,0.1766
GM,2026-05-12,2026-05-18,short,5,2.6985
QCOM,2026-05-13,2026-05-19,short,5,6.9057
GOOGL,2026-05-14,2026-05-20,long,5,-3.4052
JNJ,2026-05-14,2026-05-20,long,5,-0.4774
F,2026-05-14,2026-05-15,long,2,-1.2528
AVGO,2026-05-15,2026-05-21,long,5,-5.7346
BA,2026-05-15,2026-05-21,short,5,4.0225
XOM,2026-05-18,2026-05-22,long,5,-1.8997
F,2026-05-18,2026-05-22,short,5,-11.195
BLK,2026-05-20,2026-05-27,short,5,-3.2274
GE,2026-05-21,2026-05-28,long,5,6.8794
NKE,2026-05-21,2026-05-28,long,5,7.1962
MS,2026-05-21,2026-05-28,long,5,3.0439
GS,2026-05-21,2026-05-28,long,5,2.6728
WMT,2026-05-22,2026-05-29,short,5,4.7257
IBM,2026-05-22,2026-05-29,long,5,17.7215
MRK,2026-05-26,2026-05-29,long,4,-3.0145
F,2026-05-26,2026-05-29,long,4,16.8118
QCOM,2026-05-26,2026-05-29,long,4,5.3997
TXN,2026-05-27,2026-05-29,long,3,-5.9128
PEP,2026-05-27,2026-05-29,short,3,0.9826
MU,2026-05-27,2026-05-29,long,3,8.3851
GM,2026-05-28,2026-05-29,long,2,-1.0461
PG,2026-05-28,2026-05-29,long,2,-2.6646
META,2026-05-28,2026-05-29,long,2,-0.4329
ORCL,2026-05-29,2026-05-29,long,1,10.8395
TMO,2026-05-29,2026-05-29,long,1,1.0858
